{
  "id": 769,
  "vector": [
    0.003939816262573004,
    0.057925645262002945,
    0.024286257103085518,
    0.054566800594329834,
    0.013270732015371323,
    -0.020216433331370354,
    0.11034536361694336,
    -0.04428976774215698,
    0.010267314501106739,
    -0.011917338706552982,
    -0.03753184899687767,
    -0.16146425902843475,
    -0.03781355544924736,
    -0.013074158690869808,
    -0.011559227481484413,
    -0.05301867425441742,
    0.029596583917737007,
    -0.032039396464824677,
    -0.09848188608884811,
    -0.06934773921966553,
    -0.0003140294284094125,
    -0.00041344514465890825,
    0.020681113004684448,
    0.02970001846551895,
    -0.05298999696969986,
    -0.04150795191526413,
    -0.043383289128541946,
    0.022037910297513008,
    -0.02990436553955078,
    -0.04743240401148796,
    0.004132620990276337,
    0.00006019148349878378,
    0.008048173040151596,
    -0.022588718682527542,
    0.004523884039372206,
    -0.011257993057370186,
    0.030207987874746323,
    -0.06179964542388916,
    -0.023890674114227295,
    0.016388485208153725,
    0.07275652140378952,
    -0.040808774530887604,
    0.05408722907304764,
    -0.05446536839008331,
    -0.013692964799702168,
    0.009216823615133762,
    -0.07797029614448547,
    0.07607994973659515,
    0.04061662033200264,
    0.0014685948844999075,
    -0.03827930614352226,
    -0.12099537998437881,
    -0.04003366827964783,
    0.041098181158304214,
    0.09220492094755173,
    0.02956417202949524,
    -0.023972967639565468,
    -0.03407800570130348,
    -0.028533361852169037,
    -0.01704961061477661,
    -0.0270868968218565,
    0.027986465021967888,
    -0.019894959405064583,
    -0.003813271876424551,
    0.028134973719716072,
    -0.009319672361016273,
    -0.048668622970581055,
    -0.059185691177845,
    -0.014221030287444592,
    0.04392392188310623,
    0.01724240928888321,
    -0.007688227575272322,
    -0.09872256964445114,
    -0.02705060876905918,
    -0.041532956063747406,
    -0.006085611879825592,
    0.03224452957510948,
    -0.051213160157203674,
    0.01812306046485901,
    0.0003630632709246129,
    -0.06398377567529678,
    0.011098798364400864,
    -0.04959641769528389,
    -0.06814229488372803,
    0.021359223872423172,
    -0.04493238776922226,
    -0.023911651223897934,
    0.05248799920082092,
    -0.04907786846160889,
    0.01310251746326685,
    -0.027449816465377808,
    0.005640516057610512,
    0.05442924425005913,
    -0.0034644771367311478,
    -0.04505695402622223,
    0.07140601426362991,
    -0.040281448513269424,
    -0.011806686408817768,
    0.004334636498242617,
    0.011761126108467579,
    0.012813088484108448,
    -0.004368142690509558,
    0.0476037934422493,
    -0.10850910097360611,
    0.058431804180145264,
    0.011341692879796028,
    0.002941923215985298,
    0.10672375559806824,
    0.035730890929698944,
    0.026305535808205605,
    -0.04998195171356201,
    -0.0076553476974368095,
    0.024662531912326813,
    0.07483093440532684,
    -0.013080899603664875,
    0.014268897473812103,
    0.0070623294450342655,
    -0.036928579211235046,
    -0.11975541710853577,
    0.0004479221533983946,
    0.06647483259439468,
    -0.06119835749268532,
    0.02000715583562851,
    -0.05659492313861847,
    -0.05471327155828476,
    -0.0014978938270360231,
    -0.03548755869269371,
    4.831499983018473e-33,
    -0.03257375955581665,
    -0.0925983414053917,
    0.0301082581281662,
    -0.03051697090268135,
    0.060552895069122314,
    -0.03671488165855408,
    -0.027915092185139656,
    0.055091094225645065,
    0.04095082730054855,
    -0.04585738107562065,
    0.04374305531382561,
    0.01697356440126896,
    -0.10473328828811646,
    0.09667205065488815,
    0.06894399970769882,
    -0.10906942933797836,
    0.0539199523627758,
    0.02820991352200508,
    0.0658392682671547,
    -0.03858889639377594,
    -0.1150638535618782,
    0.03348277881741524,
    0.0464300736784935,
    -0.03133475035429001,
    0.04174373671412468,
    -0.020910823717713356,
    -0.038831476122140884,
    -0.07777857035398483,
    0.009724456816911697,
    0.05436813831329346,
    0.06512266397476196,
    -0.002739065093919635,
    0.021468820050358772,
    -0.06454919278621674,
    -0.011631481349468231,
    -0.03246432542800903,
    0.017954502254724503,
    -0.06337282061576843,
    -0.03644140064716339,
    -0.003332090564072132,
    0.02919291891157627,
    -0.07866327464580536,
    0.08998002111911774,
    0.04671306163072586,
    -0.1371275782585144,
    0.0975407287478447,
    -0.013417898677289486,
    0.03823259100317955,
    0.07880527526140213,
    -0.009243958629667759,
    0.06350047886371613,
    0.03307381272315979,
    0.028829200193285942,
    -0.006146861705929041,
    0.052243128418922424,
    0.006490828935056925,
    0.04611155763268471,
    -0.017990397289395332,
    -0.04275776445865631,
    -0.029342079535126686,
    -0.07543212175369263,
    0.110355906188488,
    0.006865231785923243,
    0.05428588390350342,
    0.027865290641784668,
    -0.034254346042871475,
    -0.004583487752825022,
    0.02581964246928692,
    0.025167789310216904,
    0.004004906862974167,
    0.036468956619501114,
    0.04010413959622383,
    0.03707755729556084,
    -0.04757014662027359,
    -0.04143846035003662,
    0.02141372486948967,
    0.06977025419473648,
    -0.05580323189496994,
    -0.006550948601216078,
    0.058168817311525345,
    0.015727223828434944,
    0.07599169760942459,
    -0.023634161800146103,
    0.032533008605241776,
    -0.12898454070091248,
    0.0029164073057472706,
    0.013248994015157223,
    0.10847519338130951,
    0.09307964891195297,
    -0.05240403115749359,
    -0.0711880624294281,
    0.013512388803064823,
    0.01858939416706562,
    -0.05211498588323593,
    -0.08956065028905869,
    -3.57054756023339e-33,
    -0.014702205546200275,
    0.05878061056137085,
    -0.06620212644338608,
    0.13256356120109558,
    0.05644107237458229,
    -0.034517522901296616,
    0.09119785577058792,
    -0.026035502552986145,
    0.061613742262125015,
    0.01583860255777836,
    -0.14156416058540344,
    -0.009360296651721,
    0.012586377561092377,
    0.013802786357700825,
    0.03691376373171806,
    0.06293429434299469,
    -0.07046981900930405,
    0.053423333913087845,
    -0.018337631598114967,
    -0.09074316173791885,
    -0.026238808408379555,
    -0.01533327903598547,
    0.06111646071076393,
    0.16218358278274536,
    -0.04832552745938301,
    0.06937818974256516,
    -0.03523318096995354,
    0.03289499506354332,
    -0.05983631685376167,
    -0.040895890444517136,
    -0.02233790047466755,
    -0.031569577753543854,
    0.040204718708992004,
    -0.14623166620731354,
    -0.01973617821931839,
    -0.07513482868671417,
    0.12306806445121765,
    -0.029962649568915367,
    0.009745190851390362,
    0.010765689425170422,
    0.10362586379051208,
    -0.02132393606007099,
    -0.010496427305042744,
    -0.031276702880859375,
    -0.00874792318791151,
    0.0050299870781600475,
    0.0525556318461895,
    -0.06441419571638107,
    0.05870860069990158,
    -0.018962787464261055,
    0.08485766500234604,
    -0.011454408057034016,
    -0.00783889926970005,
    0.04413236305117607,
    0.02226940169930458,
    0.015871180221438408,
    0.016708021983504295,
    0.031604718416929245,
    0.05096918344497681,
    -0.10068505257368088,
    -0.06488658487796783,
    0.03637554496526718,
    0.005673679988831282,
    0.05905766040086746,
    -0.004254759754985571,
    0.022018343210220337,
    0.023641878738999367,
    -0.07239434123039246,
    -0.03829539194703102,
    -0.013207776471972466,
    0.008876780979335308,
    -0.019877687096595764,
    0.08332417905330658,
    -0.007281418889760971,
    -0.03374495357275009,
    -0.00289953057654202,
    0.02379036508500576,
    0.015496568754315376,
    0.08755943179130554,
    0.11458317935466766,
    -0.0005346824764274061,
    -0.0003255627234466374,
    0.0257578082382679,
