{
  "id": 846,
  "vector": [
    0.004798165522515774,
    -0.01742236129939556,
    0.009937849827110767,
    0.03826721012592316,
    0.022599689662456512,
    -0.023014476522803307,
    0.0861440971493721,
    0.060086432844400406,
    -0.07349078357219696,
    0.05149067938327789,
    -0.011570483446121216,
    -0.10296132415533066,
    -0.02141883410513401,
    0.032685376703739166,
    -0.023340808227658272,
    0.02247215062379837,
    -0.014321512542665005,
    0.02610161155462265,
    -0.08321314305067062,
    0.03424492105841637,
    0.03271530941128731,
    0.000266866700258106,
    0.07281018793582916,
    -0.03166387602686882,
    0.03718900680541992,
    0.019313953816890717,
    0.03633823245763779,
    -0.05522032082080841,
    -0.008947526104748249,
    0.011803561821579933,
    -0.006771915592253208,
    0.0043295323848724365,
    0.04325457662343979,
    0.06696265935897827,
    -0.02892301417887211,
    -0.04296572133898735,
    -0.009389531798660755,
    -0.018296057358384132,
    0.10003436356782913,
    -0.06387636810541153,
    0.00193775852676481,
    0.026112327352166176,
    0.002634455682709813,
    0.0069648465141654015,
    0.03260070085525513,
    -0.03654588386416435,
    -0.001669559394940734,
    0.040210988372564316,
    0.014322418719530106,
    -0.02067432925105095,
    0.07584112137556076,
    0.017127366736531258,
    -0.14720244705677032,
    0.05476817488670349,
    0.057956844568252563,
    -0.13991613686084747,
    -0.050018031150102615,
    0.03292282670736313,
    -0.024644671007990837,
    0.04409234598278999,
    -0.027378451079130173,
    -0.041342854499816895,
    -0.06820160150527954,
    0.028018338605761528,
    -0.0031857150606811047,
    0.10429373383522034,
    -0.0955442488193512,
    -0.014952422119677067,
    -0.021644501015543938,
    0.02823067456483841,
    -0.053028978407382965,
    0.032756295055150986,
    -0.037323933094739914,
    -0.028867436572909355,
    -0.04392645135521889,
    0.012311254628002644,
    0.027870764955878258,
    -0.021184295415878296,
    -0.06620590388774872,
    0.022477829828858376,
    -0.08244579285383224,
    -0.035945892333984375,
    0.003363364841789007,
    0.07032078504562378,
    -0.037261784076690674,
    -0.07181670516729355,
    -0.019599122926592827,
    -0.00018444120360072702,
    0.007977862842381,
    -0.013186285272240639,
    -0.04869428649544716,
    0.03604147583246231,
    0.013014637865126133,
    0.07819949835538864,
    -0.07191416621208191,
    0.048457249999046326,
    0.0289171002805233,
    0.0071910168044269085,
    0.019905082881450653,
    -0.018957605585455894,
    0.01748698391020298,
    0.038235895335674286,
    0.10518167912960052,
    -0.026596222072839737,
    -0.028199298307299614,
    0.014118832536041737,
    -0.040638189762830734,
    -0.10947985202074051,
    0.04393044859170914,
    -0.03767351433634758,
    -0.00952115561813116,
    0.013058619573712349,
    -0.021837841719388962,
    -0.02231386862695217,
    -0.027987303212285042,
    -0.03169071301817894,
    0.011799278669059277,
    0.07630214095115662,
    0.054029401391744614,
    -0.006251342128962278,
    -0.0011537017999216914,
    -0.014928361400961876,
    0.03618333116173744,
    -0.06890039145946503,
    -0.06728999316692352,
    0.02875155583024025,
    0.011863489635288715,
    4.71786237273059e-33,
    -0.07607952505350113,
    -0.026416296139359474,
    0.050925545394420624,
    0.08250845968723297,
    0.024697134271264076,
    -0.06958011537790298,
    0.03358212113380432,
    -0.03880835324525833,
    0.09737040102481842,
    0.02832876518368721,
    -0.025378232821822166,
    0.019634531810879707,
    0.029420332983136177,
    0.06889934092760086,
    -0.00008502330456394702,
    -0.04802080988883972,
    -0.031138459220528603,
    0.009197179228067398,
    0.07668178528547287,
    -0.02001364901661873,
    -0.09723636507987976,
    0.05746663361787796,
    0.042836084961891174,
    0.006276143714785576,
    -0.030969534069299698,
    0.02371082827448845,
    0.061713673174381256,
    0.0058939335867762566,
    0.01855379529297352,
    0.013623730279505253,
    0.16153085231781006,
    -0.010150706395506859,
    0.04576030746102333,
    0.03819640725851059,
    -0.09275699406862259,
    0.04232831671833992,
    0.01693393476307392,
    0.016537955030798912,
    0.11055009067058563,
    0.03707731515169144,
    -0.036716245114803314,
    0.02440117858350277,
    0.056033775210380554,
    0.009313162416219711,
    -0.05095566436648369,
    -0.04028570279479027,
    0.07241387665271759,
    0.007262319326400757,
    0.09602034837007523,
    0.033480122685432434,
    -0.042753685265779495,
    -0.0070551796816289425,
    -0.05475293844938278,
    0.05101410299539566,
    0.06221815198659897,
    -0.03257206827402115,
    0.0070434617809951305,
    0.11021383851766586,
    0.06892000883817673,
    0.09354875236749649,
    0.027129193767905235,
    0.029674602672457695,
    0.002862872090190649,
    0.018157774582505226,
    0.014038574881851673,
    -0.03939838707447052,
    -0.05127868056297302,
    -0.09106437116861343,
    -0.03509209305047989,
    0.03265061974525452,
    0.022956976667046547,
    -0.031271256506443024,
    0.027216516435146332,
    -0.011362764053046703,
    0.08905261754989624,
    -0.002398344688117504,
    0.1646149605512619,
    -0.005449054297059774,
    0.021192189306020737,
    0.019261006265878677,
    -0.05363917723298073,
    0.03530533239245415,
    0.033588945865631104,
    -0.012907820753753185,
    -0.050170958042144775,
    -0.02663520537316799,
    -0.048532579094171524,
    0.020475510507822037,
    -0.05003346875309944,
    0.030171165242791176,
    -0.04470907896757126,
    0.02810380421578884,
    -0.057717982679605484,
    -0.030356597155332565,
    -0.04296872392296791,
    -3.5269613317308533e-33,
    0.04806129261851311,
    0.09235098958015442,
    -0.12265755236148834,
    0.03156711533665657,
    0.003249719273298979,
    0.019584087654948235,
    0.02657923474907875,
    -0.012697698548436165,
    0.11553021520376205,
    -0.01936977542936802,
    -0.023692118003964424,
    0.0311333779245615,
    0.06304848194122314,
    0.0583525188267231,
    -0.07065093517303467,
    -0.010541453957557678,
    -0.0009365295991301537,
    0.0009705228148959577,
    -0.07298176735639572,
    -0.019918518140912056,
    -0.009434773586690426,
    0.07443385571241379,
    0.0334760956466198,
    0.06151175498962402,
    0.014141601510345936,
    -0.0010312881786376238,
    -0.031442783772945404,
    -0.00708374148234725,
    0.042219407856464386,
    -0.0009887429187074304,
    0.018673550337553024,
    -0.06381171941757202,
    0.06754287332296371,
    0.09495046734809875,
    -0.040283702313899994,
    -0.0958450585603714,
    0.11832922697067261,
    0.01831783913075924,
    0.016858913004398346,
    0.06810744106769562,
    0.0018916632980108261,
    -0.00455486262217164,
    0.01774989813566208,
    -0.03658837825059891,
    0.00587074551731348,
    -0.06959904730319977,
    -0.018139852210879326,
    -0.07786624878644943,
    -0.027114856988191605,
    -0.036318305879831314,
    -0.00037606636760756373,
    0.05164172127842903,
    -0.10796651244163513,
    -0.021651238203048706,
    -0.01744868978857994,
    0.06720474362373352,
    -0.06424933671951294,
    0.007511813193559647,
    0.05805881321430206,
    -0.13561339676380157,
    -0.030992496758699417,
    0.010157983750104904,
    0.035926587879657745,
    -0.03426429629325867,
    -0.017775800079107285,
    0.04423512518405914,
    -0.032756492495536804,
    -0.09266090393066406,
    -0.03465329483151436,
    -0.013116695918142796,
    0.0013432849664241076,
    -0.044688500463962555,
    -0.005363631062209606,
    -0.0933162048459053,
    -0.039165571331977844,
    0.050415460020303726,
    0.00971037894487381,
    -0.010665631853044033,
    0.10629952698945999,
    0.0032985894940793514,
    -0.0311668012291193,
    0.0639154389500618,
