{
  "id": 231,
  "vector": [
    -0.03710193932056427,
    0.06374559551477432,
    -0.021985802799463272,
    0.008788521401584148,
    0.032719772309064865,
    -0.025413332507014275,
    0.16811126470565796,
    0.07153704017400742,
    -0.06955789029598236,
    0.07901821285486221,
    -0.01039072684943676,
    -0.10228637605905533,
    0.03538735210895538,
    0.06503460556268692,
    -0.006099028512835503,
    -0.032633792608976364,
    -0.03730059415102005,
    0.012589617632329464,
    -0.06581304967403412,
    0.013644020073115826,
    0.04812325909733772,
    -0.011250898241996765,
    0.005786201450973749,
    -0.009568274021148682,
    0.05770084261894226,
    0.08198590576648712,
    -0.01088329590857029,
    -0.05387986823916435,
    0.05162284895777702,
    0.01306640449911356,
    0.0012547378428280354,
    0.051517318934202194,
    -0.042281609028577805,
    0.029136013239622116,
    -0.07814818620681763,
    0.016083771362900734,
    -0.011812043376266956,
    -0.06233630329370499,
    0.04154007509350777,
    -0.03923099488019943,
    0.04245113208889961,
    0.008785066194832325,
    -0.01566210389137268,
    0.027306359261274338,
    0.017763083800673485,
    0.021906759589910507,
    -0.02562454342842102,
    0.03393007069826126,
    0.0244299229234457,
    -0.019177259877324104,
    0.037260062992572784,
    -0.008627713657915592,
    -0.12774905562400818,
    0.025175191462039948,
    0.03111065924167633,
    -0.10931238532066345,
    -0.03829820454120636,
    0.02477528713643551,
    -0.02390618994832039,
    0.04719865322113037,
    -0.0494094118475914,
    -0.04032466933131218,
    -0.04247524216771126,
    0.030838601291179657,
    0.02778925560414791,
    0.03653672710061073,
    -0.04341201111674309,
    0.07107005268335342,
    0.012824020348489285,
    -0.021564435213804245,
    -0.022134507074952126,
    0.048915743827819824,
    0.018281538039445877,
    -0.01086597889661789,
    0.006714947987347841,
    -0.023437270894646645,
    0.07003515958786011,
    0.04316059872508049,
    -0.11556476354598999,
    0.06833219528198242,
    -0.04444729536771774,
    0.04457826912403107,
    0.02128857932984829,
    0.0485820546746254,
    -0.008572626858949661,
    -0.039218802005052567,
    0.03478972613811493,
    0.010998865589499474,
    -0.012376591563224792,
    -0.055211141705513,
    -0.014512847177684307,
    0.0820133164525032,
    -0.009300616569817066,
    0.10461464524269104,
    -0.033758170902729034,
    0.035587701946496964,
    -0.04248039424419403,
    -0.01080346293747425,
    -0.011608709581196308,
    0.01961793564260006,
    -0.023224780336022377,
    0.05579277127981186,
    0.042157333344221115,
    0.00039327138802036643,
    0.015522954054176807,
    -0.032388582825660706,
    -0.02071545459330082,
    -0.014331117272377014,
    0.04541182145476341,
    0.06644739955663681,
    -0.0374489463865757,
    -0.013677019625902176,
    -0.024322746321558952,
    0.04983847215771675,
    -0.05229818820953369,
    -0.07363118976354599,
    0.02323051355779171,
    0.06422021985054016,
    0.009574818424880505,
    -0.02100585214793682,
    -0.04948902130126953,
    -0.012701098807156086,
    0.06526444852352142,
    -0.046001434326171875,
    -0.04723239317536354,
    -0.009765277616679668,
    0.09474429488182068,
    2.9915998783931125e-33,
    -0.14855718612670898,
    -0.027202516794204712,
    0.04498601332306862,
    0.07001060247421265,
    0.05482674390077591,
    -0.045106176286935806,
    -0.010009761899709702,
    0.03338493034243584,
    0.027698038145899773,
    -0.03278909996151924,
    -0.10323318839073181,
    -0.012425750494003296,
    -0.0586981326341629,
    0.09513091295957565,
    -0.05542716756463051,
    -0.06050402671098709,
    -0.05390363559126854,
    0.049412403255701065,
    0.05420731008052826,
    -0.03909625858068466,
    -0.10963202267885208,
    0.015278264880180359,
    0.06633927673101425,
    0.01893019676208496,
    -0.04866870492696762,
    0.013461611233651638,
    0.05808250978589058,
    -0.0061472211964428425,
    0.03758646547794342,
    0.01978190988302231,
    0.07366883009672165,
    -0.023832611739635468,
    0.024656830355525017,
    -0.05043400824069977,
    -0.07383888959884644,
    0.08580617606639862,
    -0.002367305336520076,
    -0.03610834851861,
    0.03185941278934479,
    0.048110172152519226,
    -0.026464100927114487,
    0.04016537964344025,
    0.12108218669891357,
    0.042888540774583817,
    -0.06327661126852036,
    0.04344397038221359,
    0.04516596347093582,
    0.0014669118681922555,
    0.0349312499165535,
    -0.022527672350406647,
    -0.02050304412841797,
    0.005637385882437229,
    -0.09925335645675659,
    0.040069788694381714,
    -0.04464559257030487,
    -0.04564261436462402,
    -0.01904720440506935,
    0.08636286109685898,
    0.04785863682627678,
    0.04851042479276657,
    -0.02248678356409073,
    -0.022678054869174957,
    -0.03630862012505531,
    0.04508719593286514,
    -0.02637210674583912,
    0.017885219305753708,
    -0.08269850164651871,
    -0.07257037609815598,
    0.0008484744466841221,
    0.01854398101568222,
    0.006333498749881983,
    -0.010508285835385323,
    0.07698395848274231,
    -0.02090396359562874,
    0.07977236807346344,
    -0.01404030155390501,
    0.12458933889865875,
    0.04443501681089401,
    -0.0261289831250906,
    0.02320745959877968,
    -0.0761033296585083,
    -0.013598361983895302,
    -0.01045665517449379,
    0.007617469877004623,
    -0.046462226659059525,
    0.01082968432456255,
    -0.008925113826990128,
    -0.043181732296943665,
    0.02347550541162491,
    0.027807768434286118,
    -0.020839758217334747,
    -0.024682195857167244,
    -0.0015264428220689297,
    -0.062045224010944366,
    -0.07463271170854568,
    -2.0735292395093055e-33,
    0.02380005642771721,
    0.03878379613161087,
    -0.0437847375869751,
    0.08585891127586365,
    0.0371224470436573,
    0.01611015759408474,
    0.07705941051244736,
    0.05220284312963486,
    0.05537589266896248,
    0.018282262608408928,
    0.04128603637218475,
    -0.006191534921526909,
    0.061962030827999115,
    0.02442375011742115,
    -0.08034683763980865,
    -0.002702968893572688,
    0.03498920425772667,
    0.03504954278469086,
    -0.03958625718951225,
    0.024653581902384758,
    -0.018275601789355278,
    0.019754402339458466,
    0.05827254801988602,
    -0.039947062730789185,
    0.03805631026625633,
    -0.008968961425125599,
    0.03589145466685295,
    0.08996739983558655,
    0.006835024803876877,
    -0.017768247053027153,
    0.06645121425390244,
    -0.05603779852390289,
    -0.057821739464998245,
    0.010822498239576817,
    -0.043732985854148865,
    -0.026888234540820122,
    0.039384469389915466,
    -0.01691691391170025,
    -0.004242427181452513,
    0.0288712028414011,
    0.017450235784053802,
    -0.047264568507671356,
    -0.08966086804866791,
    0.009789927862584591,
    0.012953264638781548,
    -0.020352138206362724,
    -0.000012203442565805744,
    -0.03020995482802391,
    0.012877068482339382,
    0.01421724259853363,
    0.025858400389552116,
    0.0546058751642704,
    -0.053316403180360794,
    -0.02017662487924099,
    -0.01652706228196621,
    0.05256521329283714,
    -0.04888872429728508,
    0.022458728402853012,
    0.00242275046184659,
    -0.08578313887119293,
    0.022082850337028503,
    0.005054963752627373,
    0.0144321508705616,
    -0.0068411799147725105,
    -0.028073256835341454,
    0.056787729263305664,
    -0.022213993594050407,
    -0.0064546470530331135,
    -0.03180164098739624,
    0.03431105986237526,
    0.019613809883594513,
    -0.040510550141334534,
    0.025755269452929497,
    -0.12932854890823364,
    -0.042528506368398666,
    0.01641443558037281,
    0.026857607066631317,
    -0.08948960155248642,
    0.05461737886071205,
    -0.07161159068346024,
    -0.09761517494916916,
    0.04770878329873085,
    -0.030316410586237907,
