{
  "id": 275,
  "vector": [
    0.03417488560080528,
    0.021572545170783997,
    -0.055592503398656845,
    0.023476583883166313,
    -0.06810157001018524,
    0.03283383697271347,
    0.00666439114138484,
    0.05248738080263138,
    0.01436548586934805,
    -0.1013847291469574,
    0.016681350767612457,
    -0.01965431682765484,
    -0.020055880770087242,
    0.050927307456731796,
    0.022280361503362656,
    -0.02922847308218479,
    -0.0024966001510620117,
    0.015482992865145206,
    -0.10092099010944366,
    0.022817807272076607,
    0.03194020688533783,
    -0.06947112828493118,
    -0.025957413017749786,
    0.025809478014707565,
    0.041812699288129807,
    -0.024854369461536407,
    0.030185548588633537,
    -0.0534292571246624,
    -0.030673839151859283,
    -0.06322959065437317,
    0.014655234292149544,
    0.015783777460455894,
    0.04323196038603783,
    0.010835478082299232,
    0.00634197099134326,
    -0.06471899896860123,
    0.024504685774445534,
    -0.04180200397968292,
    0.12511245906352997,
    -0.006831694860011339,
    0.06687413156032562,
    0.05846918001770973,
    0.0708630308508873,
    0.07450836896896362,
    -0.031242819502949715,
    0.014165045693516731,
    -0.055466316640377045,
    0.0783253163099289,
    0.053195156157016754,
    -0.007309416774660349,
    -0.04242073744535446,
    -0.023818841204047203,
    -0.10146086663007736,
    -0.005250255111604929,
    0.09093022346496582,
    -0.08172807842493057,
    -0.007680985145270824,
    -0.05257955938577652,
    0.0031749866902828217,
    0.030143555253744125,
    0.026601916179060936,
    -0.006900039967149496,
    0.03181708604097366,
    0.03560502827167511,
    -0.02860604226589203,
    -0.027658700942993164,
    -0.10228071361780167,
    0.07202081382274628,
    -0.10458341240882874,
    0.03137398883700371,
    -0.04670151695609093,
    0.08171144872903824,
    -0.005695434287190437,
    -0.05924563109874725,
    -0.06173189729452133,
    -0.041572872549295425,
    -0.006986503954976797,
    -0.04558541625738144,
    -0.04448692500591278,
    0.12055804580450058,
    -0.08366818726062775,
    0.006991485599428415,
    -0.09849542379379272,
    0.06256099045276642,
    0.014488632790744305,
    -0.04408105090260506,
    0.04174362123012543,
    0.033941466361284256,
    -0.0703481063246727,
    0.015785537660121918,
    -0.08377641439437866,
    0.04325798898935318,
    0.07726188749074936,
    -0.051305726170539856,
    -0.08546990901231766,
    -0.006541837006807327,
    -0.0036246341187506914,
    -0.024586329236626625,
    0.07428815215826035,
    -0.03370349854230881,
    0.017781006172299385,
    0.025482703000307083,
    0.1797061264514923,
    -0.12232453376054764,
    -0.035785824060440063,
    0.026114707812666893,
    -0.029371820390224457,
    0.024122389033436775,
    0.09353036433458328,
    0.03527335077524185,
    -0.01732322759926319,
    -0.0347132608294487,
    -0.03636251017451286,
    0.029846297577023506,
    -0.010406279936432838,
    0.011566190980374813,
    0.038048066198825836,
    0.009341576136648655,
    0.01896020397543907,
    0.04924923554062843,
    0.05928913131356239,
    0.010669349692761898,
    0.04052947089076042,
    -0.016157807782292366,
    -0.07702658325433731,
    0.0030069188214838505,
    0.055452123284339905,
    3.486338083676358e-33,
    -0.07868624478578568,
    -0.04065846651792526,
    -0.012631247751414776,
    0.08084974437952042,
    0.05907333642244339,
    -0.002831379882991314,
    0.0072293970733881,
    -0.022426307201385498,
    0.05826382711529732,
    0.05852304399013519,
    -0.05698901042342186,
    0.005353068932890892,
    -0.02751683071255684,
    0.05924428254365921,
    -0.05868528410792351,
    -0.06413114070892334,
    0.029136110097169876,
    -0.000032354706490878016,
    0.003928015474230051,
    -0.09144959598779678,
    -0.08331040292978287,
    -0.051221996545791626,
    -0.01501386146992445,
    -0.011242704465985298,
    -0.13012732565402985,
    -0.002780043752864003,
    0.030820803716778755,
    0.0016199930105358362,
    0.04971593990921974,
    0.010704015381634235,
    0.08610764890909195,
    0.0244873259216547,
    -0.049030885100364685,
    0.024666721001267433,
    0.029147984459996223,
    -0.0493762344121933,
    0.0070262206718325615,
    -0.0073340050876140594,
    0.12946543097496033,
    -0.04715326428413391,
    0.03793059661984444,
    0.025672240182757378,
    0.07684788852930069,
    0.023995086550712585,
    -0.045220524072647095,
    0.024747369810938835,
    0.029461726546287537,
    0.002465697005391121,
    0.07935887575149536,
    0.03258766233921051,
    -0.10612376779317856,
    0.01801222749054432,
    0.03808994218707085,
    0.0010202409466728568,
    0.06299541890621185,
    -0.05880055949091911,
    -0.061602234840393066,
    0.06226187199354172,
    -0.009508544579148293,
    0.05720270797610283,
    -0.026306860148906708,
    0.08123203366994858,
    -0.022959571331739426,
    0.025144735351204872,
    -0.054728105664253235,
    0.06506766378879547,
    -0.06630007922649384,
    -0.045356784015893936,
    0.013722604140639305,
    -0.052460793405771255,
    0.008986972272396088,
    -0.0319758802652359,
    0.03160198777914047,
    -0.037959031760692596,
    0.013431159779429436,
    -0.000004350621111370856,
    0.12943273782730103,
    0.024766571819782257,
    -0.04098716378211975,
    -0.004601219203323126,
    -0.1004408746957779,
    -0.0004437097522895783,
    0.010911940596997738,
    0.0056376648135483265,
    -0.04058173671364784,
    0.03794647008180618,
    -0.021815920248627663,
    0.01621163636445999,
    -0.000717193994205445,
    -0.023160655051469803,
    -0.004340729210525751,
    -0.02155221439898014,
    -0.02492724359035492,
    -0.03532140329480171,
    0.008789648301899433,
    -4.1796835900417144e-33,
    0.017009757459163666,
    -0.025282995775341988,
    0.05296112596988678,
    -0.03425487130880356,
    0.07148291915655136,
    -0.007631437852978706,
    0.03295806050300598,
    0.01245485246181488,
    0.03334839269518852,
    -0.035472024232149124,
    -0.1008363738656044,
    0.03471788391470909,
    -0.00669731292873621,
    0.0215816218405962,
    -0.04407345503568649,
    0.12581337988376617,
    0.077677883207798,
    -0.001080228597857058,
    -0.008716435171663761,
    -0.0872548446059227,
    -0.05832400918006897,
    0.03537537157535553,
    -0.04548020288348198,
    0.05340209975838661,
    0.039610475301742554,
    0.04354951158165932,
    0.027832353487610817,
    -0.06126789748668671,
    0.05201307311654091,
    0.07763469219207764,
    0.06292960047721863,
    -0.14611856639385223,
    0.0025147192645817995,
    0.0126848379150033,
    -0.07598492503166199,
    -0.037097495049238205,
    0.06798730045557022,
    -0.01672118343412876,
    0.043361227959394455,
    0.05338285118341446,
    0.04919211193919182,
    -0.05213499441742897,
    -0.024679861962795258,
    0.01941252313554287,
    0.04729228466749191,
    -0.010637018829584122,
    0.037977661937475204,
    -0.0973699688911438,
    0.009786413982510567,
    0.046302858740091324,
    -0.008319412358105183,
    0.06461300700902939,
    -0.08801843225955963,
    0.010365414433181286,
    0.020727191120386124,
    0.04680832847952843,
    0.06165975332260132,
    0.017766380682587624,
    -0.000649633991997689,
    -0.10872103273868561,
    -0.07178863137960434,
    0.001987096620723605,
    -0.005508698057383299,
    -0.03443488851189613,
    -0.032122448086738586,
    -0.04012615233659744,
    -0.002447061473503709,
    -0.03941855579614639,
    -0.035847146064043045,
    0.029121289029717445,
    0.054841309785842896,
    0.0932897999882698,
    0.009558377787470818,
    -0.06395973265171051,
    -0.0782429575920105,
    0.01078139990568161,
    -0.049432288855314255,
    -0.07563450187444687,
    -0.01705135405063629,
    0.021038811653852463,
    -0.03517678380012512,
    0.01822233572602272,
    -0.054549358785152435,
