{
  "id": 321,
  "vector": [
    -0.06724061816930771,
    0.07518799602985382,
    0.026922766119241714,
    -0.017317306250333786,
    0.052605923265218735,
    0.009452423080801964,
    0.09237554669380188,
    0.12034949660301208,
    -0.13648276031017303,
    0.035520900040864944,
    -0.04204125329852104,
    -0.09866064041852951,
    0.02520672418177128,
    0.012066452763974667,
    -0.0008633952820673585,
    -0.042322080582380295,
    0.0011663695331662893,
    -0.016396861523389816,
    -0.03707875311374664,
    -0.023153938353061676,
    0.08550319820642471,
    -0.04697367921471596,
    -0.0009425807511433959,
    0.020230688154697418,
    -0.01967272348701954,
    0.07204292714595795,
    -0.052430715411901474,
    0.005097442306578159,
    0.048056911677122116,
    -0.049562085419893265,
    0.04772750660777092,
    0.03574639931321144,
    -0.007905522361397743,
    0.0229200329631567,
    0.04384566470980644,
    0.003876423230394721,
    -0.03532075136899948,
    -0.020539818331599236,
    0.06956793367862701,
    -0.00874347984790802,
    0.038558103144168854,
    0.04235437139868736,
    -0.0015029653441160917,
    -0.0008437915239483118,
    -0.03057369589805603,
    -0.04043884947896004,
    0.004166467115283012,
    0.11835069209337234,
    0.0010216149967163801,
    -0.01685003750026226,
    0.039442092180252075,
    -0.06597477197647095,
    -0.1310184746980667,
    -0.004311928991228342,
    0.03464651107788086,
    -0.08607546985149384,
    -0.02251371741294861,
    -0.026089828461408615,
    -0.014556086622178555,
    -0.04680248349905014,
    0.015357875265181065,
    -0.05058920010924339,
    -0.04618130996823311,
    0.03172069787979126,
    0.09333643317222595,
    0.004605215974152088,
    0.03466928377747536,
    -0.05494771525263786,
    0.00798390805721283,
    0.0637088268995285,
    -0.023244688287377357,
    0.053055185824632645,
    0.0009061999735422432,
    0.12168452888727188,
    -0.02151479758322239,
    -0.015837151557207108,
    0.06431257724761963,
    -0.04708391800522804,
    -0.06313886493444443,
    0.07275290042161942,
    -0.10405055433511734,
    0.02884611301124096,
    -0.008276775479316711,
    -0.032558050006628036,
    -0.02450047992169857,
    0.021446116268634796,
    -0.09772209078073502,
    0.08571821451187134,
    0.08329163491725922,
    -0.05512181669473648,
    -0.04547702521085739,
    0.012885301373898983,
    -0.024392593652009964,
    0.04844833165407181,
    -0.0705287903547287,
    0.03218209370970726,
    -0.05300978198647499,
    0.021672997623682022,
    -0.004729053471237421,
    0.05539277195930481,
    0.037113647907972336,
    0.04045756533741951,
    0.09699327498674393,
    -0.08429070562124252,
    0.026863373816013336,
    -0.026371009647846222,
    0.03598010912537575,
    0.08442357927560806,
    -0.010148923844099045,
    0.02659313566982746,
    -0.0878797397017479,
    -0.06886803358793259,
    -0.030650358647108078,
    -0.040399469435214996,
    -0.036418311297893524,
    -0.010847223922610283,
    0.019543595612049103,
    0.03318352624773979,
    -0.022406909614801407,
    0.005262674763798714,
    0.09767422825098038,
    -0.0116060059517622,
    0.02735190838575363,
    -0.02099737524986267,
    -0.03583981841802597,
    -0.013006428256630898,
    0.0630892887711525,
    3.4183541025805205e-33,
    -0.09659064561128616,
    0.006355642341077328,
    -0.004523566924035549,
    0.0928061455488205,
    -0.02519797533750534,
    0.06285929679870605,
    0.07886872440576553,
    0.07348593324422836,
    -0.05863421410322189,
    0.058216650038957596,
    -0.07893942296504974,
    0.04409743472933769,
    -0.014022612944245338,
    0.14371776580810547,
    -0.03433411568403244,
    -0.0727909728884697,
    0.008347287774085999,
    0.018826143816113472,
    0.06464012712240219,
    -0.07311808317899704,
    -0.07678806781768799,
    -0.02351476438343525,
    0.010512012057006359,
    0.01321191806346178,
    -0.03171645477414131,
    0.03242165967822075,
    -0.010554353706538677,
    -0.006844332907348871,
    0.04802059009671211,
    0.05537254735827446,
    0.09785916656255722,
    0.027679281309247017,
    -0.00824976246803999,
    0.004951132461428642,
    -0.028467468917369843,
    -0.03436870500445366,
    -0.07222584635019302,
    -0.01331519614905119,
    0.07533914595842361,
    -0.023115690797567368,
    0.07895790785551071,
    0.07588843256235123,
    0.07560481131076813,
    0.03077731840312481,
    -0.07637631148099899,
    0.06089463829994202,
    -0.014780856668949127,
    -0.0033974002581089735,
    0.07271821051836014,
    -0.0819740816950798,
    0.08953651040792465,
    0.0044176820665597916,
    0.026669202372431755,
    0.027387171983718872,
    -0.021839004009962082,
    -0.0383889302611351,
    0.023062419146299362,
    0.0035412341821938753,
    0.018833767622709274,
    0.04075568914413452,
    0.011638250201940536,
    0.06157819926738739,
    -0.020652301609516144,
    0.04090363532304764,
    0.028060315176844597,
    -0.0021302099339663982,
    -0.028221942484378815,
    -0.007575907278805971,
    -0.0008300947374664247,
    -0.04626387357711792,
    -0.00534693943336606,
    0.0043050795793533325,
    0.08003874868154526,
    -0.014111538417637348,
    0.010353442281484604,
    -0.0760180726647377,
    0.12218034267425537,
    0.04200330749154091,
    -0.010100677609443665,
    0.05426503345370293,
    -0.04862198978662491,
    -0.04637053236365318,
    -0.031133607029914856,
    -0.09761210530996323,
    -0.07585077732801437,
    0.015908105298876762,
    0.03426864370703697,
    0.0025941254571080208,
    0.02309555560350418,
    -0.0521247535943985,
    0.01526737492531538,
    -0.09841302037239075,
    -0.03761426731944084,
    -0.04973061755299568,
    -0.04086486995220184,
    -3.2444411827443016e-33,
    0.02500702440738678,
    0.0408644899725914,
    -0.035689763724803925,
    0.08587635308504105,
    0.042318474501371384,
    0.029515530914068222,
    0.0543692409992218,
    0.06005280837416649,
    0.01418266911059618,
    0.03586201369762421,
    0.019445467740297318,
    -0.025650618597865105,
    0.04168982058763504,
    -0.0005271732225082815,
    -0.00241765845566988,
    0.058800455182790756,
    0.03958174213767052,
    -0.02172194793820381,
    0.02599201910197735,
    -0.05911709740757942,
    -0.06563398241996765,
    -0.026181017979979515,
    0.032679349184036255,
    -0.024202430620789528,
    0.004387530963867903,
    0.04527314007282257,
    0.03707842528820038,
    -0.04183105379343033,
    0.0017265162896364927,
    0.04199979826807976,
    0.01280598621815443,
    -0.11482297629117966,
    -0.04249155521392822,
    0.0141582190990448,
    -0.06416934728622437,
    -0.04973535239696503,
    0.03334219008684158,
    0.03250494599342346,
    0.032340142875909805,
    -0.06989587098360062,
    0.057221535593271255,
    0.033191777765750885,
    -0.02032480388879776,
    0.02996358647942543,
    -0.03322897106409073,
    -0.03467957675457001,
    0.01491205208003521,
    0.049498043954372406,
    -0.023557741194963455,
    0.06629381328821182,
    0.01109367236495018,
    0.03714916110038757,
    -0.07039935141801834,
    -0.02049948088824749,
    0.0036235046572983265,
    0.07770086824893951,
    -0.03986043855547905,
    -0.01684212125837803,
    -0.04650877043604851,
    -0.05098731815814972,
    0.038233350962400436,
    0.03269011527299881,
    -0.09598702192306519,
    0.018932735547423363,
    0.021935490891337395,
    -0.02210996486246586,
    0.02927199751138687,
    0.023642245680093765,
    -0.032047271728515625,
    0.03189730644226074,
    0.01871124468743801,
    -0.094081811606884,
    0.04624948278069496,
    -0.11438105255365372,
    -0.04120061546564102,
    0.014286371879279613,
    0.008457873947918415,
    0.0011864852858707309,
    0.008576289750635624,
    -0.034879419952631,
    -0.05349995568394661,
    -0.021323103457689285,
    0.026501236483454704,
    0.0867188349366188,
