{
  "id": 100,
  "vector": [
    -0.04140147194266319,
    -0.045896757394075394,
    0.03650654852390289,
    -0.02939203754067421,
    -0.005963632371276617,
    -0.019217895343899727,
    0.07122844457626343,
    0.06231699138879776,
    -0.005189438350498676,
    -0.040572021156549454,
    -0.016556914895772934,
    -0.06395968049764633,
    -0.0198858380317688,
    0.008985752239823341,
    -0.07139666378498077,
    -0.08154287934303284,
    -0.015082054771482944,
    -0.023946518078446388,
    -0.11376815289258957,
    -0.03785112500190735,
    0.007448725402355194,
    -0.040220316499471664,
    -0.01903259940445423,
    -0.05762249603867531,
    -0.04030412808060646,
    0.09556658565998077,
    -0.05121598392724991,
    -0.03613351285457611,
    0.07776941359043121,
    -0.0764203816652298,
    0.04838137328624725,
    0.08364830911159515,
    0.045732177793979645,
    0.04617074504494667,
    0.012672759592533112,
    0.0116483299061656,
    -0.0017354520969092846,
    -0.04130313917994499,
    0.04278574883937836,
    -0.0759340152144432,
    0.08967427909374237,
    0.014923039823770523,
    0.05649217963218689,
    0.07215332239866257,
    -0.022011205554008484,
    0.005411369726061821,
    -0.002180660841986537,
    0.013694596476852894,
    0.016146991401910782,
    -0.027736078947782516,
    0.054301075637340546,
    -0.008652196265757084,
    -0.07648590207099915,
    0.02528967708349228,
    0.021764125674962997,
    -0.05327636003494263,
    0.021969731897115707,
    -0.023028409108519554,
    0.029486093670129776,
    0.02783597633242607,
    0.0461682453751564,
    0.012965818867087364,
    -0.020762143656611443,
    0.01697530224919319,
    -0.004876995924860239,
    0.07395756989717484,
    -0.03483835235238075,
    0.05664757266640663,
    -0.10931143909692764,
    0.0814809501171112,
    -0.028971271589398384,
    0.0807826891541481,
    0.036222606897354126,
    0.019813135266304016,
    0.02473306469619274,
    0.002849378390237689,
    0.10252314060926437,
    -0.1371941715478897,
    -0.09186995774507523,
    0.0032503525726497173,
    -0.042715881019830704,
    0.06383932381868362,
    0.005097914021462202,
    0.029628753662109375,
    -0.012933161109685898,
    0.04478762671351433,
    -0.03562292456626892,
    0.009704813361167908,
    -0.021533947438001633,
    -0.06067435070872307,
    -0.03711332008242607,
    0.024694005027413368,
    0.048102982342243195,
    -0.03973953798413277,
    -0.009881305508315563,
    0.029839467257261276,
    -0.04259699583053589,
    -0.04312339425086975,
    0.03891846537590027,
    0.017214391380548477,
    0.039770372211933136,
    0.08767390996217728,
    0.05848812311887741,
    -0.09101999551057816,
    -0.028042703866958618,
    0.010087216272950172,
    -0.007166555617004633,
    0.005449732765555382,
    -0.0029864306561648846,
    0.058636605739593506,
    -0.019659049808979034,
    0.021181238815188408,
    -0.0639810636639595,
    -0.009489510208368301,
    -0.024523498490452766,
    -0.006823848467320204,
    0.03460757061839104,
    0.009960704483091831,
    -0.04458010569214821,
    0.005384921096265316,
    0.08299165219068527,
    -0.030811579897999763,
    -0.025708701461553574,
    -0.055009257048368454,
    -0.09455939382314682,
    -0.014388815499842167,
    0.06841453164815903,
    5.8212537367833616e-33,
    -0.03601115569472313,
    0.003051307052373886,
    0.01587211713194847,
    -0.0095450971275568,
    0.10580842196941376,
    -0.006344770547002554,
    0.11637277901172638,
    0.044046901166439056,
    0.005959999281913042,
    0.07071035355329514,
    0.0031428830698132515,
    -0.03262994438409805,
    -0.07610877603292465,
    0.11855859309434891,
    0.012371678836643696,
    0.047589391469955444,
    -0.0420236699283123,
    0.027196865528821945,
    -0.02000034786760807,
    -0.09277795255184174,
    -0.014171301387250423,
    0.03325505554676056,
    0.0028599314391613007,
    0.07737761735916138,
    -0.00043736572843044996,
    -0.0503392219543457,
    0.007144398521631956,
    -0.03304244205355644,
    0.0371689535677433,
    -0.02634669467806816,
    0.04523756727576256,
    0.008512469008564949,
    0.04536476731300354,
    0.08915581554174423,
    -0.08313068002462387,
    -0.025523724034428596,
    -0.12684176862239838,
    -0.0028441541362553835,
    0.09568306803703308,
    -0.02114042453467846,
    0.03588490933179855,
    0.026783838868141174,
    0.03344821557402611,
    -0.012772815302014351,
    -0.028754057362675667,
    -0.041963111609220505,
    0.008659528568387032,
    0.04393858462572098,
    0.09220345318317413,
    0.03325190022587776,
    -0.004250912927091122,
    0.06752805411815643,
    -0.05348745733499527,
    -0.0030148772057145834,
    -0.0036092144437134266,
    -0.03663437440991402,
    -0.0595073364675045,
    0.024540545418858528,
    -0.008921092376112938,
    0.014326979406177998,
    0.059841588139534,
    0.02268759161233902,
    -0.016953513026237488,
    0.05902707576751709,
    0.004010931123048067,
    0.08771916478872299,
    -0.05039367452263832,
    -0.030336083844304085,
    0.03587207943201065,
    0.00227994192391634,
    -0.027837682515382767,
    -0.02817268669605255,
    -0.07470446825027466,
    -0.018696265295147896,
    0.02272772416472435,
    0.00006953923002583906,
    0.0597287192940712,
    0.019172267988324165,
    -0.04202300310134888,
    0.046835530549287796,
    -0.12606017291545868,
    0.04425366222858429,
    -0.04022106155753136,
    -0.04480466619133949,
    -0.12793384492397308,
    0.01775706373155117,
    0.021511558443307877,
    0.05703893303871155,
    0.010599812492728233,
    0.0049763876013457775,
    0.006026423070579767,
    -0.04706556349992752,
    -0.058215245604515076,
    -0.06092836335301399,
    -0.0964992344379425,
    -5.340590423312282e-33,
    0.019986385479569435,
    0.020530356094241142,
    -0.04685263708233833,
    0.06435576826334,
    0.03156641498208046,
    -0.09166858345270157,
    0.025978464633226395,
    0.09919638931751251,
    -0.001485069515183568,
    -0.03706900775432587,
    -0.03535178676247597,
    0.048590779304504395,
    0.020648732781410217,
    -0.04345863685011864,
    -0.08961699903011322,
    0.08577386289834976,
    0.06687375158071518,
    0.07769865542650223,
    0.020587993785738945,
    -0.1099100336432457,
    -0.016789350658655167,
    0.05891629308462143,
    0.10623135417699814,
    0.09038679301738739,
    0.017258642241358757,
    -0.002760720904916525,
    0.042382754385471344,
    -0.04704328626394272,
    0.00595643138512969,
    0.0007818384328857064,
    0.04216105490922928,
    -0.06439730525016785,
    0.06174546107649803,
    -0.010195821523666382,
    -0.04473599046468735,
    -0.025257257744669914,
    0.10194261372089386,
    -0.0023162367288023233,
    -0.025019994005560875,
    -0.0019401195459067822,
    0.046208035200834274,
    -0.02849775180220604,
    0.003931551240384579,
    0.06959113478660583,
    -0.030499298125505447,
    -0.05214572325348854,
    -0.06316553801298141,
    -0.0579855851829052,
    0.04707009345293045,
    0.029434505850076675,
    0.030286142602562904,
    0.010494177229702473,
    -0.05039108172059059,
    -0.02896272763609886,
    0.055407654494047165,
    0.12619706988334656,
    0.014453258365392685,
    0.008018437772989273,
    -0.026395395398139954,
    -0.05915221571922302,
    0.03882487863302231,
    0.0026329495012760162,
    -0.05834280699491501,
    -0.018956702202558517,
    0.07026783376932144,
    -0.048716627061367035,
    0.05273211747407913,
    0.001410426339134574,
    -0.030996330082416534,
    0.013234499841928482,
    0.053044140338897705,
    0.07201779633760452,
    0.017695704475045204,
    -0.06325039267539978,
    -0.09317096322774887,
    -0.08339351415634155,
    0.05206385999917984,
    -0.008382934145629406,
    0.028744300827383995,
    -0.040133532136678696,
    -0.04637514054775238,
    -0.007264893501996994,
    0.010514763183891773,
