{
  "id": 1083,
  "vector": [
    0.007638523820787668,
    0.1270851194858551,
    -0.05613322928547859,
    -0.014624563977122307,
    -0.04329811409115791,
    -0.026373673230409622,
    0.11864438652992249,
    0.05510225519537926,
    0.002668186789378524,
    0.033659037202596664,
    0.10570822656154633,
    -0.0316992811858654,
    0.0605323500931263,
    -0.01454046182334423,
    -0.028435541316866875,
    -0.03939265012741089,
    0.045375991612672806,
    0.04469982907176018,
    -0.14597563445568085,
    0.0011534157674759626,
    0.025397880002856255,
    -0.05446208268404007,
    0.018077148124575615,
    -0.03772659972310066,
    -0.012759051285684109,
    0.04327160120010376,
    -0.01573980785906315,
    0.009667339734733105,
    0.011216827668249607,
    -0.028062062337994576,
    -0.025884805247187614,
    0.10239718854427338,
    -0.03662003576755524,
    0.01065833494067192,
    -0.010420598089694977,
    -0.08599525690078735,
    -0.04342874884605408,
    -0.03320925310254097,
    0.03783251717686653,
    0.019943244755268097,
    -0.0038944256957620382,
    0.06819713860750198,
    0.01479053869843483,
    0.052787404507398605,
    -0.014078873209655285,
    -0.07171013951301575,
    -0.09889393299818039,
    0.03251360356807709,
    -0.00041517557110637426,
    0.0024126730859279633,
    -0.06829061359167099,
    0.0632806271314621,
    -0.07554803043603897,
    0.009356717579066753,
    0.027820007875561714,
    -0.07690399885177612,
    -0.007702536415308714,
    0.02599811553955078,
    -0.02555016428232193,
    0.09233572334051132,
    -0.023227328434586525,
    -0.06906689703464508,
    -0.05580736696720123,
    -0.04050368443131447,
    0.050468139350414276,
    -0.03887171298265457,
    -0.043253425508737564,
    0.0559450201690197,
    -0.05355193838477135,
    0.040197696536779404,
    -0.006950817070901394,
    0.09508098661899567,
    0.016787227243185043,
    -0.03681091591715813,
    -0.015608137473464012,
    0.011019614525139332,
    0.024352580308914185,
    0.007276682183146477,
    -0.06903915107250214,
    0.05709582939743996,
    -0.04030771553516388,
    -0.0260994341224432,
    -0.029457883909344673,
    -0.05406588315963745,
    0.0014758838806301355,
    -0.08035138249397278,
    -0.02496829815208912,
    0.03437691181898117,
    0.03780015558004379,
    -0.0075826458632946014,
    0.0010998117504641414,
    0.07486774772405624,
    0.005117952823638916,
    -0.043118927627801895,
    -0.05655726045370102,
    0.03943799436092377,
    -0.06403061747550964,
    -0.09390808641910553,
    0.038411304354667664,
    0.04045335203409195,
    0.0384909063577652,
    -0.011584450490772724,
    0.12214420735836029,
    -0.06395936012268066,
    -0.06469057500362396,
    0.040247753262519836,
    0.02857574075460434,
    0.057485584169626236,
    -0.003539683762937784,
    0.10058549046516418,
    0.010113188065588474,
    -0.023477209731936455,
    -0.02225084789097309,
    -0.0015928189968690276,
    -0.011100116185843945,
    0.0517364926636219,
    0.06963220238685608,
    0.03319092094898224,
    0.05385361611843109,
    -0.014865209348499775,
    0.03228950500488281,
    -0.014505540020763874,
    0.04595682770013809,
    -0.005505633074790239,
    -0.049797262996435165,
    0.08143899589776993,
    0.0004651847993955016,
    4.835342747519708e-33,
    -0.07517566531896591,
    -0.05441753566265106,
    -0.004039278253912926,
    0.05745524540543556,
    0.03759744390845299,
    0.007593067362904549,
    -0.01840534247457981,
    -0.028863467276096344,
    -0.029083212837576866,
    -0.005098704248666763,
    -0.03692714497447014,
    0.004366511013358831,
    -0.035391971468925476,
    0.03418028727173805,
    -0.04253130778670311,
    -0.05440203472971916,
    -0.004638322163373232,
    0.021005071699619293,
    -0.01429617777466774,
    -0.04124869778752327,
    -0.06069357693195343,
    0.006693996023386717,
    0.004575932864099741,
    -0.011651531793177128,
    -0.06015842407941818,
    0.08894212543964386,
    0.05237731710076332,
    -0.027020225301384926,
    0.026656651869416237,
    0.010161262936890125,
    0.13119329512119293,
    -0.006378381513059139,
    0.013783312402665615,
    0.015276568941771984,
    0.014908451586961746,
    0.0859474241733551,
    -0.0368451252579689,
    -0.007219298742711544,
    0.06576091051101685,
    -0.12375269830226898,
    -0.003771662013605237,
    -0.00029384231311269104,
    0.0967603251338005,
    0.06488990783691406,
    -0.09870130568742752,
    0.041343726217746735,
    0.022396184504032135,
    0.005069693084806204,
    0.09261981397867203,
    -0.007192519493401051,
    -0.026702510192990303,
    0.031791865825653076,
    -0.01420807559043169,
    0.050535038113594055,
    0.005983373150229454,
    0.02543831802904606,
    -0.0473620668053627,
    0.03966979682445526,
    0.013991701416671276,
    0.08720845729112625,
    -0.025423550978302956,
    0.03698253259062767,
    -0.0598578043282032,
    0.12071727961301804,
    -0.014567784033715725,
    0.0563301220536232,
    -0.06617889553308487,
    -0.05472831428050995,
    0.03733750060200691,
    0.07690369337797165,
    0.025435708463191986,
    -0.03868424892425537,
    0.15189702808856964,
    0.057493794709444046,
    -0.015300183556973934,
    -0.008830416016280651,
    0.09285017102956772,
    0.03268980234861374,
    -0.0530293844640255,
    0.09306079149246216,
    -0.043174535036087036,
    -0.010655214078724384,
    -0.04728848859667778,
    -0.024615461006760597,
    -0.09285375475883484,
    0.03934219107031822,
    -0.06367413699626923,
    -0.016417015343904495,
    0.04517365247011185,
    0.030661853030323982,
    0.03395216166973114,
    0.004157400224357843,
    0.0368499830365181,
    -0.029313191771507263,
    -0.10513855516910553,
    -4.890793387441888e-33,
    -0.010560223832726479,
    0.10163503140211105,
    0.059162791818380356,
    0.042359858751297,
    0.0932140052318573,
    0.008858462795615196,
    0.044312190264463425,
    -0.0633142963051796,
    -0.014360515400767326,
    -0.07001759856939316,
    -0.012537660077214241,
    0.05421794205904007,
    0.03134676814079285,
    -0.01571531407535076,
    -0.1098933219909668,
    0.07539492845535278,
    0.07496752589941025,
    0.006001697853207588,
    0.03137076273560524,
    -0.004224911332130432,
    -0.06093144789338112,
    0.024538924917578697,
    0.04651622474193573,
    0.05878965184092522,
    -0.01011152844876051,
    -0.07682225108146667,
    0.05861356854438782,
    0.027363350614905357,
    -0.02151568792760372,
    0.006483522709459066,
    0.08045714348554611,
    -0.13627353310585022,
    -0.032321497797966,
    -0.004237297456711531,
    -0.016966279596090317,
    -0.058955997228622437,
    0.03867100924253464,
    -0.0052387346513569355,
    0.00007920243660919368,
    0.03576970472931862,
    -0.0007727513439022005,
    -0.05139966309070587,
    -0.05680963397026062,
    0.022195065394043922,
    -0.023047905415296555,
    0.01647849753499031,
    0.031222498044371605,
    -0.07216566056013107,
    -0.01578543707728386,
    -0.014447727240622044,
    -0.00983466487377882,
    0.03946828469634056,
    -0.07177352160215378,
    -0.01842871680855751,
    0.023367304354906082,
    0.04502931237220764,
    -0.033163607120513916,
    0.04838316887617111,
    -0.07573214918375015,
    0.028790900483727455,
    0.02956576459109783,
    -0.022200971841812134,
    -0.00977639202028513,
    -0.04815227910876274,
    0.004586782772094011,
    0.010361319407820702,
    0.024840842932462692,
    -0.06977491825819016,
    -0.07775289565324783,
    0.023465866222977638,
    0.037734754383563995,
    0.024042202159762383,
    -0.005450884345918894,
    -0.04997424781322479,
    -0.02660701610147953,
    0.021032258868217468,
    -0.03157909959554672,
    -0.055633239448070526,
    -0.01242754701524973,
    -0.051181335002183914,
    -0.030312655493617058,
    0.04721169173717499,
    -0.052701033651828766,
