{
  "id": 749,
  "vector": [
    -0.020053613930940628,
    -0.0586642362177372,
    0.0173688642680645,
    0.048455581068992615,
    -0.021451327949762344,
    0.04640412703156471,
    0.03557552024722099,
    0.012743466533720493,
    0.0451175831258297,
    -0.05048995092511177,
    -0.03432309255003929,
    -0.04997262731194496,
    -0.11478612571954727,
    -0.009903796948492527,
    -0.021494142711162567,
    -0.025263411924242973,
    0.028785351663827896,
    0.026560313999652863,
    -0.056867390871047974,
    -0.013298711739480495,
    0.01544060930609703,
    0.009096651338040829,
    0.04013713076710701,
    0.0899517834186554,
    -0.021791772916913033,
    0.011697080917656422,
    -0.033920884132385254,
    0.012309694662690163,
    0.073941171169281,
    -0.028890589252114296,
    0.09944549947977066,
    0.02147200144827366,
    -0.0036014129873365164,
    0.006097791250795126,
    -0.013371060602366924,
    -0.08159865438938141,
    -0.0542706735432148,
    -0.06999124586582184,
    0.06430533528327942,
    0.09843474626541138,
    0.0905715599656105,
    -0.01386201847344637,
    -0.012172696180641651,
    -0.0034909674432128668,
    -0.03827562555670738,
    0.006085911765694618,
    -0.01415717788040638,
    0.05095784366130829,
    0.04575272276997566,
    -0.07622579485177994,
    -0.016209546476602554,
    -0.0626753494143486,
    -0.2061661332845688,
    -0.08599232137203217,
    0.03277013078331947,
    -0.09312593191862106,
    -0.025030601769685745,
    -0.036393433809280396,
    -0.0013977838680148125,
    0.06060206890106201,
    0.01820663921535015,
    0.05234961584210396,
    -0.023424340412020683,
    0.04412902891635895,
    -0.03804680332541466,
    0.045869696885347366,
    -0.09933589398860931,
    0.049805041402578354,
    0.0002503262076061219,
    0.0019808118231594563,
    -0.049566928297281265,
    0.03607228025794029,
    -0.02392900362610817,
    0.0015113799599930644,
    -0.0730924978852272,
    -0.08332500606775284,
    0.07050103694200516,
    -0.10723055899143219,
    0.0006382932187989354,
    -0.03132333233952522,
    -0.07653769850730896,
    0.003921497147530317,
    -0.07379099726676941,
    0.06208578869700432,
    -0.0011397554771974683,
    -0.04518138989806175,
    -0.04935244843363762,
    0.06051411107182503,
    0.0761372521519661,
    -0.007746543735265732,
    0.021000824868679047,
    0.027295932173728943,
    -0.05222863703966141,
    -0.03878515958786011,
    -0.03652220964431763,
    0.07333527505397797,
    0.024027137085795403,
    -0.047416772693395615,
    0.007141299545764923,
    0.024764476343989372,
    -0.00881886389106512,
    -0.0016221539117395878,
    0.07684154063463211,
    -0.12146999686956406,
    -0.07725252211093903,
    0.03741251677274704,
    0.013004288077354431,
    0.03815501928329468,
    0.04059541970491409,
    0.06581022590398788,
    -0.08319256454706192,
    -0.003354929853230715,
    -0.07388494908809662,
    0.010105154477059841,
    0.01545471977442503,
    -0.056542154401540756,
    0.10849642753601074,
    -0.09799081832170486,
    0.058050982654094696,
    -0.03304920718073845,
    0.01702231541275978,
    -0.03100680187344551,
    0.11850805580615997,
    -0.0006853038212284446,
    -0.08702640235424042,
    0.00868813507258892,
    0.03522593528032303,
    2.481554716281245e-33,
    -0.0810408666729927,
    0.013407472521066666,
    -0.005419047549366951,
    0.12468890100717545,
    0.01658814027905464,
    0.08225950598716736,
    -0.04361673444509506,
    -0.08742315322160721,
    0.00898275338113308,
    0.06399093568325043,
    -0.06848639249801636,
    0.01830529235303402,
    -0.05659821256995201,
    0.07915787398815155,
    0.021279605105519295,
    -0.018800396472215652,
    0.07954926043748856,
    0.038897138088941574,
    0.05718931928277016,
    -0.08187254518270493,
    -0.06931237876415253,
    0.05254744738340378,
    -0.01750035583972931,
    0.0007039305055513978,
    -0.04541075602173805,
    -0.0315902903676033,
    -0.013288010843098164,
    -0.019223352894186974,
    -0.003742155386134982,
    0.0032703825272619724,
    0.10511654615402222,
    -0.014054909348487854,
    -0.00315109733492136,
    0.019580278545618057,
    -0.011862783692777157,
    -0.0030237173195928335,
    -0.044097088277339935,
    -0.03993116691708565,
    0.0709647536277771,
    -0.04587588831782341,
    0.03496101126074791,
    0.07476720213890076,
    0.08296716213226318,
    0.09758639335632324,
    -0.047108449041843414,
    0.09116107225418091,
    0.01056652795523405,
    0.043806593865156174,
    0.10671276599168777,
    -0.07278341799974442,
    0.008571029640734196,
    0.040554229170084,
    -0.033134978264570236,
    0.016561558470129967,
    0.01725558191537857,
    -0.01756582036614418,
    -0.022801540791988373,
    0.08987528830766678,
    0.05408724397420883,
    0.0465933233499527,
    -0.0021186110097914934,
    0.06580605357885361,
    -0.010104050859808922,
    -0.07723075151443481,
    0.009552113711833954,
    -0.01665048860013485,
    -0.07391186058521271,
    0.03116178885102272,
    0.029596569016575813,
    -0.025308100506663322,
    -0.0006584703223779798,
    -0.004774554166942835,
    0.11921215057373047,
    -0.024837015196681023,
    0.030538208782672882,
    0.029786868020892143,
    0.09504131227731705,
    -0.006797305308282375,
    -0.026180855929851532,
    0.09631051123142242,
    -0.06288537383079529,
    -0.027062030509114265,
    0.07193951308727264,
    0.05695634335279465,
    -0.02887113206088543,
    -0.04911132901906967,
    0.014273311011493206,
    0.029414871707558632,
    0.04031021147966385,
    -0.038086265325546265,
    -0.004916222766041756,
    -0.02364230528473854,
    -0.004542163107544184,
    -0.03769269585609436,
    -0.026759589090943336,
    -3.465006901970765e-33,
    -0.05915399268269539,
    0.021401003003120422,
    -0.00566846551373601,
    0.04287371784448624,
    0.09589048475027084,
    -0.014046571217477322,
    0.031142769381403923,
    -0.034673258662223816,
    0.07097484916448593,
    -0.0397220142185688,
    -0.004002759698778391,
    -0.05063837766647339,
    0.019876686856150627,
    -0.032025668770074844,
    -0.04349398985505104,
    0.013234931975603104,
    0.019819311797618866,
    0.02595774084329605,
    0.016940828412771225,
    -0.07483843713998795,
    -0.06906870752573013,
    0.04705497622489929,
    -0.035787731409072876,
    0.08053939044475555,
    0.020840559154748917,
    0.03420153632760048,
    0.034097056835889816,
    -0.015119250863790512,
    -0.011191177181899548,
    0.02664612978696823,
    0.08950608223676682,
    -0.0825255736708641,
    0.021914437413215637,
    -0.00938622746616602,
    -0.09218736737966537,
    -0.055630702525377274,
    0.08047812432050705,
    -0.032266080379486084,
    -0.06696092337369919,
    0.010640575550496578,
    0.11168217658996582,
    -0.06521367281675339,
    0.02442840114235878,
    0.03466642647981644,
    0.016427362337708473,
    -0.010901723057031631,
    0.07153007388114929,
    -0.062013547867536545,
    0.03329230844974518,
    -0.003068000776693225,
    0.05324910953640938,
    -0.00719066197052598,
    -0.08804193884134293,
    0.055052999407052994,
    0.03091994673013687,
    -0.015769653022289276,
    0.04024593159556389,
    0.02830835059285164,
    0.08808869123458862,
    -0.07207754999399185,
    0.019122280180454254,
    0.003523503663018346,
    -0.03866482153534889,
    -0.03474113345146179,
    0.0016941295471042395,
    -0.05915682017803192,
    -0.0040159039199352264,
    -0.014998947270214558,
    0.011885521933436394,
    0.017733003944158554,
    -0.007901177741587162,
    0.08000531792640686,
    0.014869645237922668,
    -0.05967132747173309,
    -0.03692244365811348,
    0.03456244617700577,
    0.022748170420527458,
    -0.09303060173988342,
    0.029186546802520752,
    -0.012119241990149021,
    -0.026531904935836792,
    0.006912860553711653,
    -0.04443870484828949,
