{
  "id": 439,
  "vector": [
    -0.07744646817445755,
    0.024257678538560867,
    -0.013553555123507977,
    -0.037735674530267715,
    -0.06539332121610641,
    -0.018479712307453156,
    0.05803661793470383,
    0.06636278331279755,
    -0.0485822968184948,
    -0.08219820261001587,
    0.03515990078449249,
    -0.0155771030113101,
    -0.02677583508193493,
    0.033124931156635284,
    -0.031132014468312263,
    -0.03865635767579079,
    0.031756650656461716,
    0.07574548572301865,
    -0.12535202503204346,
    -0.027557948604226112,
    0.022842712700366974,
    -0.024421928450465202,
    0.024843590334057808,
    0.014121194370090961,
    0.04109129682183266,
    0.017651386559009552,
    -0.02561875618994236,
    0.025125356391072273,
    0.015457551926374435,
    -0.0557454377412796,
    -0.042144775390625,
    0.012085625901818275,
    -0.019727161154150963,
    0.009023516438901424,
    0.05110202729701996,
    -0.024445679038763046,
    -0.036896586418151855,
    -0.05248675495386124,
    0.1146046444773674,
    -0.015466894023120403,
    0.023923235014081,
    -0.013752998784184456,
    0.00026058009825646877,
    0.024205747991800308,
    0.01942068338394165,
    -0.008996766991913319,
    -0.08558986335992813,
    0.03210536390542984,
    0.062224943190813065,
    -0.0413716658949852,
    0.0375208742916584,
    -0.0027550028171390295,
    -0.03009919635951519,
    -0.09705004096031189,
    0.0848250687122345,
    -0.07853235304355621,
    -0.05841491371393204,
    0.005954544525593519,
    0.009378044866025448,
    0.03236953169107437,
    0.03777969628572464,
    -0.007258056662976742,
    -0.024670932441949844,
    0.01633964106440544,
    0.011741294525563717,
    -0.001124196802265942,
    -0.0810859277844429,
    0.03163725510239601,
    -0.10569576174020767,
    0.0381363220512867,
    -0.010095436125993729,
    0.012382815591990948,
    -0.060570571571588516,
    -0.03991192206740379,
    0.005901728756725788,
    -0.008649831637740135,
    0.07009303569793701,
    -0.12578505277633667,
    -0.05953260883688927,
    0.027813933789730072,
    -0.021688424050807953,
    0.0374194011092186,
    -0.06749847531318665,
    -0.010602227412164211,
    -0.003149071242660284,
    -0.02663297951221466,
    -0.008136055432260036,
    0.05512620508670807,
    -0.005901195574551821,
    -0.002018214901909232,
    -0.059315819293260574,
    -0.011681239120662212,
    0.05036468058824539,
    0.032571710646152496,
    -0.09067954123020172,
    0.008542721159756184,
    -0.021873675286769867,
    -0.04585149511694908,
    0.003941116854548454,
    0.020348545163869858,
    0.032314103096723557,
    0.015991879627108574,
    0.12058490514755249,
    -0.10008013993501663,
    -0.05171329900622368,
    -0.020676853135228157,
    -0.009107571095228195,
    0.0064396183006465435,
    0.016515642404556274,
    0.042012348771095276,
    -0.041272904723882675,
    0.017985038459300995,
    -0.03601786121726036,
    -0.031173350289463997,
    -0.02705533057451248,
    -0.05001119151711464,
    0.050443168729543686,
    -0.02972947061061859,
    0.028888845816254616,
    0.04014847055077553,
    0.029915913939476013,
    0.03213724121451378,
    0.02272096276283264,
    0.04350043088197708,
    -0.05829255282878876,
    0.056571684777736664,
    0.06463202089071274,
    5.170925813528332e-33,
    -0.02663026936352253,
    0.0030036589596420527,
    0.02667626552283764,
    0.009166046045720577,
    0.06361202895641327,
    -0.051007673144340515,
    0.04684465378522873,
    0.006842880044132471,
    0.0185792725533247,
    -0.02077358029782772,
    -0.06741254031658173,
    -0.031601447612047195,
    0.0026236730627715588,
    0.09662169963121414,
    -0.07531477510929108,
    -0.05334382504224777,
    0.009040781296789646,
    0.07192056626081467,
    -0.0034173675812780857,
    0.017486808821558952,
    -0.07319360971450806,
    0.021502317860722542,
    0.016719214618206024,
    0.01941438391804695,
    -0.07281796634197235,
    -0.01949598640203476,
    -0.06733451038599014,
    -0.0002599939180072397,
    -0.015102565288543701,
    0.02919623628258705,
    0.04910619184374809,
    -0.0033519442658871412,
    0.016332967206835747,
    0.04758049175143242,
    -0.06443629413843155,
    -0.004870047327131033,
    -0.00674073351547122,
    -0.05391402542591095,
    0.09348070621490479,
    -0.04524919018149376,
    0.02509387396275997,
    0.025443561375141144,
    -0.00013109446445014328,
    0.048234276473522186,
    -0.07007603347301483,
    0.007648558355867863,
    0.08362507075071335,
    0.09242155402898788,
    0.011490973643958569,
    0.010415309108793736,
    -0.026142632588744164,
    0.05438608303666115,
    0.006135227624326944,
    0.024744464084506035,
    0.028912058100104332,
    0.006859995424747467,
    0.03902954235672951,
    -0.007833567447960377,
    0.1033502146601677,
    0.06944163143634796,
    -0.052226874977350235,
    0.13443481922149658,
    -0.014342306181788445,
    0.03812775760889053,
    0.04117729514837265,
    0.04532825946807861,
    -0.09432589262723923,
    -0.0014707334339618683,
    0.0015791201731190085,
    0.030626708641648293,
    0.058386072516441345,
    -0.04283050820231438,
    0.01296467985957861,
    -0.00018422005814500153,
    0.050155941396951675,
    -0.024259939789772034,
    0.02225889079272747,
    0.060191307216882706,
    -0.041601959615945816,
    0.07090162485837936,
    -0.07368610799312592,
    0.02777072787284851,
    0.004872755613178015,
    -0.12632951140403748,
    -0.05374780669808388,
    0.03826826438307762,
    -0.009746288880705833,
    0.02313554845750332,
    0.051421910524368286,
    0.0514647513628006,
    0.0315011627972126,
    -0.03366078436374664,
    0.004515273496508598,
    -0.1110684797167778,
    -0.006504081655293703,
    -5.2139309070111805e-33,
    0.07224613428115845,
    0.05766203999519348,
    0.009623902849853039,
    0.03992265835404396,
    0.046097297221422195,
    -0.0813724473118782,
    -0.0340820848941803,
    0.030096426606178284,
    0.03189222514629364,
    -0.00872761756181717,
    0.0020571458153426647,
    -0.05153251811861992,
    0.057667121291160583,
    -0.07466211915016174,
    -0.08219166845083237,
    0.08161242306232452,
    0.006425590720027685,
    0.09575103968381882,
    -0.013940185308456421,
    -0.09802191704511642,
    -0.05773211270570755,
    -0.010374723933637142,
    -0.010450087487697601,
    0.11517307907342911,
    -0.005856588948518038,
    -0.012033113278448582,
    -0.016199281439185143,
    -0.06102573499083519,
    -0.01083618775010109,
    0.04632588103413582,
    -0.005085344426333904,
    -0.13008557260036469,
    0.007056730799376965,
    0.0408945269882679,
    0.009208261966705322,
    -0.02222338505089283,
    0.051541998982429504,
    0.09047774225473404,
    0.021351542323827744,
    -0.010448798537254333,
    -0.011343784630298615,
    0.02136230655014515,
    -0.01085494551807642,
    0.10003767907619476,
    -0.03468022495508194,
    -0.04824225232005119,
    0.03766855597496033,
    -0.07856185734272003,
    0.045216575264930725,
    0.026783369481563568,
    0.019680676981806755,
    0.02360285446047783,
    -0.024449311196804047,
    -0.0253711249679327,
    0.013540233485400677,
    0.0986359566450119,
    0.07236149907112122,
    -0.0003369429032318294,
    0.017271339893341064,
    -0.06145213171839714,
    0.013819181360304356,
    -0.08545751124620438,
    -0.05282401293516159,
    -0.015375200659036636,
    0.06741894781589508,
    -0.06099644675850868,
    -0.014132862910628319,
    -0.05629498139023781,
    -0.032778289169073105,
    -0.008122657425701618,
    -0.0137886768206954,
    0.014863010495901108,
    0.1239013597369194,
    -0.03691994771361351,
    -0.10004111379384995,
    -0.00220194342546165,
    0.03354041278362274,
    0.044995032250881195,
    0.076567143201828,
    -0.024403300136327744,
    -0.07587842643260956,
    -0.047021470963954926,
    -0.026552049443125725,
