{
  "id": 449,
  "vector": [
    0.026970934122800827,
    0.04704669117927551,
    -0.0036078691482543945,
    -0.015429397113621235,
    -0.09619035571813583,
    0.08205100148916245,
    0.07355969399213791,
    -0.03804708644747734,
    -0.021837983280420303,
    -0.016309041529893875,
    -0.012552001513540745,
    -0.07696660608053207,
    0.08110199868679047,
    -0.025463804602622986,
    -0.07059633731842041,
    -0.03321037441492081,
    -0.025519317016005516,
    0.06324136257171631,
    -0.08702421933412552,
    -0.021174238994717598,
    -0.013760867528617382,
    -0.0797022208571434,
    0.013644695281982422,
    0.04919004440307617,
    0.0330294668674469,
    0.023410674184560776,
    -0.04760018736124039,
    -0.0536097027361393,
    -0.009366028942167759,
    -0.04825121536850929,
    -0.050729453563690186,
    0.059310294687747955,
    0.0014796017203480005,
    0.07088916003704071,
    0.037681080400943756,
    -0.04664364084601402,
    -0.07117331773042679,
    0.07341767102479935,
    0.03398991376161575,
    0.026075592264533043,
    0.040143273770809174,
    -0.03693968802690506,
    -0.06944674253463745,
    0.0423634797334671,
    0.0063686552457511425,
    0.015122093260288239,
    -0.08495137840509415,
    -0.026097210124135017,
    0.0211922749876976,
    -0.0014271880500018597,
    0.0022922016214579344,
    0.008115661330521107,
    -0.06261184811592102,
    0.08518245816230774,
    0.0858994722366333,
    -0.09445228427648544,
    -0.10234903544187546,
    0.02603965811431408,
    0.007572490721940994,
    0.046509288251399994,
    -0.004659012425690889,
    -0.05213489010930061,
    -0.00136852846480906,
    0.03281376510858536,
    -0.004929026588797569,
    -0.004986837040632963,
    -0.07473494857549667,
    0.026390939950942993,
    -0.055645957589149475,
    0.03940736502408981,
    -0.036606594920158386,
    0.0972762256860733,
    0.08696939796209335,
    -0.016373051330447197,
    0.04096255451440811,
    0.0011819327482953668,
    0.03765661269426346,
    -0.07344555109739304,
    -0.048337724059820175,
    0.040348026901483536,
    -0.06412280350923538,
    0.03768418729305267,
    -0.02554829604923725,
    -0.018051080405712128,
    -0.06184982508420944,
    -0.04621021822094917,
    0.002483427757397294,
    -0.043615154922008514,
    -0.008495835587382317,
    -0.06895427405834198,
    -0.005556231364607811,
    0.014644515700638294,
    0.08243498206138611,
    -0.035528514534235,
    -0.029326725751161575,
    -0.030246473848819733,
    0.008217892609536648,
    -0.0334993340075016,
    0.03877278044819832,
    0.05441541224718094,
    0.01873888447880745,
    0.023342592641711235,
    0.10044661909341812,
    -0.0803152546286583,
    0.00010199174721492454,
    -0.07459454238414764,
    -0.03344079479575157,
    -0.03782287985086441,
    -0.017754225060343742,
    0.04203464835882187,
    0.001717776176519692,
    -0.058349981904029846,
    -0.05222533270716667,
    0.01907471939921379,
    0.06510108709335327,
    -0.024803245440125465,
    0.04672180861234665,
    0.04129461571574211,
    0.04037611186504364,
    -0.005988133139908314,
    0.041714344173669815,
    -0.009278180077672005,
    0.00449785590171814,
    0.05855188146233559,
    -0.09167607128620148,
    0.01148747093975544,
    0.05786726251244545,
    4.004964721891213e-33,
    -0.04861919954419136,
    0.0060875192284584045,
    0.05399386212229729,
    0.07946303486824036,
    0.11118794232606888,
    -0.1280054897069931,
    0.03303762152791023,
    0.0007357317372225225,
    0.04185499623417854,
    0.007109326310455799,
    0.000014885834389133379,
    0.05972609668970108,
    0.0022112075239419937,
    0.10043098777532578,
    0.03454846143722534,
    -0.027032414451241493,
    -0.07731010764837265,
    -0.014598851092159748,
    0.04026827588677406,
    -0.04600653424859047,
    -0.025419343262910843,
    -0.00071023526834324,
    0.028652355074882507,
    0.029862258583307266,
    -0.150757297873497,
    -0.014951984398066998,
    -0.024745088070631027,
    -0.0072205448523163795,
    -0.03897663205862045,
    0.021033039316534996,
    0.0696616843342781,
    0.028010515496134758,
    0.07055061310529709,
    -0.005702399183064699,
    -0.08822784572839737,
    0.011236846446990967,
    0.0452272891998291,
    0.02598700486123562,
    0.08295230567455292,
    -0.07420550286769867,
    0.014621681533753872,
    -0.011112319305539131,
    0.0611453615128994,
    0.022995440289378166,
    -0.017768919467926025,
    0.013169852085411549,
    0.0628529042005539,
    0.012166393920779228,
    0.05496635660529137,
    0.054729197174310684,
    0.008669812232255936,
    -0.05498126894235611,
    0.001330663333646953,
    -0.02318883128464222,
    0.07126634567975998,
    0.03923993185162544,
    0.02020328864455223,
    0.014187273569405079,
    0.012008031830191612,
    0.14960506558418274,
    0.007635718211531639,
    0.03225186839699745,
    0.0350310355424881,
    0.014363090507686138,
    -0.01653190515935421,
    -0.012677224352955818,
    0.007297227159142494,
    -0.00434774998575449,
    0.026588471606373787,
    -0.01063088234513998,
    -0.051968540996313095,
    0.061478085815906525,
    -0.0015628508990630507,
    -0.037006981670856476,
    0.01598230004310608,
    -0.057546671479940414,
    0.07445453852415085,
    -0.000441971787950024,
    -0.09230823814868927,
    0.07353712618350983,
    0.004022989422082901,
    -0.03200054168701172,
    -0.042012907564640045,
    -0.02635338343679905,
    -0.05108514055609703,
    0.004181772004812956,
    -0.018648851662874222,
    -0.01516671571880579,
    -0.0014840244548395276,
    0.019795548170804977,
    -0.05759228393435478,
    0.009893674403429031,
    0.031543128192424774,
    -0.039396099746227264,
    -0.03195399418473244,
    -5.6375794383895175e-33,
    0.08121483027935028,
    0.02202254720032215,
    0.03742045536637306,
    0.07662686705589294,
    0.08340543508529663,
    0.023069001734256744,
    0.05193039029836655,
    0.03330786153674126,
    0.06353002786636353,
    0.0414230078458786,
    -0.10009126365184784,
    0.03226336091756821,
    0.0713922455906868,
    0.018638186156749725,
    -0.06623633950948715,
    0.053373854607343674,
    0.04177038371562958,
    0.05350349843502045,
    0.01399315521121025,
    -0.014829781837761402,
    -0.11916432529687881,
    0.005686116870492697,
    -0.045165419578552246,
    0.08843948692083359,
    0.007338906172662973,
    0.030120166018605232,
    0.07439851015806198,
    0.0240031648427248,
    0.003185720881447196,
    0.036268338561058044,
    0.0885804146528244,
    -0.175829216837883,
    -0.053228940814733505,
    -0.010780450887978077,
    -0.03485891595482826,
    -0.052503589540719986,
    -0.013994048349559307,
    0.015256565995514393,
    -0.01012252178043127,
    -0.02538130432367325,
    0.03787073865532875,
    -0.08710332214832306,
    -0.024808185175061226,
    -0.0010642805136740208,
    -0.04002342373132706,
    -0.06809656322002411,
    0.08421812206506729,
    0.0258999764919281,
    0.012110620737075806,
    -0.022096967324614525,
    0.026000140234827995,
    0.011841509491205215,
    -0.11549747735261917,
    0.026878833770751953,
    -0.03425179794430733,
    0.05967250093817711,
    -0.026350457221269608,
    0.008201421238481998,
    0.013055641204118729,
    -0.025140374898910522,
    -0.04210133105516434,
    -0.009231282398104668,
    -0.03439439460635185,
    -0.024535255506634712,
    -0.036612771451473236,
    -0.02924337238073349,
    0.040430352091789246,
    -0.0407893992960453,
    -0.11044225096702576,
    0.01004775334149599,
    0.008375664241611958,
    0.04092704504728317,
    -0.021271253004670143,
    -0.10827190428972244,
    -0.1098390594124794,
    -0.02478821948170662,
    -0.04066263884305954,
    0.05751553177833557,
    0.0015307370340451598,
    0.0173285361379385,
    -0.05994917452335358,
    -0.03916940093040466,
    -0.02807173877954483,
