{
  "id": 1055,
  "vector": [
    0.04673396423459053,
    0.015059896744787693,
    -0.056674592196941376,
    0.041291698813438416,
    0.006681296043097973,
    -0.004068345762789249,
    0.05198494717478752,
    0.16153158247470856,
    -0.02339819259941578,
    -0.021596884354948997,
    0.04705805331468582,
    -0.07337681204080582,
    -0.002609131159260869,
    -0.02824566699564457,
    -0.020664861425757408,
    -0.06148359552025795,
    -0.03455112874507904,
    0.039834585040807724,
    -0.06002048775553703,
    -0.028355233371257782,
    -0.0008750493871048093,
    -0.06592689454555511,
    -0.022474657744169235,
    0.045776382088661194,
    -0.019338246434926987,
    0.039440274238586426,
    -0.047236789017915726,
    -0.06180265173316002,
    -0.030159123241901398,
    -0.04551305994391441,
    -0.06420634686946869,
    0.04399757459759712,
    0.13892647624015808,
    0.012178467586636543,
    0.015311949886381626,
    -0.033327728509902954,
    0.0013455351581797004,
    -0.022000160068273544,
    0.05331442505121231,
    -0.06354925036430359,
    0.04512028023600578,
    0.007063279859721661,
    0.0071092043071985245,
    0.08742615580558777,
    0.02710134908556938,
    -0.030983909964561462,
    -0.06712491065263748,
    0.06169845163822174,
    -0.00421913294121623,
    0.08184836059808731,
    0.013505454175174236,
    0.015739288181066513,
    -0.10816701501607895,
    0.006992971990257502,
    0.011022636666893959,
    -0.08439505100250244,
    0.0010767667554318905,
    -0.00572011386975646,
    0.06786489486694336,
    0.026650048792362213,
    -0.009569653309881687,
    -0.035295818001031876,
    -0.005056965164840221,
    0.02112445794045925,
    -0.017900517210364342,
    0.04956653341650963,
    0.026928409934043884,
    -0.041729558259248734,
    -0.014482872560620308,
    -0.053664881736040115,
    -0.015515759587287903,
    0.0711941197514534,
    0.020565316081047058,
    -0.011821537278592587,
    0.03150012344121933,
    0.039079196751117706,
    0.004303726367652416,
    -0.004969250876456499,
    -0.017100641503930092,
    -0.001966402865946293,
    -0.0029620027635246515,
    -0.011887537315487862,
    -0.05919184163212776,
    0.005020678974688053,
    0.02627318724989891,
    -0.022273298352956772,
    0.039472661912441254,
    -0.015003973618149757,
    0.01837928406894207,
    -0.042380742728710175,
    -0.07813885807991028,
    -0.00684974854812026,
    0.02056977152824402,
    0.06999628245830536,
    -0.04027414321899414,
    0.004311851691454649,
    -0.06366237998008728,
    -0.06905637681484222,
    0.019236044958233833,
    -0.013673736713826656,
    0.021834613755345345,
    -0.021836593747138977,
    0.125981405377388,
    -0.03116501308977604,
    0.002361224964261055,
    -0.02111627906560898,
    -0.051952652633190155,
    0.02554648369550705,
    -0.020282544195652008,
    0.08228082954883575,
    -0.11145003139972687,
    -0.023335043340921402,
    -0.011186433024704456,
    0.003622473683208227,
    0.005051147658377886,
    0.03642034903168678,
    0.036246608942747116,
    0.043193258345127106,
    0.010673792101442814,
    0.05519437789916992,
    0.091006338596344,
    0.029536372050642967,
    0.10713526606559753,
    -0.057070448994636536,
    -0.07293354719877243,
    -0.03303177282214165,
    0.06281839311122894,
    4.817765066213084e-33,
    -0.13389824330806732,
    0.025184132158756256,
    0.06062578037381172,
    0.049996841698884964,
    0.03718816488981247,
    -0.005270267836749554,
    0.03118623048067093,
    0.012382294051349163,
    0.051418203860521317,
    0.037199463695287704,
    -0.053496103733778,
    0.012785954400897026,
    0.04016862437129021,
    0.13730822503566742,
    -0.058005932718515396,
    -0.019237060099840164,
    -0.0033168992958962917,
    0.023954564705491066,
    0.010539158247411251,
    -0.03917308524250984,
    -0.07146338373422623,
    0.07495895773172379,
    0.0542825385928154,
    0.033610932528972626,
    0.019210143014788628,
    0.010611035861074924,
    -0.01287011243402958,
    0.027835680171847343,
    -0.04661116003990173,
    0.029145024716854095,
    0.043806031346321106,
    -0.08089160919189453,
    0.07582845538854599,
    -0.08385620266199112,
    0.058316420763731,
    0.04361388459801674,
    -0.009492360055446625,
    -0.0753854289650917,
    -0.005025467369705439,
    0.0421004518866539,
    -0.05119159445166588,
    -0.024557258933782578,
    0.03631327673792839,
    0.025642262771725655,
    -0.07934369146823883,
    0.04776083305478096,
    0.05621195212006569,
    -0.04642888531088829,
    -0.0013312787050381303,
    -0.01067324448376894,
    -0.06362242996692657,
    -0.01699916459619999,
    -0.05839332565665245,
    -0.009511075913906097,
    0.06158486008644104,
    -0.05635286122560501,
    -0.05040019005537033,
    0.0608508363366127,
    0.009426271542906761,
    0.03928002715110779,
    0.022590871900320053,
    0.01150746550410986,
    -0.04839953035116196,
    0.022819340229034424,
    -0.03357794135808945,
    -0.019959835335612297,
    -0.15211443603038788,
    -0.05810687318444252,
    -0.04854237660765648,
    0.04936954379081726,
    0.06301797926425934,
    -0.045745719224214554,
    0.036779239773750305,
    -0.055595483630895615,
    0.0360705591738224,
    -0.013203263282775879,
    0.03131348267197609,
    0.07240385562181473,
    -0.06596025824546814,
    -0.0057183001190423965,
    -0.09574642777442932,
    -0.01950007863342762,
    -0.043509408831596375,
    -0.01650334522128105,
    -0.09164305776357651,
    0.04261060059070587,
    -0.05023304000496864,
    0.025700487196445465,
    0.025484776124358177,
    0.005252818576991558,
    -0.031827252358198166,
    0.013111277483403683,
    0.009578981436789036,
    -0.03345447778701782,
    0.0192179623991251,
    -5.259090093891911e-33,
    0.025687571614980698,
    0.08914073556661606,
    -0.0017129670595750213,
    0.04627198725938797,
    0.041776493191719055,
    -0.0339498333632946,
    0.0349113829433918,
    0.06005590781569481,
    0.029974928125739098,
    -0.07419755309820175,
    -0.07641737163066864,
    -0.01644032448530197,
    -0.02011466957628727,
    0.009283979423344135,
    -0.06065741553902626,
    0.12315718084573746,
    0.04347966983914375,
    -0.03850938752293587,
    -0.02248740941286087,
    -0.040234941989183426,
    -0.11012556403875351,
    0.005363359581679106,
    0.08149436861276627,
    0.1115206852555275,
    0.034958191215991974,
    0.04291573911905289,
    0.00031575505272485316,
    -0.025236191228032112,
    0.02647128328680992,
    0.02340136282145977,
    0.021453596651554108,
    -0.14026466012001038,
    0.0023248018696904182,
    -0.0006965147913433611,
    -0.10979533940553665,
    -0.019555995240807533,
    0.07263367623090744,
    0.031438522040843964,
    0.029400881379842758,
    0.044834788888692856,
    -0.03945392370223999,
    -0.06008986383676529,
    -0.0017490331083536148,
    -0.07359078526496887,
    0.011824186891317368,
    0.020254923030734062,
    0.12112098932266235,
    -0.05284988507628441,
    0.05615188181400299,
    -0.035970207303762436,
    0.03604341298341751,
    0.043806422501802444,
    -0.10058724880218506,
    -0.0036023231223225594,
    -0.00015007908223196864,
    0.061554644256830215,
    -0.039362769573926926,
    0.04396292567253113,
    0.03238178417086601,
    -0.11597522348165512,
    0.014536331407725811,
    -0.055723123252391815,
    -0.013458184897899628,
    -0.03656154125928879,
    0.02834802120923996,
    -0.045073360204696655,
    0.005949312821030617,
    -0.04236119985580444,
    -0.020553942769765854,
    -0.019901707768440247,
    0.026520488783717155,
    0.01922726072371006,
    -0.013721135444939137,
    -0.023744473233819008,
    -0.08084949851036072,
    0.01175785157829523,
    0.0005586873739957809,
    -0.023569487035274506,
    0.09777452051639557,
    -0.02801048941910267,
    -0.07989080250263214,
    -0.0312739759683609,
