{
  "id": 676,
  "vector": [
    0.043514832854270935,
    0.048125240951776505,
    -0.013227473944425583,
    0.10692983120679855,
    -0.04589979723095894,
    -0.014547918923199177,
    0.04558781906962395,
    0.05947556719183922,
    -0.04185472056269646,
    0.016886942088603973,
    0.04247821494936943,
    -0.11803393810987473,
    -0.004002202767878771,
    0.00864292774349451,
    0.006032862234860659,
    -0.06418269127607346,
    -0.011844602413475513,
    -0.006760902237147093,
    -0.0780801773071289,
    -0.030122896656394005,
    0.06554698199033737,
    -0.08407183736562729,
    -0.05182470381259918,
    0.021214278414845467,
    0.013235308229923248,
    0.059105273336172104,
    0.049847401678562164,
    -0.06288760900497437,
    0.028117138892412186,
    -0.012934907339513302,
    0.015508154407143593,
    0.02331259660422802,
    0.07435912638902664,
    -0.0198274627327919,
    -0.034817904233932495,
    -0.010972194373607635,
    -0.07435600459575653,
    -0.032267991453409195,
    0.019877199083566666,
    -0.015049147419631481,
    0.016099555417895317,
    -0.01522302906960249,
    0.020970981568098068,
    -0.012300602160394192,
    0.0022012866102159023,
    -0.042544957250356674,
    -0.061268001794815063,
    0.06919188797473907,
    -0.007996584288775921,
    0.005627023987472057,
    -0.02892420068383217,
    0.026803920045495033,
    -0.12083027511835098,
    0.025439588353037834,
    0.044866178184747696,
    -0.13151375949382782,
    -0.05713525041937828,
    -0.05193515494465828,
    0.019499775022268295,
    0.0439966544508934,
    -0.03566015511751175,
    0.0006908036302775145,
    -0.08797355741262436,
    -0.013973917812108994,
    -0.016283884644508362,
    -0.003902565920725465,
    -0.04081273451447487,
    0.011120795272290707,
    -0.046721216291189194,
    0.0817369818687439,
    -0.0041146911680698395,
    0.08486533910036087,
    0.12827694416046143,
    -0.02057163417339325,
    0.037766147404909134,
    -0.08560536056756973,
    0.06179742515087128,
    -0.03293845057487488,
    -0.04205988720059395,
    0.0038884857203811407,
    -0.01866842806339264,
    -0.004525723867118359,
    0.06084762141108513,
    0.048008572310209274,
    -0.006139568984508514,
    0.027423180639743805,
    -0.00439851637929678,
    0.002251261845231056,
    -0.008963902480900288,
    -0.13723506033420563,
    -0.01065447274595499,
    0.04036809504032135,
    -0.034360021352767944,
    0.06717929989099503,
    -0.007231167517602444,
    0.037726931273937225,
    -0.01555230189114809,
    -0.09591257572174072,
    0.0060850149020552635,
    0.024246344342827797,
    0.047918397933244705,
    0.03299711272120476,
    0.13284680247306824,
    -0.04481007158756256,
    -0.019728371873497963,
    0.002607881324365735,
    -0.004919485654681921,
    0.031892742961645126,
    0.040072932839393616,
    0.04464171454310417,
    -0.025294087827205658,
    0.036973174661397934,
    0.0070680794306099415,
    0.017860732972621918,
    -0.026938574388623238,
    0.04240228235721588,
    0.003656555199995637,
    0.013999411836266518,
    0.07583991438150406,
    0.01043637003749609,
    -0.004858696833252907,
    0.03160836175084114,
    0.08606141805648804,
    -0.0322955884039402,
    -0.000594239856582135,
    -0.019020356237888336,
    0.03159426152706146,
    5.33788752098936e-33,
    -0.07816821336746216,
    -0.04724717512726784,
    -0.013525390066206455,
    0.07229413092136383,
    0.05200067535042763,
    -0.030964288860559464,
    0.02397175319492817,
    -0.013547222130000591,
    0.05579615756869316,
    0.027752585709095,
    0.015782766044139862,
    0.016786498948931694,
    -0.04334336146712303,
    0.06594201177358627,
    0.012339204549789429,
    -0.030236802995204926,
    0.019232435151934624,
    0.01385694183409214,
    0.030691636726260185,
    -0.05819150432944298,
    -0.08422205597162247,
    -0.02604689449071884,
    0.05031260848045349,
    -0.0024136085994541645,
    -0.040466103702783585,
    0.028093351051211357,
    0.0544876866042614,
    -0.009009592235088348,
    -0.0310566034168005,
    0.029709046706557274,
    0.09392224252223969,
    0.03099769912660122,
    0.02456405758857727,
    -0.03960556164383888,
    -0.053665608167648315,
    0.061717160046100616,
    0.007234371267259121,
    0.029846131801605225,
    -0.07727716118097305,
    -0.02291986346244812,
    0.042325761169195175,
    0.07843083888292313,
    0.0917089581489563,
    -0.00570176774635911,
    -0.027971981093287468,
    0.05527016520500183,
    0.08825057744979858,
    -0.008571462705731392,
    0.041685838252305984,
    0.05825865641236305,
    -0.05845988169312477,
    0.0297944825142622,
    -0.05134234204888344,
    -0.01358957402408123,
    -0.0017684977501630783,
    -0.09169402718544006,
    0.003968719858676195,
    0.04970245063304901,
    0.05969478189945221,
    0.031504519283771515,
    0.010277885012328625,
    -0.062036849558353424,
    -0.08316755294799805,
    0.03361595422029495,
    -0.03445560857653618,
    -0.0038128974847495556,
    -0.11298923194408417,
    -0.08308301120996475,
    -0.0021223644725978374,
    -0.011132944375276566,
    -0.021500825881958008,
    0.047396961599588394,
    0.07232295721769333,
    -0.031214289367198944,
    -0.017946472391486168,
    -0.04485638439655304,
    0.07022909820079803,
    0.10063856095075607,
    -0.06059270724654198,
    0.018373891711235046,
    -0.01961728371679783,
    -0.013966014608740807,
    0.010184879414737225,
    -0.019343459978699684,
    -0.016489500179886818,
    0.06540137529373169,
    -0.04150092601776123,
    -0.09255919605493546,
    -0.003092987695708871,
    -0.04139980673789978,
    -0.08553221821784973,
    0.011437180452048779,
    0.04835231602191925,
    -0.0732397735118866,
    -0.048783205449581146,
    -5.013792340866132e-33,
    -0.0017106402665376663,
    0.046779293566942215,
    -0.038427773863077164,
    0.10107535123825073,
    0.06387196481227875,
    0.002726437523961067,
    0.06447842717170715,
    0.06922665983438492,
    0.0639190673828125,
    -0.04276049882173538,
    -0.004030069336295128,
    0.045349329710006714,
    0.02367248199880123,
    -0.026299070566892624,
    0.026479007676243782,
    0.10848969221115112,
    0.09036888927221298,
    0.024513913318514824,
    -0.02944045513868332,
    -0.04487401619553566,
    -0.05458753556013107,
    0.13107068836688995,
    0.01148297730833292,
    0.04570140689611435,
    0.02536693960428238,
    0.05660261958837509,
    0.04848574846982956,
    -0.033017657697200775,
    0.007603123318403959,
    0.004783897195011377,
    0.04154406487941742,
    -0.10464660823345184,
    -0.011184311471879482,
    -0.008121361956000328,
    -0.09998069703578949,
    -0.07702629268169403,
    0.06926950067281723,
    0.05020664632320404,
    -0.044253621250391006,
    0.10770421475172043,
    -0.014829925261437893,
    -0.01411498337984085,
    -0.012003968469798565,
    0.012994326651096344,
    0.01609673537313938,
    -0.04322270676493645,
    0.05274977907538414,
    -0.06744930148124695,
    -0.01740311272442341,
    -0.03901034966111183,
    0.026115067303180695,
    -0.07533673942089081,
    -0.1106109619140625,
    -0.08066119253635406,
    0.03417301923036575,
    0.044703830033540726,
    -0.018459130078554153,
    0.014542565681040287,
    0.02907647378742695,
    -0.15420465171337128,
    -0.061905644834041595,
    0.05171988159418106,
    0.02018199861049652,
    -0.022367354482412338,
    -0.006444389466196299,
    0.049497541040182114,
    -0.03338699787855148,
    -0.08896612375974655,
    0.016875075176358223,
    0.04374829679727554,
    -0.027917400002479553,
    -0.002273402875289321,
    -0.08847394585609436,
    -0.08099541068077087,
    -0.0854780524969101,
    -0.02957763522863388,
    0.021596452221274376,
    0.04721354693174362,
    0.028535054996609688,
    0.006773801986128092,
    -0.05664258077740669,
    -0.014203270897269249,
