{
  "id": 610,
  "vector": [
    0.00365548487752676,
    -0.03549356758594513,
    -0.023422108963131905,
    0.01927267387509346,
    -0.05843432620167732,
    -0.01845405250787735,
    0.08410180360078812,
    0.06749962270259857,
    -0.01649637520313263,
    -0.08645711839199066,
    0.0815039724111557,
    -0.039015285670757294,
    -0.06583338230848312,
    0.020854050293564796,
    -0.0006584137445315719,
    -0.01719258911907673,
    -0.022267255932092667,
    0.015056842938065529,
    -0.08949422836303711,
    -0.04107147827744484,
    0.04938174784183502,
    -0.09376993030309677,
    0.006976189091801643,
    0.01970830000936985,
    0.004499929491430521,
    0.030582105740904808,
    0.03577262535691261,
    -0.00021889452182222158,
    -0.012261440046131611,
    -0.06556399911642075,
    0.038914501667022705,
    0.023799443617463112,
    0.012995412573218346,
    -0.06186322495341301,
    0.05504897981882095,
    -0.08120429515838623,
    0.02829555608332157,
    0.0018402277491986752,
    0.03941211476922035,
    -0.01356677245348692,
    0.06457287073135376,
    0.036420200020074844,
    -0.0008625311311334372,
    0.07692766189575195,
    -0.043004728853702545,
    -0.027822157368063927,
    -0.03328760340809822,
    0.09432341158390045,
    0.08781978487968445,
    0.08162656426429749,
    0.03128033131361008,
    0.004340668674558401,
    -0.08623726665973663,
    -0.04167485982179642,
    0.0475701242685318,
    -0.04223555698990822,
    -0.007187671959400177,
    0.01475168764591217,
    0.06231182441115379,
    0.07973762601613998,
    0.026388172060251236,
    -0.0499003604054451,
    0.0053525338880717754,
    0.030698444694280624,
    0.003837892785668373,
    -0.04595814272761345,
    -0.03911527246236801,
    0.003428694326430559,
    -0.07500509172677994,
    0.0024811483453959227,
    0.0053111836314201355,
    0.019927984103560448,
    0.01887647435069084,
    -0.04395120590925217,
    -0.03371619060635567,
    -0.017666807398200035,
    0.05686148256063461,
    -0.08797840029001236,
    -0.05986224114894867,
    0.16371828317642212,
    -0.11738079786300659,
    0.014543195255100727,
    -0.07310811430215836,
    0.036691389977931976,
    -0.006737760733813047,
    -0.0281535517424345,
    -0.006230570841580629,
    -0.03776495158672333,
    -0.013027673587203026,
    0.03465788811445236,
    -0.03338814526796341,
    0.06328605860471725,
    0.032123737037181854,
    -0.04200370982289314,
    -0.0386132150888443,
    0.028429068624973297,
    -0.007516590878367424,
    -0.06591884791851044,
    0.009095286019146442,
    0.03188971430063248,
    0.00931194331496954,
    -0.018644683063030243,
    0.0391794852912426,
    -0.05157192796468735,
    -0.03587917238473892,
    -0.07035713642835617,
    -0.07357436418533325,
    -0.013288848102092743,
    0.017609361559152603,
    0.07214982807636261,
    0.000464324199128896,
    -0.024383774027228355,
    -0.0012907948112115264,
    0.05511961504817009,
    0.01617126353085041,
    -0.01679893396794796,
    0.04387897253036499,
    0.013000333681702614,
    0.029307415708899498,
    0.02697012759745121,
    0.010130813345313072,
    0.021469295024871826,
    -0.017503710463643074,
    0.003834444796666503,
    -0.0641760528087616,
    -0.00926713366061449,
    0.09852976351976395,
    4.0177529984022056e-33,
    -0.11694582551717758,
    -0.05914551764726639,
    0.010942673310637474,
    0.05377776548266411,
    0.020464692264795303,
    -0.008548636920750141,
    0.03309648856520653,
    0.013196348212659359,
    0.0249895378947258,
    0.004649948328733444,
    0.0012036507250741124,
    -0.040302153676748276,
    -0.0029245889745652676,
    0.0337638184428215,
    -0.09257666766643524,
    -0.08434147387742996,
    0.08740798383951187,
    -0.03285950422286987,
    0.04714713618159294,
    -0.09092766791582108,
    -0.03679894283413887,
    -0.0030821163672953844,
    -0.04323786124587059,
    -0.0027364110574126244,
    -0.10760998725891113,
    0.012474985793232918,
    -0.050015997141599655,
    0.007079703267663717,
    0.11377360671758652,
    0.021468734368681908,
    0.03152842074632645,
    0.020803675055503845,
    -0.009128542616963387,
    -0.005276142619550228,
    -0.040601424872875214,
    0.022311825305223465,
    0.012686414644122124,
    -0.005444435868412256,
    0.14392144978046417,
    -0.0644947737455368,
    -0.025156378746032715,
    0.07933539897203445,
    0.07606654614210129,
    0.014294680207967758,
    0.012507658451795578,
    0.05088420212268829,
    0.020359039306640625,
    -0.039881158620119095,
    0.0035853502340614796,
    -0.013122599571943283,
    -0.08508490025997162,
    0.012237067334353924,
    0.04478171467781067,
    0.0019389510853216052,
    0.0793236717581749,
    -0.02227340079843998,
    -0.024668604135513306,
    0.061235230416059494,
    0.0063851443119347095,
    0.08782637864351273,
    -0.014762027189135551,
    0.09271425753831863,
    -0.01700240559875965,
    0.048676177859306335,
    -0.028594907373189926,
    0.03426434099674225,
    -0.0724300667643547,
    -0.01723695918917656,
    -0.0432952344417572,
    0.009287127293646336,
    -0.037455081939697266,
    0.12917932868003845,
    0.023186471313238144,
    -0.012147673405706882,
    -0.012190412729978561,
    0.010288904421031475,
    0.09556491672992706,
    0.03541793301701546,
    -0.02557055465877056,
    -0.010475531220436096,
    -0.0759245827794075,
    0.019610736519098282,
    -0.005593392066657543,
    0.019625741988420486,
    0.021617570891976357,
    0.019343746826052666,
    -0.0751040056347847,
    0.06992538273334503,
    0.0716908797621727,
    -0.046247899532318115,
    -0.008336962200701237,
    0.003252169117331505,
    -0.035133782774209976,
    -0.0857403576374054,
    -0.022257639095187187,
    -4.488298978932552e-33,
    0.042377691715955734,
    0.007522474974393845,
    0.05006301403045654,
    0.007284900639206171,
    0.0446685254573822,
    0.022956235334277153,
    0.04141226410865784,
    0.016382522881031036,
    0.008717653341591358,
    -0.06905046850442886,
    -0.12768132984638214,
    0.04296960309147835,
    -0.010020285844802856,
    -0.0025395911652594805,
    -0.05343582481145859,
    0.09575071185827255,
    0.048395898193120956,
    0.03607114404439926,
    -0.002594725228846073,
    -0.00657338323071599,
    -0.08108395338058472,
    0.07992087304592133,
    0.013590374030172825,
    0.08577939122915268,
    0.011517970822751522,
    -0.06688544899225235,
    0.04998388886451721,
    -0.025692272931337357,
    0.05771370604634285,
    0.10199844092130661,
    0.035558946430683136,
    -0.14987118542194366,
    0.008480384945869446,
    -0.01518938783556223,
    -0.0471084900200367,
    -0.0151576679199934,
    0.018583234399557114,
    -0.0030522095039486885,
    0.01754137873649597,
    0.063272625207901,
    0.0007039496558718383,
    -0.06743843108415604,
    -0.051585614681243896,
    -0.04687437042593956,
    -0.012076090089976788,
    0.030644530430436134,
    0.006810116581618786,
    -0.016453472897410393,
    0.0018619319889694452,
    0.006570217199623585,
    -0.014163045212626457,
    0.055414389818906784,
    -0.1175437867641449,
    0.0588262565433979,
    0.021344097331166267,
    -0.012218106538057327,
    0.11570686101913452,
    0.002246149582788348,
    0.026904961094260216,
    -0.10143861174583435,
    -0.03429466858506203,
    0.002668632660061121,
    -0.05464756116271019,
    -0.0688740611076355,
    0.027129855006933212,
    -0.06112395599484444,
    -0.0473342090845108,
    0.03097737953066826,
    -0.07551886886358261,
    -0.010788880288600922,
    0.06975149363279343,
    0.08046884834766388,
    0.037917062640190125,
    -0.11593984812498093,
    -0.08930134028196335,
    -0.021729277446866035,
    -0.022576933726668358,
    -0.08196909725666046,
    -0.0033754543401300907,
    0.02710428461432457,
    -0.07712821662425995,
    0.03936663269996643,
    -0.03033319301903248,
