{
  "id": 951,
  "vector": [
    0.004958270117640495,
    -0.0032971049658954144,
    0.01674945093691349,
    0.0071050249971449375,
    0.09063450992107391,
    0.007757913321256638,
    0.0325346402823925,
    0.09666323661804199,
    -0.03318695351481438,
    -0.0651891753077507,
    -0.05900399386882782,
    -0.0545758455991745,
    -0.029961055144667625,
    0.031287647783756256,
    -0.07563198357820511,
    0.049201056361198425,
    -0.12230867147445679,
    0.04783730208873749,
    -0.11007431149482727,
    -0.0542035736143589,
    0.027576569467782974,
    -0.012417750433087349,
    0.06716670840978622,
    0.06533581018447876,
    -0.046644601970911026,
    0.024653026834130287,
    -0.004565207287669182,
    -0.028735874220728874,
    -0.012490995228290558,
    -0.05619974061846733,
    0.04137440398335457,
    0.037134528160095215,
    0.04675813764333725,
    -0.07658246159553528,
    0.05678926035761833,
    -0.13078564405441284,
    0.014485323801636696,
    0.01788264699280262,
    0.06723274290561676,
    -0.020065460354089737,
    0.06612074375152588,
    0.016173120588064194,
    -0.051943786442279816,
    0.06419270485639572,
    -0.050618089735507965,
    -0.01179709006100893,
    0.024221763014793396,
    0.08040624111890793,
    -0.046873047947883606,
    -0.05161142349243164,
    0.13498754799365997,
    -0.07949867099523544,
    -0.11449547111988068,
    -0.02484540082514286,
    0.06546039134263992,
    -0.07335156947374344,
    0.03105137124657631,
    -0.00917962845414877,
    0.0359162837266922,
    0.09201046824455261,
    0.05701380968093872,
    0.0038761922623962164,
    -0.023601852357387543,
    0.03215104714035988,
    0.028490062803030014,
    0.053845878690481186,
    -0.03699374943971634,
    0.016290832310914993,
    -0.06183929368853569,
    0.004402746446430683,
    -0.07834285497665405,
    0.0007478661718778312,
    0.017611902207136154,
    -0.026877688243985176,
    -0.028545880690217018,
    -0.017207741737365723,
    0.03415902331471443,
    -0.09639926999807358,
    -0.08365311473608017,
    0.10295183956623077,
    -0.07576486468315125,
    -0.03918865695595741,
    -0.04303332418203354,
    0.049458350986242294,
    0.043984100222587585,
    -0.008716792799532413,
    0.026933610439300537,
    -0.07027025520801544,
    -0.035850197076797485,
    -0.0073158396407961845,
    -0.023405158892273903,
    -0.012683241628110409,
    -0.018211498856544495,
    -0.11203399300575256,
    -0.018126800656318665,
    0.07496251910924911,
    -0.012128069065511227,
    0.0019025250803679228,
    0.07720127701759338,
    0.03460022807121277,
    -0.02131914719939232,
    -0.07940792292356491,
    0.038870763033628464,
    -0.056646641343832016,
    0.003204701468348503,
    0.04609993100166321,
    0.027384314686059952,
    0.04652249440550804,
    0.0563344806432724,
    0.01853407360613346,
    -0.029115745797753334,
    -0.05948551371693611,
    0.05738566070795059,
    0.005413574166595936,
    -0.01517298724502325,
    0.016929227858781815,
    0.10327334702014923,
    0.007508811540901661,
    0.03981182724237442,
    0.027124593034386635,
    0.08788544684648514,
    0.008469738066196442,
    0.02794126234948635,
    -0.09281452745199203,
    -0.06459448486566544,
    0.02978605590760708,
    0.09884994477033615,
    4.139932044516751e-33,
    -0.08603789657354355,
    0.018327198922634125,
    0.0032941969111561775,
    0.04091242700815201,
    -0.008951234631240368,
    0.020424138754606247,
    0.013864360749721527,
    -0.05206310376524925,
    -0.0197039395570755,
    0.05002766102552414,
    -0.007059404160827398,
    0.03877256065607071,
    -0.0469098724424839,
    0.05554609373211861,
    0.006614931859076023,
    0.01472813542932272,
    0.08897224068641663,
    0.039891891181468964,
    -0.05114728584885597,
    -0.10181635618209839,
    -0.05437547713518143,
    0.0836448222398758,
    -0.028692645952105522,
    0.019388603046536446,
    -0.027397502213716507,
    -0.017308978363871574,
    0.020329037681221962,
    -0.03270048275589943,
    0.04285048320889473,
    -0.01519158948212862,
    0.09061478823423386,
    0.06002679839730263,
    0.03950068727135658,
    0.07987987995147705,
    -0.10012559592723846,
    -0.012014782987535,
    -0.02264345996081829,
    -0.00018521238234825432,
    0.03909539058804512,
    -0.10722917318344116,
    -0.001375695108436048,
    0.1354714334011078,
    0.08107680082321167,
    0.005360149312764406,
    -0.027515027672052383,
    0.014875992201268673,
    -0.028621675446629524,
    -0.0259106382727623,
    0.09284693002700806,
    -0.03085462935268879,
    -0.08021561056375504,
    0.029015541076660156,
    -0.0241787638515234,
    0.03183292597532272,
    0.10134614259004593,
    0.011821260675787926,
    0.003007825929671526,
    0.047229401767253876,
    0.07694773375988007,
    0.07754581421613693,
    0.04322381690144539,
    0.10429088026285172,
    -0.044815901666879654,
    0.007374933455139399,
    0.08090580254793167,
    0.00792843196541071,
    -0.051308296620845795,
    -0.018550097942352295,
    0.0069656348787248135,
    -0.07596816122531891,
    -0.018298273906111717,
    0.088599294424057,
    0.023164870217442513,
    -0.009325653314590454,
    0.04103955253958702,
    0.024947630241513252,
    0.11887263506650925,
    -0.0001856971503002569,
    0.003456666599959135,
    -0.003546068910509348,
    -0.010790955275297165,
    0.0009217671467922628,
    0.06089987978339195,
    -0.005200831685215235,
    -0.048634763807058334,
    -0.0276480745524168,
    -0.008419384248554707,
    0.019355833530426025,
    -0.019170798361301422,
    -0.03381245583295822,
    0.022391606122255325,
    -0.04972553625702858,
    -0.0782991275191307,
    -0.08038508892059326,
    -0.08011480420827866,
    -4.0312186535328595e-33,
    0.041699159890413284,
    0.06784845888614655,
    0.025803223252296448,
    0.009215922094881535,
    0.0344657301902771,
    0.053659383207559586,
    -0.028114384040236473,
    0.05554892122745514,
    0.02305515669286251,
    0.002608251292258501,
    -0.0037981471978127956,
    -0.027388259768486023,
    0.02029450424015522,
    -0.004709864500910044,
    -0.010938904248178005,
    0.0176912359893322,
    0.11883670091629028,
    -0.03541860356926918,
    -0.07602760195732117,
    -0.09947141259908676,
    -0.05316104739904404,
    0.09361665695905685,
    -0.038462892174720764,
    0.005898681934922934,
    -0.038775667548179626,
    -0.02672315016388893,
    -0.05976128578186035,
    -0.042103447020053864,
    0.03716816380620003,
    0.01723191887140274,
    -0.012785064056515694,
    -0.03052869252860546,
    0.049728747457265854,
    0.03377130627632141,
    -0.07618378102779388,
    -0.07633122056722641,
    0.061494939029216766,
    0.03565940260887146,
    -0.043915536254644394,
    0.004843554459512234,
    -0.0017181735020130873,
    -0.09184948354959488,
    -0.013653789646923542,
    -0.05902270972728729,
    -0.0002922238199971616,
    -0.015443946234881878,
    -0.09383288025856018,
    -0.08316363394260406,
    0.06036113202571869,
    -0.07143479585647583,
    -0.002738605486229062,
    0.0033258937764912844,
    -0.11892751604318619,
    -0.008659878745675087,
    0.03397102653980255,
    0.02331024780869484,
    0.06227525696158409,
    -0.026295945048332214,
    -0.021342836320400238,
    0.0035249395295977592,
    0.059714242815971375,
    0.04150814935564995,
    -0.009573657065629959,
    -0.023695969954133034,
    -0.05840975418686867,
    -0.022130511701107025,
    -0.06328406929969788,
    0.0046336413361132145,
    -0.007398780435323715,
    -0.052359648048877716,
    0.04005051031708717,
    0.08888973295688629,
    0.03595852479338646,
    -0.05490008741617203,
    -0.05656961724162102,
    -0.049338728189468384,
    -0.012130895629525185,
    -0.020536182448267937,
    0.03688455745577812,
    0.06013822555541992,
    -0.03489344194531441,
    0.0065483516082167625,
    -0.019033115357160568,
