{
  "id": 415,
  "vector": [
    -0.009064467623829842,
    0.01841624453663826,
    -0.06903823465108871,
    0.008478892035782337,
    -0.0891730785369873,
    -0.01442478597164154,
    0.016031041741371155,
    0.09585385769605637,
    -0.04061272367835045,
    -0.062151193618774414,
    0.04920196533203125,
    -0.06887225061655045,
    -0.06547969579696655,
    0.03707798942923546,
    -0.036657337099313736,
    -0.05725529044866562,
    -0.0015185553347691894,
    -0.007779829669743776,
    -0.121763676404953,
    -0.03598490729928017,
    0.03797757625579834,
    0.005094226915389299,
    0.0007563150720670819,
    0.058633189648389816,
    -0.01644207537174225,
    0.07755892723798752,
    -0.058136019855737686,
    -0.07652506232261658,
    0.07688149064779282,
    -0.012354446575045586,
    0.013332224451005459,
    0.028580013662576675,
    0.051571063697338104,
    -0.055811651051044464,
    0.029256869107484818,
    -0.035607367753982544,
    -0.10306685417890549,
    0.013324699364602566,
    0.05685686692595482,
    -0.015505984425544739,
    0.11312685906887054,
    0.007954064756631851,
    -0.03299374505877495,
    0.07204865664243698,
    0.04591627046465874,
    -0.057896703481674194,
    -0.05680850148200989,
    0.06647549569606781,
    0.006474166177213192,
    0.08235391974449158,
    -0.00789773277938366,
    -0.06286871433258057,
    -0.08980512619018555,
    -0.007891565561294556,
    0.04181699454784393,
    -0.07461941242218018,
    -0.05460072681307793,
    0.06570229679346085,
    0.006598296109586954,
    0.10395887494087219,
    0.05497211217880249,
    0.055889155715703964,
    -0.01830340176820755,
    -0.002132842317223549,
    -0.042442649602890015,
    0.01193904411047697,
    0.008281905204057693,
    -0.05186206102371216,
    -0.019572602584958076,
    0.07891247421503067,
    0.06855878233909607,
    0.03759019821882248,
    0.06279732286930084,
    0.006494787055999041,
    0.001711054821498692,
    -0.03317350521683693,
    -0.023331189528107643,
    -0.05474978685379028,
    -0.041956838220357895,
    0.07523058354854584,
    -0.00393922533839941,
    0.0041490476578474045,
    0.0048725721426308155,
    0.006253629457205534,
    -0.06547646224498749,
    -0.01628168299794197,
    -0.01798476278781891,
    0.004676977172493935,
    -0.05366676300764084,
    -0.05291363224387169,
    -0.010471745394170284,
    -0.004400196019560099,
    0.008613557554781437,
    -0.053555142134428024,
    -0.006038467865437269,
    0.02580413781106472,
    -0.056175630539655685,
    -0.03622761741280556,
    0.01734822429716587,
    -0.0273321270942688,
    0.03206760063767433,
    0.03260097652673721,
    0.035653769969940186,
    -0.051578372716903687,
    -0.050437603145837784,
    -0.01559882890433073,
    -0.020084021613001823,
    -0.04430443421006203,
    0.02630426362156868,
    0.08987528085708618,
    -0.06340371817350388,
    0.05023510381579399,
    0.012149088084697723,
    0.011835947632789612,
    -0.0076766787096858025,
    0.010167744942009449,
    0.06957314908504486,
    0.012174551375210285,
    0.021706756204366684,
    0.0496884360909462,
    0.07104190438985825,
    -0.06614803522825241,
    0.06735911965370178,
    -0.02236507087945938,
    -0.06029870733618736,
    0.036372002214193344,
    0.1022583544254303,
    6.112281158792005e-33,
    -0.03490862995386124,
    -0.02142133004963398,
    0.0289610605686903,
    0.010778224095702171,
    0.05858117714524269,
    -0.03957337886095047,
    -0.002047501038759947,
    -0.03978970646858215,
    -0.05038117244839668,
    -0.004995713941752911,
    -0.039561331272125244,
    0.024762043729424477,
    -0.035955533385276794,
    0.10377149283885956,
    -0.01398886926472187,
    -0.014572114683687687,
    0.02264053001999855,
    0.06282559782266617,
    0.06850363314151764,
    -0.05460764840245247,
    -0.04156162962317467,
    -0.03577689081430435,
    -0.004867976065725088,
    0.03598716855049133,
    -0.06783570349216461,
    0.0724925696849823,
    0.009278950281441212,
    0.010359206236898899,
    -0.037894148379564285,
    -0.006364504806697369,
    0.07378259301185608,
    -0.03664027899503708,
    -0.030453117564320564,
    0.010354061610996723,
    -0.1062069684267044,
    0.003087009536102414,
    -0.07732599973678589,
    -0.06008828803896904,
    0.07443396002054214,
    -0.027533553540706635,
    -0.010673009790480137,
    0.0799776166677475,
    0.13685931265354156,
    0.00811233464628458,
    -0.02342727594077587,
    0.09443138539791107,
    -0.03451697155833244,
    -0.029390743002295494,
    0.045107152312994,
    -0.014297585003077984,
    -0.04152423515915871,
    0.04296525940299034,
    -0.021105332300066948,
    0.12216740846633911,
    0.0227554589509964,
    0.015367338433861732,
    -0.03953652083873749,
    0.044212568551301956,
    0.02920171432197094,
    0.02584761381149292,
    0.027701685205101967,
    0.041158031672239304,
    -0.0026289564557373524,
    0.04063783586025238,
    0.004467232618480921,
    0.05888077989220619,
    -0.13144303858280182,
    -0.03716843202710152,
    -0.003121850546449423,
    -0.014616668224334717,
    -0.03295344114303589,
    -0.02139066904783249,
    0.05076781287789345,
    -0.07572373002767563,
    0.03375556319952011,
    -0.0031174118630588055,
    0.10828826576471329,
    0.0744170993566513,
    -0.11905882507562637,
    0.0232118908315897,
    -0.08147518336772919,
    0.05475935712456703,
    0.036526527255773544,
    0.009731940925121307,
    -0.018766537308692932,
    0.025514911860227585,
    -0.07384847104549408,
    -0.0036755406763404608,
    -0.013490395620465279,
    -0.025614801794290543,
    -0.05561374872922897,
    -0.03603973612189293,
    -0.026346547529101372,
    -0.029004085808992386,
    -0.05297216773033142,
    -5.541572039312061e-33,
    0.07802855223417282,
    0.0434732511639595,
    0.05762718990445137,
    0.08276813477277756,
    0.07520642131567001,
    -0.004431023728102446,
    0.014028997160494328,
    0.05190890654921532,
    0.11288847029209137,
    -0.02099532075226307,
    -0.046692341566085815,
    -0.0064143952913582325,
    0.011028083972632885,
    0.009031563065946102,
    -0.03916815668344498,
    0.11863869428634644,
    0.041478343307971954,
    0.06857649981975555,
    0.012073992751538754,
    -0.08384580910205841,
    -0.032596927136182785,
    0.03689626604318619,
    -0.006436524912714958,
    0.060478150844573975,
    0.032665371894836426,
    -0.027106136083602905,
    0.04145438224077225,
    -0.09792601317167282,
    -0.0055700261145830154,
    0.01666552759706974,
    0.01629003882408142,
    -0.11815045028924942,
    -0.046855561435222626,
    -0.04376457631587982,
    -0.09354422241449356,
    -0.07472056150436401,
    0.03697212412953377,
    0.03313169255852699,
    -0.0002745254896581173,
    0.026840809732675552,
    0.08964318782091141,
    0.05946669355034828,
    0.0114494189620018,
    -0.031544048339128494,
    -0.002824358642101288,
    -0.03181936964392662,
    0.058572858572006226,
    -0.10688544064760208,
    -0.0038721049204468727,
    -0.022956041619181633,
    0.03349098935723305,
    0.06745793670415878,
    -0.07869814336299896,
    0.014109641313552856,
    0.06345856189727783,
    0.12662334740161896,
    0.012003638781607151,
    0.07337626069784164,
    0.009265332482755184,
    -0.040186624974012375,
    -0.01370169036090374,
    -0.055428557097911835,
    -0.02674846723675728,
    -0.03381018713116646,
    -0.012573840096592903,
    0.034424785524606705,
    0.04137507453560829,
    -0.012887715362012386,
    0.02170797809958458,
    0.024082064628601074,
    0.02946268580853939,
    0.03972771391272545,
    0.037973325699567795,
    0.0608229823410511,
    -0.028661690652370453,
    -0.027256125584244728,
    -0.016361940652132034,
    -0.035193055868148804,
    0.08011597394943237,
    -0.020261894911527634,
    0.011463030241429806,
    -0.033771540969610214,
    -0.03545115143060684,
