{
  "id": 726,
  "vector": [
    -0.07058451324701309,
    -0.004978038836270571,
    -0.030878493562340736,
    0.06853117793798447,
    0.020376840606331825,
    -0.052518635988235474,
    0.07571099698543549,
    0.08145894855260849,
    -0.08053548634052277,
    0.015011428855359554,
    0.05890139564871788,
    -0.02426939085125923,
    -0.11813357472419739,
    0.06967012584209442,
    -0.0001803766645025462,
    0.0041409144178032875,
    -0.009097631089389324,
    0.07300963252782822,
    -0.0744849219918251,
    0.017678316682577133,
    0.05339649319648743,
    -0.11099962145090103,
    0.004126767627894878,
    0.0053798784501850605,
    -0.036846958100795746,
    0.010805987752974033,
    -0.034068938344717026,
    -0.01554755587130785,
    0.03078034706413746,
    -0.03154110163450241,
    -0.022566085681319237,
    0.010777899995446205,
    0.0860653668642044,
    0.0498000830411911,
    -0.02388947643339634,
    -0.026791268959641457,
    0.009899554774165154,
    -0.045274391770362854,
    0.013643050566315651,
    -0.045641276985406876,
    -0.020509501919150352,
    0.04866350442171097,
    -0.017105750739574432,
    0.09879674762487411,
    0.010566223412752151,
    -0.02787349559366703,
    -0.0228529442101717,
    0.0847504511475563,
    0.0380091667175293,
    0.043267495930194855,
    0.045231398195028305,
    -0.021086417138576508,
    -0.14507026970386505,
    -0.027263138443231583,
    -0.009249241091310978,
    -0.08596442639827728,
    -0.045786600559949875,
    -0.042817696928977966,
    0.07526952028274536,
    -0.003132290905341506,
    -0.0008470618631690741,
    -0.009995845146477222,
    -0.033328473567962646,
    0.09965083003044128,
    0.04903436452150345,
    0.061567142605781555,
    -0.06022088974714279,
    -0.010527078993618488,
    -0.09249994903802872,
    -0.004006995819509029,
    0.025514859706163406,
    -0.0031879032030701637,
    0.022778945043683052,
    -0.011951427906751633,
    -0.04227546975016594,
    -0.003504855092614889,
    0.041658125817775726,
    -0.0406070277094841,
    -0.07905426621437073,
    0.08176317065954208,
    -0.05616588145494461,
    -0.015041986480355263,
    -0.05709528177976608,
    -0.023066502064466476,
    -0.0052772886119782925,
    -0.01799091137945652,
    -0.04315142706036568,
    0.05454109609127045,
    -0.059751611202955246,
    -0.1044265627861023,
    -0.01714289002120495,
    0.0486375167965889,
    -0.00233927508816123,
    0.07922255992889404,
    -0.08296236395835876,
    0.07610386610031128,
    0.003719257889315486,
    -0.07510721683502197,
    -0.06869012117385864,
    0.057193562388420105,
    0.07904604077339172,
    -0.011607898399233818,
    0.12053727358579636,
    -0.039066653698682785,
    -0.028739111497998238,
    -0.0013082599034532905,
    -0.010887748561799526,
    0.04526128992438316,
    0.04658414050936699,
    0.08191788196563721,
    -0.1045098602771759,
    0.0032055331394076347,
    -0.05199937894940376,
    -0.00852274615317583,
    -0.06312741339206696,
    -0.020597847178578377,
    -0.008533671498298645,
    0.08972477167844772,
    0.0873270109295845,
    0.054590705782175064,
    0.044143110513687134,
    -0.005104731302708387,
    0.0743599683046341,
    -0.04386959224939346,
    -0.06523389369249344,
    0.0007411069236695766,
    0.08313886821269989,
    2.9013235652888917e-33,
    -0.050867483019828796,
    -0.031137486919760704,
    -0.020613066852092743,
    0.011674201115965843,
    0.03744637593626976,
    -0.04518800601363182,
    0.06915457546710968,
    -0.012112685479223728,
    -0.025799157097935677,
    0.039516087621450424,
    -0.02453729510307312,
    0.028215965256094933,
    -0.03262418881058693,
    0.1493980884552002,
    0.04215770587325096,
    -0.030819881707429886,
    0.025297196581959724,
    0.020430531352758408,
    0.12941324710845947,
    -0.058210864663124084,
    -0.056330230087041855,
    0.032167598605155945,
    0.03560040891170502,
    0.0040381718426942825,
    -0.02479756437242031,
    0.015186023898422718,
    -0.030939722433686256,
    0.029131734743714333,
    0.010618298314511776,
    0.04100889712572098,
    0.055276185274124146,
    -0.03173113241791725,
    -0.012220854870975018,
    -0.07348304986953735,
    -0.001575903850607574,
    0.0679931640625,
    0.006316520273685455,
    -0.028085019439458847,
    0.06001525744795799,
    -0.05407977104187012,
    -0.11306160688400269,
    -0.024778684601187706,
    -0.013423668220639229,
    -0.001312978914938867,
    -0.04822632297873497,
    0.01624596118927002,
    0.04720905050635338,
    -0.02160489372909069,
    0.053512658923864365,
    -0.011332821100950241,
    -0.09147664159536362,
    -0.022057518362998962,
    -0.043970782309770584,
    0.04133827984333038,
    -0.008816075511276722,
    -0.03886399045586586,
    0.06437190622091293,
    0.07747349143028259,
    0.015382140874862671,
    0.0446922667324543,
    0.020492617040872574,
    -0.007212451659142971,
    -0.02222820743918419,
    -0.0030472981743514538,
    -0.036023057997226715,
    -0.019572103396058083,
    -0.003430607495829463,
    -0.013209458440542221,
    0.017993880435824394,
    -0.007679227739572525,
    0.003984414506703615,
    0.016470957547426224,
    0.05889886990189552,
    -0.01919913850724697,
    0.028987441211938858,
    -0.014630806632339954,
    0.10220517963171005,
    0.09579223394393921,
    -0.061713967472314835,
    0.05893007665872574,
    -0.08788686990737915,
    0.030914532020688057,
    0.01144575234502554,
    0.03945305943489075,
    -0.033343661576509476,
    0.09569889307022095,
    -0.019076097756624222,
    0.07068434357643127,
    0.004319156985729933,
    0.02442651428282261,
    -0.024696676060557365,
    0.054427940398454666,
    -0.024794377386569977,
    -0.09428397566080093,
    -0.0016660412074998021,
    -3.177648124362641e-33,
    -0.04096626862883568,
    0.04364238679409027,
    -0.04198368638753891,
    0.05568089336156845,
    -0.028012709692120552,
    0.04004514217376709,
    0.009281439706683159,
    0.06526482850313187,
    0.05420875921845436,
    -0.0027291481383144855,
    -0.0846199169754982,
    0.03870965912938118,
    0.05806657299399376,
    -0.027154158800840378,
    -0.04985826089978218,
    0.05520293861627579,
    -0.05182161182165146,
    -0.011463666334748268,
    -0.0022911871783435345,
    -0.042051803320646286,
    -0.003289357991889119,
    0.09794139117002487,
    0.028468338772654533,
    0.03784704580903053,
    0.08798550814390182,
    -0.0009988974779844284,
    0.01481600757688284,
    0.07055974006652832,
    0.02869049459695816,
    0.03333831951022148,
    0.053174734115600586,
    -0.08767305314540863,
    -0.04318126291036606,
    -0.0391935259103775,
    -0.010862547904253006,
    -0.06209667772054672,
    0.06296611577272415,
    0.13527114689350128,
    -0.04612390324473381,
    0.0670219212770462,
    -0.012733840383589268,
    -0.04476358741521835,
    -0.020545102655887604,
    -0.012123103253543377,
    0.013740750961005688,
    -0.027781596407294273,
    0.049676816910505295,
    -0.012173338793218136,
    0.03513043001294136,
    -0.038508906960487366,
    0.04495478421449661,
    0.05012171342968941,
    -0.04944717139005661,
    0.005439449567347765,
    0.03646976128220558,
    -0.00813340861350298,
    -0.055019453167915344,
    0.011338543146848679,
    -0.013391359709203243,
    -0.15130427479743958,
    -0.03429046645760536,
    0.008117375895380974,
    -0.038464490324258804,
    0.002170984400436282,
    0.05369248613715172,
    0.0176786407828331,
    -0.035586751997470856,
    -0.05670544505119324,
    -0.03260466083884239,
    -0.016134271398186684,
    0.02282072603702545,
    -0.03186045587062836,
    -0.0068495068699121475,
    -0.06769341975450516,
    -0.053586263209581375,
    0.030446749180555344,
    0.0825471580028534,
    -0.0028709617909044027,
    0.09032365679740906,
    0.010781279765069485,
    -0.0493796207010746,
    0.11794392019510269,
