{
  "id": 739,
  "vector": [
    0.013489936478435993,
    0.050368957221508026,
    -0.014786380343139172,
    -0.01748659275472164,
    -0.021166237071156502,
    0.0033414477948099375,
    0.09543843567371368,
    0.06591180711984634,
    -0.026123985648155212,
    -0.0242318008095026,
    0.07542158663272858,
    -0.05573016777634621,
    -0.022749217227101326,
    0.001993987476453185,
    -0.06351116299629211,
    -0.0011417336063459516,
    -0.0365309864282608,
    0.04092344641685486,
    -0.09570503234863281,
    -0.015290902927517891,
    0.0632067620754242,
    -0.06409253180027008,
    0.033173706382513046,
    -0.0005665364442393184,
    -0.02148216962814331,
    0.024641990661621094,
    0.05907055363059044,
    -0.029386868700385094,
    -0.02580569125711918,
    -0.04949330911040306,
    0.03039836883544922,
    0.050074100494384766,
    0.08590800315141678,
    -0.060379158705472946,
    -0.008869574405252934,
    -0.0310722254216671,
    0.03034880943596363,
    -0.04326850548386574,
    0.08172576129436493,
    0.012562255375087261,
    0.007393685635179281,
    -0.005014834925532341,
    -0.03733375668525696,
    -0.01090172678232193,
    -0.04501808062195778,
    -0.05270378291606903,
    0.0005321396747604012,
    0.06941550225019455,
    -0.014153615571558475,
    0.006436723284423351,
    0.10801877826452255,
    -0.02672315575182438,
    -0.06629867106676102,
    0.04533219709992409,
    0.030215762555599213,
    -0.08595045655965805,
    -0.08153198659420013,
    0.03148018568754196,
    -0.014048377051949501,
    -0.0011741267517209053,
    0.0016439432511106133,
    -0.02888640947639942,
    -0.06507253646850586,
    0.0326581634581089,
    -0.020836155861616135,
    0.04213528335094452,
    0.01705789379775524,
    0.022247444838285446,
    -0.023532897233963013,
    0.0509822852909565,
    -0.054283834993839264,
    0.049568239599466324,
    0.07130154967308044,
    0.001711621298454702,
    0.020219264551997185,
    0.04423348978161812,
    0.09026739001274109,
    -0.12000096589326859,
    0.008573098108172417,
    -0.006699326913803816,
    -0.1252879500389099,
    -0.030619949102401733,
    -0.04767564684152603,
    0.07059819251298904,
    0.022027326747775078,
    0.01799394190311432,
    -0.01360231265425682,
    0.036849260330200195,
    0.03399129956960678,
    -0.09181410819292068,
    -0.041528552770614624,
    0.0031754171941429377,
    0.0058660609647631645,
    -0.053305670619010925,
    -0.015154052525758743,
    0.020318564027547836,
    0.00853863824158907,
    -0.012750225141644478,
    0.02332962490618229,
    0.04171060770750046,
    0.03498482331633568,
    0.024646326899528503,
    0.0985986515879631,
    -0.06623352319002151,
    -0.018043356016278267,
    -0.045216403901576996,
    0.0038347477093338966,
    0.020271766930818558,
    -0.02611224539577961,
    0.013579664751887321,
    0.00954492948949337,
    0.015020708553493023,
    0.02462112158536911,
    0.008184647187590599,
    -0.04984079673886299,
    0.04083557426929474,
    0.0069660041481256485,
    0.005304516293108463,
    0.000874280696734786,
    0.03469311445951462,
    0.05657579377293587,
    0.0066316924057900906,
    -0.032988354563713074,
    -0.01444694958627224,
    -0.08713328838348389,
    -0.02077021263539791,
    0.06956682354211807,
    4.365166313025902e-33,
    -0.04691021144390106,
    0.0012415313394740224,
    0.009924236685037613,
    -0.009616740047931671,
    0.05470113828778267,
    -0.06570079922676086,
    0.0465279184281826,
    -0.02829967997968197,
    0.02120165526866913,
    0.05620216578245163,
    -0.03629371151328087,
    0.006190945859998465,
    -0.04567304626107216,
    0.09285809844732285,
    -0.04359467700123787,
    -0.04988514631986618,
    0.030150139704346657,
    0.01087559387087822,
    0.06492819637060165,
    -0.08582212030887604,
    -0.04056204855442047,
    0.02818242833018303,
    0.021635595709085464,
    -0.056105948984622955,
    -0.07480108737945557,
    0.006674395874142647,
    -0.04306790605187416,
    0.06358247250318527,
    0.02719227969646454,
    0.012246043421328068,
    0.10682709515094757,
    0.00876131746917963,
    0.010529219172894955,
    0.015650387853384018,
    -0.07545561343431473,
    0.0323929600417614,
    -0.06453897058963776,
    -0.01848197542130947,
    0.06704741716384888,
    -0.05009760707616806,
    0.020963406190276146,
    0.05601680278778076,
    0.018870914354920387,
    0.028730932623147964,
    -0.05137777328491211,
    -0.005662097129970789,
    0.04604792222380638,
    -0.005715944804251194,
    0.10840898007154465,
    0.04578738287091255,
    -0.01384388841688633,
    -0.022579288110136986,
    -0.02976985275745392,
    -0.008191593922674656,
    0.0310688354074955,
    -0.020038656890392303,
    0.018914801999926567,
    0.03563204035162926,
    0.02356668934226036,
    0.10274636745452881,
    0.018497981131076813,
    0.03709055855870247,
    -0.036954235285520554,
    0.06781695783138275,
    0.0140457171946764,
    0.01187138631939888,
    -0.085848867893219,
    -0.0039171515963971615,
    -0.01667366921901703,
    -0.02573627233505249,
    0.0027767850551754236,
    0.08692064136266708,
    -0.007763474714010954,
    -0.005421506706625223,
    0.04323124513030052,
    0.021344656124711037,
    0.11766192317008972,
    0.05873037502169609,
    -0.03175591677427292,
    0.026419639587402344,
    -0.013756588101387024,
    -0.06415333598852158,
    -0.11023519933223724,
    -0.029937908053398132,
    -0.12493589520454407,
    0.12092649936676025,
    -0.047287099063396454,
    0.03156304359436035,
    -0.032553959637880325,
    -0.021382825449109077,
    -0.042066074907779694,
    0.014676361344754696,
    -0.005705344956368208,
    -0.11080020666122437,
    -0.04835469648241997,
    -5.105893057937027e-33,
    0.04265051335096359,
    0.06951904296875,
    0.027182742953300476,
    0.05042719841003418,
    0.07377126067876816,
    0.08386407047510147,
    0.11458808928728104,
    0.019862797111272812,
    0.012879296205937862,
    0.0072885118424892426,
    -0.08021947741508484,
    0.05026877671480179,
    0.0018897014670073986,
    0.025987187400460243,
    -0.04608927667140961,
    0.11621363461017609,
    0.04139924794435501,
    0.08417225629091263,
    -0.02034904435276985,
    -0.08340629190206528,
    -0.04998474940657616,
    0.1262822449207306,
    0.03459141403436661,
    0.07045146822929382,
    -0.025119533762335777,
    -0.01994720846414566,
    0.047217149287462234,
    0.027992593124508858,
    -0.0007044482044875622,
    0.028569580987095833,
    0.08954428136348724,
    -0.10265801101922989,
    0.039641596376895905,
    0.03495477885007858,
    -0.047212328761816025,
    -0.054715849459171295,
    0.08354082703590393,
    0.03928951919078827,
    -0.0028692372143268585,
    0.06845656037330627,
    -0.04110254719853401,
    -0.04663330316543579,
    -0.012446027249097824,
    0.036333970725536346,
    -0.030255159363150597,
    -0.08162074536085129,
    -0.028591062873601913,
    -0.05546056851744652,
    0.024452265352010727,
    -0.011470196768641472,
    -0.0176570825278759,
    0.03710329160094261,
    -0.09747582674026489,
    -0.0404394194483757,
    0.0421176441013813,
    0.11750750243663788,
    -0.04071755334734917,
    -0.021227076649665833,
    -0.001079166540876031,
    -0.07586786895990372,
    -0.07930436730384827,
    0.05196366086602211,
    -0.013953505083918571,
    -0.025922054424881935,
    0.050926994532346725,
    -0.0370352640748024,
    -0.07283221930265427,
    -0.10085249692201614,
    -0.04233740642666817,
    0.017435627058148384,
    -0.023742053657770157,
    0.005821852013468742,
    -0.009719502180814743,
    -0.17989589273929596,
    -0.09782724827528,
    -0.06259731948375702,
    -0.04756861925125122,
    -0.03412836790084839,
    0.04209553077816963,
    -0.0030457244720309973,
    -0.05319686979055405,
    -0.06509211659431458,
    0.027278155088424683,
