{
  "id": 315,
  "vector": [
    -0.09091378003358841,
    0.06301772594451904,
    0.043436598032712936,
    -0.02574521116912365,
    -0.02428038977086544,
    -0.025361396372318268,
    0.03720562905073166,
    0.08281855285167694,
    -0.06766858696937561,
    0.01030480396002531,
    -0.009977161884307861,
    -0.1027962863445282,
    0.031302373856306076,
    0.0008432575850747526,
    -0.039756111800670624,
    -0.060176361352205276,
    -0.00801963359117508,
    0.029973123222589493,
    -0.08457108587026596,
    -0.0012783698039129376,
    0.05592230334877968,
    -0.0841139703989029,
    0.0017626452026888728,
    -0.030850442126393318,
    0.018426362425088882,
    0.056831520050764084,
    -0.03350195661187172,
    0.016134629026055336,
    0.05693826451897621,
    -0.03127291053533554,
    -0.0025571282021701336,
    0.04348322004079819,
    -0.01441862341016531,
    0.03494986146688461,
    0.02297334000468254,
    0.04037195444107056,
    -0.0029750727117061615,
    -0.04019579663872719,
    0.02992722950875759,
    -0.05682497099041939,
    0.05767568573355675,
    -0.006166506092995405,
    0.041121430695056915,
    0.047871679067611694,
    0.02074819803237915,
    0.050210658460855484,
    -0.033658165484666824,
    0.11054784059524536,
    0.026736795902252197,
    -0.049011196941137314,
    0.043476201593875885,
    -0.004374383483082056,
    -0.13651157915592194,
    -0.021524211391806602,
    0.03449523076415062,
    -0.12158284336328506,
    0.02682041935622692,
    -0.06325876712799072,
    -0.013762136921286583,
    0.015460076741874218,
    -0.01406728383153677,
    -0.016500523313879967,
    -0.06459581851959229,
    0.07611177116632462,
    0.04071006923913956,
    0.03978200629353523,
    0.021691368892788887,
    0.09105560928583145,
    -0.09933828562498093,
    0.08133966475725174,
    -0.09390074014663696,
    0.03618993982672691,
    -0.0026564686559140682,
    0.10985317826271057,
    0.06511000543832779,
    -0.02073918655514717,
    0.08098436892032623,
    -0.09493517875671387,
    -0.11339627951383591,
    0.03774556890130043,
    -0.05742213875055313,
    0.040445782244205475,
    -0.041511449962854385,
    0.011706624180078506,
    0.001596387941390276,
    0.016210660338401794,
    -0.09514686465263367,
    0.06591703742742538,
    0.0659087523818016,
    -0.04312700405716896,
    0.00815900694578886,
    0.007998243905603886,
    0.01653478294610977,
    0.008194486610591412,
    -0.061966460198163986,
    0.03998485580086708,
    -0.10818714648485184,
    -0.021276673302054405,
    -0.004745788872241974,
    0.021506110206246376,
    0.016094209626317024,
    0.04598242789506912,
    0.11341424286365509,
    -0.02755584754049778,
    0.031826674938201904,
    -0.02247808501124382,
    0.05805518105626106,
    0.09956087917089462,
    0.022670898586511612,
    -0.009691504761576653,
    -0.043899841606616974,
    -0.0014761851634830236,
    -0.034516673535108566,
    -0.029547106474637985,
    -0.04773607850074768,
    -0.016996070742607117,
    0.006277848035097122,
    0.011436384171247482,
    -0.04158313199877739,
    0.03984171897172928,
    0.06420128792524338,
    -0.03209090977907181,
    -0.007986774668097496,
    -0.01673722080886364,
    -0.09546387940645218,
    -0.012532872147858143,
    0.07990115880966187,
    4.11124704362081e-33,
    -0.019920751452445984,
    0.009020596742630005,
    0.04258938133716583,
    0.036294929683208466,
    0.028858603909611702,
    0.0799594521522522,
    0.050932906568050385,
    0.07190311700105667,
    -0.020227700471878052,
    0.04013563320040703,
    -0.040078312158584595,
    0.02808097004890442,
    -0.013708272017538548,
    0.1435667723417282,
    -0.0019056503660976887,
    -0.04089207202196121,
    -0.03580073267221451,
    0.05149894952774048,
    0.03054090589284897,
    -0.05215787887573242,
    -0.039361659437417984,
    0.009019136428833008,
    0.07292093336582184,
    0.02673986740410328,
    -0.03196358308196068,
    -0.0022590472362935543,
    0.012149346061050892,
    -0.09863191843032837,
    0.042310863733291626,
    0.04347281903028488,
    0.04295850917696953,
    -0.03108849748969078,
    0.00576182221993804,
    0.0009093792759813368,
    -0.06605512648820877,
    0.021617833524942398,
    -0.111885666847229,
    -0.031511858105659485,
    0.07108643651008606,
    -0.023100225254893303,
    0.02664089761674404,
    0.03155990317463875,
    0.03618081659078598,
    0.04855189099907875,
    -0.05685235187411308,
    -0.002988289576023817,
    -0.0029604006558656693,
    0.04963815212249756,
    0.06750738620758057,
    -0.027324503287672997,
    0.09195341914892197,
    0.005321767646819353,
    -0.08690646290779114,
    -0.0420968234539032,
    -0.031174074858427048,
    0.000004380811333248857,
    0.04805552586913109,
    0.06659083068370819,
    0.02130855806171894,
    0.03401385247707367,
    -0.023009948432445526,
    0.06978753209114075,
    -0.009674797765910625,
    0.0625210776925087,
    0.036226943135261536,
    0.01632298156619072,
    -0.01209597010165453,
    -0.04809243604540825,
    -0.029163451865315437,
    -0.010942613705992699,
    0.015759138390421867,
    -0.06168017163872719,
    -0.04558303952217102,
    0.06003488972783089,
    -0.02003425732254982,
    0.02136963978409767,
    0.09634161740541458,
    0.012038694694638252,
    -0.03354354947805405,
    0.038488734513521194,
    -0.09297239035367966,
    0.007833537645637989,
    -0.05494677275419235,
    -0.1034359410405159,
    -0.11761853843927383,
    0.021619601175189018,
    0.042873091995716095,
    0.060797810554504395,
    0.03995539993047714,
    -0.019243963062763214,
    0.08200088143348694,
    -0.0451209619641304,
    -0.003826447995379567,
    -0.0812150239944458,
    -0.02934902161359787,
    -3.99262129652361e-33,
    0.004531958140432835,
    0.0016520475037395954,
    -0.03380292281508446,
    0.059773460030555725,
    0.039789602160453796,
    -0.06786360591650009,
    0.05722783878445625,
    0.09563363343477249,
    -0.011419081129133701,
    0.013473497703671455,
    0.03293418139219284,
    -0.005100573878735304,
    0.014137590304017067,
    -0.012281342409551144,
    -0.031725116074085236,
    0.02975345402956009,
    0.011020640842616558,
    0.056247882544994354,
    -0.039255477488040924,
    -0.04861794784665108,
    -0.0059438832104206085,
    0.03327110409736633,
    0.1164465844631195,
    0.08996700495481491,
    -0.0012135126162320375,
    0.03458445519208908,
    -0.035028256475925446,
    0.04125761613249779,
    0.020431263372302055,
    0.025229576975107193,
    -0.03662469983100891,
    -0.062129706144332886,
    -0.0018933509709313512,
    0.0036487781908363104,
    -0.04073544964194298,
    -0.018786661326885223,
    0.06914317607879639,
    0.0553230345249176,
    -0.0072162095457315445,
    -0.03431491181254387,
    0.040709707885980606,
    0.011454366147518158,
    -0.0897642970085144,
    0.046490009874105453,
    -0.020756209269165993,
    -0.0018875066889449954,
    0.004663475323468447,
    -0.03165063634514809,
    0.06831346452236176,
    0.08260618150234222,
    -0.0408916100859642,
    0.01593269221484661,
    -0.06637143343687057,
    -0.02452653832733631,
    -0.0029260378796607256,
    0.06113121286034584,
    0.054491013288497925,
    -0.04826753959059715,
    -0.05357906222343445,
    -0.04294306039810181,
    -0.019796160981059074,
    0.027652863413095474,
    -0.014883956871926785,
    0.0023482085671275854,
    0.060096051543951035,
    -0.028483452275395393,
    0.13295666873455048,
    -0.00889031495898962,
    -0.047560013830661774,
    0.029184166342020035,
    0.0319519117474556,
    -0.010830926708877087,
    0.024781983345746994,
    -0.17181473970413208,
    -0.080913245677948,
    0.011553569696843624,
    -0.016344420611858368,
    0.00542282871901989,
    -0.025228118523955345,
    -0.044297825545072556,
    -0.043123479932546616,
    0.009839036501944065,
    0.012259741313755512,
