{
  "id": 368,
  "vector": [
    0.02311268076300621,
    -0.004377299454063177,
    0.005667401012033224,
    -0.014352383092045784,
    -0.05091238394379616,
    0.0032893677707761526,
    0.11234735697507858,
    0.09619258344173431,
    -0.01630399189889431,
    0.053491365164518356,
    0.04734015837311745,
    -0.10305633395910263,
    0.023494169116020203,
    0.0628092810511589,
    -0.017374776303768158,
    0.07491474598646164,
    -0.04646134376525879,
    -0.0023522693663835526,
    -0.051165636628866196,
    0.01872549019753933,
    -0.025133386254310608,
    0.066306933760643,
    0.08949949592351913,
    0.023992132395505905,
    -0.04840799421072006,
    -0.05021115392446518,
    -0.04003481566905975,
    -0.07039795815944672,
    -0.05661644786596298,
    -0.02686193771660328,
    -0.007400207221508026,
    0.1591005027294159,
    0.08419273048639297,
    -0.005715558305382729,
    -0.009783824905753136,
    -0.053889233618974686,
    -0.024558190256357193,
    -0.028666066005825996,
    0.10311134904623032,
    0.04658486694097519,
    0.027219798415899277,
    0.031692083925008774,
    -0.01073018740862608,
    0.012844718061387539,
    -0.009298518300056458,
    -0.0026012558955699205,
    -0.031039146706461906,
    0.06906809657812119,
    0.05485422536730766,
    0.008106289431452751,
    0.03924037888646126,
    0.045667923986911774,
    -0.0984371155500412,
    0.05704081058502197,
    0.030447943136096,
    -0.03370114788413048,
    -0.06085125356912613,
    0.04513292387127876,
    -0.03603030741214752,
    0.0537470206618309,
    0.03996961563825607,
    -0.050149381160736084,
    0.025046706199645996,
    -0.06748662889003754,
    -0.05200214684009552,
    0.07466882467269897,
    -0.07998865842819214,
    0.016409389674663544,
    0.07393501698970795,
    -0.008051920682191849,
    0.007791328243911266,
    0.09115421026945114,
    0.01085240300744772,
    0.019557185471057892,
    -0.005523771978914738,
    0.015561460517346859,
    0.056516848504543304,
    -0.049088384956121445,
    -0.08581652492284775,
    -0.002674831310287118,
    -0.1442803591489792,
    -0.009199238382279873,
    -0.023619333282113075,
    -0.03970853239297867,
    -0.033602602779865265,
    -0.041117534041404724,
    0.016001921147108078,
    0.025400733575224876,
    -0.09382995963096619,
    0.007207098882645369,
    -0.06518446654081345,
    -0.0073274788446724415,
    0.04122653231024742,
    -0.02074066922068596,
    0.0008988510817289352,
    0.012092869728803635,
    0.01080075278878212,
    0.010468769818544388,
    0.06069085747003555,
    -0.006655763369053602,
    0.052375875413417816,
    -0.03411410376429558,
    0.13504275679588318,
    -0.08080358803272247,
    -0.019119298085570335,
    -0.03214205428957939,
    -0.034834470599889755,
    -0.0093539385125041,
    -0.02270786091685295,
    -0.01970396377146244,
    0.015801848843693733,
    -0.014220843091607094,
    0.002831775462254882,
    0.004993744660168886,
    -0.015378779731690884,
    -0.04909754917025566,
    0.052355293184518814,
    0.06081547960639,
    0.028092090040445328,
    0.04030260816216469,
    0.04789132997393608,
    -0.010667777620255947,
    0.05868078023195267,
    -0.022716941311955452,
    -0.0936218798160553,
    -0.0009494777186773717,
    -0.0015844728332012892,
    1.9851116768473224e-33,
    -0.03685217723250389,
    -0.004602134693413973,
    -0.009882013313472271,
    0.05643058568239212,
    0.058033015578985214,
    -0.012112260796129704,
    -0.002723438199609518,
    -0.006044868845492601,
    0.0195364560931921,
    -0.021363435313105583,
    -0.1338346004486084,
    0.035513654351234436,
    0.002729416126385331,
    0.04708091542124748,
    -0.016043754294514656,
    -0.06512603908777237,
    -0.016368264332413673,
    0.025775467976927757,
    0.005508139729499817,
    -0.007537431549280882,
    -0.058030497282743454,
    -0.0073929838836193085,
    -0.028846075758337975,
    0.015249614603817463,
    -0.02969217300415039,
    0.037163399159908295,
    0.003941367845982313,
    -0.0247198399156332,
    0.009160610847175121,
    -0.006991870701313019,
    0.08052413165569305,
    -0.018031613901257515,
    0.09846503287553787,
    0.005060503724962473,
    -0.006894523743540049,
    0.03974692150950432,
    0.025169147178530693,
    -0.013457661494612694,
    0.04733084514737129,
    -0.07090126723051071,
    0.048385679721832275,
    0.07491917908191681,
    0.09204891324043274,
    0.05766752362251282,
    -0.017033984884619713,
    0.06435634195804596,
    -0.010574779473245144,
    0.033328138291835785,
    0.07191519439220428,
    0.022453760728240013,
    -0.013797207735478878,
    0.006563760340213776,
    -0.048884160816669464,
    0.06334741413593292,
    0.05686800554394722,
    -0.03614800423383713,
    -0.031885650008916855,
    0.03513290733098984,
    0.025094522163271904,
    0.07039137184619904,
    0.06624723970890045,
    0.08436810970306396,
    -0.053185995668172836,
    0.010680817998945713,
    0.01561797596514225,
    0.06332595646381378,
    -0.03416793793439865,
    0.0089004747569561,
    -0.04380873590707779,
    0.0032852129079401493,
    -0.017224891111254692,
    0.009928281418979168,
    -0.03850594907999039,
    -0.044935163110494614,
    -0.0014523615827783942,
    -0.0032765893265604973,
    0.09925933182239532,
    -0.03492506593465805,
    -0.02427983283996582,
    0.04307486116886139,
    -0.09327131509780884,
    0.040250375866889954,
    0.04576469212770462,
    -0.012235019356012344,
    0.03044244460761547,
    0.0119135407730937,
    -0.07857288420200348,
    -0.0680115818977356,
    -0.03473076969385147,
    -0.01855476200580597,
    0.050410233438014984,
    0.03205636516213417,
    -0.01790473982691765,
    -0.07541590183973312,
    -0.05886317417025566,
    -2.9348811739399832e-33,
    -0.029110979288816452,
    -0.006931602954864502,
    0.02805927023291588,
    0.032339297235012054,
    0.005191539414227009,
    0.09327617287635803,
    -0.011830976232886314,
    0.05983981862664223,
    -0.011332443915307522,
    -0.047219168394804,
    -0.02209051325917244,
    0.053036704659461975,
    0.03430026024580002,
    -0.014356506988406181,
    -0.0835970789194107,
    0.034230154007673264,
    0.09629885852336884,
    0.00292943581007421,
    0.014751734212040901,
    -0.006256453227251768,
    -0.1498873233795166,
    0.017753256484866142,
    -0.035021036863327026,
    -0.013198812492191792,
    -0.12812305986881256,
    0.03988530486822128,
    0.009145675227046013,
    -0.09615014493465424,
    0.022355880588293076,
    0.004465713165700436,
    0.07057535648345947,
    -0.12934041023254395,
    -0.054033782333135605,
    0.01619527116417885,
    0.01246943511068821,
    -0.06626415997743607,
    0.05518362671136856,
    -0.055177029222249985,
    -0.03329399228096008,
    0.013755230233073235,
    0.048509374260902405,
    -0.07089932262897491,
    0.009291394613683224,
    -0.041016723960638046,
    -0.011084279976785183,
    -0.04215347021818161,
    -0.030880168080329895,
    -0.04076394811272621,
    -0.040784403681755066,
    0.05289994925260544,
    0.06656186282634735,
    0.014517068862915039,
    0.000671215879265219,
    -0.07243050634860992,
    -0.022745469585061073,
    -0.02684105560183525,
    -0.005081250797957182,
    -0.005180870182812214,
    0.09063046425580978,
    -0.0789257287979126,
    0.012828224338591099,
    -0.08605367690324783,
    -0.052057161927223206,
    0.07115484774112701,
    -0.09198275208473206,
    0.01243309210985899,
    -0.03919554874300957,
    -0.0020847676787525415,
    -0.04853960499167442,
    -0.020692162215709686,
    0.05865975841879845,
    0.052730027586221695,
    -0.040726982057094574,
    -0.06491415202617645,
    -0.09819108247756958,
    0.01568828523159027,
    -0.07377637177705765,
    -0.08117631077766418,
    0.06606577336788177,
    0.039843469858169556,
    -0.011775861494243145,
    -0.008190940134227276,
