{
  "id": 438,
  "vector": [
    -0.0843081995844841,
    0.03127026930451393,
    -0.005409806501120329,
    -0.04394615441560745,
    -0.04989882558584213,
    -0.027860326692461967,
    0.06300738453865051,
    0.0458022840321064,
    -0.037819378077983856,
    -0.10238973796367645,
    0.02065761387348175,
    -0.05356403440237045,
    0.002560660243034363,
    0.038311831653118134,
    -0.015343919396400452,
    -0.04123138636350632,
    0.025947347283363342,
    0.0749388262629509,
    -0.12455438077449799,
    -0.00802538450807333,
    0.035446811467409134,
    -0.007187825161963701,
    0.023648055270314217,
    0.020375462248921394,
    0.04010246321558952,
    0.0445338673889637,
    -0.024869423359632492,
    0.032367754727602005,
    0.023147324100136757,
    -0.06262955814599991,
    -0.03820996731519699,
    -0.007247706409543753,
    -0.05110922083258629,
    0.004962718114256859,
    0.07057863473892212,
    -0.019315797835588455,
    -0.07642631232738495,
    -0.033819809556007385,
    0.0923934057354927,
    0.007130411919206381,
    0.0315217562019825,
    -0.027081428095698357,
    0.006765350699424744,
    0.009381355717778206,
    0.005914630834013224,
    -0.003816884243860841,
    -0.09689708054065704,
    0.018586449325084686,
    0.07843120396137238,
    -0.08198755979537964,
    0.023266080766916275,
    -0.029016196727752686,
    -0.05293240398168564,
    -0.07305324077606201,
    0.09778239578008652,
    -0.07793766260147095,
    -0.05462602898478508,
    0.030395375564694405,
    -0.02027367800474167,
    0.038558147847652435,
    0.03518045321106911,
    -0.0020427326671779156,
    -0.040873751044273376,
    0.006922123488038778,
    0.043581172823905945,
    -0.019823215901851654,
    -0.08753906190395355,
    0.02792210504412651,
    -0.09311268478631973,
    0.03899266943335533,
    -0.03213459625840187,
    0.024669146165251732,
    -0.06256231665611267,
    -0.04149578884243965,
    0.005849573761224747,
    -0.02777141146361828,
    0.08075990527868271,
    -0.10133889317512512,
    -0.06005634367465973,
    0.025593137368559837,
    -0.010853799059987068,
    0.04139082506299019,
    -0.055449552834033966,
    0.001918510184623301,
    0.006914809346199036,
    -0.017266836017370224,
    -0.026094410568475723,
    0.060554519295692444,
    -0.0017321502091363072,
    0.00062390579842031,
    -0.027472758665680885,
    0.006690989714115858,
    0.05359673872590065,
    0.04356155917048454,
    -0.06259226053953171,
    0.0313558429479599,
    -0.04956634342670441,
    -0.05397074669599533,
    0.0009585524094291031,
    0.030706264078617096,
    0.036429550498723984,
    0.029317157343029976,
    0.1314038336277008,
    -0.07745999842882156,
    -0.038550883531570435,
    -0.017413830384612083,
    -0.03482289984822273,
    0.02133088931441307,
    0.01222728006541729,
    0.04387739300727844,
    -0.03054550476372242,
    -0.0025437569711357355,
    -0.05064474046230316,
    -0.02293897420167923,
    -0.01932404190301895,
    -0.05011001601815224,
    0.06694376468658447,
    -0.03503792732954025,
    0.01906602457165718,
    -0.00803703535348177,
    0.020408429205417633,
    0.020633555948734283,
    0.02583085559308529,
    0.03638312220573425,
    -0.05342164635658264,
    0.0710984468460083,
    0.0605594702064991,
    4.347036516716376e-33,
    -0.035137854516506195,
    0.018242666497826576,
    0.011753474362194538,
    0.025118162855505943,
    0.04317532479763031,
    -0.05128730833530426,
    0.04127328470349312,
    0.02846137434244156,
    0.02289176918566227,
    -0.01743258908390999,
    -0.08304309844970703,
    -0.03512416034936905,
    -0.016363944858312607,
    0.08787278831005096,
    -0.06495518237352371,
    -0.07036874443292618,
    0.00933374185115099,
    0.07762230187654495,
    -0.012793258763849735,
    0.04071717709302902,
    -0.05265071615576744,
    0.021503111347556114,
    0.019996505230665207,
    0.02450328692793846,
    -0.07711542397737503,
    -0.04126844182610512,
    -0.08168301731348038,
    -0.033950310200452805,
    0.002432972425594926,
    0.017949646338820457,
    0.04284123331308365,
    -0.017989393323659897,
    -0.003440150758251548,
    0.030067291110754013,
    -0.08067122101783752,
    0.010525431483983994,
    -0.0033253547735512257,
    -0.06442130357027054,
    0.08073415607213974,
    -0.025203049182891846,
    0.02950371615588665,
    0.038137614727020264,
    0.02530684694647789,
    0.06342679262161255,
    -0.04219559207558632,
    0.03080577589571476,
    0.07476551085710526,
    0.11415969580411911,
    0.027291040867567062,
    -0.0009640557109378278,
    0.003180932952091098,
    0.050376467406749725,
    0.006757131312042475,
    -0.001704790978692472,
    0.006229424849152565,
    0.04079638049006462,
    0.046465516090393066,
    -0.012153681367635727,
    0.10622672736644745,
    0.04995990917086601,
    -0.07109854370355606,
    0.12040426582098007,
    -0.011606953106820583,
    0.04863639920949936,
    0.03849642723798752,
    0.04679688438773155,
    -0.09239337593317032,
    -0.01499998290091753,
    0.02477581799030304,
    0.012639546766877174,
    0.03952901437878609,
    -0.06401128321886063,
    0.03859315812587738,
    0.020270848646759987,
    0.0516309030354023,
    -0.05934549495577812,
    -0.011528272181749344,
    0.03651318699121475,
    -0.03548908606171608,
    0.06010652333498001,
    -0.0369245745241642,
    0.02639603056013584,
    0.02756936475634575,
    -0.12750153243541718,
    -0.0617968812584877,
    0.03862854838371277,
    0.02238626964390278,
    -0.01657540164887905,
    0.06815415620803833,
    0.04218975082039833,
    0.030437365174293518,
    -0.0157389547675848,
    0.02415766753256321,
    -0.11164677888154984,
    -0.013179684057831764,
    -4.380226599711843e-33,
    0.0982460230588913,
    0.03899495303630829,
    0.01609361357986927,
    0.023148151114583015,
    0.04891665279865265,
    -0.06752140074968338,
    -0.04478021711111069,
    0.04967357590794563,
    0.030835499987006187,
    0.007398934569209814,
    0.028456011787056923,
    -0.05687405914068222,
    0.055081453174352646,
    -0.08616451174020767,
    -0.07221750169992447,
    0.07004311680793762,
    0.0031059281900525093,
    0.09167009592056274,
    -0.02789902500808239,
    -0.0764489695429802,
    -0.04746419936418533,
    -0.03547346219420433,
    -0.006426603067666292,
    0.11002489924430847,
    -0.02266119234263897,
    0.007950401864945889,
    0.010694791562855244,
    -0.06732742488384247,
    -0.017152493819594383,
    0.04281402379274368,
    -0.027423787862062454,
    -0.13105951249599457,
    0.0074483780190348625,
    0.04044331982731819,
    0.009164654649794102,
    -0.01757761463522911,
    0.060041412711143494,
    0.06102554872632027,
    0.013290136121213436,
    -0.009611244313418865,
    -0.014208213426172733,
    0.03896777331829071,
    0.0050394535064697266,
    0.13288477063179016,
    -0.04272526130080223,
    -0.04382612556219101,
    0.05099150538444519,
    -0.060318946838378906,
    0.04327304661273956,
    0.027524037286639214,
    0.011915023438632488,
    -0.0016246616141870618,
    -0.020520135760307312,
    -0.0160533394664526,
    0.0017440487863495946,
    0.0825616717338562,
    0.07006832212209702,
    -0.017326241359114647,
    0.016873851418495178,
    -0.0375920794904232,
    0.026268519461154938,
    -0.07250834256410599,
    -0.05523860082030296,
    -0.007597146090120077,
    0.07330168783664703,
    -0.04779355600476265,
    -0.01250350009649992,
    -0.05273803696036339,
    -0.036716219037771225,
    0.001527154236100614,
    -0.04429883137345314,
    -0.013369172811508179,
    0.1240430548787117,
    -0.0661843791604042,
    -0.07159831374883652,
    -0.005826325621455908,
    0.02095073089003563,
    0.05613003298640251,
    0.06003116816282272,
    -0.03530354052782059,
    -0.045627206563949585,
    -0.029608726501464844,
    -0.03807102516293526,
    0.04437577351927757,
