{
  "id": 574,
  "vector": [
    -0.08789078146219254,
    0.04935638606548309,
    0.07048935443162918,
    -0.009712405502796173,
    -0.017531191930174828,
    -0.030200069770216942,
    0.06391817331314087,
    0.10568555444478989,
    -0.08093369752168655,
    -0.020199215039610863,
    0.023115582764148712,
    -0.07867810130119324,
    -0.006406987085938454,
    0.0059842392802238464,
    -0.038282137364149094,
    0.01408503856509924,
    -0.021492021158337593,
    0.03763294219970703,
    -0.07450182735919952,
    0.010711883194744587,
    0.059006549417972565,
    0.028304481878876686,
    -0.020596446469426155,
    0.016088131815195084,
    0.031596824526786804,
    0.0069679575972259045,
    -0.08109346777200699,
    -0.025922110304236412,
    0.02863059565424919,
    -0.047219518572092056,
    0.08270968496799469,
    0.06172653287649155,
    0.02651355229318142,
    -0.029077019542455673,
    0.07372168451547623,
    -0.11828912049531937,
    -0.024612965062260628,
    -0.01809248887002468,
    0.020975308492779732,
    0.004566696472465992,
    -0.029810380190610886,
    0.053229980170726776,
    -0.039626989513635635,
    0.06189023703336716,
    -0.021322304382920265,
    -0.08969981968402863,
    0.003996269311755896,
    0.05123466998338699,
    0.07140716910362244,
    -0.019484512507915497,
    0.02635914832353592,
    -0.03412105515599251,
    -0.07709374278783798,
    0.007832319475710392,
    0.0524987131357193,
    -0.10216513276100159,
    -0.055753517895936966,
    -0.09192036092281342,
    0.002657462377101183,
    -0.030569640919566154,
    0.029432259500026703,
    -0.032613951712846756,
    -0.02546374313533306,
    -0.014263910241425037,
    0.05549034848809242,
    0.06580893695354462,
    -0.002694788621738553,
    -0.045490093529224396,
    -0.018193216994404793,
    0.08161903917789459,
    -0.0234236977994442,
    0.06517031788825989,
    0.003728647017851472,
    0.06686808168888092,
    0.00564931845292449,
    -0.0038757433649152517,
    0.027671828866004944,
    -0.08522891253232956,
    -0.04837663471698761,
    -0.051633063703775406,
    -0.056837622076272964,
    -0.030521024018526077,
    0.021974917501211166,
    -0.01761876977980137,
    0.016041690483689308,
    -0.10738375037908554,
    -0.0036332597956061363,
    0.04586727172136307,
    -0.011350920423865318,
    -0.04022485762834549,
    -0.033330582082271576,
    0.005390924867242575,
    -0.011408981867134571,
    0.011617154814302921,
    -0.06908375769853592,
    0.020593134686350822,
    0.03157971426844597,
    0.021114272996783257,
    0.030230194330215454,
    0.07885154336690903,
    0.04417179152369499,
    0.0022387043572962284,
    0.10220031440258026,
    -0.09377439320087433,
    -0.06203301623463631,
    0.05855702981352806,
    0.010748522356152534,
    -0.01989501528441906,
    -0.020772982388734818,
    0.04270203411579132,
    -0.02258731983602047,
    0.01671444997191429,
    -0.012494229711592197,
    0.011571788229048252,
    -0.056368667632341385,
    -0.005627775564789772,
    0.004986695479601622,
    0.032175447791814804,
    0.01673968695104122,
    0.007430243771523237,
    0.062257397919893265,
    0.03352954611182213,
    0.028090909123420715,
    0.04643823578953743,
    -0.03030838631093502,
    -0.002198066096752882,
    -0.00830895360559225,
    7.956103557458273e-33,
    -0.014096364378929138,
    -0.0019885862711817026,
    0.05439573898911476,
    0.056556813418865204,
    0.005904648452997208,
    -0.06418564170598984,
    -0.008394239470362663,
    0.0025719283148646355,
    0.03590313345193863,
    0.05722072347998619,
    -0.0845804363489151,
    -0.00636542122811079,
    -0.03705328330397606,
    0.1257561445236206,
    0.044382236897945404,
    -0.03621240332722664,
    -0.04669228941202164,
    -0.03448285534977913,
    0.02494967356324196,
    -0.05745979771018028,
    -0.0749216303229332,
    0.05712628364562988,
    -0.02018609456717968,
    0.04861035197973251,
    0.028500229120254517,
    0.0359422005712986,
    0.07539131492376328,
    -0.027610069140791893,
    -0.06809617578983307,
    0.04882302135229111,
    0.07235240191221237,
    0.02113383263349533,
    0.023007167503237724,
    0.04866144806146622,
    -0.037308469414711,
    -0.022913310676813126,
    -0.08667536824941635,
    -0.025127911940217018,
    0.02636369876563549,
    -0.060650914907455444,
    0.018627792596817017,
    -0.027206508442759514,
    -0.019537828862667084,
    -0.038095176219940186,
    -0.01190357469022274,
    0.008909455500543118,
    0.07467817515134811,
    0.0005159087013453245,
    0.06050364300608635,
    0.051496680825948715,
    -0.03495233878493309,
    0.03423863649368286,
    -0.0474742129445076,
    0.07222135365009308,
    0.03801323100924492,
    0.005163488909602165,
    0.028419559821486473,
    -0.04209958761930466,
    0.039523448795080185,
    0.07844217866659164,
    0.06429293751716614,
    0.07530789077281952,
    0.03680437058210373,
    0.0026570381596684456,
    -0.02582324668765068,
    0.04297471418976784,
    -0.05008378252387047,
    0.01115164440125227,
    -0.004650771617889404,
    -0.016994142904877663,
    -0.03430088981986046,
    0.027373773977160454,
    0.05335060879588127,
    0.005921867676079273,
    0.007376594934612513,
    -0.01720580831170082,
    0.04516720026731491,
    0.10027700662612915,
    -0.11044026166200638,
    0.023170066997408867,
    -0.09463635087013245,
    -0.002613619901239872,
    0.012250326573848724,
    -0.126178577542305,
    -0.05273567512631416,
    0.00588412256911397,
    0.030399158596992493,
    0.003838574979454279,
    -0.08749143034219742,
    0.01172624807804823,
    -0.006338237784802914,
    -0.03194146603345871,
    -0.005716005805879831,
    -0.025926297530531883,
    -0.03661927580833435,
    -7.820571262860371e-33,
    0.03393678367137909,
    0.028279844671487808,
    0.07639418542385101,
    0.04392456263303757,
    0.01252596266567707,
    0.02076002024114132,
    -0.02560102753341198,
    0.0764155164361,
    -0.005448879674077034,
    0.007757613901048899,
    -0.0782136395573616,
    0.03508651256561279,
    0.07936666160821915,
    -0.08265063166618347,
    0.035432785749435425,
    0.12459782510995865,
    0.03496869280934334,
    -0.02470031939446926,
    -0.053311508148908615,
    -0.10951051861047745,
    -0.07556726783514023,
    0.04748915135860443,
    0.09155647456645966,
    0.061966393142938614,
    0.00996471755206585,
    -0.018541866913437843,
    0.045438189059495926,
    -0.09968265146017075,
    0.05010785907506943,
    0.03748789429664612,
    0.042701855301856995,
    -0.06859595328569412,
    -0.003940593916922808,
    -0.008028081618249416,
    -0.04191794618964195,
    -0.05369863286614418,
    0.04873184114694595,
    0.04420943558216095,
    -0.03322819247841835,
    0.005881505087018013,
    -0.02536185085773468,
    -0.02354966662824154,
    0.030838891863822937,
    0.018062038347125053,
    -0.052887022495269775,
    -0.006873918231576681,
    0.029133658856153488,
    -0.11771488934755325,
    0.008088192902505398,
    -0.03963364660739899,
    0.12767182290554047,
    0.029394911602139473,
    -0.028659051284193993,
    -0.017401959747076035,
    0.04893190786242485,
    0.10487178713083267,
    0.007585739716887474,
    -0.0015337035292759538,
    -0.04698716476559639,
    -0.03539305925369263,
    0.04099039360880852,
    -0.006256630644202232,
    -0.057822104543447495,
    -0.04779912158846855,
    0.005407967139035463,
    -0.04228587448596954,
    -0.05282057076692581,
    -0.034777212888002396,
    -0.02679525688290596,
    0.0374615341424942,
    0.04408654943108559,
    -0.030611552298069,
    -0.022470861673355103,
    -0.0352134071290493,
    -0.0557849258184433,
    0.035928480327129364,
    0.040905263274908066,
    -0.01605210453271866,
    0.022260043770074844,
    -0.015301676467061043,
    -0.0838731974363327,
    -0.05336149036884308,
    0.0548982173204422,
