{
  "id": 530,
  "vector": [
    0.029809409752488136,
    0.023905416950583458,
    -0.014085276052355766,
    0.0818808302283287,
    -0.0878080427646637,
    -0.06224355846643448,
    0.05903680995106697,
    0.11410533636808395,
    0.04547569900751114,
    -0.024768400937318802,
    -0.043917469680309296,
    -0.05099208652973175,
    -0.02614869736135006,
    0.0006597126484848559,
    -0.060859110206365585,
    -0.1758314073085785,
    0.00018312416796106845,
    -0.05761036276817322,
    -0.012223383411765099,
    0.030970510095357895,
    0.06157361716032028,
    -0.06140504777431488,
    0.02335759438574314,
    -0.018324630334973335,
    0.013964706100523472,
    0.048559244722127914,
    0.036100585013628006,
    -0.001652968698181212,
    0.018900420516729355,
    -0.042396776378154755,
    -0.04580164700746536,
    0.023431649431586266,
    0.05878589302301407,
    -0.004813323263078928,
    -0.009255519136786461,
    -0.03533549979329109,
    0.022802822291851044,
    0.025662176311016083,
    0.06970822066068649,
    0.01766161061823368,
    -0.004565086215734482,
    -0.011531637981534004,
    0.015046610496938229,
    0.007338530384004116,
    0.021312842145562172,
    -0.04163288325071335,
    -0.03272807225584984,
    0.016735626384615898,
    -0.040428005158901215,
    -0.04598575830459595,
    0.010030893608927727,
    -0.007114000152796507,
    -0.050967488437891006,
    0.07154718786478043,
    0.1086127981543541,
    -0.13009138405323029,
    -0.012264158576726913,
    0.040578726679086685,
    0.04955816641449928,
    0.1145668625831604,
    -0.04826025292277336,
    -0.019543154165148735,
    -0.06170559301972389,
    0.028156297281384468,
    -0.0241710115224123,
    0.006775460671633482,
    -0.0400029793381691,
    -0.04796365648508072,
    -0.006121546030044556,
    0.009234902448952198,
    -0.06913447380065918,
    0.05738530308008194,
    0.07170004397630692,
    -0.033486511558294296,
    -0.013463813811540604,
    -0.013927215710282326,
    0.05918573588132858,
    0.0052655902691185474,
    0.02313227392733097,
    -0.0003005310136359185,
    0.01858285441994667,
    -0.026230061426758766,
    0.009795804508030415,
    0.06137040629982948,
    0.019438430666923523,
    0.012925958260893822,
    0.038102228194475174,
    0.001914561609737575,
    0.06364920735359192,
    -0.11095280945301056,
    0.025169532746076584,
    0.08421140164136887,
    -0.028876768425107002,
    0.03262318670749664,
    -0.05590595304965973,
    -0.02027847245335579,
    -0.10733248293399811,
    -0.058758512139320374,
    0.013350200839340687,
    -0.008793734014034271,
    0.07827576249837875,
    0.02757278084754944,
    0.10526789724826813,
    0.06792697310447693,
    0.016756070777773857,
    0.042122732847929,
    -0.011456776410341263,
    0.08135506510734558,
    0.05590963363647461,
    0.05967024341225624,
    0.0012961277971044183,
    0.0017333526629954576,
    -0.059524308890104294,
    0.03540278598666191,
    -0.005826187785714865,
    -0.007397007197141647,
    -0.004375135060399771,
    0.011867708526551723,
    0.09914761781692505,
    -0.03505575656890869,
    -0.002000149106606841,
    0.01239184383302927,
    -0.008876084350049496,
    -0.030922487378120422,
    -0.07732711732387543,
    0.03892049565911293,
    0.02819640003144741,
    6.001802689571957e-33,
    -0.07537157833576202,
    0.01749514788389206,
    0.05618993565440178,
    -0.052037645131349564,
    0.06794151663780212,
    -0.037855856120586395,
    0.001785669825039804,
    -0.012751211412250996,
    0.03790489584207535,
    0.05208815261721611,
    -0.08169355988502502,
    0.05776591598987579,
    -0.05885736271739006,
    0.08032339066267014,
    0.03150276839733124,
    -0.03858622536063194,
    -0.02911921963095665,
    0.006161670666188002,
    0.038952361792325974,
    -0.03424357622861862,
    -0.009883818216621876,
    0.050210416316986084,
    0.07825516909360886,
    0.038915377110242844,
    0.034723103046417236,
    0.017627781257033348,
    -0.05317685008049011,
    -0.036224037408828735,
    -0.0626179650425911,
    0.0020675009582191706,
    0.03691485896706581,
    -0.030331894755363464,
    0.009194393642246723,
    -0.02790810912847519,
    -0.0688365176320076,
    -0.0003394985105842352,
    0.08387714624404907,
    0.01852048747241497,
    -0.015233704820275307,
    0.018072854727506638,
    -0.027835356071591377,
    0.10026194900274277,
    0.12483690679073334,
    -0.046662360429763794,
    -0.09649297595024109,
    -0.02373305708169937,
    0.03751790523529053,
    -0.038952846080064774,
    0.13251018524169922,
    0.0742601528763771,
    -0.035883672535419464,
    0.009639977477490902,
    -0.0689125657081604,
    0.020853377878665924,
    0.03012758679687977,
    0.027264870703220367,
    0.011913953348994255,
    0.09141575545072556,
    0.09838520735502243,
    0.03782941401004791,
    -0.007617797236889601,
    -0.040470290929079056,
    -0.007573282346129417,
    0.018278786912560463,
    0.03324271738529205,
    0.05618441477417946,
    -0.08188731968402863,
    -0.048749055713415146,
    0.00814336258918047,
    0.006019274238497019,
    -0.024767709895968437,
    0.009673329070210457,
    0.06867466866970062,
    -0.07278889417648315,
    0.029255645349621773,
    -0.02600051835179329,
    -0.027563540264964104,
    0.0382813923060894,
    -0.07569458335638046,
    0.09190427511930466,
    -0.04407048225402832,
    -0.07773977518081665,
    -0.013556497171521187,
    -0.03718021139502525,
    -0.025836894288659096,
    0.07376396656036377,
    0.08045639842748642,
    -0.040275637060403824,
    -0.06849035620689392,
    0.03187809884548187,
    -0.05739734694361687,
    0.08298628777265549,
    0.011162243783473969,
    -0.08182823657989502,
    -0.04256165772676468,
    -5.299778361477686e-33,
    0.03762681782245636,
    0.094425730407238,
    -0.023090654984116554,
    0.019797805696725845,
    -0.029002593830227852,
    0.011379293166100979,
    0.023279139772057533,
    0.0931626707315445,
    -0.04981796070933342,
    -0.051776789128780365,
    -0.03277457877993584,
    0.04901774600148201,
    0.0665273517370224,
    0.004261393565684557,
    -0.0961460992693901,
    0.05266999453306198,
    0.00525963818654418,
    -0.015135240741074085,
    -0.037629660218954086,
    -0.07483787834644318,
    -0.007290331646800041,
    0.05625693127512932,
    0.03744109347462654,
    0.08766723424196243,
    0.005851398687809706,
    -0.010594137944281101,
    0.08641179651021957,
    -0.034345224499702454,
    -0.037658169865608215,
    -0.020177913829684258,
    0.016723861917853355,
    -0.08426714688539505,
    0.012532205320894718,
    0.010984878987073898,
    -0.03745199739933014,
    -0.06667746603488922,
    0.10923796147108078,
    0.0533311553299427,
    0.010265297256410122,
    0.048666249960660934,
    -0.020844001322984695,
    0.011315572075545788,
    0.011563356965780258,
    0.017224004492163658,
    -0.02547529712319374,
    -0.019566796720027924,
    0.03152067959308624,
    -0.008980375714600086,
    -0.0009728011791594326,
    -0.01043405570089817,
    0.021724173799157143,
    -0.020317228510975838,
    -0.1438809037208557,
    -0.005866891238838434,
    -0.010894250124692917,
    -0.023908277973532677,
    0.019766999408602715,
    0.0645943284034729,
    -0.0418538860976696,
    -0.07882508635520935,
    0.01762106642127037,
    0.012367982417345047,
    -0.0388382226228714,
    -0.052287474274635315,
    0.09930231422185898,
    0.026437660679221153,
    -0.02816295064985752,
    -0.04077952355146408,
    0.03795916959643364,
    -0.003002685960382223,
    0.07176798582077026,
    -0.04156697541475296,
    0.0030775335617363453,
    -0.08026435226202011,
    -0.061449483036994934,
    0.0027328929863870144,
    0.05885470286011696,
    -0.004434524103999138,
    0.05769340693950653,
    0.04301702603697777,
    0.03407413512468338,
    0.009266788139939308,
    0.02752942033112049,
