{
  "id": 250,
  "vector": [
    0.04118477180600166,
    0.008832885883748531,
    -0.0607878677546978,
    -0.006486121565103531,
    -0.0771598070859909,
    0.02865634486079216,
    -0.004661936312913895,
    0.07876203209161758,
    0.015170900151133537,
    -0.06505714356899261,
    0.042594801634550095,
    -0.03575413301587105,
    -0.042530424892902374,
    0.047256164252758026,
    0.020353054627776146,
    -0.06497608125209808,
    -0.0327790267765522,
    -0.005987048149108887,
    -0.10381680727005005,
    -0.03896860033273697,
    0.03937764838337898,
    -0.03882989287376404,
    0.009551823139190674,
    0.015353718772530556,
    0.04926631227135658,
    0.048010341823101044,
    0.004053518641740084,
    -0.03411095589399338,
    -0.015226957388222218,
    -0.07055532187223434,
    -0.017674565315246582,
    0.029286185279488564,
    0.04602060094475746,
    0.02124158851802349,
    0.005880186799913645,
    -0.07807274907827377,
    0.04434872791171074,
    0.020797336474061012,
    0.0546172671020031,
    -0.0033066789619624615,
    0.062439583241939545,
    0.019084330648183823,
    0.05189419165253639,
    0.09173692762851715,
    -0.034085698425769806,
    0.027616096660494804,
    -0.067121721804142,
    0.06658338010311127,
    0.07340554893016815,
    0.0558909997344017,
    -0.02185119315981865,
    0.007244332227855921,
    -0.07619871199131012,
    -0.02370607852935791,
    0.07777433842420578,
    -0.07351630181074142,
    0.003830944886431098,
    -0.03021000698208809,
    0.0636993870139122,
    0.07869461178779602,
    0.015596503391861916,
    -0.012954149395227432,
    0.01140016783028841,
    0.045389603823423386,
    -0.010749774053692818,
    -0.012361186556518078,
    -0.10770135372877121,
    0.025490103289484978,
    -0.12182486802339554,
    0.05786443129181862,
    -0.057334814220666885,
    0.03924516588449478,
    0.03803589940071106,
    -0.037518344819545746,
    -0.03598009794950485,
    0.0023029998410493135,
    -0.008936713449656963,
    -0.09605348855257034,
    -0.058652281761169434,
    0.11370344460010529,
    -0.1217135637998581,
    0.014952666126191616,
    -0.08021325618028641,
    0.0945151075720787,
    -0.021319422870874405,
    -0.05790716037154198,
    -0.003178495215252042,
    0.04786188155412674,
    -0.05151272192597389,
    -0.0014179946156218648,
    -0.022242145612835884,
    0.050876349210739136,
    0.09784108400344849,
    -0.045369215309619904,
    -0.09144918620586395,
    0.03379354625940323,
    -0.004427147097885609,
    -0.05669516697525978,
    0.09767644852399826,
    -0.013693209737539291,
    0.01711874082684517,
    -0.008773243986070156,
    0.15849271416664124,
    -0.04413566365838051,
    -0.0034767647739499807,
    -0.040229346603155136,
    -0.030510570853948593,
    0.03255610540509224,
    0.08860252797603607,
    0.03385137766599655,
    -0.017539944499731064,
    -0.03951558843255043,
    0.0002896092482842505,
    -0.003942691721022129,
    -0.015375208109617233,
    -0.01272089034318924,
    0.01754041761159897,
    -0.031213030219078064,
    0.012508354149758816,
    -0.018241874873638153,
    0.06710293143987656,
    0.06268229335546494,
    0.016011536121368408,
    0.01535219419747591,
    -0.047226760536432266,
    -0.03423691168427467,
    0.0666801705956459,
    4.495190314564247e-33,
    -0.11883765459060669,
    -0.05453385412693024,
    0.034436341375112534,
    0.08892647922039032,
    0.0072054434567689896,
    -0.01702210120856762,
    0.04980647936463356,
    0.0034747738391160965,
    0.03830433264374733,
    0.0806531012058258,
    -0.0392145998775959,
    0.03028387576341629,
    -0.04128687456250191,
    0.10465364903211594,
    -0.04584534466266632,
    -0.04603065177798271,
    0.04131584241986275,
    0.016603808850049973,
    -0.013343079015612602,
    -0.08236051350831985,
    -0.020692577585577965,
    -0.049028631299734116,
    0.04055708646774292,
    0.0016289007617160678,
    -0.04800404608249664,
    0.021758612245321274,
    0.014358779415488243,
    -0.03156536817550659,
    0.07031959295272827,
    0.0002986046893056482,
    0.051672957837581635,
    0.026442471891641617,
    -0.013967431150376797,
    -0.04109085351228714,
    0.01181867066770792,
    -0.019079595804214478,
    -0.0036372733302414417,
    0.008218501694500446,
    0.11084964126348495,
    -0.011829434894025326,
    -0.027291249483823776,
    0.04577108845114708,
    0.04365042969584465,
    0.04417955502867699,
    0.012073593214154243,
    0.03739815205335617,
    0.0074502876959741116,
    0.005648926831781864,
    0.05024835094809532,
    -0.004019096028059721,
    -0.1036766916513443,
    -0.018683578819036484,
    0.05253985524177551,
    0.039976950734853745,
    0.029650971293449402,
    -0.02179255150258541,
    -0.05051588639616966,
    0.07412519305944443,
    0.00773734413087368,
    0.03768814355134964,
    -0.005555522162467241,
    0.11768317222595215,
    -0.0462849996984005,
    0.04457908868789673,
    -0.03724523261189461,
    0.0699976235628128,
    -0.044916361570358276,
    -0.08176923543214798,
    -0.0011024728883057833,
    0.02803170122206211,
    -0.020222268998622894,
    0.005713346414268017,
    0.028881866484880447,
    -0.03946829214692116,
    -0.012690892443060875,
    0.003053518943488598,
    0.07230503112077713,
    0.0010266402969136834,
    -0.08106061816215515,
    -0.08012459427118301,
    -0.07859925180673599,
    -0.02387407422065735,
    -0.005494691431522369,
    0.008341346867382526,
    -0.0408528633415699,
    0.047467559576034546,
    -0.04988976940512657,
    0.010143390856683254,
    -0.02369312196969986,
    -0.06788673996925354,
    0.006759400013834238,
    -0.010086208581924438,
    -0.05745166540145874,
    -0.042742833495140076,
    -0.004979217424988747,
    -4.663831142237028e-33,
    0.02347368746995926,
    0.007775666657835245,
    0.03805024176836014,
    0.017410214990377426,
    0.11143893003463745,
    0.042401622980833054,
    0.04982125386595726,
    0.014572078362107277,
    0.0024836501106619835,
    -0.03440549224615097,
    -0.11701536923646927,
    0.004199339542537928,
    0.026609675958752632,
    -0.014639697037637234,
    -0.040496136993169785,
    0.08919019997119904,
    0.06789292395114899,
    0.011410494334995747,
    0.0010931516299024224,
    -0.043080318719148636,
    -0.10317164659500122,
    0.03534623980522156,
    -0.029530029743909836,
    0.0262606218457222,
    0.06974712014198303,
    0.03625045344233513,
    0.009240352548658848,
    -0.10759653896093369,
    0.003914792090654373,
    0.043171972036361694,
    -0.02742653340101242,
    -0.1559034287929535,
    0.006920431274920702,
    -0.03323868662118912,
    -0.009970062412321568,
    -0.05013482645153999,
    0.04902055114507675,
    0.03339588642120361,
    0.04278083145618439,
    0.007545540574938059,
    0.044409528374671936,
    -0.06689072400331497,
    0.0013550345320254564,
    0.0010908873518928885,
    0.06736943870782852,
    0.03732062876224518,
    -0.016809409484267235,
    -0.027374984696507454,
    0.03730899095535278,
    0.03139844536781311,
    -0.029211608693003654,
    0.08572208136320114,
    -0.13862468302249908,
    0.004546095617115498,
    0.05245647206902504,
    0.029489031061530113,
    0.08134031295776367,
    -0.04163726791739464,
    -0.05259895324707031,
    -0.06941146403551102,
    -0.1014103963971138,
    -0.015137122012674809,
    0.012131080031394958,
    -0.05198424309492111,
    0.0016211944166570902,
    -0.059164222329854965,
    -0.012271804735064507,
    0.004017892759293318,
    -0.06307852268218994,
    0.018631266430020332,
    0.0671660527586937,
    0.05801476538181305,
    0.03844084590673447,
    -0.09719535708427429,
    -0.08180327713489532,
    -0.014827885664999485,
    -0.03115503117442131,
    -0.042279936373233795,
    0.020571742206811905,
    0.09217587858438492,
    -0.011908143758773804,
    0.07829204946756363,
    -0.003441037843003869,
