{
  "id": 441,
  "vector": [
    -0.0845145583152771,
    0.023369258269667625,
    -0.031014492735266685,
    -0.017747074365615845,
    -0.04347362369298935,
    -0.049505382776260376,
    0.07939204573631287,
    0.03614528849720955,
    0.003669594880193472,
    -0.1099463626742363,
    0.028316861018538475,
    -0.06539048999547958,
    -0.004555122926831245,
    0.019670827314257622,
    -0.004788899328559637,
    -0.030678344890475273,
    0.020940350368618965,
    0.07726499438285828,
    -0.10641149431467056,
    0.01995292864739895,
    0.005370288155972958,
    -0.002448050305247307,
    0.023121897131204605,
    0.02387104369699955,
    0.06679076701402664,
    0.022378714755177498,
    0.00831721443682909,
    0.01137908361852169,
    0.0015609407564625144,
    -0.07154609262943268,
    -0.03816049173474312,
    0.002620469778776169,
    -0.02322458289563656,
    -0.0014075656654313207,
    0.08979392051696777,
    -0.034818440675735474,
    -0.03247665613889694,
    -0.020909776911139488,
    0.06211739778518677,
    0.00888923741877079,
    0.03777795284986496,
    -0.022143099457025528,
    0.010305159725248814,
    -0.017670124769210815,
    -0.024687092751264572,
    -0.0010087528498843312,
    -0.07091546058654785,
    0.0450676791369915,
    0.09531819820404053,
    -0.09068650752305984,
    0.020163727924227715,
    -0.042657751590013504,
    -0.030420785769820213,
    -0.07155320793390274,
    0.08022861182689667,
    -0.04567336663603783,
    -0.05261693522334099,
    0.0448208823800087,
    0.00007522419036831707,
    0.06823448836803436,
    0.06057285517454147,
    0.02206648699939251,
    -0.034959182143211365,
    0.02532627061009407,
    0.06771765649318695,
    -0.026326103135943413,
    -0.06605713814496994,
    0.001301847747527063,
    -0.0608377605676651,
    0.026183469220995903,
    -0.03309820592403412,
    -0.0052719502709805965,
    -0.073825404047966,
    -0.06057427078485489,
    0.0036656279116868973,
    -0.03413812443614006,
    0.07523363828659058,
    -0.090652234852314,
    -0.041345685720443726,
    0.03274476155638695,
    -0.016296282410621643,
    0.02935119904577732,
    -0.06326930969953537,
    0.007169600110501051,
    -0.013037711381912231,
    -0.013966379687190056,
    -0.01713825948536396,
    0.029203888028860092,
    0.018922582268714905,
    0.02675136923789978,
    -0.02678770199418068,
    -0.0002569372591096908,
    0.05527050793170929,
    0.015813469886779785,
    -0.07709550857543945,
    0.025329789146780968,
    -0.048855189234018326,
    -0.036378949880599976,
    0.0027204430662095547,
    0.05638578534126282,
    0.042120322585105896,
    0.031168896704912186,
    0.10713270306587219,
    -0.05251993238925934,
    0.004545795265585184,
    -0.02361006662249565,
    -0.04263639822602272,
    -0.022280491888523102,
    0.009630473330616951,
    0.094733327627182,
    -0.00466747535392642,
    -0.005398141220211983,
    -0.05144562944769859,
    0.004026472102850676,
    -0.03546595945954323,
    -0.02350054308772087,
    0.06386210024356842,
    -0.056405194103717804,
    0.014926412142813206,
    -0.0019335331162437797,
    0.009252006188035011,
    0.010008657351136208,
    0.007991377264261246,
    0.02546098828315735,
    -0.04694240167737007,
    0.0814678892493248,
    0.06560222059488297,
    3.685572621197228e-33,
    -0.04790700599551201,
    0.046121496707201004,
    0.029243718832731247,
    -0.019861338660120964,
    0.02437804825603962,
    -0.05062465742230415,
    0.04710047319531441,
    -0.0077465130016207695,
    -0.0004101863887626678,
    -0.04378395155072212,
    -0.060922324657440186,
    -0.02199346013367176,
    -0.0070969597436487675,
    0.07897078990936279,
    -0.04633212834596634,
    -0.053731780499219894,
    -0.017411576583981514,
    0.08716475963592529,
    -0.0072077801451087,
    0.058551982045173645,
    -0.009487204253673553,
    0.004223106428980827,
    -0.009902461431920528,
    0.04435691609978676,
    -0.09410639107227325,
    -0.061265092343091965,
    -0.08349619060754776,
    -0.030350323766469955,
    0.0024919973220676184,
    0.006279070395976305,
    0.02615133486688137,
    0.0019063599174842238,
    0.0269034244120121,
    0.018085934221744537,
    -0.08309314399957657,
    -0.022128453478217125,
    -0.02665068581700325,
    -0.08397092670202255,
    0.07492523640394211,
    -0.0017432740423828363,
    0.0009424776071682572,
    0.04933198168873787,
    0.03519860655069351,
    0.04417036101222038,
    -0.05597619712352753,
    0.015333101153373718,
    0.05344676226377487,
    0.13423748314380646,
    0.021529389545321465,
    0.005235445220023394,
    0.007661872077733278,
    0.053428929299116135,
    0.0035413133446127176,
    0.01584920659661293,
    0.015953533351421356,
    0.03414311632514,
    0.07096636295318604,
    -0.020294342190027237,
    0.1348106563091278,
    0.034770846366882324,
    -0.09152309596538544,
    0.10305199027061462,
    -0.01135289203375578,
    0.059624772518873215,
    0.024013254791498184,
    0.03641239553689957,
    -0.07931194454431534,
    0.008025309070944786,
    0.0274044182151556,
    -0.022572427988052368,
    0.02111232280731201,
    -0.06308135390281677,
    0.025456616654992104,
    0.018179114907979965,
    0.030660787597298622,
    -0.059395164251327515,
    -0.03746052458882332,
    0.0011639060685411096,
    -0.02247495763003826,
    0.05636470764875412,
    -0.023241359740495682,
    0.025652538985013962,
    0.03117164969444275,
    -0.1458449363708496,
    -0.0793539509177208,
    0.03398856520652771,
    0.025788677856326103,
    -0.007952738553285599,
    0.05172983929514885,
    0.03858314827084541,
    0.01546808984130621,
    -0.016836583614349365,
    -0.005845475010573864,
    -0.12055057287216187,
    0.004263805691152811,
    -3.8856035561407794e-33,
    0.1089634820818901,
    0.04019235074520111,
    0.04015128314495087,
    0.038136374205350876,
    0.06569678336381912,
    -0.05248124152421951,
    -0.03977207466959953,
    0.07577316462993622,
    0.049630723893642426,
    0.007036542519927025,
    0.02920433133840561,
    -0.03919448330998421,
    0.06688889861106873,
    -0.0615617074072361,
    -0.0330713652074337,
    0.0630367174744606,
    0.004388466477394104,
    0.10622630268335342,
    -0.04704960808157921,
    -0.06750931590795517,
    -0.04470908269286156,
    -0.055548522621393204,
    -0.021766450256109238,
    0.13052067160606384,
    -0.0504273921251297,
    -0.016384297981858253,
    -0.009980249218642712,
    -0.052607398480176926,
    -0.059283073991537094,
    0.045290324836969376,
    -0.022152161225676537,
    -0.11616237461566925,
    0.023915598168969154,
    -0.0037248411681503057,
    0.03554891422390938,
    -0.020089957863092422,
    0.05703157186508179,
    0.01565631665289402,
    0.014225922524929047,
    -0.017548926174640656,
    -0.014389602467417717,
    0.05925450846552849,
    -0.014120976440608501,
    0.11913236975669861,
    -0.03865934535861015,
    -0.03281835839152336,
    0.027635755017399788,
    -0.04704512655735016,
    0.053916312754154205,
    0.004193715285509825,
    0.010308386757969856,
    -0.0016357251442968845,
    -0.013503802008926868,
    0.00006094210402807221,
    -0.017409315332770348,
    0.0982123464345932,
    0.06470806896686554,
    0.022215643897652626,
    -0.0006549885147251189,
    -0.04150918871164322,
    0.03133833408355713,
    -0.10843724757432938,
    -0.03011304885149002,
    -0.021924413740634918,
    0.08677006512880325,
    -0.055834122002124786,
    -0.002375909360125661,
    -0.025574514642357826,
    -0.02890985831618309,
    -0.008556586690247059,
    -0.005555375013500452,
    0.0010970656294375658,
    0.16289059817790985,
    -0.08129600435495377,
    -0.051330577582120895,
    -0.014801417477428913,
    0.03926666080951691,
    0.06659673899412155,
    0.05561298877000809,
    -0.02402631938457489,
    -0.05124472826719284,
    -0.015469696372747421,
