{
  "id": 604,
  "vector": [
    -0.06035365164279938,
    0.09306378662586212,
    0.01523598376661539,
    0.021049322560429573,
    -0.042216069996356964,
    -0.04602948576211929,
    0.03147434815764427,
    0.08338122814893723,
    -0.05941109359264374,
    0.03567396476864815,
    0.07987929880619049,
    -0.15255628526210785,
    -0.07933442294597626,
    -0.08672026544809341,
    0.038078125566244125,
    -0.010572899132966995,
    -0.005195427220314741,
    0.0625557228922844,
    -0.021853791549801826,
    -0.05629068240523338,
    0.00882654543966055,
    -0.02219904214143753,
    0.02988676354289055,
    0.01116047240793705,
    -0.018310820683836937,
    0.01099936943501234,
    0.00852902326732874,
    0.04449869692325592,
    0.033109698444604874,
    -0.0674218013882637,
    -0.012445230968296528,
    0.07360059022903442,
    0.03421470522880554,
    -0.01311419066041708,
    0.004747329279780388,
    -0.010067653842270374,
    -0.012686257250607014,
    -0.05788087844848633,
    -0.05317931994795799,
    -0.08822061121463776,
    0.0373845249414444,
    -0.03970523923635483,
    -0.011868306435644627,
    -0.09514005482196808,
    0.012464678846299648,
    -0.01103951595723629,
    -0.00138353300280869,
    0.12816335260868073,
    -0.01895119436085224,
    -0.044112350791692734,
    0.02535390295088291,
    0.0027208607643842697,
    -0.11080041527748108,
    -0.014906706288456917,
    0.09928397834300995,
    -0.012814722023904324,
    -0.05732208862900734,
    -0.002375146606937051,
    -0.0248099397867918,
    0.046301864087581635,
    -0.022446351125836372,
    0.016046572476625443,
    -0.15227554738521576,
    0.02270122431218624,
    0.04234982654452324,
    -0.020496822893619537,
    -0.01816384308040142,
    0.001454012468457222,
    -0.0559602789580822,
    0.07200165092945099,
    0.022366296499967575,
    -0.05569149926304817,
    0.004770524334162474,
    -0.01437657792121172,
    -0.02245035395026207,
    0.02010216750204563,
    0.08762720227241516,
    -0.05386391282081604,
    0.008662959560751915,
    -0.03807567059993744,
    -0.07419790327548981,
    -0.00927599798887968,
    -0.0031529879197478294,
    -0.07425692677497864,
    -0.015624633990228176,
    -0.05204658582806587,
    -0.040734339505434036,
    0.06791968643665314,
    0.034355320036411285,
    -0.046660155057907104,
    0.018579596653580666,
    0.020268075168132782,
    -0.02751282975077629,
    0.07220947742462158,
    -0.03148134425282478,
    0.06999807804822922,
    -0.014880657196044922,
    -0.10958877950906754,
    0.012774588540196419,
    0.054426826536655426,
    0.012428084388375282,
    -0.0005772295407950878,
    0.10896475613117218,
    -0.05098487436771393,
    -0.03417164087295532,
    -0.02623351663351059,
    0.055764034390449524,
    0.02968827448785305,
    0.053664062172174454,
    0.05430939793586731,
    -0.05168520659208298,
    0.014019303023815155,
    -0.08057468384504318,
    0.012240803800523281,
    -0.008289076387882233,
    0.01176112238317728,
    0.07512497901916504,
    -0.042623262852430344,
    0.05332864448428154,
    0.02106723189353943,
    -0.00797967053949833,
    0.03455039858818054,
    -0.014911862090229988,
    0.016539031639695168,
    -0.06236214563250542,
    -0.016789274290204048,
    0.0378742478787899,
    4.406717834275562e-33,
    -0.11945425719022751,
    -0.053697869181632996,
    0.023839807137846947,
    0.0014035351341590285,
    0.02903894893825054,
    0.0008639028528705239,
    0.028749465942382812,
    -0.046152181923389435,
    0.060390371829271317,
    0.01828095130622387,
    -0.05344514921307564,
    -0.04662340134382248,
    0.04436545819044113,
    0.14369750022888184,
    -0.003035635454580188,
    -0.07509022951126099,
    -0.025779329240322113,
    0.018977226689457893,
    0.1207694560289383,
    0.0004335360135883093,
    -0.07075497508049011,
    -0.0034894761629402637,
    0.029314080253243446,
    -0.012227886356413364,
    0.039557404816150665,
    0.029971204698085785,
    0.002951338654384017,
    -0.018966343253850937,
    -0.018033666536211967,
    0.03627835959196091,
    0.13199502229690552,
    -0.011864488013088703,
    -0.03656444698572159,
    -0.08494073897600174,
    -0.05465824902057648,
    0.004415770061314106,
    0.052054617553949356,
    -0.017483538016676903,
    -0.011265811510384083,
    0.03294611722230911,
    0.04738922044634819,
    0.011062242090702057,
    0.048256874084472656,
    0.019793324172496796,
    -0.0348028764128685,
    0.003971051424741745,
    0.06606221944093704,
    0.008049316704273224,
    0.08617652207612991,
    0.041616059839725494,
    0.02855752781033516,
    -0.03556317090988159,
    -0.043205682188272476,
    0.004112342372536659,
    0.03869998827576637,
    0.015637673437595367,
    0.01594698242843151,
    0.07649063318967819,
    0.05891169607639313,
    -0.01219852827489376,
    0.029370959848165512,
    0.06552055478096008,
    0.009966918267309666,
    -0.032063987106084824,
    -0.012305503711104393,
    0.009919203817844391,
    -0.08262088149785995,
    -0.009246842935681343,
    0.011341134086251259,
    -0.012734437361359596,
    -0.014981665648519993,
    -0.01790577732026577,
    0.06045614182949066,
    -0.018231749534606934,
    0.024166502058506012,
    -0.04961729794740677,
    0.0457444004714489,
    0.07341964542865753,
    0.0018975685816258192,
    0.11717917025089264,
    0.016064263880252838,
    0.056852031499147415,
    0.031016750261187553,
    -0.06589013338088989,
    -0.0631566122174263,
    0.047917693853378296,
    -0.08003515005111694,
    0.046103060245513916,
    0.0568227656185627,
    0.045651622116565704,
    0.013685295358300209,
    0.03571021556854248,
    -0.03706623241305351,
    -0.018321560695767403,
    0.0218344833701849,
    -4.732772049202832e-33,
    -0.020595693960785866,
    0.09108904004096985,
    -0.008283624425530434,
    0.0991985872387886,
    0.05778031423687935,
    -0.048833977431058884,
    0.03302471712231636,
    0.021521883085370064,
    0.07445767521858215,
    0.03189763054251671,
    -0.026945559307932854,
    0.022037101909518242,
    0.050271593034267426,
    -0.048300039023160934,
    0.020603816956281662,
    0.059047795832157135,
    -0.07754217833280563,
    0.06564272195100784,
    0.001180866383947432,
    0.010296229273080826,
    -0.09623848646879196,
    0.07033450156450272,
    0.07034940272569656,
    0.05237514525651932,
    0.015331539325416088,
    -0.014675606973469257,
    0.01720610447227955,
    0.01715085841715336,
    -0.023014044389128685,
    -0.06610766053199768,
    0.04766468331217766,
    -0.12939564883708954,
    -0.029010925441980362,
    0.01765671744942665,
    0.02254324220120907,
    -0.09279719740152359,
    0.04291534796357155,
    0.03306121006608009,
    -0.02316308580338955,
    0.04019908979535103,
    0.05124996602535248,
    0.06602254509925842,
    -0.032087065279483795,
    0.0021636784076690674,
    -0.05075669288635254,
    -0.02224504016339779,
    0.11594104021787643,
    -0.10293861478567123,
    -0.07495386153459549,
    0.023062320426106453,
    0.07044514268636703,
    0.02027134969830513,
    -0.08948817104101181,
    0.007775474339723587,
    0.011568708345293999,
    0.03982727602124214,
    -0.01623014360666275,
    0.03444405272603035,
    -0.01691625453531742,
    -0.04014229774475098,
    -0.022249186411499977,
    -0.05047675594687462,
    0.00009610525739844888,
    0.006767964921891689,
    0.11502160876989365,
    0.042272962629795074,
    -0.06569582968950272,
    -0.0007591809844598174,
    -0.041437309235334396,
    0.06266516447067261,
    -0.0668644979596138,
    -0.04046311974525452,
    -0.044931989163160324,
    -0.09466085582971573,
    -0.09895157068967819,
    0.0711408257484436,
    -0.0014623395400121808,
    0.020407846197485924,
    0.04276714846491814,
    -0.056412965059280396,
    -0.0672748014330864,
    -0.06934787333011627,
    0.000985305872745812,
