{
  "id": 813,
  "vector": [
    0.019748128950595856,
    0.0254413690418005,
    -0.08117660880088806,
    0.002000750508159399,
    -0.021229539066553116,
    0.0329328216612339,
    0.038700103759765625,
    0.07689415663480759,
    -0.004562658257782459,
    -0.03415906801819801,
    0.03598780184984207,
    -0.007299940101802349,
    -0.05257277935743332,
    0.03659481927752495,
    -0.09033407270908356,
    0.009989801794290543,
    -0.0679033026099205,
    0.056266386061906815,
    -0.09021274000406265,
    -0.011483434587717056,
    -0.012204046361148357,
    -0.03350163996219635,
    0.003355508903041482,
    0.06893709301948547,
    0.0033897662069648504,
    0.04481815919280052,
    -0.02266840636730194,
    -0.018316548317670822,
    0.030112039297819138,
    -0.013653500936925411,
    0.017185373231768608,
    -0.030713019892573357,
    0.018496068194508553,
    -0.023928267881274223,
    0.06992147117853165,
    -0.03728693723678589,
    0.008484086953103542,
    -0.02381821908056736,
    0.07029546052217484,
    -0.0039936816319823265,
    0.019965525716543198,
    0.013519120402634144,
    -0.03194808587431908,
    0.1128651425242424,
    0.04049777612090111,
    0.04297062009572983,
    -0.025150436908006668,
    0.054915618151426315,
    0.007112548220902681,
    0.04833073541522026,
    0.06529033184051514,
    -0.04522889852523804,
    -0.08660928159952164,
    0.0034592095762491226,
    0.006651873700320721,
    -0.0641108825802803,
    -0.0391935333609581,
    0.07516668736934662,
    0.03798437863588333,
    0.04159673675894737,
    -0.04018406197428703,
    -0.0601787306368351,
    -0.05063389241695404,
    0.07209302484989166,
    -0.021878760308027267,
    0.07487034052610397,
    -0.0897490382194519,
    0.006042524706572294,
    -0.11202593147754669,
    0.0005761180073022842,
    0.004415470641106367,
    -0.013425839133560658,
    0.0076533351093530655,
    -0.034287482500076294,
    -0.04553956538438797,
    -0.051852598786354065,
    0.0018217035103589296,
    -0.06115386262536049,
    -0.037142522633075714,
    0.1416247934103012,
    0.009014413692057133,
    0.05155424028635025,
    -0.06878771632909775,
    -0.016091633588075638,
    0.07735275477170944,
    -0.03521955385804176,
    0.023619573563337326,
    -0.07003968954086304,
    0.017145486548542976,
    -0.04545890912413597,
    -0.05019267648458481,
    -0.021513300016522408,
    0.009089600294828415,
    -0.06695424020290375,
    -0.05152931809425354,
    0.08321834355592728,
    0.030426835641264915,
    -0.035740096122026443,
    0.055608805269002914,
    0.03803738206624985,
    0.029591908678412437,
    0.004133658483624458,
    0.01617308147251606,
    -0.07641304284334183,
    -0.021452676504850388,
    0.0011383516248315573,
    0.006900746840983629,
    0.0358097217977047,
    -0.007111435756087303,
    0.02690877765417099,
    -0.04928198829293251,
    -0.007033431436866522,
    -0.008350279182195663,
    -0.015948861837387085,
    0.06918187439441681,
    -0.004900830797851086,
    -0.008808922953903675,
    -0.005050996784120798,
    0.03698562830686569,
    -0.002352639101445675,
    0.059255458414554596,
    0.007642108481377363,
    0.043277572840452194,
    -0.05405712127685547,
    -0.08882912248373032,
    -0.06342610716819763,
    0.07144320011138916,
    4.4450628273413694e-33,
    -0.07553912699222565,
    -0.05920588597655296,
    0.03135839104652405,
    0.01510312594473362,
    0.055427227169275284,
    0.01692485436797142,
    0.029919248074293137,
    0.02212958224117756,
    0.03534211963415146,
    0.024908360093832016,
    -0.023317744955420494,
    0.04856962338089943,
    0.014674757607281208,
    0.08225147426128387,
    -0.05150493234395981,
    -0.054385051131248474,
    0.08337985724210739,
    0.058635562658309937,
    0.07038018852472305,
    -0.0723365992307663,
    -0.0625775009393692,
    0.06103627756237984,
    0.05663023516535759,
    0.002341114915907383,
    -0.09820928424596786,
    0.06301765888929367,
    0.08205141127109528,
    0.021125853061676025,
    0.03657474368810654,
    0.02546273171901703,
    0.10242708027362823,
    0.05279327183961868,
    -0.04063607379794121,
    0.04763420671224594,
    -0.07479940354824066,
    0.04985233023762703,
    0.0009648448321968317,
    -0.0096743768081069,
    0.06336931884288788,
    -0.058767806738615036,
    0.014992594718933105,
    0.10695010423660278,
    -0.003261338220909238,
    0.001637398381717503,
    -0.05535376816987991,
    -0.016122715547680855,
    -0.017513643950223923,
    -0.12932251393795013,
    0.012256389483809471,
    0.020877394825220108,
    -0.13791398704051971,
    0.007185007911175489,
    -0.037629324942827225,
    0.11168330162763596,
    0.07874593138694763,
    -0.06230081245303154,
    -0.08105789124965668,
    0.025605827569961548,
    0.03896362707018852,
    0.05449890345335007,
    -0.04390375688672066,
    0.0032461725641041994,
    0.04387039318680763,
    -0.032479092478752136,
    -0.008079334162175655,
    0.023021584376692772,
    -0.07797527313232422,
    0.030188603326678276,
    -0.006710841320455074,
    -0.007517155725508928,
    0.018825773149728775,
    0.07027608156204224,
    0.011424953117966652,
    -0.09629707038402557,
    0.02226615697145462,
    0.005611084867268801,
    0.07660097628831863,
    0.07386234402656555,
    -0.025045601651072502,
    0.015059285797178745,
    -0.1224656030535698,
    0.0020385568495839834,
    0.04327686131000519,
    0.11301133781671524,
    -0.05619604140520096,
    -0.04107915237545967,
    -0.05170024558901787,
    0.06976127624511719,
    0.0014406869886443019,
    -0.015480134636163712,
    0.00363380485214293,
    -0.0355762355029583,
    0.0060149673372507095,
    -0.04816163331270218,
    0.03461480513215065,
    -4.2411865565026904e-33,
    0.07998548448085785,
    0.05866192281246185,
    0.036708611994981766,
    0.01015231292694807,
    0.00906351488083601,
    -0.03352273255586624,
    -0.0022985178511589766,
    -0.003944355063140392,
    0.003140700049698353,
    0.035953789949417114,
    -0.11413543671369553,
    0.015533436089754105,
    -0.0023464933037757874,
    0.03534892946481705,
    -0.04355489835143089,
    0.040129758417606354,
    0.03879321739077568,
    -0.0281361136585474,
    0.02489287592470646,
    -0.10702086985111237,
    -0.08754711598157883,
    0.10874412208795547,
    0.02897472120821476,
    -0.008344478905200958,
    0.030651351436972618,
    0.027631398290395737,
    -0.050570324063301086,
    -0.04731767624616623,
    0.09729229658842087,
    0.03488216921687126,
    0.05021999031305313,
    -0.05087548494338989,
    -0.007748929783701897,
    0.03515138477087021,
    -0.04364916309714317,
    -0.03678939864039421,
    0.11210717260837555,
    0.11708647757768631,
    -0.056172240525484085,
    0.005775214172899723,
    0.1412152349948883,
    -0.0753195732831955,
    -0.03726482763886452,
    -0.08062925189733505,
    0.05874382331967354,
    0.029914727434515953,
    -0.005690968129783869,
    -0.059948887676000595,
    0.06810154765844345,
    0.020830146968364716,
    -0.010328693315386772,
    -0.048650112003088,
    -0.13326844573020935,
    0.003280138596892357,
    0.03160437196493149,
    -0.039156317710876465,
    0.05738777667284012,
    0.0042465138249099255,
    -0.026270879432559013,
    -0.08562829345464706,
    -0.009829418733716011,
    -0.02009105309844017,
    -0.031080536544322968,
    0.008050280623137951,
    -0.07186909019947052,
    -0.005915123037993908,
    -0.028840912505984306,
    0.020955979824066162,
    0.0209158044308424,
    -0.010749583132565022,
    -0.00020991050405427814,
    0.043407145887613297,
    0.05525287613272667,
    -0.02068965509533882,
    -0.12017691135406494,
    0.020004883408546448,
    0.0039631519466638565,
    -0.0616815946996212,
    0.07232402265071869,
    -0.009415912441909313,
    -0.07214033603668213,
    -0.058402061462402344,
    -0.041858967393636703,
