{
  "id": 62,
  "vector": [
    0.025387831032276154,
    0.01477872021496296,
    0.05497768148779869,
    -0.01835542917251587,
    -0.07433353364467621,
    -0.0247120913118124,
    0.09922889620065689,
    -0.0036928346380591393,
    0.07060083001852036,
    0.04605048522353172,
    -0.02957763336598873,
    -0.026955727487802505,
    -0.055147815495729446,
    0.019779104739427567,
    -0.028748752549290657,
    -0.05909360572695732,
    -0.012294178828597069,
    0.030713798478245735,
    0.030915474519133568,
    -0.0014699011808261275,
    0.021011440083384514,
    -0.0034251082688570023,
    -0.042458705604076385,
    0.031183704733848572,
    0.01663883589208126,
    -0.0024184926878660917,
    -0.06545577198266983,
    0.015916211530566216,
    0.11362269520759583,
    -0.09277453273534775,
    0.08021912723779678,
    0.04915454238653183,
    -0.013483923859894276,
    -0.009764579124748707,
    0.02278735116124153,
    0.06345899403095245,
    0.03446048125624657,
    0.02343280054628849,
    0.024885360151529312,
    0.003238467965275049,
    -0.019020777195692062,
    0.0045860945247113705,
    0.0183554757386446,
    0.03619179129600525,
    -0.009394857101142406,
    0.024832438677549362,
    -0.04236173257231712,
    0.026462741196155548,
    0.015702437609434128,
    -0.03354935348033905,
    -0.017860298976302147,
    -0.08098649978637695,
    -0.10532969236373901,
    -0.040395114570856094,
    -0.04623136669397354,
    -0.015420990064740181,
    -0.008842319250106812,
    -0.04613388702273369,
    0.04914682358503342,
    -0.041865862905979156,
    0.01093206088989973,
    0.09375213086605072,
    -0.05281604826450348,
    0.04525626450777054,
    0.011573118157684803,
    -0.021361926570534706,
    -0.011913072317838669,
    -0.0364251546561718,
    -0.08621343970298767,
    0.05954776331782341,
    0.003614064771682024,
    -0.02159186266362667,
    0.0950576663017273,
    -0.024192873388528824,
    0.00905725546181202,
    -0.03166435658931732,
    0.01325291395187378,
    -0.101295605301857,
    0.016914980486035347,
    0.0077862124890089035,
    -0.1258094161748886,
    0.04904807731509209,
    0.01960618607699871,
    -0.06424257159233093,
    -0.0903133675456047,
    -0.04701240733265877,
    -0.061260100454092026,
    0.04229176416993141,
    0.013238565996289253,
    -0.05481646955013275,
    -0.019159361720085144,
    0.06591964513063431,
    0.006288950797170401,
    0.05929696932435036,
    -0.051878027617931366,
    0.03696277365088463,
    -0.03098355419933796,
    0.08431621640920639,
    0.020962391048669815,
    0.027407651767134666,
    0.018758106976747513,
    0.08427224308252335,
    0.05749788135290146,
    -0.015058867633342743,
    -0.005642271600663662,
    0.014163299463689327,
    -0.08779992163181305,
    -0.022065894678235054,
    0.14959421753883362,
    -0.014713393524289131,
    -0.09762319922447205,
    -0.05580876022577286,
    0.0032618860714137554,
    0.023626675829291344,
    -0.09176580607891083,
    -0.015535580925643444,
    -0.01991933584213257,
    -0.04195490479469299,
    -0.03353901579976082,
    -0.0352591909468174,
    0.057373251765966415,
    -0.0024887025356292725,
    -0.01345756370574236,
    0.03548475354909897,
    -0.03445151820778847,
    -0.016558220610022545,
    0.09969358891248703,
    2.705546266856386e-33,
    0.04786756634712219,
    -0.0053542740643024445,
    0.07764193415641785,
    0.1315685659646988,
    0.04339136555790901,
    -0.03556043654680252,
    0.007160264067351818,
    0.02260313369333744,
    -0.03933237865567207,
    0.08831444382667542,
    -0.07370641827583313,
    -0.10506704449653625,
    -0.0985179990530014,
    -0.012643161229789257,
    0.045484088361263275,
    -0.05314887687563896,
    -0.05801917985081673,
    -0.0352516770362854,
    0.0484100840985775,
    0.045513592660427094,
    -0.09862500429153442,
    0.009440802037715912,
    0.00014448045112658292,
    0.0192999430000782,
    0.04421183094382286,
    0.004016236402094364,
    0.049962226301431656,
    -0.0034779831767082214,
    -0.02410249598324299,
    0.04806351661682129,
    0.05287569761276245,
    0.06140158325433731,
    -0.07418838888406754,
    0.04349345713853836,
    -0.06924999505281448,
    -0.09235823899507523,
    0.003923414275050163,
    -0.006597579922527075,
    -0.00798885989934206,
    -0.021145276725292206,
    -0.05495072156190872,
    -0.02395542711019516,
    0.048020027577877045,
    -0.011195256374776363,
    0.023339543491601944,
    -0.10175351053476334,
    -0.01311823632568121,
    0.07355620712041855,
    -0.0018995883874595165,
    -0.00990314595401287,
    -0.010731954127550125,
    0.09055986255407333,
    -0.010426033288240433,
    0.03762420266866684,
    -0.07747313380241394,
    -0.044611454010009766,
    -0.028010476380586624,
    0.03273538500070572,
    0.008853483945131302,
    0.01441054604947567,
    0.07868868112564087,
    -0.023406587541103363,
    -0.07875815033912659,
    -0.027700236067175865,
    0.013911428861320019,
    0.07243502140045166,
    0.055913686752319336,
    -0.003370249178260565,
    0.037958960980176926,
    -0.05741579830646515,
    -0.022283809259533882,
    -0.026796044781804085,
    0.006844510789960623,
    -0.04148571565747261,
    -0.07661208510398865,
    0.014846380800008774,
    -0.007336393930017948,
    0.0628744512796402,
    -0.013041164726018906,
    -0.015332851558923721,
    -0.09601904451847076,
    0.029492346569895744,
    -0.00658436818048358,
    0.05011161044239998,
    -0.003202760359272361,
    -0.02249648980796337,
    0.11778213083744049,
    0.004869022406637669,
    0.016159867867827415,
    -0.0501241460442543,
    -0.09277795255184174,
    -0.023507975041866302,
    -0.03214668110013008,
    -0.06682249158620834,
    0.030831845477223396,
    -3.3245301842597165e-33,
    -0.004268968943506479,
    -0.023642385378479958,
    -0.058155667036771774,
    0.07243682444095612,
    0.06130474433302879,
    -0.010619019158184528,
    0.0028640073724091053,
    0.021579597145318985,
    0.030944257974624634,
    0.03666313365101814,
    -0.07665479928255081,
    -0.015782173722982407,
    0.06913914531469345,
    -0.059296056628227234,
    -0.08799754828214645,
    0.111874058842659,
    0.049350377172231674,
    0.009292223490774632,
    -0.023583536967635155,
    0.029711822047829628,
    -0.028201628476381302,
    0.026615673676133156,
    -0.014804582111537457,
    -0.007700915448367596,
    -0.02436378411948681,
    0.03869674727320671,
    -0.07207068800926208,
    -0.09698564559221268,
    -0.0542682446539402,
    0.05820615217089653,
    0.01553699467331171,
    -0.0932665467262268,
    0.05072396248579025,
    -0.04809323325753212,
    -0.08337603509426117,
    -0.07410208880901337,
    0.010154768824577332,
    -0.03981057554483414,
    -0.023028895258903503,
    0.00710107060149312,
    0.05052196979522705,
    -0.016934901475906372,
    0.030546024441719055,
    0.07218839973211288,
    0.01649196818470955,
    -0.06899600476026535,
    -0.06817851960659027,
    -0.001827667118050158,
    -0.05961432680487633,
    0.040714021772146225,
    0.012869607657194138,
    0.071528859436512,
    0.01112229935824871,
    -0.051279373466968536,
    0.0054555912502110004,
    0.01027899794280529,
    -0.01170685701072216,
    -0.02453608438372612,
    0.020777776837348938,
    -0.0073262788355350494,
    0.020347638055682182,
    0.1314457207918167,
    -0.08843505382537842,
    0.019642788916826248,
    0.1728479415178299,
    0.0026993327774107456,
    -0.006547312717884779,
    -0.014012974686920643,
    0.003817438380792737,
    0.015059548430144787,
    0.05424627289175987,
    0.06255661696195602,
    0.013187036849558353,
    -0.011100930161774158,
    0.055743373930454254,
    -0.0028223602566868067,
    0.06183115765452385,
    -0.03712337464094162,
    0.024160265922546387,
    0.016480164602398872,
    -0.039248026907444,
    -0.0458291694521904,
    0.09195545315742493,
