{
  "id": 740,
  "vector": [
    0.004226782359182835,
    0.0029667839407920837,
    -0.001142890308983624,
    -0.018266940489411354,
    -0.010171046480536461,
    0.014169207774102688,
    0.10494622588157654,
    0.06298071146011353,
    -0.04753418266773224,
    -0.011342652142047882,
    0.06935442239046097,
    -0.05712885782122612,
    0.0020512347109615803,
    0.005844223778694868,
    -0.06274665892124176,
    0.03310193493962288,
    -0.05052825063467026,
    0.008635072968900204,
    -0.08756066113710403,
    -0.028262648731470108,
    0.0847233310341835,
    -0.03034847602248192,
    0.026776622980833054,
    0.026938823983073235,
    -0.04389621317386627,
    0.05505041405558586,
    0.00419956399127841,
    -0.036042504012584686,
    -0.04653926566243172,
    -0.029771028086543083,
    0.017796732485294342,
    0.06769225746393204,
    0.07830365747213364,
    -0.06358694285154343,
    -0.019536370411515236,
    -0.03986239433288574,
    -0.008700154721736908,
    -0.0036791875027120113,
    0.11626794934272766,
    0.010552939958870411,
    0.00439946074038744,
    -0.006988677196204662,
    -0.031662411987781525,
    0.0018497357377782464,
    -0.040711574256420135,
    -0.05941201001405716,
    -0.010633835569024086,
    0.06962800025939941,
    0.014690885320305824,
    0.0018788054585456848,
    0.0703091248869896,
    -0.035853393375873566,
    -0.062350597232580185,
    0.025441480800509453,
    0.03113672323524952,
    -0.0944676324725151,
    -0.046500787138938904,
    0.009344061836600304,
    -0.0002918950922321528,
    0.00288228876888752,
    0.024063609540462494,
    -0.014312871731817722,
    -0.05307208001613617,
    0.023741332814097404,
    -0.013839679770171642,
    0.05788039416074753,
    0.011363431811332703,
    0.03300851210951805,
    -0.04431113600730896,
    0.044590871781110764,
    -0.05237951874732971,
    0.07658690214157104,
    0.06611690670251846,
    0.04831516370177269,
    0.057945914566516876,
    0.025850530713796616,
    0.1065598800778389,
    -0.12050873786211014,
    -0.054090432822704315,
    0.008462700061500072,
    -0.13061171770095825,
    -0.03491552919149399,
    -0.02726261131465435,
    0.08063691109418869,
    0.01548033393919468,
    0.029157744720578194,
    -0.011259980499744415,
    0.05994103103876114,
    0.04160912334918976,
    -0.09504397958517075,
    -0.041356708854436874,
    -0.000775038031861186,
    -0.02203420363366604,
    -0.03940940275788307,
    -0.039020296186208725,
    0.025371048599481583,
    -0.007823651656508446,
    -0.047546207904815674,
    0.033066097646951675,
    0.029711192473769188,
    0.049613840878009796,
    0.00527994055300951,
    0.07823514938354492,
    -0.10236220061779022,
    -0.002112588146701455,
    -0.047387685626745224,
    0.02986782230436802,
    0.020598985254764557,
    0.006683630403131247,
    0.015955569222569466,
    0.014007056131958961,
    -0.01118021085858345,
    0.04148592799901962,
    0.006200672127306461,
    -0.06135844439268112,
    0.07980696856975555,
    -0.04480926692485809,
    0.027914676815271378,
    0.006324036978185177,
    0.03495112806558609,
    0.08034182339906693,
    0.04058820381760597,
    -0.014331845566630363,
    -0.04249580577015877,
    -0.07593262195587158,
    0.020337197929620743,
    0.025021038949489594,
    4.031854889850242e-33,
    -0.04690450057387352,
    0.0027079370338469744,
    0.0341271311044693,
    0.0607156939804554,
    0.03572257608175278,
    -0.030116084963083267,
    0.05702975392341614,
    -0.03223230689764023,
    0.03610644116997719,
    0.04080991819500923,
    -0.05520350858569145,
    -0.004475550260394812,
    -0.03869466111063957,
    0.08925804495811462,
    -0.007590644061565399,
    -0.03922805190086365,
    0.02281792089343071,
    0.017879193648695946,
    0.03631945326924324,
    -0.06148218363523483,
    -0.0499272495508194,
    0.03845709189772606,
    0.011224706657230854,
    -0.08934193104505539,
    -0.04357991740107536,
    -0.025673415511846542,
    0.008471556939184666,
    0.06572767347097397,
    0.03805239871144295,
    0.01568664237856865,
    0.08543547987937927,
    0.02226143702864647,
    0.012639361433684826,
    0.008009307086467743,
    -0.03314383327960968,
    -0.0026007946580648422,
    -0.05974239483475685,
    -0.0012764944694936275,
    0.01316849421709776,
    -0.026153134182095528,
    0.04081493616104126,
    0.08579802513122559,
    0.006274892017245293,
    0.03890800476074219,
    -0.06532610952854156,
    0.014080936089158058,
    0.05025872960686684,
    -0.0038324808701872826,
    0.12895642220973969,
    0.04262235388159752,
    -0.019862841814756393,
    -0.0075170681811869144,
    -0.022785181179642677,
    -0.021911781281232834,
    0.04238060116767883,
    -0.009273441508412361,
    0.012261555530130863,
    0.039398442953825,
    0.01543623860925436,
    0.10136861354112625,
    0.036185186356306076,
    0.01824364624917507,
    -0.019431404769420624,
    0.011380237527191639,
    0.022365860641002655,
    0.014525612816214561,
    -0.09125004708766937,
    -0.024262769147753716,
    -0.009541118517518044,
    -0.027849335223436356,
    0.0032469062134623528,
    0.06705410778522491,
    0.03359180688858032,
    -0.042833566665649414,
    0.04678536206483841,
    0.00547746429219842,
    0.0926317349076271,
    0.06679054349660873,
    -0.050010405480861664,
    -0.012987375259399414,
    -0.02967810072004795,
    -0.0801786333322525,
    -0.07057073712348938,
    -0.026652982458472252,
    -0.11085207015275955,
    0.11579662561416626,
    -0.030263908207416534,
    0.04230770096182823,
    -0.04580641910433769,
    -0.060497913509607315,
    -0.03190440312027931,
    -0.019360357895493507,
    -0.019834738224744797,
    -0.12541890144348145,
    -0.06932013481855392,
    -4.083146116480434e-33,
    0.03494773432612419,
    0.08798949420452118,
    0.015769656747579575,
    0.04769335314631462,
    0.08596055209636688,
    0.03070644848048687,
    0.10039054602384567,
    0.03513610363006592,
    0.009103748947381973,
    0.01365142222493887,
    -0.06290612369775772,
    0.05686328932642937,
    -0.0032649904023855925,
    0.028003482148051262,
    -0.04423030838370323,
    0.12374264001846313,
    0.0550353117287159,
    0.019533684477210045,
    -0.03171486407518387,
    -0.1025567576289177,
    -0.07961753010749817,
    0.10972101986408234,
    0.07395723462104797,
    0.0817439928650856,
    -0.032755084335803986,
    0.013193859718739986,
    0.03853187710046768,
    0.021940695121884346,
    0.03854190558195114,
    -0.006635707803070545,
    0.05678626522421837,
    -0.08908416330814362,
    0.025145262479782104,
    0.0406988188624382,
    -0.03533407673239708,
    -0.02640950120985508,
    0.07366849482059479,
    0.024189073592424393,
    0.0064255790784955025,
    0.0838925912976265,
    -0.06775961816310883,
    -0.04725712910294533,
    0.00855457503348589,
    0.03513352945446968,
    -0.039523497223854065,
    -0.08796852082014084,
    -0.03283281624317169,
    -0.05487588420510292,
    0.018699802458286285,
    -0.005367788020521402,
    -0.03488381579518318,
    0.02364090271294117,
    -0.09689059853553772,
    -0.05005833879113197,
    0.04602685570716858,
    0.0872400626540184,
    -0.048846498131752014,
    -0.00983468722552061,
    -0.011203295551240444,
    -0.0796642079949379,
    -0.06491795927286148,
    0.047464095056056976,
    -0.01648898608982563,
    -0.02029373124241829,
    0.02618166245520115,
    -0.00999124813824892,
    -0.08416387438774109,
    -0.12753066420555115,
    -0.019476167857646942,
    0.0179221760481596,
    -0.056697577238082886,
    -0.006753572262823582,
    -0.025862164795398712,
    -0.1577949821949005,
    -0.1051313728094101,
    -0.07461927086114883,
    -0.01673441007733345,
    -0.045612361282110214,
    0.046785030514001846,
    0.03016825206577778,
    -0.037436243146657944,
    -0.053378164768218994,
    0.03861851617693901,
