{
  "id": 885,
  "vector": [
    -0.02578366920351982,
    0.02491716295480728,
    -0.06583009660243988,
    0.003812696086242795,
    -0.03135952353477478,
    -0.03702453151345253,
    0.035945385694503784,
    0.05331044644117355,
    0.019083388149738312,
    -0.03285214304924011,
    0.051388729363679886,
    -0.1391279101371765,
    -0.02057204395532608,
    -0.06783638894557953,
    -0.00721312640234828,
    -0.07605468481779099,
    -0.004837789572775364,
    0.02662680111825466,
    -0.13296163082122803,
    -0.0680115818977356,
    -0.023504246026277542,
    0.02497379668056965,
    0.017854752019047737,
    -0.019438831135630608,
    0.006267221178859472,
    0.037567269057035446,
    -0.024303728714585304,
    0.05931863561272621,
    -0.010687107220292091,
    0.014924763701856136,
    0.029902176931500435,
    0.10102073848247528,
    -0.061345744878053665,
    0.02915729582309723,
    -0.03604983165860176,
    0.00032994235516525805,
    -0.09504034370183945,
    -0.05110371857881546,
    0.14349181950092316,
    0.09365717321634293,
    0.034877028316259384,
    -0.009801087900996208,
    0.09159982949495316,
    0.04318857565522194,
    -0.08792584389448166,
    -0.06226585805416107,
    -0.03424324840307236,
    0.059916552156209946,
    -0.0031891753897070885,
    -0.05827156454324722,
    0.07164968550205231,
    0.050778381526470184,
    -0.10961996018886566,
    -0.014460375532507896,
    0.01671961136162281,
    -0.03478407859802246,
    0.003935934975743294,
    -0.00883021205663681,
    -0.031191237270832062,
    0.07095790654420853,
    0.057244572788476944,
    0.013321205042302608,
    -0.06273408979177475,
    -0.011478744447231293,
    -0.0322616770863533,
    0.0013014680007472634,
    -0.0240322258323431,
    -0.03846041113138199,
    0.013526869006454945,
    0.029954051598906517,
    -0.04852355644106865,
    0.04099176824092865,
    0.018930688500404358,
    -0.05511118844151497,
    -0.03613847866654396,
    0.016649289056658745,
    -0.026453206315636635,
    -0.028993261978030205,
    -0.00033485356834717095,
    -0.08678506314754486,
    0.019810223951935768,
    0.048881758004426956,
    -0.05872431397438049,
    0.005132781341671944,
    -0.05103573575615883,
    -0.056647296994924545,
    0.03305630385875702,
    0.06032608821988106,
    0.04488494619727135,
    0.03096555545926094,
    0.06280620396137238,
    -0.0029911473393440247,
    -0.02090355195105076,
    -0.0344710573554039,
    -0.13325382769107819,
    0.11167820543050766,
    -0.033036839216947556,
    -0.06359686702489853,
    -0.0037959006149321795,
    -0.040579766035079956,
    0.03670373186469078,
    -0.05962565541267395,
    0.06152718514204025,
    0.019880814477801323,
    -0.049517564475536346,
    -0.009247584268450737,
    -0.007002329919487238,
    0.0278182290494442,
    0.008393192663788795,
    0.004967596381902695,
    -0.07349108904600143,
    -0.011424567550420761,
    -0.060292214155197144,
    -0.06662117689847946,
    0.034255728125572205,
    0.04064780846238136,
    0.15027391910552979,
    -0.03107685223221779,
    0.044225290417671204,
    -0.07486671209335327,
    0.016948286443948746,
    0.005394750740379095,
    0.03703571856021881,
    -0.010173482820391655,
    -0.03882455825805664,
    0.049079880118370056,
    0.009841582737863064,
    7.772655909068947e-33,
    -0.077682726085186,
    0.012109203264117241,
    0.07425931096076965,
    0.009107572957873344,
    0.007052331231534481,
    -0.044295329600572586,
    -0.06412440538406372,
    -0.04057362675666809,
    0.0049573564901947975,
    -0.012520783580839634,
    -0.0455080047249794,
    0.0649077445268631,
    -0.05695272609591484,
    0.02193564735352993,
    0.001972355879843235,
    0.015620376914739609,
    -0.01686793565750122,
    0.025095006451010704,
    -0.03495986759662628,
    -0.02629859745502472,
    -0.03641733527183533,
    0.07477405667304993,
    0.004713275004178286,
    0.09341643005609512,
    -0.011178380809724331,
    0.02606104500591755,
    0.10005117952823639,
    -0.05096510425209999,
    -0.019900184124708176,
    -0.022439146414399147,
    0.10277917981147766,
    -0.014782769605517387,
    0.0020593793597072363,
    -0.02687615528702736,
    -0.015009276568889618,
    0.055318016558885574,
    -0.048491135239601135,
    -0.014400835148990154,
    -0.0058504133485257626,
    -0.05359802395105362,
    0.004134039394557476,
    0.014647959731519222,
    0.1004939079284668,
    0.09818153083324432,
    -0.05163440480828285,
    0.06132103130221367,
    -0.03854701295495033,
    -0.004423618316650391,
    0.03926920145750046,
    0.01996680721640587,
    -0.009677480906248093,
    0.05478166416287422,
    0.04826264828443527,
    0.08249249309301376,
    0.0519179031252861,
    0.021077748388051987,
    0.008447308093309402,
    0.14760378003120422,
    0.06313075870275497,
    0.019394580274820328,
    -0.0056540402583777905,
    0.004367173183709383,
    -0.03568362817168236,
    0.04569309204816818,
    0.009254427626729012,
    0.06359778344631195,
    -0.09486902505159378,
    -0.048358745872974396,
    -0.0021328504662960768,
    0.02565087005496025,
    0.004396404605358839,
    -0.0028961938805878162,
    0.09174996614456177,
    0.027420496568083763,
    0.07048295438289642,
    0.014153734780848026,
    0.08630411326885223,
    -0.03815982863306999,
    -0.10494040697813034,
    0.07453785091638565,
    -0.05727285519242287,
    -0.013434682041406631,
    0.1042175367474556,
    -0.09353643655776978,
    -0.02833690121769905,
    -0.05692490562796593,
    -0.09475711733102798,
    0.016583198681473732,
    0.06444156914949417,
    0.025604411959648132,
    0.07878734171390533,
    0.02185368537902832,
    -0.022716635838150978,
    -0.002684130100533366,
    -0.06420263648033142,
    -6.589426805418249e-33,
    -0.02513848803937435,
    0.060934871435165405,
    -0.018211083486676216,
    0.0473170131444931,
    0.018100185319781303,
    0.01794927939772606,
    -0.015086421743035316,
    0.013654632493853569,
    -0.028096148744225502,
    -0.07035160809755325,
    -0.03515428304672241,
    0.046179745346307755,
    0.0440741628408432,
    -0.029548179358243942,
    -0.07654894888401031,
    0.0328303687274456,
    0.019764531403779984,
    0.10287521034479141,
    -0.014963658526539803,
    0.029026007279753685,
    -0.07035329192876816,
    0.054133206605911255,
    -0.0006266265991143882,
    0.06706080585718155,
    -0.059148870408535004,
    -0.05138666182756424,
    0.07836537063121796,
    -0.049419745802879333,
    -0.08177833259105682,
    0.006019562017172575,
    0.1277916133403778,
    -0.10462594032287598,
    0.01217226404696703,
    0.027062896639108658,
    -0.0834207683801651,
    -0.09459829330444336,
    0.0876823291182518,
    0.0072587220929563046,
    -0.02733032964169979,
    0.056241750717163086,
    0.03742115944623947,
    -0.024418750777840614,
    0.05552807077765465,
    0.011248433962464333,
    -0.011627623811364174,
    -0.07124552875757217,
    -0.02424558252096176,
    -0.08136846125125885,
    0.004933823365718126,
    0.034625180065631866,
    -0.0011602380545809865,
    0.009640735574066639,
    -0.07715762406587601,
    -0.02473786100745201,
    0.04078489542007446,
    0.016866998746991158,
    -0.004532407037913799,
    0.025575151666998863,
    -0.008961116895079613,
    -0.008288783952593803,
    -0.0250033400952816,
    -0.054974514991045,
    -0.02181965298950672,
    0.011087902821600437,
    0.027776643633842468,
    0.057385530322790146,
    -0.030978865921497345,
    0.04100588709115982,
    -0.019787274301052094,
    0.0026825417298823595,
    0.026846835389733315,
    0.017041629180312157,
    -0.048343490809202194,
    -0.052040740847587585,
    0.04847908765077591,
    0.028782496228814125,
    0.06588872522115707,
    -0.01427246630191803,
    0.046839047223329544,
    0.04578235372900963,
    -0.04316472262144089,
    -0.0005817121709696949,
