{
  "id": 3,
  "vector": [
    -0.038102634251117706,
    -0.02353331260383129,
    -0.03584928438067436,
    0.024062300100922585,
    -0.04411470517516136,
    0.03356148675084114,
    0.04657012224197388,
    0.07314640283584595,
    -0.018600869923830032,
    0.02211361564695835,
    0.07705003023147583,
    -0.04324772581458092,
    0.0007955605397000909,
    0.02604328654706478,
    -0.02803155407309532,
    0.0218958742916584,
    -0.0012204610975459218,
    -0.02710123360157013,
    -0.13502857089042664,
    -0.07753287255764008,
    0.037376485764980316,
    -0.03180006518959999,
    0.022234415635466576,
    0.04709591716527939,
    -0.01658855751156807,
    0.09019000828266144,
    -0.02824222482740879,
    -0.06935806572437286,
    0.0020138935651630163,
    -0.03421524912118912,
    0.0728953629732132,
    0.024155061691999435,
    0.08120888471603394,
    -0.018660277128219604,
    0.02661384455859661,
    -0.01044927816838026,
    0.006176590919494629,
    -0.028521014377474785,
    0.05402960255742073,
    -0.03678661957383156,
    0.08262283354997635,
    0.05539048835635185,
    0.01659327931702137,
    0.04994706064462662,
    -0.03694722428917885,
    -0.021632904186844826,
    -0.016051625832915306,
    0.004942719358950853,
    0.07329428195953369,
    0.04436071962118149,
    -0.03435403108596802,
    -0.041456613689661026,
    -0.09256500005722046,
    -0.04318767040967941,
    -0.004725913051515818,
    -0.08189816027879715,
    0.01141854003071785,
    -0.0304949302226305,
    0.013817856088280678,
    0.08956901729106903,
    -0.009543427266180515,
    -0.06164369359612465,
    -0.04694950208067894,
    0.011945870704948902,
    0.001313520479016006,
    0.024926714599132538,
    -0.07299935817718506,
    0.008388426154851913,
    -0.004450254142284393,
    0.018894217908382416,
    0.02214852161705494,
    0.051677774637937546,
    0.017582595348358154,
    0.044252052903175354,
    -0.026772676035761833,
    -0.019224124029278755,
    0.09717393666505814,
    -0.06299374997615814,
    -0.061480551958084106,
    0.036117881536483765,
    -0.11466505378484726,
    -0.01547036413103342,
    0.0025063164066523314,
    0.017141908407211304,
    0.018811292946338654,
    0.007801705971360207,
    0.038812994956970215,
    0.0743994414806366,
    -0.06069350987672806,
    -0.05201883986592293,
    -0.0841958150267601,
    0.01946745440363884,
    0.062473785132169724,
    0.03786824643611908,
    -0.0705573782324791,
    0.038546234369277954,
    -0.01655731536448002,
    -0.07338535040616989,
    0.006068688817322254,
    0.006333698984235525,
    0.03440697863698006,
    0.02643323503434658,
    0.09312550723552704,
    -0.12806908786296844,
    -0.040221620351076126,
    -0.05875518545508385,
    -0.05755866318941116,
    0.03673643246293068,
    0.05720853433012962,
    0.05390595272183418,
    -0.0002433150657452643,
    -0.04109193757176399,
    -0.019369278103113174,
    0.06153663247823715,
    -0.054506566375494,
    -0.01289089024066925,
    0.0510895699262619,
    0.012502195313572884,
    -0.03264659643173218,
    0.002934406278654933,
    0.07354235649108887,
    -0.008504636585712433,
    0.07684046775102615,
    -0.06340678781270981,
    -0.08487622439861298,
    0.005761094391345978,
    0.012116470374166965,
    7.365699764814271e-33,
    -0.08798152208328247,
    -0.0723576471209526,
    0.025888530537486076,
    0.07859283685684204,
    0.02871232107281685,
    0.025752075016498566,
    0.06874040514230728,
    0.002989696804434061,
    0.04110471531748772,
    0.03020450286567211,
    -0.08026378601789474,
    -0.00844609271734953,
    0.009460595436394215,
    0.0771007239818573,
    -0.036433082073926926,
    -0.09178896993398666,
    -0.03351728990674019,
    -0.01703484170138836,
    0.03795691207051277,
    -0.025233391672372818,
    -0.05172501876950264,
    0.09183400124311447,
    -0.012622005306184292,
    0.02163269929587841,
    -0.0684410035610199,
    -0.03782116249203682,
    0.009156415238976479,
    -0.008659097366034985,
    0.07281041890382767,
    0.02435915730893612,
    0.09371102601289749,
    -0.02202596142888069,
    -0.046017251908779144,
    -0.0345241017639637,
    -0.07371000200510025,
    -0.02108943648636341,
    -0.032507747411727905,
    -0.05087848752737045,
    0.0460481122136116,
    0.014308850280940533,
    0.009180737659335136,
    0.05853034928441048,
    0.06671679019927979,
    0.07291650027036667,
    -0.056906480342149734,
    0.04610671475529671,
    0.050271134823560715,
    -0.0062967268750071526,
    0.06351667642593384,
    0.04200209304690361,
    -0.09988009184598923,
    0.06437104195356369,
    0.04383630305528641,
    -0.0034503082279115915,
    0.029613321647047997,
    -0.03779633715748787,
    -0.0255388505756855,
    0.09235507249832153,
    0.006143765989691019,
    0.053105372935533524,
    0.08921968191862106,
    0.002090304624289274,
    -0.0060727777890861034,
    -0.0036961643490940332,
    -0.009785465896129608,
    0.016966205090284348,
    -0.043987784534692764,
    -0.03256984427571297,
    0.019963804632425308,
    -0.02495374158024788,
    -0.019681842997670174,
    0.00694757467135787,
    0.06126965954899788,
    -0.07367951422929764,
    0.014730854891240597,
    -0.04553507640957832,
    0.0640743151307106,
    0.017777178436517715,
    -0.09193380177021027,
    0.02102220430970192,
    -0.15448613464832306,
    0.008986691944301128,
    0.019024930894374847,
    0.007490863557904959,
    -0.07232022285461426,
    0.05013318359851837,
    -0.060084015130996704,
    0.045328289270401,
    -0.0005271534901112318,
    -0.09329364448785782,
    -0.0397060289978981,
    -0.018969448283314705,
    -0.024759534746408463,
    -0.012094314210116863,
    -0.00566125800833106,
    -6.826656993777541e-33,
    0.014844892546534538,
    0.013741734437644482,
    -0.010799460113048553,
    0.04277164489030838,
    0.07774307578802109,
    -0.05046505853533745,
    0.06388577073812485,
    0.06523431092500687,
    0.008756344206631184,
    -0.015079333446919918,
    -0.029052453115582466,
    0.07032153010368347,
    0.02810758724808693,
    -0.010823596268892288,
    -0.053649820387363434,
    0.07748883217573166,
    0.0473102368414402,
    0.07702703773975372,
    0.0590096116065979,
    -0.07680051773786545,
    -0.09276406466960907,
    0.112240731716156,
    0.06403549760580063,
    0.07384252548217773,
    0.06946731358766556,
    0.021675579249858856,
    0.019442107528448105,
    -0.09942937642335892,
    0.060938913375139236,
    0.06727409362792969,
    0.06071901693940163,
    -0.0994015783071518,
    -0.007528011221438646,
    0.014941913075745106,
    -0.07561073452234268,
    -0.06637772172689438,
    0.03251277282834053,
    -0.04050741717219353,
    0.011186912655830383,
    0.058076340705156326,
    0.058678146451711655,
    -0.010325032286345959,
    -0.023341987282037735,
    0.028905745595693588,
    -0.04691421985626221,
    -0.018878523260354996,
    -0.015427281148731709,
    -0.002718220232054591,
    -0.02620834670960903,
    0.055229753255844116,
    -0.024338364601135254,
    0.044707510620355606,
    -0.08168340474367142,
    0.019449960440397263,
    0.05837372690439224,
    0.01991410180926323,
    -0.005189568269997835,
    0.05019225925207138,
    -0.023206675425171852,
    -0.06756094098091125,
    -0.06255938857793808,
    -0.016668228432536125,
    -0.016772866249084473,
    -0.016418786719441414,
    -0.02761072851717472,
    0.042399607598781586,
    -0.05565725266933441,
    -0.008618970401585102,
    -0.04270527511835098,
    -0.004532574210315943,
    0.01627095602452755,
    0.04897092655301094,
    -0.006294725928455591,
    -0.058062631636857986,
    -0.03719211369752884,
    0.0018080456648021936,
    -0.00965083111077547,
    -0.02460644394159317,
    0.014982882887125015,
    -0.017015475779771805,
    -0.028553495183587074,
    0.027238015085458755,
    -0.002769090933725238,
    0.04193456843495369,
