{
  "id": 901,
  "vector": [
    -0.05033484846353531,
    0.08143086731433868,
    -0.04335595667362213,
    0.02687293477356434,
    -0.07806119322776794,
    -0.031138474121689796,
    0.05556397885084152,
    0.014966819435358047,
    -0.0015867167385295033,
    0.00678532849997282,
    0.04567975550889969,
    -0.08835416287183762,
    -0.02608191967010498,
    -0.07800345867872238,
    0.03277507424354553,
    -0.05238763988018036,
    -0.01536534633487463,
    0.04343261197209358,
    -0.13980130851268768,
    -0.08133330941200256,
    0.032808881253004074,
    -0.016350101679563522,
    0.021669765934348106,
    -0.027131929993629456,
    0.027071204036474228,
    0.06897396594285965,
    0.038601696491241455,
    0.027188552543520927,
    -0.009152131155133247,
    -0.006933582480996847,
    -0.017055317759513855,
    0.05807734653353691,
    -0.07573381066322327,
    0.029152361676096916,
    0.006894603371620178,
    -0.022707708179950714,
    -0.1279892474412918,
    -0.017570696771144867,
    0.10495343059301376,
    0.02941754460334778,
    0.046116381883621216,
    -0.03601973503828049,
    0.038207363337278366,
    -0.008570405654609203,
    -0.07703112065792084,
    -0.0747896209359169,
    -0.07421153038740158,
    0.0696367397904396,
    0.007687125820666552,
    -0.048505883663892746,
    0.033900998532772064,
    0.012032818980515003,
    -0.07351719588041306,
    0.01647060737013817,
    0.03447868302464485,
    -0.11497131735086441,
    0.016987072303891182,
    -0.009895021095871925,
    -0.021078946068882942,
    0.08041752129793167,
    -0.003270835615694523,
    0.035122402012348175,
    -0.08616743236780167,
    -0.011015202850103378,
    0.018989142030477524,
    -0.08026136457920074,
    0.003433514153584838,
    -0.024058034643530846,
    -0.06575801968574524,
    0.032235365360975266,
    -0.027934858575463295,
    0.01652943529188633,
    0.021552491933107376,
    -0.010611707344651222,
    -0.04118688777089119,
    -0.0437551774084568,
    0.04724893718957901,
    -0.04570916295051575,
    -0.024765530601143837,
    -0.03645388036966324,
    -0.01105153001844883,
    0.014503241516649723,
    0.005921792704612017,
    0.032222673296928406,
    -0.06279663741588593,
    -0.027363914996385574,
    -0.018151994794607162,
    0.05145717039704323,
    0.08000060170888901,
    0.019939638674259186,
    0.03802632540464401,
    0.08050227910280228,
    -0.03973666951060295,
    -0.02731049619615078,
    -0.07351518422365189,
    0.08310048282146454,
    -0.05214139074087143,
    -0.007906484417617321,
    -0.01741712912917137,
    0.020173881202936172,
    0.061912551522254944,
    -0.05644259601831436,
    0.05645226314663887,
    -0.015713222324848175,
    -0.05020924285054207,
    0.005187994800508022,
    0.030981063842773438,
    -0.003600164083763957,
    0.016282154247164726,
    0.037074919790029526,
    -0.09428811818361282,
    -0.0324871651828289,
    -0.015290175564587116,
    -0.039574261754751205,
    0.00550270127132535,
    -0.010455261915922165,
    0.08722866326570511,
    0.011402672156691551,
    0.06502310931682587,
    -0.10328349471092224,
    0.014931301586329937,
    0.015470576472580433,
    0.08443263918161392,
    0.008153778500854969,
    -0.07226964831352234,
    0.05799827352166176,
    -0.025532513856887817,
    8.034212218334537e-33,
    -0.08640485256910324,
    -0.050803251564502716,
    0.08770836144685745,
    0.04966408386826515,
    -0.01786363311111927,
    -0.036524754017591476,
    -0.05424967408180237,
    -0.07324396818876266,
    -0.04793993756175041,
    -0.029128212481737137,
    -0.03935900330543518,
    0.04536202922463417,
    -0.06978028267621994,
    0.01959349401295185,
    0.03342776745557785,
    -0.03124506212770939,
    0.0339108370244503,
    0.06373389065265656,
    0.0034009695518761873,
    -0.020764127373695374,
    -0.07712909579277039,
    0.009742637164890766,
    0.03787250444293022,
    0.06399034708738327,
    -0.027479829266667366,
    0.05099265277385712,
    0.11640574783086777,
    -0.03688271716237068,
    -0.06553579121828079,
    0.009626280516386032,
    0.12124093621969223,
    -0.02230072394013405,
    -0.02372533082962036,
    -0.036856573075056076,
    -0.0552147701382637,
    0.038172874599695206,
    -0.027841975912451744,
    0.005180574953556061,
    -0.06293224543333054,
    -0.09595556557178497,
    -0.0221854280680418,
    -0.013753930106759071,
    0.10213425755500793,
    0.08805277198553085,
    -0.07303300499916077,
    0.11692839860916138,
    -0.004665572661906481,
    0.016007592901587486,
    0.050255004316568375,
    0.024490604177117348,
    -0.020351571962237358,
    0.024079279974102974,
    0.0028596462216228247,
    0.0515129491686821,
    0.037154048681259155,
    0.07542482018470764,
    0.015646900981664658,
    0.1019437313079834,
    0.08563951402902603,
    0.04000801593065262,
    -0.05761386454105377,
    0.02957606315612793,
    -0.05197097733616829,
    0.04740576073527336,
    0.008342080749571323,
    0.0339244119822979,
    -0.09895812720060349,
    -0.07546243071556091,
    0.016536761075258255,
    0.021763036027550697,
    -0.00510405981913209,
    0.006232218351215124,
    0.14055629074573517,
    0.05639650672674179,
    0.07259231060743332,
    -0.01234810333698988,
    0.09441563487052917,
    0.0016617646906524897,
    -0.0781082883477211,
    0.062363848090171814,
    -0.05306168645620346,
    -0.03632078692317009,
    0.09671532362699509,
    -0.09734795987606049,
    -0.044696588069200516,
    -0.0603674054145813,
    -0.08132655173540115,
    -0.0008190866792574525,
    0.02137785218656063,
    0.032270584255456924,
    0.09153598546981812,
    -0.028249278664588928,
    0.0029363958165049553,
    -0.0019873706623911858,
    -0.07136675715446472,
    -7.451368323734261e-33,
    -0.007050986401736736,
    0.061327237635850906,
    -0.00723658362403512,
    0.027496475726366043,
    0.0736340805888176,
    -0.02612927369773388,
    0.0009572322014719248,
    0.0042149461805820465,
    -0.021593280136585236,
    -0.07694870233535767,
    -0.025951003655791283,
    -0.01009941566735506,
    0.032772473990917206,
    -0.0486806258559227,
    -0.01984081044793129,
    0.042411454021930695,
    0.04109793156385422,
    0.04689920321106911,
    0.011360350996255875,
    0.013399699702858925,
    -0.025046907365322113,
    0.08029080182313919,
    0.01554086897522211,
    0.08224495500326157,
    -0.060565538704395294,
    -0.054397474974393845,
    0.07205034047365189,
    0.01684151403605938,
    -0.052607711404561996,
    0.0020095135550945997,
    0.10776147991418839,
    -0.08943527936935425,
    0.003674489911645651,
    0.04652693122625351,
    -0.0809282436966896,
    -0.10947435349225998,
    0.0774119645357132,
    0.027804674580693245,
    0.01034780964255333,
    0.05272417888045311,
    0.033880118280649185,
    -0.01752103492617607,
    0.005211357958614826,
    0.02357586659491062,
    -0.036187510937452316,
    -0.0403643436729908,
    0.0164851825684309,
    -0.06020182743668556,
    -0.01317029818892479,
    -0.025119125843048096,
    0.03450817987322807,
    -0.004459879361093044,
    -0.0819859504699707,
    -0.03753437101840973,
    0.05434183031320572,
    0.029765678569674492,
    -0.01211465522646904,
    0.031458497047424316,
    -0.02132723480463028,
    0.021587112918496132,
    0.0009646706748753786,
    -0.050669342279434204,
    0.03171893209218979,
    0.03879494220018387,
    0.009650894440710545,
    0.01565522886812687,
    0.004743673373013735,
    -0.017214301973581314,
    0.014318782836198807,
    0.01765562780201435,
    0.026692211627960205,
    0.013380785472691059,
    -0.08931051194667816,
    -0.07482332736253738,
    0.057146213948726654,
    -0.0018270525615662336,
    0.02936995029449463,
    -0.013755853287875652,
    0.0327107198536396,
    0.0413982979953289,
    -0.07744036614894867,
    0.046608418226242065,
    -0.06417979300022125,
