{
  "id": 962,
  "vector": [
    -0.0008332427241839468,
    0.04625292122364044,
    -0.050130169838666916,
    0.03540710732340813,
    -0.13772940635681152,
    0.04693859443068504,
    0.006460506934672594,
    -0.007394752930849791,
    -0.06297268718481064,
    0.03826310485601425,
    0.059856709092855453,
    -0.03125229477882385,
    -0.0455838143825531,
    -0.0024946657940745354,
    -0.026081513613462448,
    0.022228913381695747,
    -0.03767140954732895,
    0.0034801033325493336,
    -0.08164239674806595,
    0.009336024522781372,
    0.044532641768455505,
    -0.06704434007406235,
    -0.07614462822675705,
    0.02478952147066593,
    -0.05454392358660698,
    0.011847127228975296,
    -0.03699466958642006,
    -0.06318376213312149,
    -0.010068962350487709,
    -0.03125898167490959,
    -0.009841548278927803,
    0.08676336705684662,
    -0.04055919498205185,
    0.056987274438142776,
    -0.0018010189523920417,
    -0.08915367722511292,
    -0.06944312155246735,
    0.02841808833181858,
    0.08580590784549713,
    -0.029126020148396492,
    0.06600068509578705,
    0.02288670837879181,
    0.027673102915287018,
    -0.0034015115816146135,
    0.06115150824189186,
    -0.05613812804222107,
    -0.04284083843231201,
    0.01524020079523325,
    -0.03536472097039223,
    0.0009916191920638084,
    0.04839135706424713,
    0.041626982390880585,
    -0.08437221497297287,
    0.05592328682541847,
    0.01835234835743904,
    -0.10107659548521042,
    -0.0005392226157709956,
    -0.02248346246778965,
    0.001916764653287828,
    0.01213270053267479,
    -0.01085771806538105,
    -0.0028766856994479895,
    -0.015238036401569843,
    0.008862494491040707,
    -0.040446795523166656,
    -0.021944686770439148,
    -0.05512326583266258,
    -0.01370171271264553,
    -0.05891183018684387,
    0.020184703171253204,
    -0.004691036883741617,
    0.04597596824169159,
    0.03223711624741554,
    0.007824771106243134,
    -0.021977761760354042,
    -0.07298632711172104,
    0.07610134035348892,
    -0.08960074186325073,
    -0.07143078744411469,
    0.04131874069571495,
    -0.0428587980568409,
    -0.011511914432048798,
    0.034667789936065674,
    0.06626959145069122,
    -0.024601247161626816,
    -0.023849206045269966,
    0.032865069806575775,
    0.03636538237333298,
    0.031514957547187805,
    -0.08357763290405273,
    -0.001718353247269988,
    0.01892746612429619,
    -0.01560215838253498,
    0.07511045038700104,
    -0.08618562668561935,
    -0.029130659997463226,
    0.01884203962981701,
    -0.0582231841981411,
    -0.03768370300531387,
    0.051305461674928665,
    0.0671834871172905,
    -0.030300285667181015,
    0.08591025322675705,
    -0.09275303781032562,
    -0.052813928574323654,
    0.05144887417554855,
    0.04633708670735359,
    -0.02465948462486267,
    0.005047269631177187,
    0.08763407915830612,
    -0.03256415203213692,
    0.04805194213986397,
    0.016097871586680412,
    0.03517388924956322,
    -0.006620884872972965,
    -0.0012998678721487522,
    -0.0460786372423172,
    0.060587383806705475,
    0.08157200366258621,
    0.03218739107251167,
    0.104923777282238,
    0.04528395086526871,
    0.08740868419408798,
    0.016291586682200432,
    -0.07441896945238113,
    0.009747939184308052,
    -0.03763756528496742,
    5.50246701568005e-33,
    -0.039121586829423904,
    -0.021454669535160065,
    0.07582195103168488,
    0.0668388158082962,
    0.09745285660028458,
    0.005230509210377932,
    0.07131022214889526,
    -0.06220861151814461,
    0.001551438239403069,
    0.09621893614530563,
    -0.05584966391324997,
    0.0375082865357399,
    -0.012532468885183334,
    0.06973075121641159,
    0.004632936324924231,
    0.05629859119653702,
    -0.07847525179386139,
    -0.005315888673067093,
    0.0705840140581131,
    -0.02518881857395172,
    -0.018883805721998215,
    0.0211008433252573,
    0.06800244748592377,
    -0.06364850699901581,
    -0.10919631272554398,
    0.02036362700164318,
    -0.00007126743003027514,
    -0.02883756347000599,
    -0.048114512115716934,
    0.023738328367471695,
    0.10422562807798386,
    0.011822878383100033,
    0.025576893240213394,
    -0.015935709699988365,
    0.027255123481154442,
    0.017468681558966637,
    -0.002685026964172721,
    -0.01759379170835018,
    -0.03492903709411621,
    0.003342989133670926,
    0.03287457674741745,
    -0.04821858927607536,
    0.014965490438044071,
    -0.007091392297297716,
    -0.06753334403038025,
    0.004978125914931297,
    0.09452272206544876,
    0.02344384789466858,
    0.10833936184644699,
    0.0674092248082161,
    -0.023898929357528687,
    -0.007737765088677406,
    -0.012983030639588833,
    -0.0016165770357474685,
    0.07775960862636566,
    -0.049303799867630005,
    -0.010751243680715561,
    -0.024010615423321724,
    0.042364101856946945,
    0.07229361683130264,
    0.03872879594564438,
    -0.08393343538045883,
    -0.03189287334680557,
    -0.05975945666432381,
    0.020740363746881485,
    0.012653723359107971,
    -0.04314609616994858,
    0.015744974836707115,
    0.03361094743013382,
    -0.0466841384768486,
    0.0017857064958661795,
    -0.02198544330894947,
    0.06607796251773834,
    -0.055381905287504196,
    0.01319789420813322,
    -0.025399241596460342,
    0.03592127934098244,
    0.07200227677822113,
    -0.030041402205824852,
    0.029933692887425423,
    0.015579340979456902,
    -0.03650667890906334,
    0.00208459934219718,
    -0.10144364833831787,
    -0.012517078779637814,
    0.04880376532673836,
    -0.04198538884520531,
    0.026473095640540123,
    -0.05266054347157478,
    0.027213480323553085,
    0.013210729695856571,
    0.04452231898903847,
    0.00649647880345583,
    -0.02890818938612938,
    -0.02814629301428795,
    -5.502289589501473e-33,
    -0.07462187856435776,
    0.04242907091975212,
    -0.07048890739679337,
    0.010131986811757088,
    0.07543719559907913,
    -0.05455486848950386,
    -0.005210863426327705,
    0.016218949109315872,
    0.06891991198062897,
    -0.04195399954915047,
    -0.05147421360015869,
    -0.02616014890372753,
    0.05877339467406273,
    -0.04178455471992493,
    0.07534228265285492,
    -0.0009308979497291148,
    0.018598079681396484,
    -0.03791385889053345,
    0.02115328051149845,
    -0.06325063854455948,
    -0.049307845532894135,
    0.04440896213054657,
    -0.12035920470952988,
    0.12285859882831573,
    -0.024847568944096565,
    0.02560865506529808,
    0.023240767419338226,
    0.0011097447713837028,
    0.12234879285097122,
    0.018555546179413795,
    0.0706910714507103,
    -0.14123676717281342,
    0.06004473567008972,
    0.03878486528992653,
    -0.022389588877558708,
    -0.00913480669260025,
    0.04725765064358711,
    0.0321049764752388,
    0.022869210690259933,
    0.03286660462617874,
    -0.012047581374645233,
    -0.052360642701387405,
    0.02034602127969265,
    0.022360872477293015,
    0.014639160595834255,
    -0.02375135011970997,
    -0.03943974897265434,
    -0.03968414291739464,
    -0.0215749554336071,
    -0.015631170943379402,
    0.032283518463373184,
    -0.04380180686712265,
    -0.09009897708892822,
    -0.09003546833992004,
    0.032659970223903656,
    0.06510729342699051,
    -0.10260606557130814,
    0.02651103027164936,
    0.05720997601747513,
    -0.08285363018512726,
    0.01981932856142521,
    -0.021871505305171013,
    -0.028459513559937477,
    -0.033195167779922485,
    -0.03611850365996361,
    0.024972068145871162,
    -0.018418822437524796,
    -0.12594830989837646,
    -0.0649881437420845,
    0.11837772279977798,
    -0.09726535528898239,
    0.0811649039387703,
    -0.07692114263772964,
    -0.1399952620267868,
    -0.03803963214159012,
    -0.04828731343150139,
    0.0446857325732708,
    0.037601571530103683,
    0.12610474228858948,
    -0.05822538211941719,
    -0.0748741626739502,
    0.0014064889401197433,
    0.05556834861636162,
