{
  "id": 524,
  "vector": [
    -0.020524030551314354,
    0.050272487103939056,
    0.012757863849401474,
    0.02297961339354515,
    -0.010405367240309715,
    -0.04077020287513733,
    0.06497673690319061,
    0.06076778843998909,
    0.001667023985646665,
    0.043096065521240234,
    -0.022048676386475563,
    -0.05221227556467056,
    0.11215656995773315,
    0.06469614803791046,
    -0.054271042346954346,
    -0.008409764617681503,
    -0.08694541454315186,
    -0.0017309685936197639,
    -0.054026681929826736,
    0.026626816019415855,
    0.00044287738273851573,
    -0.01895766891539097,
    0.01354413665831089,
    0.031590159982442856,
    -0.10245119035243988,
    0.03751598298549652,
    -0.017074666917324066,
    -0.03429006412625313,
    0.03077331930398941,
    -0.0334034226834774,
    0.027427872642874718,
    0.04109755903482437,
    0.015750620514154434,
    0.027851836755871773,
    0.05485529080033302,
    -0.05351509898900986,
    -0.01877441816031933,
    0.020636530593037605,
    -0.010044673457741737,
    0.04100952297449112,
    0.04558306187391281,
    -0.0374407134950161,
    0.054125167429447174,
    0.012288229539990425,
    0.015970703214406967,
    0.0033522234298288822,
    -0.042540475726127625,
    0.03175615146756172,
    -0.04263819754123688,
    -0.018350975587964058,
    0.09765089303255081,
    -0.04034227132797241,
    -0.14606602489948273,
    0.05915034934878349,
    0.03711683675646782,
    -0.08153319358825684,
    -0.04847680404782295,
    -0.03267751261591911,
    -0.012423035688698292,
    -0.03908931836485863,
    -0.07553011924028397,
    0.013643094338476658,
    -0.052085138857364655,
    0.026856182143092155,
    -0.04684697464108467,
    0.1057453602552414,
    -0.041088901460170746,
    -0.006391816306859255,
    -0.041645217686891556,
    -0.004777365364134312,
    -0.07744918763637543,
    0.04433164745569229,
    0.023364676162600517,
    0.030933961272239685,
    -0.0065316325053572655,
    -0.011713005602359772,
    0.09093690663576126,
    -0.060880113393068314,
    -0.11293350905179977,
    -0.001132177421823144,
    -0.055032920092344284,
    -0.04295617341995239,
    -0.048547420650720596,
    0.1199585422873497,
    0.01969323866069317,
    0.03476562350988388,
    -0.03966899216175079,
    0.016375066712498665,
    -0.007200401276350021,
    -0.04961879551410675,
    -0.0039140647277235985,
    0.05014318600296974,
    0.03805266693234444,
    -0.03804508224129677,
    -0.0706205889582634,
    -0.01902061514556408,
    -0.002880864078179002,
    -0.004343734588474035,
    0.018770933151245117,
    0.013376662507653236,
    0.0032921875827014446,
    -0.013650495558977127,
    0.12221720069646835,
    -0.09550091624259949,
    0.0015660232165828347,
    -0.06882575154304504,
    -0.006098810583353043,
    -0.016068745404481888,
    -0.0024520240258425474,
    0.06353669613599777,
    -0.012506410479545593,
    -0.029909243807196617,
    -0.04245563969016075,
    -0.03513789921998978,
    -0.06652866303920746,
    0.02655053324997425,
    0.028017383068799973,
    -0.019023030996322632,
    -0.013384693302214146,
    -0.006372994277626276,
    -0.008278898894786835,
    0.005300553515553474,
    0.03346128761768341,
    -0.038813039660453796,
    -0.15626469254493713,
    -0.04171840474009514,
    0.016696540638804436,
    1.3563900744443754e-33,
    -0.0833088755607605,
    0.006895674858242273,
    0.05580490827560425,
    0.08262016624212265,
    0.005612755659967661,
    -0.025720849633216858,
    0.04859447106719017,
    -0.04225076735019684,
    0.055102765560150146,
    0.034226592630147934,
    -0.03120463900268078,
    0.03533719480037689,
    0.024858800694346428,
    0.079288549721241,
    -0.03465741127729416,
    0.012566576711833477,
    -0.0425240583717823,
    -0.03858371451497078,
    -0.03175731375813484,
    0.04533618316054344,
    -0.1034725233912468,
    0.015505785122513771,
    0.07544108480215073,
    -0.05255676433444023,
    0.026754047721624374,
    -0.02804725058376789,
    -0.008500001393258572,
    -0.04873999208211899,
    0.041918959468603134,
    -0.009668441489338875,
    0.031011536717414856,
    0.03306117281317711,
    -0.02346322499215603,
    0.007447950076311827,
    -0.03470345959067345,
    0.03764752671122551,
    -0.005260593723505735,
    -0.028964217752218246,
    -0.019738055765628815,
    0.027430301532149315,
    -0.01169086154550314,
    0.004654649645090103,
    0.052260950207710266,
    0.06265024840831757,
    0.05036228895187378,
    0.04770483076572418,
    0.07247435301542282,
    -0.035546403378248215,
    0.13349033892154694,
    0.01822885125875473,
    0.0008248984813690186,
    0.0507260300219059,
    -0.11530148237943649,
    -0.044852547347545624,
    -0.038144245743751526,
    -0.07886068522930145,
    0.06863709539175034,
    -0.008397246710956097,
    -0.0547926127910614,
    0.08309851586818695,
    0.03586004301905632,
    0.036349646747112274,
    -0.0034794758539646864,
    -0.05855574831366539,
    0.047128673642873764,
    0.03108358010649681,
    -0.09337619692087173,
    0.015033421106636524,
    -0.02039242535829544,
    -0.04580787941813469,
    0.035599857568740845,
    -0.010785212740302086,
    0.04687683284282684,
    -0.10421685129404068,
    0.06042660027742386,
    0.03679275885224342,
    0.07285802811384201,
    0.021920716390013695,
    0.03966152295470238,
    0.009732520207762718,
    -0.06019366532564163,
    -0.06799141317605972,
    -0.019064968451857567,
    -0.053053926676511765,
    -0.07046747207641602,
    0.10442693531513214,
    0.0527624748647213,
    0.08680243045091629,
    -0.002299900632351637,
    -0.04631788283586502,
    0.06005613133311272,
    -0.016094990074634552,
    0.05409642308950424,
    -0.07057858258485794,
    -0.06492377072572708,
    -3.43509314213623e-33,
    -0.041943904012441635,
    0.03737208992242813,
    -0.05635220184922218,
    0.09446333348751068,
    0.11993449181318283,
    0.009764746762812138,
    0.005355433095246553,
    0.03666778281331062,
    0.0406334325671196,
    0.02079554833471775,
    0.019523240625858307,
    0.01726553589105606,
    0.03340810537338257,
    0.03836015239357948,
    0.04778574779629707,
    0.03718720003962517,
    -0.02624313160777092,
    0.011796433478593826,
    0.0017565112793818116,
    0.01321595162153244,
    -0.06139029935002327,
    0.01642012596130371,
    0.06939319521188736,
    0.1034570038318634,
    -0.09417375177145004,
    0.05485590919852257,
    0.06621585786342621,
    -0.03871757164597511,
    0.13710381090641022,
    0.011715703643858433,
    -0.0049246554262936115,
    -0.06702950596809387,
    0.008441546931862831,
    0.09999126940965652,
    -0.05715065449476242,
    -0.0054274313151836395,
    0.03106578066945076,
    0.038029421120882034,
    -0.028340214863419533,
    0.025894777849316597,
    -0.058040499687194824,
    -0.10129029303789139,
    0.01862860471010208,
    0.012808876112103462,
    -0.06952144205570221,
    -0.032391902059316635,
    -0.016017187386751175,
    -0.003248577704653144,
    -0.014273799024522305,
    -0.021293194964528084,
    0.0016009446699172258,
    0.05295446887612343,
    -0.029870543628931046,
    -0.005827734712511301,
    -0.07305969297885895,
    0.06435547769069672,
    -0.10478900372982025,
    0.02609410136938095,
    0.035015519708395004,
    0.006808693055063486,
    -0.011737407185137272,
    0.08981303870677948,
    -0.0625777393579483,
    -0.033783651888370514,
    -0.038232192397117615,
    -0.04839181527495384,
    -0.07727141678333282,
    -0.07255608588457108,
    -0.16807717084884644,
    0.10854803025722504,
    -0.044906727969646454,
    0.013229494914412498,
    0.018721215426921844,
    -0.13126571476459503,
    0.07461445033550262,
    -0.03595930337905884,
    0.027632098644971848,
    -0.030431263148784637,
    0.05909483879804611,
    -0.00020009890431538224,
    -0.11041435599327087,
    0.049799900501966476,
