{
  "id": 420,
  "vector": [
    -0.016296403482556343,
    -0.008622088469564915,
    0.018489491194486618,
    0.005665814504027367,
    -0.09602376073598862,
    -0.005612995009869337,
    0.08134271204471588,
    0.09949679672718048,
    -0.06960698217153549,
    0.05886679142713547,
    -0.053398918360471725,
    -0.03661022335290909,
    0.02931647188961506,
    0.06713829934597015,
    -0.05596134439110756,
    -0.0137312738224864,
    -0.015827767550945282,
    0.04752635955810547,
    -0.07856326550245285,
    -0.032840143889188766,
    0.024677641689777374,
    -0.0820818617939949,
    0.0016377378487959504,
    -0.00018726344569586217,
    -0.00035861815558746457,
    0.02315528504550457,
    -0.060637712478637695,
    -0.014924843795597553,
    0.021508140489459038,
    -0.029460977762937546,
    -0.049881331622600555,
    0.04198934882879257,
    -0.03498406708240509,
    -0.06628912687301636,
    0.0898624062538147,
    0.0010369408410042524,
    -0.11863279342651367,
    -0.06310953944921494,
    0.07642488926649094,
    -0.07378276437520981,
    0.05331908538937569,
    0.01233339961618185,
    0.03266141936182976,
    0.062556192278862,
    0.032366473227739334,
    0.011453530751168728,
    -0.057046908885240555,
    0.001509646768681705,
    0.06650690734386444,
    -0.017184602096676826,
    -0.012972800992429256,
    0.0020776374731212854,
    -0.03926358371973038,
    0.018236728385090828,
    0.023627541959285736,
    -0.10252995789051056,
    -0.005169853568077087,
    0.009704559110105038,
    0.05952911451458931,
    0.048796940594911575,
    0.027743026614189148,
    0.0134199820458889,
    0.03405875340104103,
    -0.008520442992448807,
    -0.029618825763463974,
    0.05821135640144348,
    -0.10346320271492004,
    0.027318980544805527,
    -0.016972610726952553,
    0.0722210481762886,
    0.02924400381743908,
    0.08563893288373947,
    0.015204832889139652,
    -0.0015864047454670072,
    -0.0024443601723760366,
    -0.06359020620584488,
    0.047162603586912155,
    -0.013017034158110619,
    -0.10816555470228195,
    0.09567906707525253,
    -0.05204441025853157,
    -0.009584923274815083,
    0.043499719351530075,
    -0.10611803084611893,
    -0.08752860873937607,
    0.013595860451459885,
    0.016513876616954803,
    0.016688622534275055,
    0.0062471916899085045,
    -0.015433046966791153,
    -0.09257345646619797,
    0.0011904918355867267,
    -0.0010817541042342782,
    -0.05373544991016388,
    -0.06678587943315506,
    0.01663707196712494,
    -0.08072035759687424,
    0.011383669450879097,
    0.07308213412761688,
    0.01571681909263134,
    0.045904166996479034,
    -0.0035917512141168118,
    0.1855926215648651,
    0.004119758028537035,
    -0.04278871789574623,
    -0.05109734460711479,
    0.004177546594291925,
    0.017052365466952324,
    0.04879402741789818,
    0.019797755405306816,
    -0.0938008576631546,
    -0.0800621435046196,
    -0.013722680509090424,
    0.022797182202339172,
    -0.04383404552936554,
    -0.030404895544052124,
    0.10211116075515747,
    0.023765791207551956,
    0.03858121484518051,
    0.06721126288175583,
    0.11374779045581818,
    -0.03955790773034096,
    0.05721971020102501,
    -0.058407261967659,
    -0.06675425171852112,
    0.01645299419760704,
    -0.008996440097689629,
    4.024537437516373e-33,
    -0.03262124955654144,
    -0.04660133644938469,
    0.07993078231811523,
    0.01998811401426792,
    0.023447543382644653,
    -0.008548538200557232,
    0.011291895061731339,
    -0.03971237689256668,
    0.02472810074687004,
    0.044334422796964645,
    -0.12512239813804626,
    0.03577494993805885,
    0.0019309838535264134,
    0.022738028317689896,
    -0.003432371187955141,
    -0.026026464998722076,
    -0.05573292076587677,
    -0.002610173774883151,
    0.04570141062140465,
    -0.04958334565162659,
    0.026417385786771774,
    0.06661640852689743,
    0.020288880914449692,
    0.03422579541802406,
    -0.018220975995063782,
    -0.048931851983070374,
    0.028424914926290512,
    -0.015509853139519691,
    -0.11159689724445343,
    0.04676784574985504,
    0.025792384520173073,
    -0.04040166735649109,
    0.03395754471421242,
    0.041467972099781036,
    -0.027143871411681175,
    -0.058449361473321915,
    -0.07008465379476547,
    -0.03481244668364525,
    0.031316518783569336,
    -0.01587544195353985,
    -0.0005093371728435159,
    -0.03237138316035271,
    0.0604993999004364,
    0.07658118009567261,
    -0.08860412985086441,
    0.05172492563724518,
    0.024248450994491577,
    -0.009878058917820454,
    0.06075495481491089,
    0.03409408777952194,
    -0.022686423733830452,
    0.039350248873233795,
    -0.03086957521736622,
    0.06614141911268234,
    0.054403334856033325,
    -0.0369592122733593,
    -0.032736677676439285,
    -0.020205577835440636,
    -0.031817447394132614,
    0.07766108214855194,
    -0.0034526127856224775,
    0.025828339159488678,
    -0.009568208828568459,
    -0.011444637551903725,
    -0.00467700744047761,
    0.011946226470172405,
    -0.010930600576102734,
    0.07553569227457047,
    0.06276723742485046,
    -0.06066795811057091,
    -0.10802297294139862,
    -0.03444846719503403,
    0.0212290920317173,
    -0.05015825480222702,
    0.022425338625907898,
    -0.026727821677923203,
    0.05590924993157387,
    0.030086971819400787,
    -0.1001143679022789,
    0.10611904412508011,
    -0.055578071624040604,
    0.010452157817780972,
    -0.012447144836187363,
    0.009926010854542255,
    -0.002579192165285349,
    0.046315696090459824,
    0.01329969335347414,
    0.06941971182823181,
    0.011347880586981773,
    -0.0036535444669425488,
    0.005088283680379391,
    -0.025077786296606064,
    -0.015798984095454216,
    0.009850040078163147,
    -0.008997648023068905,
    -4.4869049161008734e-33,
    -0.002424999140202999,
    0.042173102498054504,
    -0.016257908195257187,
    0.041767265647649765,
    0.060305625200271606,
    -0.059624072164297104,
    0.03490428626537323,
    0.0694165900349617,
    0.028692040592432022,
    -0.0006963889463804662,
    -0.06561002880334854,
    0.02965276502072811,
    0.04099336266517639,
    0.005897843278944492,
    -0.07808732986450195,
    0.08565320819616318,
    0.04051345959305763,
    -0.07291048765182495,
    -0.001872784923762083,
    -0.061393339186906815,
    -0.03761375695466995,
    0.06209825351834297,
    -0.013987600803375244,
    0.014230852946639061,
    -0.0334898941218853,
    0.03230024501681328,
    -0.004530990496277809,
    -0.11386266350746155,
    0.023190388455986977,
    0.11807897686958313,
    -0.0452570766210556,
    -0.10653825849294662,
    0.021979492157697678,
    0.07191243767738342,
    -0.022423040121793747,
    -0.13659235835075378,
    0.07319281250238419,
    0.030621115118265152,
    -0.019456101581454277,
    -0.013340792618691921,
    0.12800773978233337,
    0.021657777950167656,
    -0.02287910133600235,
    0.03422655910253525,
    0.016353648155927658,
    -0.026423094794154167,
    0.019531916826963425,
    -0.03938896581530571,
    0.0038032676093280315,
    -0.00020626175682991743,
    -0.004481518641114235,
    0.00544474134221673,
    -0.0640612468123436,
    -0.08494086563587189,
    0.03190804272890091,
    -0.021369604393839836,
    0.02735265903174877,
    0.06708323955535889,
    -0.067966029047966,
    0.049766622483730316,
    0.03249697759747505,
    -0.06961607187986374,
    -0.0016119730425998569,
    0.04282684624195099,
    0.01912965066730976,
    0.04252563416957855,
    0.050344355404376984,
    -0.06312233954668045,
    -0.04887998849153519,
    -0.030760589987039566,
    0.02235342748463154,
    -0.008521858602762222,
    0.012084458023309708,
    -0.00044208799954503775,
    0.010420061647891998,
    -0.008505310863256454,
    -0.007138104178011417,
    0.09455364942550659,
    0.09132880717515945,
    0.019460393115878105,
    -0.03130006417632103,
    -0.0033241682685911655,
