{
  "id": 736,
  "vector": [
    0.009117169305682182,
    0.009695463813841343,
    0.008682460524141788,
    -0.01946628838777542,
    0.027996834367513657,
    0.0022421744652092457,
    0.08867703378200531,
    0.04387006163597107,
    -0.008254374377429485,
    -0.04534143581986427,
    0.09191237390041351,
    -0.052339907735586166,
    -0.036759115755558014,
    -0.023354362696409225,
    -0.04279500991106033,
    0.022170070558786392,
    -0.0561494380235672,
    0.05822020396590233,
    -0.06640909612178802,
    0.002457240829244256,
    0.040953949093818665,
    -0.03046640194952488,
    0.034128982573747635,
    0.03363116458058357,
    -0.03334416076540947,
    0.04424680769443512,
    0.05050307512283325,
    -0.025181997567415237,
    -0.023912345990538597,
    -0.08489549160003662,
    0.06669080257415771,
    0.04358726739883423,
    0.04362405091524124,
    -0.061892662197351456,
    -0.04900921508669853,
    0.0052787489257752895,
    -0.00038390650297515094,
    -0.06269508600234985,
    0.09264297783374786,
    0.024694567546248436,
    0.007476231548935175,
    -0.03545406088232994,
    -0.05920577049255371,
    -0.04964881017804146,
    -0.05422409251332283,
    -0.03372088074684143,
    0.01077423058450222,
    0.06362401694059372,
    0.004231987055391073,
    0.00012904322647955269,
    0.10464947670698166,
    -0.022115234285593033,
    -0.09074974805116653,
    0.03915945068001747,
    -0.005279345903545618,
    -0.0872650295495987,
    -0.06602516025304794,
    0.04905223101377487,
    -0.043991569429636,
    0.01363053172826767,
    -0.017301030457019806,
    0.016519898548722267,
    -0.05418973043560982,
    0.018994344398379326,
    -0.04099209979176521,
    0.04811082035303116,
    -0.011831648647785187,
    0.027035018429160118,
    -0.02079707942903042,
    0.07527093589305878,
    -0.07553178817033768,
    0.030682215467095375,
    0.03220316395163536,
    0.02119411714375019,
    0.02126482129096985,
    0.056449197232723236,
    0.06348918378353119,
    -0.12577050924301147,
    -0.006449533626437187,
    0.012318890541791916,
    -0.12469767779111862,
    0.010671661235392094,
    -0.03146974742412567,
    0.07855398952960968,
    0.022209269925951958,
    -0.004110574722290039,
    0.005683244671672583,
    0.0364568829536438,
    0.0358114056289196,
    -0.09565690159797668,
    0.0031026320066303015,
    -0.014604787342250347,
    -0.01507682166993618,
    -0.009026744402945042,
    0.012134814634919167,
    0.037643369287252426,
    -0.011471823789179325,
    -0.00826158095151186,
    0.009459253400564194,
    0.014338698238134384,
    0.032972197979688644,
    0.047474510967731476,
    0.06006500497460365,
    -0.08006902039051056,
    -0.04501820355653763,
    -0.032946813851594925,
    0.025349825620651245,
    -0.02426576241850853,
    0.003001440316438675,
    -0.018756089732050896,
    -0.004124749451875687,
    -0.012986325658857822,
    0.02328616939485073,
    -0.016790194436907768,
    -0.06457634270191193,
    0.04506045952439308,
    -0.0009999239118769765,
    0.00009999248868552968,
    0.030966993421316147,
    0.031192384660243988,
    0.04032097011804581,
    0.02641989476978779,
    0.01585206761956215,
    0.002717618364840746,
    -0.10277820378541946,
    0.005053727421909571,
    0.015330026857554913,
    5.110456914754095e-33,
    -0.04855084419250488,
    0.008333403617143631,
    -0.005099280271679163,
    0.013428744859993458,
    0.04243078455328941,
    -0.014695648103952408,
    0.03882257267832756,
    -0.019430046901106834,
    0.0232180617749691,
    0.04076092690229416,
    -0.0395762138068676,
    0.020046379417181015,
    -0.059643443673849106,
    0.0948563814163208,
    -0.06277955323457718,
    -0.050651732832193375,
    0.039171721786260605,
    0.046977363526821136,
    0.08067628741264343,
    -0.11738087981939316,
    -0.020734772086143494,
    0.03195422887802124,
    0.009180421940982342,
    -0.05592890456318855,
    -0.09104906022548676,
    0.001996643841266632,
    -0.03252656012773514,
    0.07813788205385208,
    0.02792341448366642,
    0.0030670990236103535,
    0.07918202877044678,
    -0.028684265911579132,
    0.03439494967460632,
    0.0006587823736481369,
    -0.07788379490375519,
    0.04030992090702057,
    -0.05051745846867561,
    0.011738540604710579,
    0.07248333841562271,
    -0.033074378967285156,
    0.04125090315937996,
    0.08987496793270111,
    0.05571810156106949,
    0.037153810262680054,
    -0.087515689432621,
    0.039322249591350555,
    0.0379859022796154,
    -0.0005608454230241477,
    0.12694190442562103,
    -0.0039246948435902596,
    -0.01762675866484642,
    -0.0334937646985054,
    -0.03386634215712547,
    -0.011551253497600555,
    0.019411349669098854,
    -0.042191967368125916,
    -0.006080179940909147,
    0.07681061327457428,
    0.039402615278959274,
    0.04208363592624664,
    0.04443851485848427,
    0.03435039892792702,
    0.014747937209904194,
    0.009524211287498474,
    0.03231753036379814,
    0.003872354282066226,
    -0.08288410305976868,
    0.025548776611685753,
    -0.01597099006175995,
    -0.02694792114198208,
    -0.019475853070616722,
    0.09287954121828079,
    0.038436129689216614,
    -0.01860092021524906,
    0.07328011095523834,
    0.006670075934380293,
    0.09688963741064072,
    0.06150839105248451,
    0.002565769711509347,
    0.019718553870916367,
    -0.041202738881111145,
    -0.06426484137773514,
    -0.07877809554338455,
    0.017764873802661896,
    -0.10241389274597168,
    0.06816017627716064,
    -0.04318738356232643,
    0.06332580000162125,
    -0.057496607303619385,
    -0.035928912460803986,
    -0.05172381177544594,
    -0.01779152639210224,
    -0.01692255400121212,
    -0.110910564661026,
    -0.05933629348874092,
    -5.5352067374023584e-33,
    0.034963205456733704,
    0.07513074576854706,
    0.04143389314413071,
    0.06755708158016205,
    0.0882023423910141,
    0.08536334335803986,
    0.12142325192689896,
    0.030077293515205383,
    0.004841214511543512,
    0.05582984909415245,
    -0.08496546745300293,
    0.03380131348967552,
    0.020563308149576187,
    -0.002326603978872299,
    -0.04634903371334076,
    0.0852862298488617,
    0.04405221715569496,
    0.05865000560879707,
    -0.022901885211467743,
    -0.05494719371199608,
    -0.09397336840629578,
    0.11858430504798889,
    0.036457713693380356,
    0.0684656947851181,
    -0.036880239844322205,
    -0.006905211601406336,
    0.07390312105417252,
    -0.00444785738363862,
    -0.005926019512116909,
    -0.013377184048295021,
    0.09897378832101822,
    -0.08709506690502167,
    0.003991436213254929,
    0.02819562703371048,
    -0.06660334020853043,
    -0.04553234577178955,
    0.06387196481227875,
    0.012079555541276932,
    -0.007204683031886816,
    0.059396032243967056,
    0.00236442475579679,
    -0.08129134774208069,
    0.010105055756866932,
    0.010440041311085224,
    0.009226707741618156,
    -0.11766155809164047,
    -0.04230000451207161,
    -0.08006881922483444,
    0.027395298704504967,
    0.02418162114918232,
    -0.014241194352507591,
    0.06415319442749023,
    -0.09973543882369995,
    -0.008922887034714222,
    0.028091033920645714,
    0.08504708856344223,
    -0.06516283005475998,
    -0.007075333967804909,
    0.02256106585264206,
    -0.06263332813978195,
    -0.09634259343147278,
    0.05119837820529938,
    -0.021449236199259758,
    0.0007670672493986785,
    0.01302111055701971,
    -0.019835669547319412,
    -0.10037373751401901,
    -0.07388868182897568,
    -0.015257523395121098,
    0.03255487605929375,
    -0.0007482877699658275,
    0.03973664343357086,
    -0.005776247475296259,
    -0.17146477103233337,
    -0.09224718064069748,
    -0.053817018866539,
    -0.0008019948727451265,
    -0.05524960160255432,
    0.059339918196201324,
    -0.019474534317851067,
    -0.05410485714673996,
    -0.1037595346570015,
    0.007010098546743393,
