{
  "id": 921,
  "vector": [
    -0.02978154644370079,
    -0.010627004317939281,
    -0.019104978069663048,
    0.09458862245082855,
    -0.04299641028046608,
    -0.036269232630729675,
    0.10224190354347229,
    0.028683703392744064,
    -0.05224606394767761,
    -0.008859174326062202,
    0.04935489967465401,
    -0.04265737533569336,
    -0.05910515785217285,
    -0.05592599883675575,
    0.04947545751929283,
    -0.0326157808303833,
    -0.00763380341231823,
    0.029125355184078217,
    -0.06038062274456024,
    -0.06807418167591095,
    0.0801353007555008,
    -0.07328585535287857,
    -0.014411996118724346,
    0.011011823080480099,
    0.0034658662043511868,
    0.07803346961736679,
    -0.00803374033421278,
    0.003285374026745558,
    0.02759971097111702,
    -0.04216168820858002,
    -0.05399482324719429,
    0.034125011414289474,
    -0.03273463621735573,
    0.022582996636629105,
    -0.003909978084266186,
    -0.014659511856734753,
    -0.07059462368488312,
    -0.03149379789829254,
    0.03399281203746796,
    0.02282828837633133,
    0.028201164677739143,
    0.022562041878700256,
    0.07441453635692596,
    0.07251587510108948,
    -0.08651931583881378,
    -0.027431244030594826,
    -0.042785122990608215,
    0.10976668447256088,
    -0.04662153124809265,
    -0.014424382708966732,
    0.007766778115183115,
    -0.007384208030998707,
    -0.10982199758291245,
    0.03441597893834114,
    0.04459581524133682,
    -0.0728076845407486,
    -0.061848387122154236,
    -0.07212690263986588,
    -0.010079110972583294,
    0.04326304793357849,
    -0.04879831150174141,
    0.02881152555346489,
    -0.036189302802085876,
    0.008627470582723618,
    -0.030078431591391563,
    0.000838086532894522,
    -0.058810826390981674,
    -0.009568598121404648,
    -0.023713601753115654,
    0.05326522886753082,
    -0.05564897507429123,
    0.033621300011873245,
    0.023286979645490646,
    0.045571476221084595,
    -0.06681642681360245,
    -0.0767817422747612,
    0.0653122216463089,
    -0.06716612726449966,
    -0.00009396126552019268,
    0.050116732716560364,
    -0.0023918920196592808,
    0.005678318440914154,
    0.01594669185578823,
    0.08178271353244781,
    0.042121753096580505,
    -0.05402897298336029,
    -0.036968257278203964,
    0.04118168354034424,
    -0.0241402555257082,
    -0.012820620089769363,
    0.03240691497921944,
    0.02732483111321926,
    0.0035897046327590942,
    0.025092750787734985,
    -0.0429818257689476,
    0.057682137936353683,
    0.006886417046189308,
    -0.046238940209150314,
    -0.02259988710284233,
    -0.005626620724797249,
    0.04675788804888725,
    -0.052304357290267944,
    0.0420612208545208,
    -0.056702058762311935,
    -0.025233153253793716,
    0.04659739136695862,
    0.00956213939934969,
    -0.018192628398537636,
    0.09203861653804779,
    0.08163870126008987,
    -0.12319406121969223,
    0.002965507097542286,
    -0.030262239277362823,
    -0.08511027693748474,
    -0.011459153145551682,
    0.009610760025680065,
    0.015393691137433052,
    0.02222374640405178,
    0.08902513235807419,
    -0.06039607152342796,
    -0.02394692599773407,
    0.08422394841909409,
    0.07725555449724197,
    0.006818341091275215,
    -0.04539598152041435,
    -0.0058446601033210754,
    0.05062087997794151,
    4.839808156684894e-33,
    -0.0767449140548706,
    -0.017535557970404625,
    -0.0025023322086781263,
    0.07194672524929047,
    0.08167092502117157,
    -0.02409454621374607,
    0.04718295857310295,
    -0.02672969363629818,
    -0.0018982854671776295,
    0.08297166228294373,
    -0.08123268187046051,
    0.029336821287870407,
    -0.09751178324222565,
    0.0929296687245369,
    0.03051476553082466,
    0.0037594831082969904,
    -0.0017464888514950871,
    0.03900543600320816,
    0.019217127934098244,
    -0.047733601182699203,
    -0.048731159418821335,
    0.03309847414493561,
    0.05153294652700424,
    0.032090477645397186,
    -0.036790959537029266,
    0.08530830591917038,
    -0.03906518965959549,
    0.003799841506406665,
    -0.007740783970803022,
    0.054954081773757935,
    0.11300669610500336,
    -0.009312844835221767,
    -0.07915496826171875,
    -0.020799195393919945,
    -0.048614829778671265,
    0.0020032962784171104,
    0.01428909320384264,
    -0.010951225645840168,
    -0.03183532878756523,
    -0.025937851518392563,
    0.008770530112087727,
    0.012802746146917343,
    0.053418662399053574,
    0.02096635289490223,
    -0.08931080251932144,
    0.03418714925646782,
    0.04764975607395172,
    -0.018498249351978302,
    0.033521343022584915,
    -0.03083014115691185,
    0.0209698136895895,
    -0.015970654785633087,
    -0.004777485504746437,
    0.019914759323000908,
    0.03249078989028931,
    0.0308097954839468,
    0.02190152183175087,
    0.05797654017806053,
    0.038893043994903564,
    0.07118538022041321,
    0.01991511508822441,
    -0.008089570328593254,
    0.01736619509756565,
    -0.04846111685037613,
    0.029319552704691887,
    0.02899887226521969,
    -0.04846010357141495,
    -0.08575376868247986,
    -0.018991561606526375,
    0.039242248982191086,
    0.03183594346046448,
    0.02455856464803219,
    0.08180618286132812,
    -0.04643210023641586,
    0.058764275163412094,
    -0.04930470883846283,
    0.05539337918162346,
    -0.005251629278063774,
    -0.03478248789906502,
    0.08032887428998947,
    -0.050898611545562744,
    -0.07051955908536911,
    0.05172465369105339,
    -0.06611145287752151,
    -0.05740916728973389,
    -0.06353920698165894,
    -0.011761041358113289,
    0.006572085898369551,
    0.04685739427804947,
    0.04128476604819298,
    -0.08182978630065918,
    -0.054732080549001694,
    0.006060832180082798,
    -0.02300364524126053,
    -0.07916691154241562,
    -5.288843325279162e-33,
    -0.04571057856082916,
    0.029840728268027306,
    -0.00682738097384572,
    0.05555661767721176,
    -0.03602141886949539,
    -0.0087771937251091,
    0.03079511597752571,
    0.059545282274484634,
    0.02156592532992363,
    -0.041072119027376175,
    -0.037743981927633286,
    -0.008477563038468361,
    0.0034126583486795425,
    -0.05055154487490654,
    -0.02985178865492344,
    0.08189282566308975,
    -0.024934258311986923,
    0.06596500426530838,
    0.01079290360212326,
    -0.030863940715789795,
    -0.05577283352613449,
    0.02350396104156971,
    0.03151165693998337,
    0.12707920372486115,
    -0.04437730461359024,
    -0.0018887451151385903,
    0.14468981325626373,
    -0.02278042584657669,
    0.04657717049121857,
    0.03848347067832947,
    0.0809113010764122,
    -0.08201773464679718,
    0.02877533622086048,
    0.01837005279958248,
    -0.10297474265098572,
    -0.026915336027741432,
    0.03084653429687023,
    0.047644007951021194,
    0.017175713554024696,
    0.013402019627392292,
    0.07290363311767578,
    -0.040689222514629364,
    0.011702427640557289,
    0.018999943509697914,
    -0.016438273712992668,
    -0.046238601207733154,
    -0.026793433353304863,
    -0.033901553601026535,
    -0.006650901399552822,
    -0.037795308977365494,
    0.0685296580195427,
    0.01687530055642128,
    -0.08850087225437164,
    0.01966465823352337,
    0.00466484110802412,
    0.06206232309341431,
    -0.13190041482448578,
    0.016032444313168526,
    0.03313763067126274,
    -0.11655420064926147,
    -0.02640925534069538,
    -0.059559416025877,
    -0.07905633002519608,
    -0.012610935606062412,
    0.06985154747962952,
    0.039221908897161484,
    -0.07987771183252335,
    -0.04907168447971344,
    0.05994398891925812,
    0.047236766666173935,
    -0.04615016654133797,
    0.025007963180541992,
    -0.0628204271197319,
    -0.043203894048929214,
    0.054147832095623016,
    -0.006630647461861372,
    0.04736655205488205,
    -0.017532700672745705,
    0.1238446831703186,
    -0.010498099960386753,
    -0.07893821597099304,
    0.025605114176869392,
    -0.008460323326289654,
