{
  "id": 920,
  "vector": [
    -0.025368889793753624,
    0.01994895376265049,
    -0.0492289699614048,
    0.10116719454526901,
    -0.06443769484758377,
    -0.026133814826607704,
    0.11974287778139114,
    -0.015979068353772163,
    -0.056343358010053635,
    -0.013844906352460384,
    0.03629663586616516,
    -0.043621908873319626,
    -0.05412788689136505,
    -0.0514649897813797,
    0.07439903169870377,
    -0.046608854085206985,
    0.028226913884282112,
    -0.0013313842937350273,
    -0.053379956632852554,
    -0.0562920980155468,
    0.026122581213712692,
    -0.05813213065266609,
    0.009991509839892387,
    0.03599224612116814,
    -0.0252336785197258,
    0.06033287197351456,
    -0.013278579339385033,
    0.012652037665247917,
    0.02466791681945324,
    -0.059896938502788544,
    -0.017019527032971382,
    0.06795594841241837,
    -0.019672777503728867,
    0.023207975551486015,
    0.0038292338140308857,
    -0.04912429675459862,
    -0.11369257420301437,
    -0.03352101147174835,
    0.056003037840127945,
    0.018287761136889458,
    0.03418012335896492,
    -0.00013730629871133715,
    0.07799707353115082,
    0.08058587461709976,
    -0.06791067868471146,
    -0.011075520887970924,
    -0.03313310816884041,
    0.109889455139637,
    -0.011141403578221798,
    -0.027355022728443146,
    0.008907889947295189,
    -0.01111680455505848,
    -0.13177898526191711,
    0.07894287258386612,
    0.05783708393573761,
    -0.09304898977279663,
    -0.06507100909948349,
    -0.053772758692502975,
    -0.03101659007370472,
    0.05727130547165871,
    -0.0589643269777298,
    0.03476257994771004,
    -0.06608948856592178,
    0.023817848414182663,
    -0.03225476294755936,
    -0.03473520651459694,
    -0.07461633533239365,
    -0.01778043992817402,
    0.012518735602498055,
    0.03818577900528908,
    -0.03501591831445694,
    0.035902660340070724,
    0.01441903319209814,
    0.01906929910182953,
    -0.05810040608048439,
    -0.03678498417139053,
    0.06550419330596924,
    -0.03157223016023636,
    -0.0059954943135380745,
    0.036556072533130646,
    -0.00732759851962328,
    -0.011686132289469242,
    0.030010690912604332,
    0.04198605939745903,
    0.016197899356484413,
    -0.05280744284391403,
    -0.04546039551496506,
    0.040183376520872116,
    -0.02344573475420475,
    -0.001749687478877604,
    0.04580595716834068,
    0.06513356417417526,
    0.019107472151517868,
    0.03943106532096863,
    -0.039905764162540436,
    0.0416870079934597,
    0.01197386160492897,
    -0.02689332328736782,
    -0.015123868361115456,
    0.0002622499887365848,
    0.03657695651054382,
    -0.018175048753619194,
    0.03501821681857109,
    -0.052024729549884796,
    0.0006601532804779708,
    0.015503986738622189,
    0.024020899087190628,
    -0.006729582790285349,
    0.08516567200422287,
    0.05632882937788963,
    -0.08999720960855484,
    -0.009271270595490932,
    -0.01167690847069025,
    -0.07335919886827469,
    0.015602613799273968,
    -0.019886750727891922,
    0.043389055877923965,
    0.03569742292165756,
    0.054268721491098404,
    -0.08353538811206818,
    -0.035128846764564514,
    0.073334701359272,
    0.0945901945233345,
    -0.03029884397983551,
    -0.07567450404167175,
    0.026447216048836708,
    -0.005636359099298716,
    5.441734365360847e-33,
    -0.03216329216957092,
    -0.027651473879814148,
    -0.003932991996407509,
    0.08942081034183502,
    0.05940239131450653,
    0.001348643796518445,
    -0.005512069445103407,
    -0.05147232115268707,
    -0.0024622937198728323,
    0.08888217061758041,
    -0.0731663852930069,
    0.02341383323073387,
    -0.11354868859052658,
    0.0919124111533165,
    0.04345676675438881,
    -0.027826597914099693,
    -0.02917257696390152,
    0.026078414171934128,
    0.05103014409542084,
    -0.06118469312787056,
    -0.09205076098442078,
    0.014133802615106106,
    0.01760653406381607,
    0.020149102434515953,
    -0.0183396153151989,
    0.11280138045549393,
    -0.004880731459707022,
    -0.016009695827960968,
    -0.03203130513429642,
    0.06039927154779434,
    0.11734830588102341,
    -0.006427876651287079,
    -0.09343241900205612,
    -0.04248907044529915,
    -0.04878532513976097,
    -0.009690141305327415,
    0.01020901557058096,
    0.008570481091737747,
    -0.040944695472717285,
    -0.053813252598047256,
    0.019032707437872887,
    -0.005133597180247307,
    0.027668915688991547,
    0.012505879625678062,
    -0.07370800524950027,
    0.04385439306497574,
    0.03183947131037712,
    -0.014279150404036045,
    0.05727964639663696,
    -0.014927644282579422,
    0.008568213321268559,
    -0.03329790383577347,
    0.03412112593650818,
    0.0189196914434433,
    0.028647243976593018,
    0.010765685699880123,
    0.06332753598690033,
    0.05321434512734413,
    0.03090382181107998,
    0.058120738714933395,
    -0.016838477924466133,
    0.019666729494929314,
    -0.005118456203490496,
    -0.04208964854478836,
    0.02589009702205658,
    0.03294890746474266,
    -0.026533093303442,
    -0.052836690098047256,
    -0.03265826776623726,
    0.013689100742340088,
    0.05760480836033821,
    0.06141779199242592,
    0.09728512167930603,
    -0.08334053307771683,
    0.03798031061887741,
    -0.054929468780756,
    0.052133314311504364,
    -0.014498814940452576,
    -0.0031621945090591908,
    0.08425570279359818,
    -0.0513620488345623,
    -0.05174088105559349,
    0.061943069100379944,
    -0.05230606347322464,
    -0.05269169062376022,
    -0.03205817937850952,
    0.026708081364631653,
    0.018917463719844818,
    0.05783931165933609,
    0.04494549334049225,
    -0.10071302205324173,
    -0.014602548442780972,
    0.025801371783018112,
    -0.031495366245508194,
    -0.05005495250225067,
    -5.581777252188045e-33,
    -0.0559253916144371,
    0.011827909387648106,
    -0.012481776997447014,
    0.05692257732152939,
    -0.0051759337075054646,
    -0.015579982660710812,
    0.041617512702941895,
    0.02979433164000511,
    0.038901012390851974,
    -0.05158006399869919,
    -0.057960934937000275,
    0.011967056430876255,
    0.03539377823472023,
    -0.03875483572483063,
    -0.028930669650435448,
    0.045669831335544586,
    -0.057966671884059906,
    0.03338306024670601,
    0.008292379789054394,
    -0.02456207014620304,
    -0.07188782095909119,
    -0.00005424858318292536,
    0.01911485753953457,
    0.1356823891401291,
    -0.04575173929333687,
    0.011519711464643478,
    0.1387888342142105,
    -0.019229944795370102,
    0.06473303586244583,
    0.05447189137339592,
    0.0992109626531601,
    -0.06553542613983154,
    0.04015011340379715,
    0.03617069125175476,
    -0.09458727389574051,
    -0.04847332462668419,
    0.05387920141220093,
    0.08444484323263168,
    -0.009767483919858932,
    -0.007596575655043125,
    0.06436873972415924,
    -0.03748779371380806,
    -0.0033827514853328466,
    -0.011978134512901306,
    -0.004607617389410734,
    -0.03036663495004177,
    -0.01642671227455139,
    -0.026642922312021255,
    -0.02082161232829094,
    0.001058210153132677,
    0.05374107137322426,
    -0.020036930218338966,
    -0.1118360161781311,
    0.06091254577040672,
    -0.004293404053896666,
    0.046522356569767,
    -0.1120346412062645,
    0.038540542125701904,
    0.0516744889318943,
    -0.11429554969072342,
    -0.006860734894871712,
    -0.05057018622756004,
    -0.08395127952098846,
    -0.012437265366315842,
    0.054185472428798676,
    0.053716033697128296,
    -0.04448582977056503,
    -0.03554527834057808,
    0.041487645357847214,
    0.00919725839048624,
    -0.018466848880052567,
    0.0009441095171496272,
    -0.05726339668035507,
    -0.06005886197090149,
    0.05264456197619438,
    0.014639073051512241,
    0.06021687760949135,
    0.006418812554329634,
    0.10298962891101837,
    0.0061927177011966705,
    -0.07725857943296432,
    0.05552062764763832,
    -0.028127236291766167,
