{
  "id": 797,
  "vector": [
    -0.022854454815387726,
    -0.02960987016558647,
    -0.046483322978019714,
    0.027209846302866936,
    -0.007809920702129602,
    0.029019873589277267,
    0.052005402743816376,
    0.1375049501657486,
    -0.03443312272429466,
    -0.004449523985385895,
    -0.040464259684085846,
    -0.09262440353631973,
    -0.01925107091665268,
    0.005334209650754929,
    0.01583307981491089,
    0.009351279586553574,
    0.002071755938231945,
    -0.0071718282997608185,
    0.0008997212280519307,
    -0.07246240228414536,
    0.026907406747341156,
    -0.11333779990673065,
    -0.020829124376177788,
    -0.04179554060101509,
    -0.022817490622401237,
    0.05334173142910004,
    -0.00926548708230257,
    -0.004626093432307243,
    -0.019193656742572784,
    -0.10837072879076004,
    -0.031183747574687004,
    0.04807369038462639,
    0.04400350898504257,
    0.008432409726083279,
    0.02159140445291996,
    -0.11726651340723038,
    -0.08994265645742416,
    -0.05544191226363182,
    0.021699193865060806,
    -0.017114179208874702,
    0.046031925827264786,
    -0.012567889876663685,
    -0.02647877112030983,
    0.040714919567108154,
    0.04058888182044029,
    0.013938911259174347,
    -0.09621085226535797,
    0.08147510141134262,
    0.07135432958602905,
    -0.053540006279945374,
    0.0010101646184921265,
    -0.023913562297821045,
    -0.09699438512325287,
    0.0656471997499466,
    0.032306354492902756,
    -0.10881654173135757,
    -0.06022868677973747,
    -0.0603683739900589,
    0.025794077664613724,
    -0.0038230998907238245,
    0.12092412263154984,
    -0.023388931527733803,
    -0.042222797870635986,
    0.02138129249215126,
    -0.03748795762658119,
    -0.02660169079899788,
    -0.02917209267616272,
    -0.003307492006570101,
    -0.035076700150966644,
    0.058290354907512665,
    0.017821187153458595,
    0.08407697081565857,
    0.0707879289984703,
    -0.059751611202955246,
    0.013758877292275429,
    0.08473264425992966,
    0.04372759535908699,
    -0.05225955322384834,
    -0.014563078060746193,
    -0.04809432476758957,
    -0.1163756474852562,
    0.0174950510263443,
    -0.0041547054424881935,
    0.0028028246015310287,
    0.022608010098338127,
    -0.025163957849144936,
    -0.02856363169848919,
    0.07048176974058151,
    0.0037659723311662674,
    -0.007539994549006224,
    -0.10811609774827957,
    -0.02807384543120861,
    0.06057320907711983,
    -0.007983116433024406,
    -0.08291269093751907,
    0.017342915758490562,
    -0.012146225199103355,
    0.060956258326768875,
    -0.0035849178675562143,
    0.04772698134183884,
    0.008235551416873932,
    0.03159952163696289,
    0.052950866520404816,
    -0.08124793320894241,
    -0.0005422692047432065,
    0.04932213947176933,
    -0.019251136109232903,
    0.007543968968093395,
    0.029598338529467583,
    0.03857365623116493,
    -0.13632698357105255,
    -0.011827810667455196,
    -0.01923556439578533,
    -0.002780423266813159,
    -0.08620945364236832,
    0.047374267131090164,
    0.0018277312628924847,
    0.022675570100545883,
    -0.03282329440116882,
    0.06505346298217773,
    0.0849033072590828,
    -0.03081742487847805,
    0.07543198019266129,
    -0.034794531762599945,
    -0.08262107521295547,
    0.039349935948848724,
    0.023295175284147263,
    5.325329200560747e-33,
    0.03533627837896347,
    -0.04113674536347389,
    -0.07620132714509964,
    0.018121911212801933,
    0.030240444466471672,
    -0.06844417005777359,
    -0.026564985513687134,
    -0.04151846095919609,
    -0.0429522767663002,
    0.04999806359410286,
    -0.07836621254682541,
    0.06428180634975433,
    0.027101103216409683,
    0.11858713626861572,
    0.04714133217930794,
    -0.07039537280797958,
    -0.010924110189080238,
    0.02121879905462265,
    0.03789377585053444,
    -0.04966820776462555,
    -0.09017113596200943,
    0.03515156731009483,
    -0.05753602832555771,
    -0.02950862981379032,
    -0.048449158668518066,
    0.04802863672375679,
    -0.06161028891801834,
    0.007607386913150549,
    0.038945961743593216,
    0.02390776388347149,
    -0.03619462624192238,
    -0.008253470063209534,
    0.027675686404109,
    0.0009311482426710427,
    0.07107304781675339,
    0.05418426916003227,
    0.0447111576795578,
    -0.051403455436229706,
    -0.006695569958537817,
    -0.08146137744188309,
    -0.010663917288184166,
    0.011541424319148064,
    -0.07227261364459991,
    0.01811455748975277,
    -0.0027798935770988464,
    -0.019230104982852936,
    0.007329566404223442,
    0.03089289180934429,
    0.07870250195264816,
    0.0064450884237885475,
    -0.037086233496665955,
    -0.012653115205466747,
    -0.011799847707152367,
    -0.003274413524195552,
    0.08094482868909836,
    -0.07990609109401703,
    -0.007744791451841593,
    0.07058220356702805,
    0.01575743965804577,
    0.0550331175327301,
    0.06935378909111023,
    -0.04731488227844238,
    0.05696674808859825,
    -0.02105800434947014,
    0.015045728534460068,
    0.07231581956148148,
    -0.005294060800224543,
    0.007345287594944239,
    -0.005340732634067535,
    -0.004476172849535942,
    0.0018609685357660055,
    0.054416295140981674,
    0.016120409592986107,
    -0.014641812071204185,
    0.033173952251672745,
    -0.040524646639823914,
    0.16306011378765106,
    0.05123061314225197,
    -0.03394347429275513,
    0.006063934415578842,
    -0.014360831119120121,
    0.02861000970005989,
    -0.08110702037811279,
    -0.010533725842833519,
    -0.01065246481448412,
    0.10063817352056503,
    -0.01397863682359457,
    0.01513292733579874,
    -0.011621245183050632,
    -0.0654991865158081,
    -0.03232932090759277,
    -0.04262673854827881,
    0.027296461164951324,
    -0.0786215290427208,
    0.0035164181608706713,
    -4.773943371498398e-33,
    -0.025180337950587273,
    0.04560084640979767,
    0.004569426644593477,
    0.0393291711807251,
    0.05380648002028465,
    0.025115936994552612,
    0.03320340812206268,
    0.03656525909900665,
    0.08197035640478134,
    -0.04267117381095886,
    -0.033449478447437286,
    0.006086475681513548,
    0.12548419833183289,
    -0.021429961547255516,
    -0.10041007399559021,
    0.0368468202650547,
    -0.029490768909454346,
    0.03780322149395943,
    0.022707682102918625,
    -0.09804227948188782,
    -0.061437442898750305,
    0.03949514403939247,
    0.022402441129088402,
    0.02454148419201374,
    -0.03185257688164711,
    0.09317751228809357,
    -0.039384372532367706,
    -0.019619852304458618,
    -0.05548698827624321,
    0.047219179570674896,
    0.11671018600463867,
    -0.08885909616947174,
    -0.03291197121143341,
    0.0036103911697864532,
    -0.02848832868039608,
    -0.007219467777758837,
    0.0832502692937851,
    0.09825768321752548,
    0.04469410702586174,
    -0.013906136155128479,
    0.022499622777104378,
    -0.03450603410601616,
    0.06118348240852356,
    -0.0021340360399335623,
    -0.03596092760562897,
    -0.07769844681024551,
    -0.043726690113544464,
    -0.1063578873872757,
    0.013950459659099579,
    0.001940965885296464,
    0.008764535188674927,
    -0.015237458050251007,
    -0.08702205866575241,
    0.005612026434391737,
    -0.04866337031126022,
    0.045418307185173035,
    -0.050649192184209824,
    0.07212851196527481,
    0.0006096544675529003,
    -0.018361341208219528,
    0.013834980316460133,
    0.027108842507004738,
    -0.02498963475227356,
    0.05627216026186943,
    0.0642203763127327,
    0.00859912671148777,
    -0.01084543764591217,
    0.02286810800433159,
    -0.06724365055561066,
    -0.03124963864684105,
    0.01035403460264206,
    0.007963971234858036,
    -0.04025937244296074,
    0.027860106900334358,
    0.0415065735578537,
    -0.00039258753531612456,
    -0.005835235584527254,
    0.017208240926265717,
    0.0301206111907959,
    0.03809642419219017,
    -0.12303950637578964,
    0.0020770407281816006,
