{
  "id": 958,
  "vector": [
    0.00781625509262085,
    -0.04512941464781761,
    0.016427036374807358,
    0.01274267490953207,
    0.07989001274108887,
    0.04367649555206299,
    0.09976758807897568,
    0.1275281459093094,
    0.011230802163481712,
    -0.09818652272224426,
    -0.0512859970331192,
    -0.03659113496541977,
    -0.000014156310498947278,
    -0.00817383173853159,
    -0.07619305700063705,
    0.012002313509583473,
    -0.025790264829993248,
    -0.03712344914674759,
    -0.08756434917449951,
    -0.07089274376630783,
    0.023462345823645592,
    -0.08779773861169815,
    0.017540523782372475,
    0.05078980699181557,
    -0.07771788537502289,
    0.05089465528726578,
    -0.009131013415753841,
    0.013384748250246048,
    0.0032786917872726917,
    -0.06452774256467819,
    0.02408221922814846,
    0.025160817429423332,
    0.015973499044775963,
    -0.030623242259025574,
    0.028404600918293,
    -0.07676411420106888,
    0.03647762909531593,
    -0.01386196631938219,
    0.030276237055659294,
    -0.01956719532608986,
    0.0648389607667923,
    -0.003911042120307684,
    -0.01649283990263939,
    0.058383580297231674,
    -0.028496967628598213,
    0.004134167917072773,
    0.034512959420681,
    0.07402252405881882,
    -0.08923137187957764,
    -0.016592156141996384,
    0.04161764308810234,
    -0.05685832351446152,
    -0.10486703366041183,
    -0.07746374607086182,
    0.0669950321316719,
    -0.04038846492767334,
    0.07084717601537704,
    -0.05477239564061165,
    0.02967042289674282,
    0.05464671924710274,
    -0.01591312326490879,
    0.04881900176405907,
    0.017242413014173508,
    0.06674440205097198,
    0.023289445787668228,
    0.05259934812784195,
    -0.02980727329850197,
    0.009186357259750366,
    -0.06436437368392944,
    -0.01261890772730112,
    0.001611280837096274,
    0.008112996816635132,
    0.02435096725821495,
    0.01055662240833044,
    -0.04049663245677948,
    -0.00427192822098732,
    0.07374917715787888,
    -0.04850992187857628,
    -0.07064007967710495,
    0.0867481455206871,
    -0.07956892997026443,
    -0.00692652678117156,
    -0.055633291602134705,
    0.06559209525585175,
    0.07339682430028915,
    -0.014189532026648521,
    0.014180110767483711,
    -0.010782936587929726,
    -0.06878945231437683,
    -0.022883573547005653,
    -0.05555491894483566,
    0.018040383234620094,
    -0.04172075539827347,
    -0.07626988738775253,
    -0.014324233867228031,
    0.03373324126005173,
    -0.014660477638244629,
    -0.03502167388796806,
    0.05399463698267937,
    -0.01843201369047165,
    0.07042010128498077,
    -0.07253473997116089,
    0.030750446021556854,
    -0.019955432042479515,
    -0.0802047848701477,
    -0.018267858773469925,
    0.06393002718687057,
    0.03691091388463974,
    0.02395889163017273,
    0.02525785006582737,
    -0.0519595667719841,
    -0.07241062074899673,
    0.03665245324373245,
    -0.02740955725312233,
    -0.07391095161437988,
    0.00798098649829626,
    0.019460933282971382,
    -0.028140539303421974,
    0.06964733451604843,
    -0.014387885108590126,
    0.05195501074194908,
    -0.00384505745023489,
    0.08325015008449554,
    -0.07649724930524826,
    -0.06407907605171204,
    0.016499459743499756,
    0.09919483959674835,
    1.8798558922937793e-33,
    -0.07944487035274506,
    -0.037967801094055176,
    0.012554309330880642,
    0.06899028271436691,
    0.0464128777384758,
    -0.011615809984505177,
    -0.005662847310304642,
    -0.07172905653715134,
    -0.03356385603547096,
    0.0888838842511177,
    -0.024924762547016144,
    0.10014433413743973,
    -0.04473879188299179,
    0.04677394777536392,
    -0.04087013751268387,
    -0.02764035575091839,
    0.08327454328536987,
    0.0036806475836783648,
    -0.06060830503702164,
    -0.08629897236824036,
    -0.07380939275026321,
    0.03659442812204361,
    0.021554650738835335,
    0.040393803268671036,
    -0.03788771107792854,
    0.01774200052022934,
    -0.04306635633111,
    0.049469947814941406,
    0.06624402850866318,
    -0.010280280373990536,
    0.060647521167993546,
    0.019355084747076035,
    0.010904202237725258,
    0.031463250517845154,
    -0.08892934769392014,
    0.004796752706170082,
    0.019405167549848557,
    -0.05560419335961342,
    0.09677839279174805,
    -0.03337045758962631,
    -0.010357700288295746,
    0.12928633391857147,
    0.09836794435977936,
    0.018331455066800117,
    -0.11013399064540863,
    0.09083536267280579,
    -0.04087897017598152,
    -0.11443568021059036,
    0.07065931707620621,
    -0.029345804825425148,
    -0.08724743872880936,
    -0.013482564128935337,
    -0.005964061710983515,
    0.007382317446172237,
    0.05740617215633392,
    0.001217292039655149,
    -0.014274598099291325,
    0.10119376331567764,
    0.034727923572063446,
    0.021474651992321014,
    0.005251788534224033,
    0.05357712507247925,
    -0.005182323977351189,
    -0.03978976607322693,
    0.07595366984605789,
    0.05606475844979286,
    -0.06768012046813965,
    -0.04300093650817871,
    0.05302298814058304,
    -0.0333390086889267,
    -0.020517760887742043,
    0.11165529489517212,
    0.08305709064006805,
    -0.052247896790504456,
    0.08994106948375702,
    0.014193746261298656,
    0.06549482047557831,
    0.000960330362431705,
    0.03567671403288841,
    0.057150520384311676,
    -0.013566126115620136,
    -0.02796189859509468,
    0.04497380927205086,
    -0.031966473907232285,
    -0.037616707384586334,
    -0.036061886698007584,
    -0.023307031020522118,
    0.018076248466968536,
    -0.03177202492952347,
    -0.048571184277534485,
    0.00457609910517931,
    -0.039572376757860184,
    0.020617321133613586,
    -0.06418199837207794,
    -0.10002274066209793,
    -2.7945267811098175e-33,
    -0.06640896946191788,
    0.06348258256912231,
    0.0300962682813406,
    0.04017545282840729,
    0.03683521971106529,
    0.03720998018980026,
    0.004851614590734243,
    0.05787478759884834,
    0.03621687740087509,
    0.006175832822918892,
    0.023716429248452187,
    -0.01980377361178398,
    0.04464559629559517,
    0.022837743163108826,
    -0.09539460390806198,
    0.006583545356988907,
    0.08695507049560547,
    0.015520013868808746,
    -0.004815616644918919,
    -0.13682085275650024,
    -0.0865374207496643,
    0.03586801141500473,
    -0.00950569473206997,
    0.004715507384389639,
    -0.02789735421538353,
    -0.0007798035512678325,
    -0.009043973870575428,
    -0.04629560187458992,
    0.053138989955186844,
    -0.0020874657202512026,
    0.07185600697994232,
    -0.05633727088570595,
    0.05812757462263107,
    0.06672005355358124,
    -0.0905199646949768,
    -0.07144433259963989,
    0.07335566729307175,
    0.0011608438799157739,
    -0.03998201712965965,
    0.07016561925411224,
    0.005926922895014286,
    -0.10422474890947342,
    0.05563106760382652,
    -0.04822047799825668,
    -0.007927993312478065,
    -0.014882548712193966,
    -0.09268534928560257,
    -0.05776377022266388,
    0.046376198530197144,
    -0.04111045226454735,
    0.016403958201408386,
    0.03875986114144325,
    -0.0829688236117363,
    -0.029644735157489777,
    0.047604162245988846,
    0.03241588920354843,
    0.038923777639865875,
    0.018248416483402252,
    0.007398022338747978,
    -0.010269609279930592,
    0.043360572308301926,
    0.01586374081671238,
    -0.04857546091079712,
    -0.0004144389822613448,
    -0.048736102879047394,
    -0.006262307055294514,
    -0.08809822052717209,
    -0.05099311098456383,
    -0.03331531211733818,
    -0.054577331990003586,
    0.05589287355542183,
    -0.0018825138686224818,
    0.008727272972464561,
    -0.02564443275332451,
    0.040215976536273956,
    -0.06919078528881073,
    0.004687990061938763,
    -0.0011018242221325636,
    0.05318611487746239,
    -0.013475919142365456,
    -0.034579284489154816,
    -0.02084655687212944,
    0.0018603845965117216,
    0.0873195007443428,
