{
  "id": 399,
  "vector": [
    -0.01768767647445202,
    0.04651028662919998,
    -0.012284434400498867,
    0.0025294404476881027,
    -0.09427570551633835,
    0.025635840371251106,
    0.0754726305603981,
    0.05732610449194908,
    -0.02528718300163746,
    0.01907724142074585,
    0.03583189845085144,
    -0.07834606617689133,
    0.022053219377994537,
    0.0019603001419454813,
    -0.04020171985030174,
    -0.007672335486859083,
    0.014402264729142189,
    0.008662145584821701,
    -0.09365464001893997,
    -0.027921859174966812,
    0.028286421671509743,
    -0.059282537549734116,
    -0.008543696254491806,
    -0.021479368209838867,
    -0.06068519502878189,
    0.03888170048594475,
    -0.056663062423467636,
    -0.018890470266342163,
    0.006325775757431984,
    -0.046644583344459534,
    0.05546034127473831,
    0.056931883096694946,
    0.08440418541431427,
    0.006186256650835276,
    0.021175365895032883,
    -0.03380455821752548,
    -0.045496344566345215,
    -0.07849517464637756,
    0.11837427318096161,
    0.012011291459202766,
    0.048307694494724274,
    0.010042539797723293,
    -0.04459858685731888,
    0.03349948674440384,
    0.017699435353279114,
    -0.07587306201457977,
    -0.00036862664273940027,
    0.0645345151424408,
    0.0367644727230072,
    -0.017454294487833977,
    -0.0034680922981351614,
    0.04241666942834854,
    -0.09565553814172745,
    0.01540439110249281,
    -0.001724282861687243,
    -0.13780106604099274,
    -0.06788285076618195,
    0.0008126387256197631,
    0.03400116413831711,
    0.03670080751180649,
    0.027517352253198624,
    -0.003305488033220172,
    -0.056091636419296265,
    0.023104442283511162,
    -0.0062957825139164925,
    0.058868132531642914,
    -0.0025688987225294113,
    0.0014596055261790752,
    -0.10325140506029129,
    0.06303352117538452,
    -0.028005395084619522,
    0.02215355448424816,
    -0.006357178557664156,
    0.07796619832515717,
    0.025338828563690186,
    -0.03968045487999916,
    0.0629986897110939,
    -0.04690880700945854,
    -0.06430362910032272,
    0.010172181762754917,
    -0.10467851161956787,
    0.007929567247629166,
    -0.07055095583200455,
    0.04027104750275612,
    -0.01986009068787098,
    -0.03535774350166321,
    -0.02150764688849449,
    0.04580117017030716,
    0.027383046224713326,
    -0.03533431515097618,
    -0.06708770245313644,
    0.007364245131611824,
    -0.014664247632026672,
    0.04646996036171913,
    -0.00038627476897090673,
    0.0033910539932549,
    -0.016451258212327957,
    -0.017221590504050255,
    0.0366264283657074,
    0.07035581022500992,
    0.017831875011324883,
    0.033759575337171555,
    0.12343926727771759,
    -0.12162328511476517,
    -0.09158851206302643,
    -0.006173847708851099,
    0.028900422155857086,
    0.046257197856903076,
    0.040346961468458176,
    0.03974609076976776,
    -0.0779637023806572,
    -0.015618499368429184,
    -0.04502500221133232,
    -0.007346041966229677,
    -0.028604969382286072,
    -0.021221201866865158,
    0.05782853066921234,
    -0.026975061744451523,
    0.07151631265878677,
    -0.017132047563791275,
    0.0849781185388565,
    -0.059340700507164,
    0.03286029025912285,
    -0.028347888961434364,
    -0.11526478826999664,
    0.0038534854538738728,
    0.07973852008581161,
    4.312146007674047e-33,
    -0.1115858182311058,
    -0.03687360882759094,
    0.02518540248274803,
    0.011800047010183334,
    0.062192145735025406,
    0.03472621738910675,
    0.03979847580194473,
    -0.010702135972678661,
    0.025690270587801933,
    0.08538854122161865,
    -0.03678843751549721,
    -0.010354575701057911,
    -0.06288371980190277,
    0.07041650265455246,
    0.02555328607559204,
    0.0028846769127994776,
    0.00005080282790004276,
    -0.010272509418427944,
    0.013448548503220081,
    -0.1133173406124115,
    -0.08414578437805176,
    0.09227000921964645,
    0.03806377202272415,
    0.01679876446723938,
    -0.0606856532394886,
    -0.008346794173121452,
    0.015731491148471832,
    0.004599009640514851,
    0.00876393262296915,
    0.0500333271920681,
    0.06163317710161209,
    -0.028063131496310234,
    0.01393377035856247,
    -0.03964821249246597,
    -0.07802362740039825,
    0.038998719304800034,
    -0.08686059713363647,
    -0.053099967539310455,
    0.075865738093853,
    -0.0635867640376091,
    0.032069116830825806,
    0.015499483793973923,
    0.09340827167034149,
    0.0672805905342102,
    -0.08663114160299301,
    0.0921451672911644,
    -0.03521232679486275,
    0.006761112250387669,
    0.042189646512269974,
    0.004195145796984434,
    0.0035961095709353685,
    0.07633862644433975,
    -0.05632324516773224,
    0.019379878416657448,
    0.02600335329771042,
    -0.023848000913858414,
    -0.04533759504556656,
    0.02508222870528698,
    -0.024715038016438484,
    0.09867022931575775,
    0.046395644545555115,
    -0.0004452920111361891,
    0.030010495334863663,
    0.045101866126060486,
    0.009904274716973305,
    0.007135434541851282,
    -0.04488665238022804,
    0.04917702078819275,
    0.012328632175922394,
    -0.008144387044012547,
    0.003964054863899946,
    0.0028463134076446295,
    0.077834352850914,
    -0.003436711383983493,
    0.016669539734721184,
    -0.001372701022773981,
    0.10001625120639801,
    0.09824638068675995,
    -0.02023320458829403,
    0.06516528129577637,
    -0.08289655297994614,
    0.035213369876146317,
    -0.029299678280949593,
    -0.022753983736038208,
    -0.06517869234085083,
    0.0752670168876648,
    0.02568162977695465,
    -0.0048841265961527824,
    -0.021180197596549988,
    -0.024294158443808556,
    0.009254848584532738,
    -0.00014174796524457633,
    -0.01720610447227955,
    -0.032311223447322845,
    -0.07556070387363434,
    -5.753331836482927e-33,
    -0.005194779951125383,
    0.03534233570098877,
    0.007784984540194273,
    0.01206254679709673,
    0.047490037977695465,
    -0.01271259505301714,
    0.017150690779089928,
    0.07654755562543869,
    -0.06849603354930878,
    0.01011347770690918,
    -0.005974892992526293,
    -0.060287538915872574,
    0.010099810548126698,
    -0.03275037556886673,
    -0.04833220690488815,
    0.10394267737865448,
    0.09776657074689865,
    0.0017541414126753807,
    -0.032680898904800415,
    -0.05131710320711136,
    -0.04628729075193405,
    0.00453163031488657,
    0.013170517049729824,
    0.12012873589992523,
    -0.05539077892899513,
    -0.0005583165911957622,
    0.015156162902712822,
    0.03692680224776268,
    -0.029862193390727043,
    0.04026063159108162,
    0.06614752113819122,
    -0.11828174442052841,
    -0.022840334102511406,
    -0.023690510541200638,
    -0.03383659943938255,
    -0.06092304736375809,
    0.11989925056695938,
    -0.004977410193532705,
    -0.028364844620227814,
    -0.0012949691154062748,
    0.09069650620222092,
    -0.07149520516395569,
    -0.008755608461797237,
    0.039841990917921066,
    -0.019459886476397514,
    0.011538658291101456,
    -0.00514933280646801,
    -0.08824451267719269,
    -0.025703875347971916,
    0.022808738052845,
    0.05398862436413765,
    0.09194499999284744,
    -0.05287754163146019,
    -0.001749377348460257,
    0.005625625606626272,
    0.07320930808782578,
    -0.026283325627446175,
    0.03395798057317734,
    -0.010131205432116985,
    -0.01525953784584999,
    -0.0031833641696721315,
    0.020344285294413567,
    -0.035681452602148056,
    0.006316078826785088,
    0.05047439783811569,
    -0.045223213732242584,
    -0.016956696286797523,
    -0.10620451718568802,
    -0.07210319489240646,
    0.0688290223479271,
    -0.005837584380060434,
    -0.033138614147901535,
    -0.03285646811127663,
    -0.036650028079748154,
    -0.06187690421938896,
    0.014624866656959057,
    0.04736737161874771,
    -0.06536167860031128,
    0.009225805290043354,
    -0.02085646241903305,
    -0.003316513728350401,
    -0.03865933045744896,
