{
  "id": 72,
  "vector": [
    -0.006183960009366274,
    -0.011200244538486004,
    0.032520100474357605,
    -0.047167886048555374,
    -0.004068893380463123,
    0.026416776701807976,
    0.10711649060249329,
    -0.0508396178483963,
    -0.04445208981633186,
    0.008226202800869942,
    -0.04510999843478203,
    -0.0075711440294981,
    0.017843905836343765,
    0.050566207617521286,
    -0.0011472520418465137,
    -0.050453588366508484,
    -0.054805122315883636,
    0.007374769076704979,
    -0.030772408470511436,
    -0.04663679748773575,
    0.04234178364276886,
    -0.00688338465988636,
    -0.008723193779587746,
    -0.002970981178805232,
    0.012729940004646778,
    0.08032263815402985,
    -0.005105763673782349,
    -0.04348442330956459,
    0.03346136957406998,
    -0.06369317322969437,
    0.018797215074300766,
    0.051732126623392105,
    -0.0450725294649601,
    -0.036534179002046585,
    0.030192812904715538,
    0.04067227616906166,
    -0.09283912926912308,
    0.018494892865419388,
    0.06665590405464172,
    0.05889780446887016,
    0.017628828063607216,
    -0.0427049845457077,
    -0.07393370568752289,
    0.00042462206329219043,
    -0.07730942219495773,
    -0.0789102092385292,
    -0.022733956575393677,
    -0.005909212864935398,
    0.044098854064941406,
    0.008520462550222874,
    -0.08156092464923859,
    -0.08167902380228043,
    -0.08762842416763306,
    -0.001167583861388266,
    0.07350993901491165,
    -0.02701987884938717,
    -0.07126099616289139,
    -0.047730688005685806,
    -0.0438663624227047,
    -0.07576830685138702,
    0.0051322216168046,
    -0.008500535041093826,
    -0.022866008803248405,
    0.019647831097245216,
    0.01937197521328926,
    0.042945507913827896,
    0.002135450253263116,
    -0.006028463132679462,
    -0.026935989037156105,
    0.11239606887102127,
    -0.10415264219045639,
    0.06788817793130875,
    0.049047887325286865,
    0.07951060682535172,
    0.031161880120635033,
    -0.048162125051021576,
    0.08006800711154938,
    -0.08375071734189987,
    -0.027443019673228264,
    0.015761442482471466,
    -0.13603606820106506,
    0.016867006197571754,
    -0.012244910933077335,
    -0.01590898633003235,
    -0.017681008204817772,
    0.014904378913342953,
    0.029885517433285713,
    0.036746032536029816,
    0.04969119653105736,
    -0.03547651320695877,
    0.020456964150071144,
    0.07151452451944351,
    0.09614906460046768,
    -0.05275850370526314,
    0.0536397360265255,
    0.0017611042130738497,
    -0.09932780265808105,
    0.05052808299660683,
    -0.04126798361539841,
    0.028064323589205742,
    0.026559703052043915,
    -0.015655020251870155,
    0.08044084161520004,
    -0.05561506003141403,
    0.017196843400597572,
    -0.016674036160111427,
    -0.05550899729132652,
    -0.03891987353563309,
    -0.02101174183189869,
    0.05160685256123543,
    -0.07003527879714966,
    -0.04468226060271263,
    0.0023758569732308388,
    -0.08561611920595169,
    -0.048559993505477905,
    0.0049725607968866825,
    -0.031939033418893814,
    -0.02243153750896454,
    0.01201204489916563,
    -0.05036366730928421,
    0.11492912471294403,
    -0.08229067921638489,
    0.10818926244974136,
    0.043124716728925705,
    -0.06490156799554825,
    0.013348529115319252,
    -0.019510043784976006,
    3.964861262744972e-33,
    -0.048075854778289795,
    0.03658052906394005,
    0.005642077419906855,
    0.08185184001922607,
    0.08153124153614044,
    -0.05261116102337837,
    0.050535812973976135,
    0.024622682482004166,
    -0.02684262953698635,
    0.03464985266327858,
    -0.12374367564916611,
    0.04056621342897415,
    -0.056953903287649155,
    0.08318299800157547,
    0.048381879925727844,
    0.0032967450097203255,
    -0.057419367134571075,
    0.05864037945866585,
    0.007838980294764042,
    -0.03071645274758339,
    -0.05894206836819649,
    0.03423989564180374,
    -0.02672058902680874,
    0.013787725940346718,
    -0.025033043697476387,
    -0.023648012429475784,
    0.01128807757049799,
    -0.05651477724313736,
    0.05191555991768837,
    0.025954851880669594,
    0.06336094439029694,
    0.02254437282681465,
    0.006202326621860266,
    -0.026194117963314056,
    -0.009968620724976063,
    0.010599917732179165,
    -0.046812668442726135,
    0.04315514490008354,
    0.022285133600234985,
    0.01704641990363598,
    0.062113430351018906,
    -0.02855006605386734,
    0.04444768652319908,
    0.09756309539079666,
    0.030296964570879936,
    -0.013193010352551937,
    -0.02281203307211399,
    0.0891953632235527,
    0.0065810480155050755,
    0.005546215921640396,
    0.049960605800151825,
    0.02037123590707779,
    0.0025164226535707712,
    0.03099939040839672,
    -0.030061403289437294,
    -0.056163277477025986,
    -0.015866920351982117,
    0.00007756699051242322,
    0.00007811528485035524,
    0.14569316804409027,
    -0.019730426371097565,
    0.01713510788977146,
    0.05911860242486,
    0.03124137967824936,
    -0.0241107027977705,
    0.06397226452827454,
    0.02843085676431656,
    -0.006914788391441107,
    0.045931216329336166,
    -0.03814628720283508,
    -0.038335513323545456,
    0.051368605345487595,
    0.09108510613441467,
    0.005036934278905392,
    -0.017178069800138474,
    -0.04224108159542084,
    0.08917388319969177,
    -0.024080466479063034,
    -0.033032435923814774,
    0.0012333727208897471,
    -0.09083477407693863,
    0.03503943607211113,
    0.028657909482717514,
    -0.020205777138471603,
    -0.05110699310898781,
    0.013807856477797031,
    0.030502481386065483,
    -0.02007812261581421,
    0.01783771626651287,
    -0.013055112212896347,
    -0.0014968165196478367,
    -0.09661958366632462,
    0.009220786392688751,
    -0.04802468419075012,
    -0.0678970068693161,
    -3.197338389422883e-33,
    -0.03780786320567131,
    -0.017742682248353958,
    -0.004057270474731922,
    0.12442811578512192,
    -0.01613033562898636,
    -0.0033765374682843685,
    0.15432585775852203,
    0.06066955253481865,
    0.046977706253528595,
    0.05362197011709213,
    -0.02368963323533535,
    0.03887144848704338,
    0.046402961015701294,
    -0.050665803253650665,
    -0.02490864135324955,
    0.01723412424325943,
    0.05771416053175926,
    -0.019021937623620033,
    0.05415492504835129,
    -0.02953440137207508,
    0.0027072711382061243,
    0.02227959781885147,
    0.006337084341794252,
    0.044999249279499054,
    0.02456377074122429,
    0.08995392918586731,
    0.09009358286857605,
    -0.0465376116335392,
    0.015098948031663895,
    0.039895109832286835,
    0.06126119941473007,
    -0.12039182335138321,
    -0.00890001468360424,
    -0.01349892932921648,
    -0.05743890255689621,
    0.01942150481045246,
    -0.016071291640400887,
    0.08910520374774933,
    -0.04319845885038376,
    -0.0005234593409113586,
    0.015987373888492584,
    -0.04120510816574097,
    -0.010995247401297092,
    0.06852052360773087,
    -0.06593934446573257,
    -0.07211911678314209,
    -0.04486507549881935,
    0.029148153960704803,
    -0.0379929356276989,
    0.0250397901982069,
    0.023026101291179657,
    -0.03137277439236641,
    -0.0120773920789361,
    -0.03882988542318344,
    -0.02806886099278927,
    0.11747338622808456,
    -0.03764503076672554,
    0.039772968739271164,
    -0.0045244768261909485,
    0.06360358744859695,
    -0.02085835486650467,
    0.0016284715384244919,
    0.017658768221735954,
    -0.014710080809891224,
    0.10727742314338684,
    0.012933730147778988,
    0.020659398287534714,
    0.0026189149357378483,
    -0.08939400315284729,
    -0.017389461398124695,
    0.015120293013751507,
    -0.0028044802602380514,
    0.03909950330853462,
    0.008907179348170757,
    0.08976642042398453,
    0.03117630071938038,
    -0.04044092819094658,
    0.026090774685144424,
    -0.011470108292996883,
    0.06112789362668991,
    -0.09117992222309113,
    -0.00905999168753624,
