{
  "id": 39,
  "vector": [
    0.01995992474257946,
    0.03049246221780777,
    0.030293771997094154,
    0.029135752469301224,
    -0.03254435211420059,
    -0.04017910361289978,
    0.054192859679460526,
    0.05541401728987694,
    -0.05298144370317459,
    -0.002221608068794012,
    0.050486594438552856,
    -0.09242508560419083,
    -0.0027201559860259295,
    -0.026220807805657387,
    -0.06275061517953873,
    0.023656878620386124,
    -0.018103202804923058,
    0.008841005153954029,
    -0.1378823071718216,
    -0.08006729930639267,
    0.01840355433523655,
    -0.005776117090135813,
    -0.07798947393894196,
    0.009408730082213879,
    0.02537647821009159,
    0.0033337250351905823,
    0.06288887560367584,
    -0.04917960613965988,
    0.042413707822561264,
    -0.09809202700853348,
    -0.008662556298077106,
    0.0750206857919693,
    0.05455123260617256,
    0.03623279184103012,
    -0.020302733406424522,
    0.008069251663982868,
    -0.04619467258453369,
    -0.06912306696176529,
    0.08147284388542175,
    -0.07844838500022888,
    0.013063126243650913,
    -0.025049149990081787,
    0.09687689691781998,
    -0.021210908889770508,
    -0.06977611035108566,
    -0.05261965095996857,
    0.01859370619058609,
    -0.009827518835663795,
    0.06277665495872498,
    -0.022619208320975304,
    -0.023436587303876877,
    0.03844917565584183,
    -0.13725629448890686,
    0.1179949939250946,
    0.1000392735004425,
    -0.02080635167658329,
    -0.06162698566913605,
    0.01764492690563202,
    -0.08971080183982849,
    0.11506810784339905,
    -0.07555560767650604,
    0.047450143843889236,
    -0.03738967329263687,
    -0.04887479171156883,
    -0.029729414731264114,
    0.04714009538292885,
    -0.061359256505966187,
    -0.014204553328454494,
    -0.010266480967402458,
    0.024074267596006393,
    -0.005172715522348881,
    0.009949980303645134,
    0.0332520566880703,
    0.02217669039964676,
    -0.005106742028146982,
    -0.03924616426229477,
    0.06827795505523682,
    -0.0669284462928772,
    0.007344489451497793,
    -0.0035500521771609783,
    -0.12282819300889969,
    0.006570955738425255,
    0.10427802056074142,
    -0.06636308133602142,
    -0.06287307292222977,
    -0.008155743591487408,
    -0.07119487226009369,
    0.06113564223051071,
    0.06471963226795197,
    -0.04784054681658745,
    -0.007755598518997431,
    0.04802149534225464,
    -0.012470337562263012,
    -0.009387265890836716,
    0.015953900292515755,
    0.003520406549796462,
    -0.023080509155988693,
    -0.016490504145622253,
    -0.01612900383770466,
    0.04503164812922478,
    0.05912529677152634,
    0.016132336109876633,
    0.02885342203080654,
    0.04165581613779068,
    -0.06824516505002975,
    -0.054172392934560776,
    0.05981510505080223,
    -0.03975324705243111,
    -0.03523934632539749,
    0.03207448869943619,
    0.002624410204589367,
    0.007619236130267382,
    -0.06299684196710587,
    0.01698310300707817,
    -0.014652698300778866,
    -0.007985122501850128,
    0.049474120140075684,
    0.01405153889209032,
    -0.006313590332865715,
    -0.05228674039244652,
    0.04158557951450348,
    -0.007014652248471975,
    0.0253615565598011,
    -0.05150747299194336,
    -0.06017039343714714,
    0.036994416266679764,
    0.036017585545778275,
    6.932356711119512e-33,
    -0.10915563255548477,
    -0.0009935753187164664,
    0.013273129239678383,
    0.041406650096178055,
    -0.012612380087375641,
    -0.07299531996250153,
    0.07131871581077576,
    -0.06250649690628052,
    0.07283607125282288,
    0.030760880559682846,
    -0.09319198131561279,
    0.014123964123427868,
    -0.01622483879327774,
    0.03474767133593559,
    0.036228787153959274,
    -0.04677017405629158,
    -0.057731326669454575,
    -0.019947288557887077,
    -0.00981004349887371,
    0.020850462839007378,
    -0.052531059831380844,
    0.014948961324989796,
    0.015261112712323666,
    -0.0068483962677419186,
    0.0009950813837349415,
    -0.09573302417993546,
    0.08249253779649734,
    -0.057597026228904724,
    -0.031176678836345673,
    0.005806331522762775,
    0.02489600144326687,
    0.045367348939180374,
    -0.004840532783418894,
    0.01549969706684351,
    -0.09010680764913559,
    0.005442224442958832,
    -0.05083329603075981,
    0.01917509362101555,
    0.07710182666778564,
    0.05170559510588646,
    0.061388976871967316,
    0.08236794918775558,
    0.07394574582576752,
    -0.03786909952759743,
    -0.03449027240276337,
    0.028080366551876068,
    0.07610663026571274,
    0.0286756232380867,
    0.03891504183411598,
    0.029918259009718895,
    0.051495008170604706,
    0.023237058892846107,
    -0.006860295310616493,
    0.03615482524037361,
    0.10484503209590912,
    0.021206289529800415,
    -0.004225083161145449,
    0.010638022795319557,
    0.017466869205236435,
    0.10646232962608337,
    0.016740621998906136,
    -0.02762605808675289,
    0.01098186057060957,
    0.06577940285205841,
    -0.01228469517081976,
    0.06311038136482239,
    -0.1164345070719719,
    -0.0071668848395347595,
    -0.004026447422802448,
    -0.028088944032788277,
    -0.021595677360892296,
    -0.09202136099338531,
    0.05263601988554001,
    -0.04827282950282097,
    -0.018406713381409645,
    -0.08372222632169724,
    0.024723762646317482,
    0.05382395535707474,
    -0.0785922184586525,
    0.010010805912315845,
    0.01811223104596138,
    0.04020373523235321,
    0.05996112897992134,
    -0.02758803963661194,
    -0.04806092008948326,
    0.07476513832807541,
    -0.06809961050748825,
    0.02055606245994568,
    0.05502483621239662,
    0.02641964517533779,
    -0.009315801784396172,
    0.050346892327070236,
    -0.0020527420565485954,
    -0.03155563771724701,
    -0.035462718456983566,
    -5.390290691807033e-33,
    0.05269702523946762,
    0.03401370346546173,
    -0.058822743594646454,
    0.09111864119768143,
    0.040230922400951385,
    -0.010190483182668686,
    0.04334212839603424,
    0.07945550978183746,
    0.08709422498941422,
    0.021619640290737152,
    -0.0327158086001873,
    0.058037642389535904,
    0.027186326682567596,
    -0.06911731511354446,
    -0.039964836090803146,
    0.0014730467228218913,
    0.04712354391813278,
    0.08454462885856628,
    0.025397470220923424,
    -0.018665937706828117,
    -0.06204136833548546,
    0.07631252706050873,
    0.010104130022227764,
    -0.03719338774681091,
    -0.027525903657078743,
    -0.032044291496276855,
    0.0796271562576294,
    -0.014605173841118813,
    -0.009043225087225437,
    -0.04251119866967201,
    0.035057488828897476,
    -0.1973889321088791,
    0.04462316632270813,
    -0.024859774857759476,
    -0.006081867963075638,
    -0.032549913972616196,
    0.11242756247520447,
    -0.05740353465080261,
    -0.024169109761714935,
    0.030499111860990524,
    0.03318643197417259,
    0.024575255811214447,
    0.0446825809776783,
    0.018205128610134125,
    -0.09914017468690872,
    -0.04043777287006378,
    -0.02761293202638626,
    -0.03908918797969818,
    -0.006034295540302992,
    -0.04839377477765083,
    0.024038514122366905,
    -0.009412813931703568,
    -0.04796740412712097,
    -0.07012003660202026,
    -0.05560394749045372,
    0.045284584164619446,
    0.0377548485994339,
    0.1007402166724205,
    0.04591396450996399,
    -0.034373458474874496,
    -0.02223583497107029,
    0.005654884502291679,
    0.023028554394841194,
    -0.04666750505566597,
    0.086443692445755,
    -0.02533554472029209,
    -0.02920333482325077,
    -0.04519764706492424,
    -0.000582115666475147,
    0.06117437034845352,
    0.0074903471395373344,
    -0.006759468000382185,
    -0.003330504521727562,
    -0.013416976667940617,
    0.026717809960246086,
    0.01870831847190857,
    0.002100615995004773,
    0.028056595474481583,
    0.07630763947963715,
    -0.028641585260629654,
    -0.01586804911494255,
    -0.035337112843990326,
    -0.001270128763280809,
