{
  "id": 899,
  "vector": [
    -0.05893944576382637,
    0.012597099877893925,
    -0.03800080344080925,
    0.008598041720688343,
    -0.04521255940198898,
    0.020107658579945564,
    0.02826121263206005,
    0.07297179102897644,
    0.023373033851385117,
    -0.014590204693377018,
    0.03879928216338158,
    -0.12411735951900482,
    -0.0446898527443409,
    -0.07543563097715378,
    -0.011673904955387115,
    -0.07504307478666306,
    0.02514573559165001,
    -0.017986109480261803,
    -0.140531986951828,
    -0.12280446290969849,
    0.008533399552106857,
    -0.009378775022923946,
    0.009731408208608627,
    -0.018161892890930176,
    0.0027827511075884104,
    0.024408558383584023,
    -0.04577889293432236,
    0.05477979779243469,
    0.03816714882850647,
    -0.030031438916921616,
    0.004308775998651981,
    0.12052890658378601,
    0.002516624052077532,
    0.026952795684337616,
    0.027066104114055634,
    0.008949952200055122,
    -0.07587125897407532,
    0.00010369275696575642,
    0.12436213344335556,
    0.014865298755466938,
    0.11050111800432205,
    -0.02721770480275154,
    0.10915442556142807,
    0.006667362060397863,
    -0.04904837906360626,
    -0.03327072039246559,
    -0.026113038882613182,
    0.05130808800458908,
    0.02110942453145981,
    -0.04158291965723038,
    0.0429694838821888,
    0.0037789437919855118,
    -0.05831300467252731,
    0.013765262439846992,
    0.04802170768380165,
    -0.07577459514141083,
    0.020755957812070847,
    -0.034335557371377945,
    -0.0764286145567894,
    0.04753199964761734,
    0.011191895231604576,
    0.043047863990068436,
    -0.09569860249757767,
    -0.050656773149967194,
    -0.006688779219985008,
    -0.011314518749713898,
    -0.0034129698760807514,
    0.02405853010714054,
    0.04513012617826462,
    0.05812228098511696,
    0.007342349737882614,
    0.0735626220703125,
    0.0017622958403080702,
    -0.012611587531864643,
    -0.057219911366701126,
    0.05722426995635033,
    0.005517834797501564,
    -0.03481405973434448,
    -0.03148602321743965,
    -0.09747375547885895,
    -0.014718477614223957,
    0.05587177723646164,
    0.024751096963882446,
    0.04121071845293045,
    -0.09140928089618683,
    -0.04523645341396332,
    0.051022015511989594,
    0.0498187392950058,
    0.051317065954208374,
    0.020882906392216682,
    0.020188208669424057,
    0.012088934890925884,
    -0.008734721690416336,
    -0.030637335032224655,
    -0.061733417212963104,
    0.1021304801106453,
    -0.04427424073219299,
    -0.13714003562927246,
    -0.0005221887840889394,
    -0.019481850787997246,
    0.039511989802122116,
    -0.031222064048051834,
    0.08562979847192764,
    -0.02599160559475422,
    -0.028013985604047775,
    0.042945366352796555,
    -0.08269520848989487,
    0.030097810551524162,
    0.07018343359231949,
    0.013710143975913525,
    -0.06459178775548935,
    -0.07709918916225433,
    -0.005774694960564375,
    -0.01932704821228981,
    0.04721155762672424,
    -0.010594384744763374,
    0.08525073528289795,
    0.0016325721517205238,
    0.05436341091990471,
    -0.07917219400405884,
    0.02280654013156891,
    0.02387644723057747,
    0.042297232896089554,
    -0.010622953064739704,
    -0.0626579076051712,
    -0.0321296826004982,
    0.0003248942375648767,
    7.784084652894817e-33,
    -0.03698628023266792,
    -0.047473568469285965,
    0.08661462366580963,
    0.06489244848489761,
    0.01790156029164791,
    -0.010891052894294262,
    -0.05420266091823578,
    -0.08341488242149353,
    -0.01658259890973568,
    0.05193223059177399,
    -0.10369456559419632,
    -0.007185627240687609,
    -0.076365627348423,
    0.04531314596533775,
    0.032925404608249664,
    -0.0829322561621666,
    0.0020443235989660025,
    0.03247589245438576,
    -0.053559016436338425,
    -0.002690232126042247,
    -0.02984844334423542,
    0.04105163365602493,
    -0.048653412610292435,
    0.030077919363975525,
    0.0003629183047451079,
    0.060318466275930405,
    0.09682545065879822,
    -0.006108021829277277,
    -0.03609466552734375,
    -0.022430837154388428,
    0.09670607000589371,
    0.01258435845375061,
    -0.014371789991855621,
    -0.03796615079045296,
    0.004162924364209175,
    0.05347283184528351,
    -0.008773988112807274,
    -0.02107034996151924,
    -0.0037879005540162325,
    -0.03580864891409874,
    0.04135996848344803,
    -0.02803114242851734,
    0.0861826241016388,
    0.041371800005435944,
    -0.05858864262700081,
    0.014444774948060513,
    -0.026084382086992264,
    -0.07442589849233627,
    0.1054638922214508,
    -0.0014039661036804318,
    0.0050246259197592735,
    0.036725111305713654,
    0.07180701196193695,
    -0.011551426723599434,
    0.04249785467982292,
    0.04033217579126358,
    -0.03468544781208038,
    0.13707853853702545,
    0.052747692912817,
    0.017502225935459137,
    -0.006576527841389179,
    -0.0466538667678833,
    -0.06400767713785172,
    0.0534478984773159,
    0.02419172041118145,
    0.060088157653808594,
    -0.09935194998979568,
    -0.06874295324087143,
    -0.000279202067758888,
    0.07121127843856812,
    0.007804884109646082,
    0.022854939103126526,
    0.08736521005630493,
    -0.04291175678372383,
    0.08393653482198715,
    -0.028971027582883835,
    0.05500800162553787,
    0.03379003331065178,
    -0.03513096272945404,
    0.09798957407474518,
    -0.04012391343712807,
    -0.05869409814476967,
    -0.005008525215089321,
    -0.09900403022766113,
    -0.07958852499723434,
    0.003960072994232178,
    -0.06014009192585945,
    0.05589541792869568,
    0.09226211905479431,
    0.008223827928304672,
    0.03415292501449585,
    -0.02176080085337162,
    0.022052763029932976,
    -0.007510838098824024,
    -0.09794962406158447,
    -7.026739356598941e-33,
    -0.004971632733941078,
    0.04553886502981186,
    -0.009757451713085175,
    0.05183809623122215,
    0.03242097795009613,
    0.03204820677638054,
    0.03465322405099869,
    0.038805052638053894,
    -0.10325842350721359,
    -0.030262000858783722,
    -0.013790727593004704,
    0.0357590913772583,
    0.05540939420461655,
    -0.025260264053940773,
    -0.058586400002241135,
    0.0376671738922596,
    0.029341666027903557,
    0.06877481937408447,
    0.012356891296803951,
    0.013264533132314682,
    -0.0759812742471695,
    0.008017852902412415,
    0.0070799170061945915,
    0.07723873108625412,
    -0.006950882729142904,
    -0.046894222497940063,
    0.07390856742858887,
    -0.004537280183285475,
    -0.0626000165939331,
    0.050155337899923325,
    0.08413586765527725,
    -0.07063969224691391,
    -0.062480777502059937,
    0.04154527559876442,
    -0.10872723162174225,
    -0.09768456965684891,
    0.09043483436107635,
    0.03608820214867592,
    -0.017697706818580627,
    0.014971866272389889,
    0.0020610271021723747,
    -0.003933216445147991,
    0.042992692440748215,
    0.032337840646505356,
    0.012158859521150589,
    -0.0126956757158041,
    -0.005500599276274443,
    -0.06320281326770782,
    -0.00752344960346818,
    -0.014071823097765446,
    -0.007606779225170612,
    0.0405908040702343,
    -0.0571051649749279,
    -0.015822123736143112,
    0.038424842059612274,
    -0.011136569082736969,
    -0.03499244153499603,
    0.018093034625053406,
    0.03976067155599594,
    0.0017287124646827579,
    -0.049661360681056976,
    -0.059352654963731766,
    0.01172671653330326,
    -0.026290137320756912,
    -0.0006844999734312296,
    0.014532642439007759,
    -0.0415792278945446,
    0.027398837730288506,
    -0.04530565068125725,
    -0.019851291552186012,
    0.06086765602231026,
    0.008536607027053833,
    0.045619118958711624,
    -0.055390797555446625,
    0.05942355841398239,
    0.00236879987642169,
    0.054493751376867294,
    0.009714881889522076,
    0.05365312099456787,
    0.009655402973294258,
    -0.032086264342069626,
    0.01458238996565342,
    -0.06727273762226105,
