{
  "id": 831,
  "vector": [
    0.0034605255350470543,
    0.014894059859216213,
    0.004028742201626301,
    -0.05872587859630585,
    -0.08317585289478302,
    -0.003946525976061821,
    0.13277575373649597,
    0.0678030475974083,
    -0.04131629317998886,
    0.04912012070417404,
    0.008439058437943459,
    -0.09565752744674683,
    0.045143961906433105,
    0.014182482846081257,
    -0.012037397362291813,
    0.03495589271187782,
    0.04052615165710449,
    -0.07569392025470734,
    -0.037603653967380524,
    -0.06555459648370743,
    0.0036114014219492674,
    0.019457580521702766,
    0.10762400925159454,
    -0.021179497241973877,
    -0.02396560274064541,
    0.030564215034246445,
    -0.09636595845222473,
    -0.07350306957960129,
    -0.016039244830608368,
    -0.007929888553917408,
    -0.02702661231160164,
    0.10894553363323212,
    -0.0336332693696022,
    -0.059138428419828415,
    -0.06557213515043259,
    -0.05024707317352295,
    -0.10281664878129959,
    0.010279735550284386,
    0.028674650937318802,
    0.01137012429535389,
    0.002518819645047188,
    0.058838650584220886,
    -0.08194899559020996,
    0.0045539806596934795,
    0.04355612397193909,
    -0.0076981522142887115,
    -0.041249554604291916,
    -0.016268137842416763,
    0.010273197665810585,
    0.024869034066796303,
    0.05662769451737404,
    0.0073414393700659275,
    -0.09010718017816544,
    0.08170554041862488,
    0.05676399543881416,
    0.004379771184176207,
    -0.04287976399064064,
    -0.0018867573235183954,
    -0.03703373670578003,
    0.028733331710100174,
    -0.007543155923485756,
    -0.04565531015396118,
    0.04322761669754982,
    -0.0815841406583786,
    0.036929745227098465,
    0.027578936889767647,
    -0.08430851250886917,
    0.0540919229388237,
    0.007405666168779135,
    -0.007588209584355354,
    -0.01157730259001255,
    0.09608795493841171,
    0.016241319477558136,
    0.10165055841207504,
    0.016066856682300568,
    0.07700958847999573,
    0.0678393542766571,
    -0.07328237593173981,
    -0.018246889114379883,
    0.006100751459598541,
    -0.18261873722076416,
    0.013762898743152618,
    0.019400132820010185,
    -0.04502071440219879,
    -0.04505131393671036,
    -0.06841377913951874,
    0.01266140304505825,
    0.016568854451179504,
    -0.06184648722410202,
    -0.0007018410251475871,
    -0.02675899863243103,
    0.07277744263410568,
    0.0439106784760952,
    -0.005600656848400831,
    0.04078184813261032,
    0.003991104196757078,
    -0.051190588623285294,
    0.02198367938399315,
    -0.0032350311521440744,
    0.00410299189388752,
    0.028190625831484795,
    -0.030695755034685135,
    0.08615855127573013,
    -0.06051165238022804,
    -0.031197944656014442,
    -0.03186510130763054,
    -0.10362762957811356,
    0.03722025454044342,
    -0.04869229346513748,
    0.01775784231722355,
    -0.03171950951218605,
    -0.0028899062890559435,
    0.08178549259901047,
    0.04233308508992195,
    -0.0021580487955361605,
    -0.11507336050271988,
    0.02900322899222374,
    0.009660706855356693,
    0.11950789391994476,
    0.042087357491254807,
    0.07296130061149597,
    0.020334569737315178,
    0.01070572528988123,
    -0.004322458524256945,
    -0.03469723463058472,
    -0.04881016165018082,
    0.008301232941448689,
    2.3818801421712078e-33,
    0.028054283931851387,
    0.0008733274298720062,
    -0.0029649778734892607,
    0.055010829120874405,
    0.08018778264522552,
    -0.019637975841760635,
    -0.0347110778093338,
    0.05735509470105171,
    0.06450510770082474,
    0.04845632240176201,
    -0.13516752421855927,
    -0.006802659947425127,
    -0.028464660048484802,
    0.014009304344654083,
    -0.017428353428840637,
    -0.12160052359104156,
    -0.045430876314640045,
    0.010797307826578617,
    -0.05493105947971344,
    -0.03135736286640167,
    -0.11237625777721405,
    0.054890602827072144,
    -0.02914450317621231,
    0.04068325459957123,
    -0.019207682460546494,
    0.04660920798778534,
    -0.03916272521018982,
    -0.022747525945305824,
    0.00869889184832573,
    0.005852444563060999,
    0.03863577917218208,
    0.06977392733097076,
    0.06624989211559296,
    -0.060721058398485184,
    -0.027197029441595078,
    0.008196437731385231,
    0.005222177132964134,
    0.04184144735336304,
    0.0041351052932441235,
    -0.07837934792041779,
    0.02248866856098175,
    0.028514467179775238,
    0.0699511244893074,
    0.06309496611356735,
    -0.002227632561698556,
    0.07887375354766846,
    -0.017194228246808052,
    0.04830970987677574,
    0.04220130667090416,
    -0.03767715021967888,
    0.041364043951034546,
    -0.026962976902723312,
    -0.0795615166425705,
    0.05163300782442093,
    0.05694315955042839,
    0.03779292479157448,
    -0.0009654243476688862,
    0.005685936659574509,
    -0.005208523944020271,
    0.058354828506708145,
    0.07679630815982819,
    0.021093150600790977,
    -0.021098777651786804,
    -0.000958152930252254,
    -0.034699779003858566,
    0.014520703814923763,
    0.04990623891353607,
    0.04156351462006569,
    -0.03002583049237728,
    -0.025520704686641693,
    -0.012677843682467937,
    0.030406132340431213,
    -0.018322426825761795,
    -0.054969269782304764,
    -0.03424188494682312,
    -0.01940162107348442,
    0.11550997197628021,
    -0.03632291406393051,
    0.0019492364954203367,
    -0.06136263161897659,
    -0.053658828139305115,
    0.08589146286249161,
    0.05502072349190712,
    -0.059440430253744125,
    0.05216784402728081,
    -0.020273754373192787,
    -0.0356704480946064,
    -0.041188813745975494,
    -0.016507189720869064,
    0.0011114381486549973,
    -0.0002442466502543539,
    0.025648539885878563,
    0.009972849860787392,
    -0.07166434824466705,
    -0.0463094599545002,
    -4.021662251802659e-33,
    -0.0704968273639679,
    -0.018643874675035477,
    0.04470475763082504,
    0.06863825023174286,
    0.05833942070603371,
    0.012454423122107983,
    -0.032236140221357346,
    -0.03440046310424805,
    0.07450111955404282,
    0.05702271685004234,
    -0.028741959482431412,
    0.004720236174762249,
    0.03389574587345123,
    -0.022243300452828407,
    -0.08624304831027985,
    -0.023727992549538612,
    0.05632879212498665,
    0.03480241447687149,
    -0.0038866845425218344,
    -0.014628314413130283,
    -0.09548210352659225,
    0.013059047982096672,
    -0.07057302445173264,
    0.02139151096343994,
    -0.0957537442445755,
    0.050549641251564026,
    -0.0233302041888237,
    -0.04607812315225601,
    0.06399883329868317,
    0.01753992959856987,
    -0.017882531508803368,
    -0.11865885555744171,
    0.02035786770284176,
    0.0015111439861357212,
    0.03112596645951271,
    -0.03575780615210533,
    0.034528713673353195,
    -0.011203457601368427,
    0.009396311827003956,
    0.016440272331237793,
    0.07862763106822968,
    -0.11463064700365067,
    0.014258518815040588,
    0.006897392682731152,
    -0.07457269728183746,
    -0.09263212978839874,
    -0.028406543657183647,
    -0.04890357702970505,
    -0.08602212369441986,
    0.03610182926058769,
    0.07679515331983566,
    -0.0230918787419796,
    0.016326479613780975,
    -0.05532194301486015,
    -0.07173705101013184,
    0.07183194905519485,
    0.005265482235699892,
    -0.049797337502241135,
    0.04128367453813553,
    0.03892600163817406,
    0.036700423806905746,
    -0.025603946298360825,
    -0.057660289108753204,
    0.005871765315532684,
    -0.057373929768800735,
    0.04324127733707428,
    0.016803331673145294,
    -0.017568957060575485,
    -0.012837527319788933,
    -0.012972169555723667,
    0.0765848383307457,
    0.05593419447541237,
    -0.038026027381420135,
    -0.13032665848731995,
    -0.032734088599681854,
    -0.04466160014271736,
    -0.08044956624507904,
    -0.00007041796925477684,
    0.04481460526585579,
    0.04953558370471001,
    -0.05397917702794075,
    0.031657613813877106,
