{
  "id": 877,
  "vector": [
    -0.024517159909009933,
    0.00407051108777523,
    -0.04818759486079216,
    0.0655948594212532,
    -0.02533382549881935,
    0.05125870555639267,
    0.05120484530925751,
    0.05958513915538788,
    0.0035102898254990578,
    -0.05202599614858627,
    0.07229431718587875,
    -0.11904292553663254,
    0.022639531642198563,
    -0.08539679646492004,
    0.020798953250050545,
    -0.07680290937423706,
    0.00777100957930088,
    0.029934808611869812,
    -0.1472625732421875,
    -0.07936811447143555,
    0.006665831431746483,
    -0.024760765954852104,
    0.031537994742393494,
    -0.025575820356607437,
    -0.020413396880030632,
    0.12348479777574539,
    0.01206918153911829,
    0.0108769116923213,
    -0.0005462582921609282,
    -0.0539766289293766,
    -0.014250502921640873,
    0.07616010308265686,
    -0.012772212736308575,
    0.02905218116939068,
    0.034560251981019974,
    -0.02995617687702179,
    -0.13729359209537506,
    0.007088825572282076,
    0.1189575344324112,
    0.014832804910838604,
    -0.00528534734621644,
    -0.01797894760966301,
    0.07142894715070724,
    0.018296390771865845,
    -0.10001862049102783,
    -0.05688848719000816,
    0.011708827689290047,
    0.05628177151083946,
    -0.027442079037427902,
    -0.04648641124367714,
    0.042851582169532776,
    0.05754321068525314,
    -0.08039574325084686,
    0.055234480649232864,
    0.083746038377285,
    -0.09607800096273422,
    0.005713003687560558,
    -0.034007731825113297,
    -0.021735629066824913,
    0.09475068747997284,
    -0.01704440824687481,
    0.020051663741469383,
    -0.05972902104258537,
    -0.0014183021849021316,
    -0.028439350426197052,
    0.004845662973821163,
    -0.010296220891177654,
    -0.03418220952153206,
    -0.012345818802714348,
    0.06426293402910233,
    -0.023910921066999435,
    0.05763145536184311,
    0.015232419595122337,
    -0.00621875049546361,
    -0.0381159707903862,
    -0.014439133927226067,
    0.04237406328320503,
    -0.06096992269158363,
    -0.03461409732699394,
    -0.01116655208170414,
    -0.020673250779509544,
    0.04260953888297081,
    -0.04666885733604431,
    0.04920200631022453,
    -0.013086499646306038,
    -0.036780234426259995,
    0.009373893961310387,
    0.03074023500084877,
    0.028521250933408737,
    0.03777732700109482,
    0.012822182849049568,
    0.04351595789194107,
    0.00670777028426528,
    -0.08329353481531143,
    -0.08318763971328735,
    0.08527500927448273,
    -0.047778695821762085,
    -0.07374381273984909,
    0.021105891093611717,
    0.01034025102853775,
    0.04453328251838684,
    -0.07407809793949127,
    0.06789115816354752,
    -0.009671039879322052,
    0.003689598524942994,
    0.003016934497281909,
    -0.01637042500078678,
    0.012731731869280338,
    0.02731836587190628,
    0.026479607447981834,
    -0.04434020817279816,
    -0.03405984491109848,
    -0.07041102647781372,
    -0.04433146491646767,
    0.07572928071022034,
    0.00365444365888834,
    0.13024738430976868,
    -0.02531318925321102,
    0.07753299176692963,
    -0.054488539695739746,
    0.03773060068488121,
    -0.024587534368038177,
    0.01647421345114708,
    -0.03029046580195427,
    -0.09671650826931,
    0.06554507464170456,
    -0.017319297417998314,
    6.806671385761655e-33,
    -0.08758267015218735,
    -0.035572152584791183,
    0.054749760776758194,
    0.05428922176361084,
    -0.019090577960014343,
    -0.0054870187304914,
    -0.025723934173583984,
    -0.012525787577033043,
    -0.004589609801769257,
    0.04048266261816025,
    -0.009409034624695778,
    0.05241445451974869,
    -0.07632243633270264,
    0.06568015366792679,
    0.012866578996181488,
    -0.030096828937530518,
    0.008703207597136497,
    0.09661948680877686,
    -0.004160880111157894,
    -0.056973621249198914,
    -0.0652993842959404,
    0.07260215282440186,
    0.022053467109799385,
    0.05232538282871246,
    -0.046216629445552826,
    0.08930794149637222,
    0.09404011070728302,
    -0.033993449062108994,
    0.010599284432828426,
    -0.019812636077404022,
    0.0995730385184288,
    0.0014810038264840841,
    -0.009934195317327976,
    -0.009496863931417465,
    0.004959633108228445,
    0.05169443413615227,
    -0.03642547130584717,
    0.00181339040864259,
    -0.02194419875741005,
    -0.05009135231375694,
    -0.013724098913371563,
    -0.00769633986055851,
    0.03822357580065727,
    0.05712900310754776,
    -0.05130783095955849,
    0.07119640707969666,
    -0.011005164124071598,
    -0.07225187122821808,
    0.07359907776117325,
    -0.0025129246059805155,
    0.04442615061998367,
    -0.012873808853328228,
    0.05326947569847107,
    0.03444499522447586,
    0.10752049833536148,
    0.05173163488507271,
    -0.035689305514097214,
    0.1287223994731903,
    0.025134511291980743,
    0.014681881293654442,
    -0.02151571959257126,
    -0.014269798994064331,
    -0.03241850808262825,
    0.03548206016421318,
    0.07218053191900253,
    0.04394899681210518,
    -0.1022251546382904,
    -0.0784580335021019,
    0.030603846535086632,
    -0.007291152607649565,
    0.006567830685526133,
    -0.004279882647097111,
    0.10020936280488968,
    0.00886260811239481,
    0.08848333358764648,
    -0.00310966232791543,
    0.058777324855327606,
    0.013158207759261131,
    0.011054209433495998,
    0.09398741275072098,
    -0.0505986325442791,
    -0.002084964420646429,
    0.07717691361904144,
    -0.08575958758592606,
    -0.03597746044397354,
    -0.036444272845983505,
    -0.060322802513837814,
    0.00195658253505826,
    0.02770891599357128,
    -0.0073274583555758,
    0.02716716378927231,
    -0.012322094291448593,
    -0.03260807693004608,
    0.02316928654909134,
    -0.12485422194004059,
    -6.585419839049884e-33,
    -0.02246825397014618,
    0.06282054632902145,
    0.03536539897322655,
    0.047966502606868744,
    0.010993577539920807,
    -0.006348729133605957,
    -0.03942439705133438,
    0.012381445616483688,
    -0.048424094915390015,
    -0.06513665616512299,
    -0.045781154185533524,
    -0.008667321875691414,
    0.021741032600402832,
    -0.0619669072329998,
    -0.0535656102001667,
    0.03172396495938301,
    0.05132436752319336,
    0.07132982462644577,
    -0.00030401028925552964,
    0.04741356894373894,
    -0.05481579899787903,
    0.03549490123987198,
    0.03297853097319603,
    0.07495532929897308,
    -0.07905641943216324,
    -0.040458641946315765,
    0.10069160908460617,
    -0.030718879774212837,
    -0.02460448257625103,
    0.022873982787132263,
    0.11088434606790543,
    -0.08044949173927307,
    0.029844900593161583,
    0.03959893435239792,
    -0.0685824453830719,
    -0.0941917821764946,
    0.0676196739077568,
    0.01976969465613365,
    -0.007754460908472538,
    0.011874731630086899,
    0.03411521017551422,
    -0.03512703254818916,
    0.025439316406846046,
    0.005608722567558289,
    -0.034111615270376205,
    -0.05370667204260826,
    -0.02618308551609516,
    -0.05507971718907356,
    -0.007946735247969627,
    0.011538498103618622,
    0.0017140371492132545,
    -0.026104876771569252,
    -0.1186114177107811,
    -0.049789704382419586,
    -0.005141304340213537,
    -0.014663038775324821,
    -0.019638245925307274,
    -0.0024019123520702124,
    0.06928714364767075,
    0.020526926964521408,
    -0.005273692775517702,
    -0.022766565904021263,
    -0.017777683213353157,
    0.024269400164484978,
    -0.005548309534788132,
    0.025913195684552193,
    -0.004199167713522911,
    -0.02403777278959751,
    -0.03134268894791603,
    0.006451448891311884,
    0.056707777082920074,
    0.018346872180700302,
    -0.04386909678578377,
    -0.04460825398564339,
    0.10185402631759644,
    -0.0022245945874601603,
    0.04528018832206726,
    -0.014171615242958069,
    0.03977704048156738,
    0.02517503872513771,
    -0.052888453006744385,
    0.02507553994655609,
    -0.054552387446165085,
