{
  "id": 767,
  "vector": [
    0.03267678618431091,
    -0.0077873519621789455,
    -0.04450865834951401,
    -0.026501668617129326,
    0.02640683576464653,
    0.03979383409023285,
    -0.007525846362113953,
    0.11075790971517563,
    -0.10218314826488495,
    -0.01849491335451603,
    0.000616280478425324,
    -0.0611870139837265,
    0.02171933464705944,
    0.03313058614730835,
    -0.061539217829704285,
    -0.03413356468081474,
    -0.0883764997124672,
    -0.004132114816457033,
    -0.09608355909585953,
    -0.04043039306998253,
    0.10478746891021729,
    -0.09152057766914368,
    0.00152266351506114,
    0.09535405039787292,
    -0.011716153472661972,
    0.06690338999032974,
    -0.028994182124733925,
    -0.016511257737874985,
    0.011048889718949795,
    -0.0019955940078943968,
    0.05811236798763275,
    0.10387405753135681,
    0.04042467474937439,
    -0.14170274138450623,
    0.03348712623119354,
    -0.055997759103775024,
    -0.0342620387673378,
    0.05315520614385605,
    0.0845828428864479,
    0.015125690959393978,
    0.02106691524386406,
    0.005586923565715551,
    0.023112677037715912,
    0.03136817365884781,
    -0.01568765752017498,
    -0.008064758032560349,
    -0.025959385558962822,
    0.11161882430315018,
    0.007585741579532623,
    0.07703572511672974,
    -0.004241197369992733,
    -0.0477864146232605,
    -0.06783989071846008,
    -0.03942698985338211,
    0.06824461370706558,
    -0.039579011499881744,
    0.016004709526896477,
    0.006602908484637737,
    0.01988331601023674,
    0.04339675232768059,
    0.03474877029657364,
    -0.012833180837333202,
    -0.043152786791324615,
    0.07179059088230133,
    0.0358700305223465,
    0.07352370768785477,
    -0.05679819732904434,
    -0.08177869766950607,
    -0.022325731813907623,
    0.055278535932302475,
    0.006072805263102055,
    0.042940981686115265,
    0.08726803958415985,
    -0.0020986762829124928,
    -0.05118292197585106,
    -0.055254481732845306,
    0.04500898718833923,
    -0.07919199764728546,
    -0.03666393831372261,
    0.11754114180803299,
    -0.04318584129214287,
    -0.026750553399324417,
    -0.04334142804145813,
    -0.013949195854365826,
    0.009070086292922497,
    0.02781383879482746,
    -0.03713102266192436,
    -0.05106654763221741,
    0.014209958724677563,
    -0.05323347449302673,
    -0.07458652555942535,
    -0.049112118780612946,
    -0.060733672231435776,
    -0.08718118816614151,
    -0.13484488427639008,
    0.024272389709949493,
    -0.03991499915719032,
    -0.08525868505239487,
    0.08963409066200256,
    0.03227199986577034,
    0.013323367573320866,
    -0.013187388889491558,
    0.07997038215398788,
    -0.07886319607496262,
    0.0593293271958828,
    -0.02774748019874096,
    0.0202679093927145,
    0.04904398322105408,
    0.022243283689022064,
    0.10262654721736908,
    -0.05927107855677605,
    -0.046990517526865005,
    0.06644228100776672,
    0.06303631514310837,
    0.043109796941280365,
    0.04028427228331566,
    0.027990197762846947,
    -0.02143072336912155,
    -0.002241556765511632,
    -0.0006436569965444505,
    0.09507863223552704,
    0.04351420700550079,
    0.018325932323932648,
    -0.06298945844173431,
    -0.03500384837388992,
    0.04046962782740593,
    0.03463435545563698,
    5.287599505319198e-33,
    -0.04739329218864441,
    -0.050008129328489304,
    0.05694161355495453,
    0.053816940635442734,
    0.05130991339683533,
    0.04102515056729317,
    0.04009147360920906,
    0.01809770055115223,
    0.0007647933671250939,
    0.026605108752846718,
    0.006651780102401972,
    0.0028056211303919554,
    0.0440559946000576,
    0.10009723156690598,
    -0.09134174138307571,
    -0.05683479458093643,
    0.08717472106218338,
    0.021110543981194496,
    -0.0023188989143818617,
    -0.045322999358177185,
    -0.0658397451043129,
    0.012267942540347576,
    -0.0287352092564106,
    0.02479749731719494,
    -0.0292875487357378,
    -0.020330695435404778,
    0.014516197144985199,
    0.07170122116804123,
    0.05898059904575348,
    0.03192983195185661,
    0.07894262671470642,
    0.037224940955638885,
    -0.029305631294846535,
    -0.012997065670788288,
    -0.0322604663670063,
    -0.02980920486152172,
    -0.010040421970188618,
    -0.07077952474355698,
    0.08931372314691544,
    -0.05141572281718254,
    -0.0018430562922731042,
    0.059420183300971985,
    0.07461046427488327,
    -0.010938606224954128,
    -0.06302995979785919,
    0.056134894490242004,
    -0.005751246120780706,
    -0.050924502313137054,
    0.09654373675584793,
    -0.008489154279232025,
    -0.048836104571819305,
    0.013990410603582859,
    0.0005282435449771583,
    0.1162203922867775,
    0.05443352460861206,
    -0.03441184014081955,
    -0.0865107923746109,
    -0.028487810865044594,
    0.023532530292868614,
    0.09345122426748276,
    -0.05681060254573822,
    0.029144346714019775,
    -0.021879609674215317,
    -0.016901494935154915,
    0.08452893048524857,
    -0.012914624065160751,
    -0.030306560918688774,
    -0.01608329638838768,
    -0.02719195745885372,
    -0.05576109141111374,
    -0.06053270399570465,
    0.06256414204835892,
    0.020127521827816963,
    0.022225720807909966,
    0.013837075792253017,
    -0.016855506226420403,
    0.13112875819206238,
    0.06351001560688019,
    -0.03270716592669487,
    0.040730394423007965,
    -0.054964613169431686,
    0.0020657447166740894,
    0.039492566138505936,
    0.06161976978182793,
    0.017256859689950943,
    -0.024739284068346024,
    -0.04554780200123787,
    0.023176955059170723,
    0.016535157337784767,
    -0.08922290802001953,
    -0.055231381207704544,
    -0.11403312534093857,
    -0.018747815862298012,
    -0.045080989599227905,
    -0.04492606967687607,
    -5.690837414005429e-33,
    -0.03179434686899185,
    0.09233157336711884,
    -0.012894073501229286,
    0.06150886043906212,
    0.028617898002266884,
    0.02475152350962162,
    0.06174525246024132,
    0.0000290244697680464,
    0.05461340397596359,
    -0.0675540566444397,
    -0.03839573636651039,
    0.026571398600935936,
    -0.004693432245403528,
    -0.041799068450927734,
    -0.022688105702400208,
    0.068241186439991,
    0.07916280627250671,
    -0.04743107780814171,
    0.010990509763360023,
    -0.05397448316216469,
    0.0018557221628725529,
    0.06794771552085876,
    -0.009990808553993702,
    -0.005279974080622196,
    0.06933092325925827,
    0.01025413628667593,
    0.00031979827326722443,
    -0.05149593576788902,
    0.03278959542512894,
    0.08561382442712784,
    0.009289797395467758,
    -0.09075085073709488,
    -0.022735469043254852,
    -0.01401815377175808,
    -0.03965643420815468,
    -0.05352569743990898,
    -0.013659689575433731,
    0.07602149248123169,
    -0.02542996034026146,
    0.01801355555653572,
    0.06866603344678879,
    -0.0425659604370594,
    0.04628923907876015,
    -0.06851360201835632,
    0.056815944612026215,
    0.023862117901444435,
    -0.04298754408955574,
    -0.09617023169994354,
    0.04108082503080368,
    0.01332879438996315,
    -0.03847937658429146,
    0.013935950584709644,
    -0.11559244245290756,
    0.014187085442245007,
    0.02425132505595684,
    -0.0007993754115886986,
    0.05224602669477463,
    -0.014598163776099682,
    -0.022442590445280075,
    -0.10203100740909576,
    0.03658999130129814,
    -0.006693211384117603,
    -0.09280669689178467,
    -0.013759384863078594,
    -0.0694381445646286,
    -0.045332591980695724,
    -0.06627939641475677,
    -0.0005882596014998853,
    0.046641282737255096,
    -0.058704815804958344,
    -0.018717316910624504,
    0.026732871308922768,
    0.09113169461488724,
    -0.011526647955179214,
    -0.10138894617557526,
    -0.05669365078210831,
    -0.06764896214008331,
    -0.03090367466211319,
    0.0261636134237051,
    0.029262254014611244,
    0.018688330426812172,
    0.04305122047662735,
    0.044757336378097534,
