{
  "id": 776,
  "vector": [
    -0.031136739999055862,
    0.041851628571748734,
    0.03577380254864693,
    -0.012673214077949524,
    -0.02732585370540619,
    0.014682295732200146,
    0.04907261207699776,
    0.045146599411964417,
    -0.0232852715998888,
    0.0752004086971283,
    -0.058721184730529785,
    -0.07423068583011627,
    0.1007772833108902,
    0.10681117326021194,
    -0.05720348283648491,
    -0.05236365273594856,
    -0.03672172129154205,
    0.013721337541937828,
    -0.05862944573163986,
    0.07510727643966675,
    -0.018921272829174995,
    -0.0043334863148629665,
    0.0053950161673128605,
    0.004037043079733849,
    -0.013348800130188465,
    0.04157698154449463,
    -0.043706174939870834,
    -0.0438053272664547,
    0.03676740080118179,
    -0.025078903883695602,
    0.06216035410761833,
    0.020100679248571396,
    0.06847256422042847,
    0.051422152668237686,
    0.08523409068584442,
    -0.05453881993889809,
    -0.06110050156712532,
    -0.017136655747890472,
    0.08022063225507736,
    -0.004213220905512571,
    0.041247088462114334,
    -0.021759863942861557,
    0.0004984566476196051,
    0.031948186457157135,
    0.03265301138162613,
    0.0010273030493408442,
    -0.06387541443109512,
    0.008122115395963192,
    0.014916855841875076,
    -0.04545583948493004,
    0.0299422238022089,
    -0.021716151386499405,
    -0.1231798455119133,
    0.03560715541243553,
    0.020157266408205032,
    -0.11824128031730652,
    -0.053159065544605255,
    0.005883947946131229,
    -0.04624195769429207,
    -0.04870454594492912,
    0.004527112934738398,
    -0.03992730379104614,
    -0.05318737030029297,
    -0.011728042736649513,
    -0.07215093821287155,
    0.10065130144357681,
    -0.07033807039260864,
    0.03283689543604851,
    -0.07553225010633469,
    0.07558578997850418,
    -0.0660199373960495,
    0.11363696306943893,
    0.02367103099822998,
    0.006262354552745819,
    0.004407312721014023,
    -0.06665340065956116,
    0.027650903910398483,
    -0.046038590371608734,
    -0.13232022523880005,
    -0.019566921517252922,
    -0.11155247688293457,
    -0.015775132924318314,
    -0.042581651359796524,
    0.0633833184838295,
    -0.06054370850324631,
    -0.05870399251580238,
    -0.013951399363577366,
    0.050248369574546814,
    -0.005749343428760767,
    -0.025835376232862473,
    0.0014387696282938123,
    0.037237200886011124,
    0.12746311724185944,
    0.016454340890049934,
    0.0022150001022964716,
    0.02075551450252533,
    -0.009761667810380459,
    0.01967366226017475,
    0.049202561378479004,
    -0.012706459499895573,
    -0.025056015700101852,
    0.011598873883485794,
    0.20457759499549866,
    -0.044551678001880646,
    0.02213139832019806,
    -0.020665809512138367,
    -0.011449513956904411,
    -0.045660216361284256,
    0.033950790762901306,
    -0.04436413571238518,
    -0.025390323251485825,
    -0.03272698447108269,
    -0.0042685396037995815,
    0.010222119279205799,
    -0.03096095472574234,
    -0.05254252627491951,
    0.04358065500855446,
    -0.05043986439704895,
    0.03336944431066513,
    0.00181580928619951,
    0.041757889091968536,
    -0.02036900445818901,
    0.06558890640735626,
    0.02417205274105072,
    -0.10060100257396698,
    0.042314063757658005,
    0.013781341724097729,
    2.6867420306630756e-33,
    -0.05048937350511551,
    0.07462578266859055,
    -0.00031047037919051945,
    0.13194748759269714,
    -0.0050725387409329414,
    -0.02389257587492466,
    0.05663755163550377,
    -0.047775737941265106,
    0.12831014394760132,
    0.02283850684762001,
    -0.02510690502822399,
    0.05535636469721794,
    0.04501223936676979,
    0.13136383891105652,
    -0.010549323633313179,
    0.00953354686498642,
    -0.003738963045179844,
    0.02135666087269783,
    0.016982192173600197,
    0.005453052464872599,
    -0.08403672277927399,
    0.04233845695853233,
    0.056329771876335144,
    -0.03864440694451332,
    -0.020720338448882103,
    0.03536901995539665,
    -0.012988599948585033,
    -0.07019133865833282,
    -0.04077428579330444,
    0.0031518510077148676,
    0.05052657052874565,
    0.03788747638463974,
    0.03700930252671242,
    0.00820301566272974,
    -0.03063056990504265,
    0.07387560606002808,
    0.04062359780073166,
    -0.0027190411929041147,
    -0.011478148400783539,
    -0.03073572739958763,
    -0.0675254687666893,
    -0.00768198212608695,
    0.06783925741910934,
    0.007600133772939444,
    0.03957577794790268,
    0.034067247062921524,
    -0.009459414519369602,
    0.011182543821632862,
    0.11696537584066391,
    -0.003655913984403014,
    -0.029825754463672638,
    0.006613441742956638,
    -0.09274952858686447,
    -0.08641637861728668,
    -0.020220180973410606,
    -0.058941811323165894,
    -0.011923889629542828,
    0.014401345513761044,
    -0.0005897674709558487,
    0.08894213289022446,
    0.020047500729560852,
    0.008335075341165066,
    -0.024176375940442085,
    0.020864056423306465,
    -0.037738315761089325,
    -0.020689165219664574,
    -0.0015968767693266273,
    -0.015986623242497444,
    -0.006556804291903973,
    0.005354695022106171,
    -0.06618237495422363,
    -0.029679039493203163,
    0.06811323016881943,
    -0.08669767528772354,
    0.06956487894058228,
    0.03335106372833252,
    0.0743505209684372,
    -0.05139632895588875,
    -0.03789385035634041,
    -0.010838573798537254,
    -0.04342535883188248,
    0.01940472237765789,
    0.014243430458009243,
    -0.06612987071275711,
    -0.04618228226900101,
    0.05234229192137718,
    0.05093749985098839,
    0.10716509073972702,
    -0.039546433836221695,
    -0.028636353090405464,
    0.004633020143955946,
    -0.02281808853149414,
    0.02546120621263981,
    -0.025713423267006874,
    -0.0746290311217308,
    -3.6415738676459495e-33,
    -0.03203260898590088,
    0.004569693002849817,
    -0.08815086632966995,
    0.08650901913642883,
    0.008074638433754444,
    0.07434702664613724,
    0.04159985110163689,
    0.05971060320734978,
    0.05254356563091278,
    0.08243273943662643,
    0.012881533242762089,
    -0.015282508917152882,
    0.05320567637681961,
    -0.035532571375370026,
    -0.05260283499956131,
    0.046714190393686295,
    0.03627638891339302,
    -0.03348216414451599,
    -0.02055945247411728,
    -0.012636952102184296,
    -0.05523363873362541,
    -0.024608783423900604,
    0.01867293007671833,
    0.041507117450237274,
    -0.031221456825733185,
    0.07282433658838272,
    -0.027034658938646317,
    -0.07741805911064148,
    0.04993472620844841,
    -0.009300862438976765,
    -0.010512788780033588,
    -0.11843451857566833,
    -0.03606906905770302,
    0.04353709518909454,
    -0.01808277517557144,
    -0.011506948620080948,
    -0.0013449164107441902,
    0.052438367158174515,
    -0.0069045121781528,
    -0.04819981008768082,
    -0.025539975613355637,
    -0.06321226060390472,
    0.04269487410783768,
    0.032670363783836365,
    -0.04342317208647728,
    -0.05983106046915054,
    -0.005455405917018652,
    -0.10908247530460358,
    -0.06246761977672577,
    -0.004433417692780495,
    0.007826601155102253,
    0.020475994795560837,
    0.027096960693597794,
    -0.034619398415088654,
    -0.02641765959560871,
    0.0394289568066597,
    -0.05858384072780609,
    0.018960200250148773,
    0.051844753324985504,
    0.0478375107049942,
    -0.033038634806871414,
    0.11074419319629669,
    -0.0261883195489645,
    0.01589610055088997,
    -0.03260123357176781,
    -0.0286441370844841,
    -0.08716417104005814,
    -0.0967237576842308,
    -0.11381108313798904,
    0.10748933255672455,
    -0.06992943584918976,
    0.0016181764658540487,
    -0.004340377636253834,
    -0.09175311028957367,
    0.03369385004043579,
    0.03713138774037361,
    -0.06903546303510666,
    -0.034239694476127625,
    0.011664006859064102,
    0.028260665014386177,
    -0.03105815500020981,
    -0.010615312494337559,
