{
  "id": 38,
  "vector": [
    -0.030957484617829323,
    0.07596413046121597,
    0.024432629346847534,
    0.003348598489537835,
    -0.020239071920514107,
    -0.07869122177362442,
    0.018255334347486496,
    0.07597924023866653,
    -0.10347001254558563,
    0.0050813728012144566,
    0.02054591104388237,
    -0.13599613308906555,
    -0.0932203084230423,
    -0.07868105918169022,
    -0.028107494115829468,
    -0.004142644349485636,
    0.044374193996191025,
    0.08415554463863373,
    -0.06907255202531815,
    -0.07692203670740128,
    0.014287660829722881,
    -0.009235071018338203,
    -0.005645346362143755,
    0.007250639144331217,
    0.023828182369470596,
    -0.007259240373969078,
    0.024233605712652206,
    0.008375589735805988,
    0.04060053825378418,
    -0.0951831117272377,
    0.011669229716062546,
    0.09648257493972778,
    -0.004864703863859177,
    -0.022070981562137604,
    -0.010430910624563694,
    0.03372387960553169,
    -0.014412053860723972,
    -0.07937852293252945,
    -0.0018183866050094366,
    -0.1086503341794014,
    0.017821306362748146,
    -0.018288884311914444,
    0.019403843209147453,
    -0.09357448667287827,
    0.006011661607772112,
    -0.012010603211820126,
    -0.001101077301427722,
    0.11019150912761688,
    0.042603835463523865,
    -0.06296893209218979,
    -0.035479672253131866,
    -0.001684120506979525,
    -0.12266877293586731,
    0.024441946297883987,
    0.07243325561285019,
    0.014306260272860527,
    -0.08159315586090088,
    -0.01582629606127739,
    -0.05460844933986664,
    0.07214107364416122,
    -0.06235060468316078,
    0.050812315195798874,
    -0.06091536208987236,
    -0.019356507807970047,
    0.05616604909300804,
    0.0031599444337189198,
    -0.04144934564828873,
    0.0031597986817359924,
    -0.07434755563735962,
    0.09116822481155396,
    -0.005110426805913448,
    -0.020482972264289856,
    0.0319766141474247,
    -0.008019099943339825,
    -0.02783077396452427,
    0.014797694981098175,
    0.041126400232315063,
    -0.08386540412902832,
    0.024796796962618828,
    0.02075297012925148,
    -0.07789985835552216,
    0.021539602428674698,
    0.07009083032608032,
    -0.06961524486541748,
    -0.0446544848382473,
    -0.06154552847146988,
    -0.07453987002372742,
    0.08322133868932724,
    0.021442249417304993,
    -0.036300331354141235,
    -0.0021320097148418427,
    0.08003884553909302,
    -0.0032562757842242718,
    0.03369757533073425,
    -0.001563661964610219,
    0.03937363624572754,
    0.059205152094364166,
    -0.07596375048160553,
    0.029634777456521988,
    0.0583844818174839,
    0.04786175116896629,
    0.0068374257534742355,
    0.07668576389551163,
    -0.03258266672492027,
    -0.027073480188846588,
    -0.03152031451463699,
    0.017062265425920486,
    -0.03108961321413517,
    0.02357855811715126,
    0.043280716985464096,
    -0.01594489812850952,
    0.06064735725522041,
    -0.06547338515520096,
    -0.032190557569265366,
    -0.027750065550208092,
    0.0229225754737854,
    0.08543473482131958,
    -0.053778186440467834,
    0.005750452168285847,
    -0.0031412257812917233,
    0.023149363696575165,
    0.043572235852479935,
    -0.003937026020139456,
    0.0005025219288654625,
    -0.025615915656089783,
    -0.00017942010890692472,
    0.056012291461229324,
    4.493502745486848e-33,
    -0.11400124430656433,
    -0.009711790829896927,
    0.010449644178152084,
    0.059034235775470734,
    -0.00002413217953289859,
    -0.04284018278121948,
    0.040156394243240356,
    -0.03276549279689789,
    0.061175692826509476,
    0.015486711636185646,
    -0.034607622772455215,
    -0.05544561147689819,
    0.02183688059449196,
    0.09463614225387573,
    0.0019400767050683498,
    -0.0848269835114479,
    -0.035917866975069046,
    -0.0013605288695544004,
    0.06068174168467522,
    -0.0010256505338475108,
    -0.11229963600635529,
    -0.07034268975257874,
    0.019908735528588295,
    0.021485643461346626,
    0.030417105183005333,
    0.020457223057746887,
    0.016023850068449974,
    -0.06349252164363861,
    -0.0017431809101253748,
    0.020758870989084244,
    0.13433927297592163,
    0.05263722687959671,
    -0.06259892135858536,
    -0.009842336177825928,
    -0.05971954017877579,
    0.02681676670908928,
    0.008834400214254856,
    -0.028117602691054344,
    0.02568935416638851,
    0.029227664694190025,
    0.056810881942510605,
    0.05668359249830246,
    0.08731427788734436,
    -0.05314040184020996,
    -0.01980363391339779,
    -0.00001972612335521262,
    0.07256433367729187,
    0.028265684843063354,
    0.08421332389116287,
    0.015942426398396492,
    0.07085231691598892,
    0.009016379714012146,
    -0.00785707775503397,
    0.018091252073645592,
    0.0741182267665863,
    0.0062605999410152435,
    0.021231716498732567,
    0.047281425446271896,
    0.0394580215215683,
    0.06933382898569107,
    0.004356200806796551,
    0.028957128524780273,
    -0.01506161317229271,
    0.032468706369400024,
    -0.044597528874874115,
    0.03664245828986168,
    -0.09581533074378967,
    0.0017365060048177838,
    -0.0010843779891729355,
    0.011524921283125877,
    -0.006684157997369766,
    -0.066047802567482,
    0.09483616799116135,
    -0.005436100531369448,
    -0.03110898658633232,
    -0.044602323323488235,
    0.09024706482887268,
    0.07343032956123352,
    0.002467116340994835,
    0.04294409602880478,
    0.06069393828511238,
    0.055332671850919724,
    0.047035038471221924,
    -0.1009388118982315,
    -0.044903576374053955,
    0.03644184768199921,
    -0.08951105922460556,
    0.04169253259897232,
    0.03078225441277027,
    0.06462360173463821,
    -0.018409231677651405,
    0.023601898923516273,
    -0.007182182744145393,
    -0.045288022607564926,
    -0.007668208330869675,
    -4.8779838050957865e-33,
    0.02217867411673069,
    0.08816173672676086,
    -0.059114471077919006,
    0.10731375962495804,
    0.04464394599199295,
    -0.027487579733133316,
    0.04238573834300041,
    -0.008328413590788841,
    0.07902553677558899,
    0.032049864530563354,
    -0.01296908501535654,
    0.05364162102341652,
    0.042301107197999954,
    -0.054956164211034775,
    -0.0051292357966303825,
    0.023560719564557076,
    -0.03608372434973717,
    0.08937303721904755,
    0.03669080510735512,
    -0.012370901182293892,
    -0.08357787132263184,
    0.08028239756822586,
    0.05226021260023117,
    -0.017597218975424767,
    0.009789135307073593,
    -0.03220130503177643,
    0.034000247716903687,
    0.0050828177481889725,
    0.017503639683127403,
    -0.055506572127342224,
    0.034717857837677,
    -0.17067807912826538,
    -0.0033404927235096693,
    -0.04260427504777908,
    0.06657048314809799,
    -0.056249167770147324,
    0.05099775642156601,
    0.0036460035480558872,
    -0.019611991941928864,
    0.03048892319202423,
    0.00785457156598568,
    0.052009034901857376,
    -0.04258168861269951,
    -0.008194669149816036,
    -0.07893995195627213,
    -0.028527095913887024,
    0.038791581988334656,
    -0.10089462995529175,
    -0.041967444121837616,
    0.007342875935137272,
    0.08477331697940826,
    -0.0024288352578878403,
    -0.07877086102962494,
    -0.004621692467480898,
    -0.038135141134262085,
    0.060385238379240036,
    0.03344809263944626,
    0.027965014800429344,
    0.022705620154738426,
    -0.05024183914065361,
    -0.027751807123422623,
    0.0050669205375015736,
    0.023571863770484924,
    -0.024497926235198975,
    0.11726537346839905,
    0.0024410367477685213,
    -0.07310064882040024,
    -0.05650923773646355,
    -0.05632098764181137,
    0.093162402510643,
    -0.023388050496578217,
    -0.0021323428954929113,
    0.04938485473394394,
    -0.04614480584859848,
    -0.03488723188638687,
    0.029863709583878517,
    -0.0060174427926540375,
    0.04315076023340225,
    0.03376957029104233,
    -0.06787645071744919,
    -0.07337316125631332,
