{
  "id": 523,
  "vector": [
    -0.01439758576452732,
    0.06630070507526398,
    -0.0037616007030010223,
    0.006373371928930283,
    -0.00954129546880722,
    -0.02203659527003765,
    0.02588440664112568,
    0.04858407378196716,
    -0.026176176965236664,
    0.039949532598257065,
    -0.013465652242302895,
    -0.03497331589460373,
    0.0737597867846489,
    0.06682024896144867,
    -0.06375997513532639,
    -0.01034878846257925,
    -0.06535741686820984,
    0.044468462467193604,
    -0.07974562793970108,
    0.033009327948093414,
    0.006241414695978165,
    -0.024707572534680367,
    0.042287860065698624,
    0.024809088557958603,
    -0.07939685136079788,
    0.005101259797811508,
    -0.018143249675631523,
    -0.049590978771448135,
    0.027988556772470474,
    -0.010877426713705063,
    0.05828025937080383,
    0.05620419606566429,
    0.0034621129743754864,
    0.04063398018479347,
    0.052896369248628616,
    -0.06546331197023392,
    0.0118293147534132,
    -0.005273465998470783,
    0.0009034356917254627,
    0.029547424986958504,
    0.0579327791929245,
    -0.02715159021317959,
    0.05607375502586365,
    0.009649011306464672,
    0.018889090046286583,
    0.015847448259592056,
    -0.04360019788146019,
    0.0034491715487092733,
    0.0037947697564959526,
    -0.03233123943209648,
    0.1166386529803276,
    -0.04887837916612625,
    -0.16262657940387726,
    0.05396687984466553,
    0.026166167110204697,
    -0.09934666007757187,
    -0.09165941178798676,
    -0.040157854557037354,
    0.006379414349794388,
    -0.04225422069430351,
    -0.03576750308275223,
    0.016979558393359184,
    -0.06908716261386871,
    0.038563359528779984,
    -0.033724598586559296,
    0.14109662175178528,
    -0.06669972091913223,
    0.021069994196295738,
    -0.07429035753011703,
    0.01232157927006483,
    -0.05888131633400917,
    0.0531935878098011,
    0.016526466235518456,
    0.021701078861951828,
    -0.025485772639513016,
    -0.019578764215111732,
    0.08356814086437225,
    -0.08623599261045456,
    -0.10526426136493683,
    0.014501023106276989,
    -0.061614539474248886,
    -0.030020784586668015,
    -0.0602949894964695,
    0.09121695905923843,
    -0.032723117619752884,
    0.016665184870362282,
    -0.04261591657996178,
    -0.015910841524600983,
    -0.012996167875826359,
    -0.04168751835823059,
    -0.002901006257161498,
    0.04047150909900665,
    0.030217843130230904,
    -0.030671749264001846,
    -0.08701497316360474,
    -0.018297292292118073,
    0.013514331541955471,
    -0.011463342234492302,
    0.022266775369644165,
    0.04486561939120293,
    0.019347144290804863,
    -0.008220151998102665,
    0.13751237094402313,
    -0.07203131914138794,
    0.022032998502254486,
    -0.05440545827150345,
    0.01818566955626011,
    -0.014424260705709457,
    -0.019481174647808075,
    0.04478267952799797,
    -0.009939274750649929,
    -0.008404629305005074,
    -0.06536012142896652,
    -0.030062779784202576,
    -0.05863744020462036,
    0.002947611501440406,
    0.054689906537532806,
    -0.04100395366549492,
    -0.03757401555776596,
    -0.011219820007681847,
    -0.011430704034864902,
    0.03253192827105522,
    0.04929191246628761,
    -0.03002556599676609,
    -0.12935537099838257,
    -0.02462783455848694,
    0.03033384680747986,
    2.3021325850305083e-33,
    -0.06173243001103401,
    0.020223811268806458,
    0.1000250056385994,
    0.07049145549535751,
    0.032503578811883926,
    -0.037888992577791214,
    0.03931184485554695,
    -0.024643005803227425,
    0.07064636796712875,
    0.02002960443496704,
    -0.03712178394198418,
    0.020725613459944725,
    0.02681388147175312,
    0.08644933998584747,
    -0.011753685772418976,
    0.00024329339794348925,
    -0.025891385972499847,
    -0.010110350325703621,
    -0.0023380101192742586,
    0.039097439497709274,
    -0.09575526416301727,
    0.0038059779908508062,
    0.09079241007566452,
    -0.0249655619263649,
    -0.006660096347332001,
    -0.029654741287231445,
    -0.013379882089793682,
    -0.04639381542801857,
    0.01987617276608944,
    -0.0015973272966220975,
    0.050156619399785995,
    0.04721482843160629,
    0.00842122919857502,
    -0.008012589998543262,
    -0.04832949489355087,
    0.07488612830638885,
    -0.011649418622255325,
    -0.02961203269660473,
    -0.012561908923089504,
    0.015326329506933689,
    -0.0019375478150323033,
    -0.04957173019647598,
    0.042230866849422455,
    0.07613034546375275,
    0.06696044653654099,
    0.03389458358287811,
    0.07554265856742859,
    -0.022476274520158768,
    0.13464495539665222,
    0.0031084148213267326,
    0.005937156267464161,
    0.048084791749715805,
    -0.09713996201753616,
    -0.022487524896860123,
    0.010438058525323868,
    -0.09721498936414719,
    0.07297927886247635,
    -0.02388226054608822,
    -0.0458650141954422,
    0.06609563529491425,
    0.06116890907287598,
    0.026886945590376854,
    -0.06370006501674652,
    -0.013755922205746174,
    0.0336809977889061,
    0.03804420307278633,
    -0.06303547322750092,
    0.0076630814000964165,
    -0.016206754371523857,
    -0.05201679468154907,
    0.04392164945602417,
    -0.04357624799013138,
    0.039455339312553406,
    -0.053910452872514725,
    0.08157488703727722,
    0.06672696024179459,
    0.07649984955787659,
    0.009088785387575626,
    0.0049747503362596035,
    0.02025846764445305,
    -0.025488747283816338,
    -0.026568016037344933,
    -0.012472228147089481,
    -0.04337130859494209,
    -0.0425049364566803,
    0.09887371212244034,
    0.043716028332710266,
    0.05871639400720596,
    0.011439908295869827,
    -0.03397951275110245,
    0.03255608677864075,
    -0.014624855481088161,
    0.0744873508810997,
    -0.06369709968566895,
    -0.08435144275426865,
    -3.754667077112608e-33,
    -0.03679967671632767,
    0.029590116813778877,
    -0.05977683514356613,
    0.09810595214366913,
    0.08114144951105118,
    0.04051351547241211,
    0.01832723245024681,
    0.029703088104724884,
    0.04347788915038109,
    0.01532166637480259,
    0.01533037144690752,
    -0.02301875129342079,
    0.08265575021505356,
    0.012028696946799755,
    0.07340721040964127,
    0.05099346488714218,
    -0.05039733275771141,
    -0.009771676734089851,
    0.027102801948785782,
    0.01842544972896576,
    -0.022791100665926933,
    0.027973303571343422,
    0.0376487635076046,
    0.07925714552402496,
    -0.06291728466749191,
    0.037569042295217514,
    0.07305880635976791,
    -0.054101187735795975,
    0.10758260637521744,
    0.01870511658489704,
    -0.03209095448255539,
    -0.10748589038848877,
    0.011161322705447674,
    0.09376160055398941,
    -0.04419706016778946,
    -0.02294365130364895,
    0.03829532861709595,
    0.0595737025141716,
    -0.05786396563053131,
    0.012055515311658382,
    -0.0863848552107811,
    -0.09398839622735977,
    0.005294728092849255,
    0.01895511895418167,
    -0.06540625542402267,
    -0.05402592197060585,
    -0.03403801470994949,
    -0.0009250917355529964,
    -0.01580199785530567,
    0.009889906272292137,
    0.023927858099341393,
    0.04054591432213783,
    -0.045002520084381104,
    -0.015580086968839169,
    -0.06918875128030777,
    0.0698443353176117,
    -0.09396293759346008,
    0.03065767139196396,
    0.0411180779337883,
    -0.019492680206894875,
    -0.05421476811170578,
    0.03657064586877823,
    -0.044102173298597336,
    -0.035049811005592346,
    -0.020846452564001083,
    -0.043969038873910904,
    -0.08637101948261261,
    -0.06639102846384048,
    -0.18568271398544312,
    0.08757682144641876,
    -0.07217801362276077,
    0.00426896708086133,
    -0.0021701266523450613,
    -0.13820867240428925,
    0.04455891624093056,
    -0.0036992260720580816,
    0.004115578718483448,
    -0.05444519966840744,
    0.04194711893796921,
    0.033359967172145844,
    -0.13945960998535156,
    0.036856457591056824,
    0.03822916001081467,
