{
  "id": 548,
  "vector": [
    0.0026764986105263233,
    0.028769109398126602,
    -0.004787082318216562,
    0.010734020732343197,
    0.016573943197727203,
    -0.023479294031858444,
    0.040619589388370514,
    0.10169190913438797,
    0.013381216675043106,
    0.017438244074583054,
    -0.012727998197078705,
    -0.02670091949403286,
    -0.022846998646855354,
    0.13477900624275208,
    -0.0874035507440567,
    -0.04199308902025223,
    -0.060498688369989395,
    0.019837580621242523,
    -0.08555474877357483,
    0.035262685269117355,
    0.020247848704457283,
    0.047854941338300705,
    -0.01860080286860466,
    0.032063357532024384,
    -0.00182110327295959,
    0.010075172409415245,
    -0.04143289476633072,
    -0.04539216682314873,
    0.07661363482475281,
    -0.0697617158293724,
    0.07141551375389099,
    -0.0024497639387845993,
    0.06124219670891762,
    -0.018367404118180275,
    0.004059396684169769,
    -0.05777740105986595,
    -0.028493352234363556,
    -0.03396286070346832,
    0.1071067675948143,
    0.06884104758501053,
    0.03915068879723549,
    0.06423226743936539,
    0.01346534863114357,
    0.002039300976321101,
    -0.013124129734933376,
    0.009932620450854301,
    -0.06261303275823593,
    0.09590871632099152,
    0.01662593148648739,
    -0.025367729365825653,
    0.03469674661755562,
    -0.007209385745227337,
    -0.1639765501022339,
    0.05276373028755188,
    0.033739231526851654,
    -0.14295218884944916,
    -0.009009531699120998,
    -0.008718649856746197,
    -0.05156579613685608,
    0.09799965471029282,
    0.03096373751759529,
    0.03707824647426605,
    -0.019050782546401024,
    -0.024977795779705048,
    -0.029543748125433922,
    0.01740191876888275,
    -0.09580148011445999,
    -0.0009624090162105858,
    -0.0026383185759186745,
    0.06658855080604553,
    -0.01727038435637951,
    0.009467178955674171,
    0.01864575408399105,
    -0.05287868157029152,
    -0.016051430255174637,
    -0.052196867763996124,
    0.013452703133225441,
    -0.05458860099315643,
    0.0011850587325170636,
    0.0457267239689827,
    -0.005444888491183519,
    -0.04829880967736244,
    -0.06155560165643692,
    0.05999724939465523,
    0.026709815487265587,
    -0.005377642344683409,
    -0.0006694867042824626,
    0.03374689072370529,
    0.04490377753973007,
    -0.07227891683578491,
    -0.06435652822256088,
    0.05029541254043579,
    0.03384775668382645,
    -0.06662870943546295,
    -0.025018105283379555,
    0.05952218919992447,
    -0.04755638539791107,
    0.009326418861746788,
    0.014084995724260807,
    0.005014541558921337,
    -0.025794697925448418,
    -0.022998718544840813,
    0.073859304189682,
    -0.11275968700647354,
    -0.06498292833566666,
    0.02505425177514553,
    -0.004597697872668505,
    0.03381591662764549,
    0.02760305255651474,
    -0.004914714954793453,
    -0.03728959336876869,
    0.027007294818758965,
    -0.04365232214331627,
    0.026782678440213203,
    0.01370429527014494,
    -0.022396663203835487,
    0.09531368315219879,
    -0.038379132747650146,
    -0.020075934007763863,
    0.042922861874103546,
    0.08544398099184036,
    -0.02864879183471203,
    0.04904421046376228,
    0.0035758805461227894,
    -0.09927437454462051,
    0.015153128653764725,
    0.0945519283413887,
    4.345941102918203e-33,
    -0.0728495642542839,
    0.04315236210823059,
    -0.0028348432388156652,
    -0.013959798030555248,
    0.03598247841000557,
    0.0017538727261126041,
    -0.005363043397665024,
    -0.038954682648181915,
    0.047309137880802155,
    0.05612018331885338,
    -0.01009735744446516,
    -0.021696651354432106,
    -0.06641176342964172,
    0.06395803391933441,
    -0.025499990209937096,
    -0.016665028408169746,
    0.07239377498626709,
    0.031410351395606995,
    0.014220599085092545,
    -0.08530076593160629,
    -0.05148385092616081,
    0.04456894472241402,
    -0.06405621021986008,
    0.02327810600399971,
    -0.03800208866596222,
    0.03652607277035713,
    -0.033232755959033966,
    0.014821343123912811,
    -0.005017365328967571,
    -0.004564105533063412,
    0.18457719683647156,
    0.04183873534202576,
    -0.036168649792671204,
    0.04607585445046425,
    -0.03201889991760254,
    -0.0656869187951088,
    -0.08324197679758072,
    -0.042667608708143234,
    0.0830605998635292,
    -0.14004191756248474,
    0.03564351424574852,
    0.06193338334560394,
    0.09799925982952118,
    0.045706070959568024,
    -0.032119039446115494,
    0.031769733875989914,
    -0.04925810173153877,
    0.004367406014353037,
    0.12610244750976562,
    0.002448691986501217,
    -0.026980085298419,
    0.07239869236946106,
    -0.024810587987303734,
    0.04566502571105957,
    0.024085432291030884,
    -0.008681575767695904,
    -0.02881336212158203,
    0.06020958349108696,
    0.0799102783203125,
    0.06284870952367783,
    0.02649029903113842,
    0.04112325608730316,
    -0.030766712501645088,
    0.0054290564730763435,
    0.05792009085416794,
    -0.03522445634007454,
    -0.010270186699926853,
    0.0012286880519241095,
    0.01876090094447136,
    -0.0476604588329792,
    -0.06557229161262512,
    -0.017406072467565536,
    -0.021301236003637314,
    -0.03149964660406113,
    -0.03765668347477913,
    -0.009835511445999146,
    0.13266023993492126,
    0.05319051072001457,
    -0.030732126906514168,
    0.09937644004821777,
    -0.11675109714269638,
    0.014442774467170238,
    0.016698529943823814,
    -0.023799771443009377,
    -0.06674196571111679,
    -0.01219455897808075,
    0.03700435534119606,
    0.03688361495733261,
    -0.024051019921898842,
    -0.01895253174006939,
    0.07736849039793015,
    -0.012120329774916172,
    -0.05688614770770073,
    -0.026761582121253014,
    0.01211280096322298,
    -4.895220960382657e-33,
    0.007706698030233383,
    -0.00367890577763319,
    0.03299867734313011,
    0.03312477841973305,
    0.03043193742632866,
    -0.0005258289165794849,
    0.0044127535074949265,
    0.05042029172182083,
    0.08888847380876541,
    0.01228709239512682,
    -0.05142245441675186,
    0.025728462263941765,
    0.02127223089337349,
    0.012451846152544022,
    -0.020298756659030914,
    0.0626496970653534,
    0.11471123993396759,
    0.003375988220795989,
    -0.026579150930047035,
    -0.053370337933301926,
    -0.049698442220687866,
    0.06887278705835342,
    -0.04308946430683136,
    -0.0331394262611866,
    -0.03340497985482216,
    0.029495887458324432,
    0.03716110810637474,
    -0.12464422732591629,
    0.0207219198346138,
    0.051067691296339035,
    0.04866267740726471,
    -0.05128161609172821,
    -0.03134682774543762,
    -0.009982402436435223,
    -0.09593427181243896,
    -0.09549921005964279,
    0.09246867895126343,
    -0.022874677553772926,
    -0.04883815348148346,
    -0.04166819155216217,
    0.10773814469575882,
    -0.025645051151514053,
    -0.004093844909220934,
    0.014829217456281185,
    0.002242165617644787,
    -0.013851438648998737,
    0.043469954282045364,
    -0.06474471837282181,
    0.027648307383060455,
    0.018238183110952377,
    0.03302447870373726,
    0.03603770211338997,
    -0.08367148786783218,
    -0.008807753212749958,
    0.03142528608441353,
    -0.004704786464571953,
    0.0529232956469059,
    -0.03449401631951332,
    -0.0018684552051126957,
    -0.05016639456152916,
    0.005333518143743277,
    -0.005949222017079592,
    -0.0710386261343956,
    -0.0377051904797554,
    -0.06003353372216225,
    -0.010342538356781006,
    -0.02122632972896099,
    0.012016688473522663,
    0.050043120980262756,
    -0.06462577730417252,
    0.04251354932785034,
    0.14809736609458923,
    0.07371442764997482,
    -0.09418682754039764,
    -0.13244758546352386,
    -0.015448061749339104,
    -0.015431951731443405,
    -0.03635808825492859,
    0.004262056667357683,
    -0.0024310846347361803,
    -0.011389659717679024,
    -0.00840084906667471,
    -0.07748245447874069,
