{
  "id": 900,
  "vector": [
    0.014705359935760498,
    0.015223375521600246,
    -0.022098436951637268,
    0.047583453357219696,
    -0.027450116351246834,
    0.006958924699574709,
    0.10320910066366196,
    0.09947232902050018,
    0.02684876322746277,
    -0.04039502143859863,
    0.04569151997566223,
    -0.0907508134841919,
    -0.009141165763139725,
    -0.03291347250342369,
    0.006562838330864906,
    -0.09471230208873749,
    0.015507040545344353,
    -0.039411015808582306,
    -0.09408047050237656,
    -0.0907222330570221,
    0.041357219219207764,
    -0.009000923484563828,
    0.00458449637517333,
    0.01568375714123249,
    -0.003591061569750309,
    0.035532865673303604,
    0.0252737607806921,
    0.0030508958734571934,
    0.005216883961111307,
    -0.022128354758024216,
    -0.007854590192437172,
    0.02266686223447323,
    0.0068717291578650475,
    0.03746022284030914,
    -0.028379792347550392,
    -0.019981244578957558,
    -0.14016950130462646,
    -0.011413242667913437,
    0.10894414037466049,
    0.014904078096151352,
    0.04287484288215637,
    -0.024941574782133102,
    -0.00012425571912899613,
    -0.054652996361255646,
    -0.022964278236031532,
    -0.0018174672732129693,
    -0.005393317900598049,
    0.07775174826383591,
    -0.017725395038723946,
    -0.0006630895077250898,
    -0.010211113840341568,
    0.0016471786657348275,
    -0.10455697774887085,
    0.049496058374643326,
    0.03959323838353157,
    -0.16694216430187225,
    0.005694451276212931,
    0.022106098011136055,
    -0.015157179906964302,
    0.04024019092321396,
    -0.01334459986537695,
    0.015506831929087639,
    -0.05208945274353027,
    -0.04065601900219917,
    -0.006157680414617062,
    -0.004941917955875397,
    -0.0020386159885674715,
    -0.0557100735604763,
    0.022976169362664223,
    0.05988370254635811,
    -0.006993911694735289,
    0.10477477312088013,
    0.04875878244638443,
    0.05936315655708313,
    -0.07917198538780212,
    -0.052797213196754456,
    0.047960009425878525,
    -0.04388657957315445,
    -0.004430854693055153,
    -0.0300836693495512,
    -0.0009054443216882646,
    0.06738714873790741,
    0.047369953244924545,
    0.07172512263059616,
    -0.014353615231812,
    0.012286333367228508,
    -0.04406231269240379,
    0.043139927089214325,
    0.07638008147478104,
    -0.029437843710184097,
    0.044200677424669266,
    0.06875604391098022,
    -0.03349555283784866,
    0.027181856334209442,
    0.0015600735787302256,
    0.055026598274707794,
    -0.030722705647349358,
    -0.06816145777702332,
    -0.007421811576932669,
    -0.003971618600189686,
    0.0006461493903771043,
    -0.014220034703612328,
    0.02751135267317295,
    -0.013905220665037632,
    -0.0703878179192543,
    0.044863879680633545,
    0.012601532973349094,
    0.008826588280498981,
    0.013696704059839249,
    0.03347649797797203,
    -0.040320608764886856,
    -0.028793033212423325,
    0.0009924883488565683,
    -0.0457557775080204,
    -0.020777510479092598,
    -0.00785908754914999,
    0.054560963064432144,
    0.005560466554015875,
    0.04918961599469185,
    -0.05342312529683113,
    0.01973901316523552,
    0.011989953927695751,
    0.11066041886806488,
    -0.007115508429706097,
    -0.07222991436719894,
    0.0296125877648592,
    0.0018393398495391011,
    6.470324248424996e-33,
    -0.08858544379472733,
    0.042400557547807693,
    0.01661515049636364,
    0.06208870932459831,
    0.014852155931293964,
    -0.04521317780017853,
    0.015337197110056877,
    -0.03571590036153793,
    0.00026330247055739164,
    0.0509733222424984,
    -0.07937467098236084,
    -0.015912959352135658,
    -0.08129408210515976,
    0.04142295941710472,
    0.025168992578983307,
    -0.02030843310058117,
    0.013257171027362347,
    0.03593793883919716,
    0.015833567827939987,
    -0.0769028589129448,
    -0.04634736478328705,
    0.046850260347127914,
    0.07233414053916931,
    0.057886168360710144,
    -0.0414559468626976,
    0.052900802344083786,
    0.03634697198867798,
    0.04872956499457359,
    -0.060379836708307266,
    -0.013272318057715893,
    0.12045234441757202,
    0.026885395869612694,
    0.020388221368193626,
    -0.018820568919181824,
    -0.01468607410788536,
    -0.02839406207203865,
    -0.03745558485388756,
    -0.02196372114121914,
    -0.040444646030664444,
    0.037608932703733444,
    0.07082462310791016,
    0.03895723819732666,
    0.1167997196316719,
    0.04338936507701874,
    -0.10097286105155945,
    0.054676104336977005,
    -0.007842490449547768,
    -0.039252471178770065,
    0.10220164805650711,
    -0.003159902524203062,
    0.0341690368950367,
    0.047785434871912,
    0.022525476291775703,
    -0.012960102409124374,
    0.0036693757865577936,
    0.012825701385736465,
    -0.013664358295500278,
    0.02040952630341053,
    0.05058079585433006,
    0.06348688155412674,
    -0.0013807581271976233,
    -0.06493107229471207,
    -0.02669614925980568,
    0.02105301432311535,
    -0.06088447943329811,
    -0.005977602209895849,
    -0.12559190392494202,
    -0.03224073722958565,
    0.008309755474328995,
    0.00326664000749588,
    0.00348568893969059,
    0.02026437781751156,
    0.11318676918745041,
    -0.020748332142829895,
    0.06068817898631096,
    -0.03977920860052109,
    0.05916320160031319,
    0.011645837686955929,
    0.0009349211468361318,
    0.09698841720819473,
    -0.07228522002696991,
    -0.025437358766794205,
    0.030002310872077942,
    -0.05310114100575447,
    -0.033488593995571136,
    0.005321245174854994,
    -0.03335077688097954,
    -0.042667437344789505,
    0.020388659089803696,
    0.0032699713483452797,
    -0.07908645272254944,
    -0.024516884237527847,
    -0.011013247072696686,
    -0.05435623973608017,
    -0.04712267965078354,
    -6.195486322363053e-33,
    -0.00010777467105071992,
    0.07788445055484772,
    -0.05996177718043327,
    0.047118425369262695,
    0.022615525871515274,
    0.000012926399904245045,
    0.019806895405054092,
    0.08605022728443146,
    -0.004301306325942278,
    -0.0003625222307164222,
    0.020720502361655235,
    0.0014793842565268278,
    0.02330814115703106,
    -0.02933417074382305,
    0.0009276554919779301,
    0.1151774674654007,
    0.04822130501270294,
    0.04898499324917793,
    -0.03376356139779091,
    -0.06988974660634995,
    -0.019314829260110855,
    0.021307364106178284,
    0.04545896500349045,
    0.03692727908492088,
    -0.03856249526143074,
    -0.018572811037302017,
    0.08488952368497849,
    -0.013210986740887165,
    0.03292107582092285,
    0.0307676512748003,
    0.10628628730773926,
    -0.10381609201431274,
    0.008419082500040531,
    0.08939143270254135,
    -0.09278936684131622,
    -0.11571767926216125,
    0.11018763482570648,
    -0.010570396669209003,
    -0.0029634807724505663,
    0.044391583651304245,
    0.04542812332510948,
    -0.020127782598137856,
    0.04189521446824074,
    0.04591185972094536,
    -0.030731290578842163,
    -0.057745691388845444,
    0.03409063443541527,
    -0.05041264742612839,
    -0.03813496604561806,
    -0.05446966364979744,
    0.10325754433870316,
    -0.026265855878591537,
    -0.1074337512254715,
    -0.06065927445888519,
    0.012248965911567211,
    0.04966168850660324,
    -0.025774015113711357,
    0.03388453274965286,
    0.014209823682904243,
    -0.06545715034008026,
    0.026922492310404778,
    -0.028644366189837456,
    -0.018386797979474068,
    -0.04307444393634796,
    0.028407569974660873,
    0.036331210285425186,
    0.02342473529279232,
    -0.043503690510988235,
    0.03142735734581947,
    0.011595118790864944,
    0.026974769309163094,
    -0.0723908469080925,
    -0.05433019623160362,
    -0.05284978449344635,
    -0.0007146581192500889,
    -0.040276363492012024,
    0.0572553388774395,
    0.06756372004747391,
    0.1132173240184784,
    0.0192888043820858,
    -0.03385663777589798,
    -0.04013404622673988,
