{
  "id": 1079,
  "vector": [
    -0.03447021171450615,
    0.012535640969872475,
    -0.07847795635461807,
    0.056212443858385086,
    -0.043657466769218445,
    -0.035106562077999115,
    0.0755544900894165,
    0.09563998132944107,
    -0.022617679089307785,
    0.004568778444081545,
    0.08467301726341248,
    -0.06282784789800644,
    0.04780060052871704,
    -0.006429039873182774,
    -0.01734713837504387,
    -0.012094084173440933,
    0.01565275900065899,
    -0.05532517656683922,
    -0.06450436264276505,
    -0.058481842279434204,
    0.019667750224471092,
    -0.023991378024220467,
    0.026655497029423714,
    0.06414606422185898,
    -0.04473542049527168,
    0.021966366097331047,
    -0.053145430982112885,
    0.049394018948078156,
    -0.023087061941623688,
    0.0013109709834679961,
    0.03014923445880413,
    0.0869140625,
    -0.010027456097304821,
    -0.004742995835840702,
    -0.00677352212369442,
    -0.059089288115501404,
    -0.04560626670718193,
    -0.028401251882314682,
    0.07031650096178055,
    0.036117009818553925,
    0.004153941757977009,
    0.046581607311964035,
    0.02600439451634884,
    0.08482769876718521,
    0.037084925919771194,
    -0.01479953620582819,
    -0.10510442405939102,
    0.07115872204303741,
    -0.0343950018286705,
    0.008168179541826248,
    -0.053976211696863174,
    0.010697253979742527,
    -0.024699144065380096,
    0.016878262162208557,
    0.027373645454645157,
    -0.04604193568229675,
    -0.024903127923607826,
    0.022424807772040367,
    -0.0244748517870903,
    0.13976703584194183,
    0.022065123543143272,
    -0.00422751484438777,
    -0.022389423102140427,
    -0.03899030014872551,
    -0.013584109023213387,
    0.06700658053159714,
    -0.04621708393096924,
    -0.0066860937513411045,
    -0.05415782704949379,
    -0.008312132209539413,
    -0.0006494857370853424,
    0.05891142413020134,
    -0.0190095454454422,
    -0.031520336866378784,
    -0.0489603616297245,
    -0.053922925144433975,
    0.09763512760400772,
    -0.08530452847480774,
    -0.06895758956670761,
    0.02372104860842228,
    0.007604178972542286,
    -0.041548747569322586,
    -0.002174470806494355,
    0.0027639425825327635,
    -0.013389401137828827,
    -0.06410980969667435,
    0.009132388047873974,
    -0.0061117541044950485,
    0.06101999804377556,
    -0.016782771795988083,
    -0.032300692051649094,
    0.021942079067230225,
    -0.025075439363718033,
    -0.06391637027263641,
    -0.0378955714404583,
    0.0596475787460804,
    -0.07517113536596298,
    -0.11111661046743393,
    0.041119638830423355,
    0.052240416407585144,
    0.060347989201545715,
    -0.06581419706344604,
    0.025225237011909485,
    -0.031606949865818024,
    -0.053566426038742065,
    0.07630053162574768,
    0.12129613012075424,
    0.06647209078073502,
    -0.020334456115961075,
    0.08214795589447021,
    -0.05398983508348465,
    -0.002066010609269142,
    0.02303476817905903,
    -0.033941660076379776,
    -0.06550661474466324,
    0.06263768672943115,
    0.04992738738656044,
    0.03174574300646782,
    0.030234836041927338,
    -0.01254927460104227,
    0.0567779503762722,
    0.04164073243737221,
    0.09094154834747314,
    -0.03595494478940964,
    -0.05154821649193764,
    0.013078151270747185,
    0.004165892489254475,
    4.245517518501501e-33,
    -0.09161588549613953,
    -0.011819431558251381,
    -0.04408793896436691,
    0.036267463117837906,
    0.026097360998392105,
    0.08365137130022049,
    0.06304576992988586,
    -0.027127133682370186,
    -0.06080903485417366,
    -0.030666818842291832,
    -0.011836757883429527,
    -0.01251709833741188,
    0.016417810693383217,
    0.11255790293216705,
    -0.03955288976430893,
    -0.016018657013773918,
    0.05152003467082977,
    0.049480900168418884,
    -0.019237149506807327,
    -0.04810197278857231,
    -0.08790145069360733,
    0.07171580195426941,
    0.038570258766412735,
    0.0007026990642771125,
    -0.06447221338748932,
    0.0565510056912899,
    -0.012342794798314571,
    0.011891281232237816,
    -0.06044682115316391,
    0.031132636591792107,
    0.05473804846405983,
    -0.01917075365781784,
    0.06492932140827179,
    0.013469991274178028,
    0.04729042574763298,
    0.009310351684689522,
    -0.07141055911779404,
    -0.06458710879087448,
    0.04999583587050438,
    -0.049589816480875015,
    0.004576932638883591,
    0.08475463837385178,
    0.06198381632566452,
    0.062044352293014526,
    -0.1529504805803299,
    0.13137315213680267,
    0.02474042773246765,
    -0.027262885123491287,
    0.052914246916770935,
    -0.02729165554046631,
    -0.05364696681499481,
    0.03991957753896713,
    -0.0655607208609581,
    0.08938527852296829,
    0.024916857481002808,
    0.008862254209816456,
    -0.08843497931957245,
    0.025444861501455307,
    0.06603849679231644,
    0.01844264194369316,
    -0.06277530640363693,
    0.0058249132707715034,
    -0.04844950512051582,
    -0.004894661717116833,
    0.005161055363714695,
    0.007156515959650278,
    -0.10311780124902725,
    -0.023926980793476105,
    0.04192980006337166,
    0.04791846498847008,
    0.02832219935953617,
    0.0318218432366848,
    0.10431065410375595,
    -0.014177704229950905,
    0.026324858888983727,
    -0.0019954824820160866,
    0.11177249997854233,
    0.009531349875032902,
    -0.04729292541742325,
    0.09067976474761963,
    -0.09915100038051605,
    -0.02778938040137291,
    0.03841298073530197,
    0.017303617671132088,
    -0.03468596190214157,
    -0.01981828361749649,
    -0.09042000770568848,
    -0.008198155090212822,
    0.046255216002464294,
    0.0010931777069345117,
    -0.05054396390914917,
    -0.056725166738033295,
    0.017693443223834038,
    -0.062040816992521286,
    -0.024873552843928337,
    -3.9354503940873985e-33,
    0.006990279071033001,
    0.14221914112567902,
    0.016258539631962776,
    0.004129203502088785,
    0.06507296860218048,
    -0.03870745375752449,
    -0.020894110202789307,
    -0.02550653927028179,
    0.028187911957502365,
    -0.06136959418654442,
    -0.015254047699272633,
    0.021088097244501114,
    -0.011983318254351616,
    -0.06677455455064774,
    -0.06367158889770508,
    0.07877519726753235,
    0.0786222591996193,
    -0.01675545796751976,
    0.04037894681096077,
    -0.02107146754860878,
    -0.045057352632284164,
    0.03855752944946289,
    -0.038110557943582535,
    0.034313276410102844,
    0.0002205425116699189,
    -0.0031280838884413242,
    0.026116592809557915,
    -0.03026209957897663,
    0.04950953647494316,
    0.009373260661959648,
    0.005932648666203022,
    -0.17551082372665405,
    -0.0303244199603796,
    -0.028157075867056847,
    -0.015538671985268593,
    0.029142525047063828,
    0.09007515758275986,
    0.0013371040113270283,
    -0.023814404383301735,
    0.027468392625451088,
    0.022892462089657784,
    -0.02507115714251995,
    0.016760630533099174,
    -0.00457163667306304,
    0.06480472534894943,
    0.05203928053379059,
    -0.01587194949388504,
    -0.07517306506633759,
    -0.008031814359128475,
    -0.02388414554297924,
    0.024338699877262115,
    0.005185204558074474,
    -0.09757498651742935,
    0.00413672486320138,
    0.05757879465818405,
    -0.03538587689399719,
    0.014813529327511787,
    0.07399938255548477,
    -0.08756233006715775,
    -0.05875687673687935,
    0.05363655090332031,
    -0.06784705072641373,
    -0.05364995077252388,
    0.0004219940456096083,
    -0.013296247459948063,
    -0.026070548221468925,
    0.002277249237522483,
    -0.07164295017719269,
    0.03232258930802345,
    -0.029108194634318352,
    -0.015951236709952354,
    0.02990509569644928,
    -0.02363232895731926,
    0.012047973461449146,
    -0.06996876746416092,
    -0.017764335498213768,
    -0.04254290089011192,
    -0.041434429585933685,
    0.09506627172231674,
    -0.030757445842027664,
    0.031144695356488228,
    0.0011878196382895112,
