{
  "id": 961,
  "vector": [
    0.005186167079955339,
    0.046120647341012955,
    -0.042669881135225296,
    0.042449869215488434,
    -0.12884090840816498,
    0.03853866085410118,
    0.007557009346783161,
    -0.01182906050235033,
    -0.06323347985744476,
    0.03392809256911278,
    0.04976055398583412,
    -0.05179040879011154,
    -0.02816939540207386,
    -0.0059774150140583515,
    -0.02277264930307865,
    0.019655399024486542,
    -0.03237870708107948,
    -0.004666231572628021,
    -0.08453328162431717,
    0.01884431578218937,
    0.048199690878391266,
    -0.0681164339184761,
    -0.07406748831272125,
    0.012542624957859516,
    -0.05029209703207016,
    0.020616808906197548,
    -0.052310552448034286,
    -0.063747838139534,
    0.0021266257390379906,
    -0.03583597391843796,
    -0.010860211215913296,
    0.08993416279554367,
    -0.058275192975997925,
    0.053703371435403824,
    0.006513445172458887,
    -0.08801466971635818,
    -0.0891796350479126,
    0.041506052017211914,
    0.08360756933689117,
    -0.021884972229599953,
    0.06610434502363205,
    0.02745494805276394,
    0.020124204456806183,
    -0.008941377513110638,
    0.05794891342520714,
    -0.04783017560839653,
    -0.05111768841743469,
    0.006421343423426151,
    -0.03801465407013893,
    -0.0018428959883749485,
    0.05090540647506714,
    0.03394996374845505,
    -0.09365206956863403,
    0.07082991302013397,
    0.026960674673318863,
    -0.11539624631404877,
    0.014231394045054913,
    -0.02879483439028263,
    -0.017918037250638008,
    0.017842518165707588,
    -0.013566166162490845,
    -0.007724361959844828,
    -0.01766822300851345,
    -0.002065888838842511,
    -0.033887553960084915,
    -0.03401247411966324,
    -0.051648061722517014,
    -0.0010019259061664343,
    -0.05988682806491852,
    0.019725069403648376,
    -0.007317601703107357,
    0.0602816678583622,
    0.03690004721283913,
    0.012836466543376446,
    -0.012094025500118732,
    -0.08806052803993225,
    0.07051554322242737,
    -0.07881312072277069,
    -0.07705791294574738,
    0.04604263976216316,
    -0.04281668737530708,
    -0.001664583571255207,
    0.03216714784502983,
    0.06075016409158707,
    -0.01313717383891344,
    -0.02390449307858944,
    0.02779952809214592,
    0.03816433250904083,
    0.03515991196036339,
    -0.08025984466075897,
    -0.002104650717228651,
    0.02389761246740818,
    -0.014720132574439049,
    0.08320741355419159,
    -0.07278727740049362,
    -0.03122544474899769,
    0.008171257562935352,
    -0.05750986561179161,
    -0.03771768510341644,
    0.043223973363637924,
    0.06589111685752869,
    -0.03385775536298752,
    0.09269165247678757,
    -0.08572693914175034,
    -0.05381888896226883,
    0.05136481672525406,
    0.039033226668834686,
    -0.018260641023516655,
    0.014783130027353764,
    0.08154338598251343,
    -0.02223232574760914,
    0.03488784283399582,
    0.01458318904042244,
    0.02614598721265793,
    -0.004271333571523428,
    -0.006478088442236185,
    -0.03148792311549187,
    0.05508377030491829,
    0.08531811833381653,
    0.0120359743013978,
    0.09105123579502106,
    0.04849136620759964,
    0.085150346159935,
    0.023931920528411865,
    -0.06890827417373657,
    0.01590670645236969,
    -0.03901558741927147,
    5.20995920547334e-33,
    -0.03472020477056503,
    -0.020692426711320877,
    0.07448157668113708,
    0.07955378293991089,
    0.08816616237163544,
    0.004905267618596554,
    0.07120340317487717,
    -0.05499482527375221,
    0.017918994650244713,
    0.09827553480863571,
    -0.05383140593767166,
    0.03605549409985542,
    -0.01161052193492651,
    0.06263897567987442,
    0.022108033299446106,
    0.05892326310276985,
    -0.08125624060630798,
    -0.016465898603200912,
    0.06759610027074814,
    -0.023330917581915855,
    -0.02602936327457428,
    0.015074568800628185,
    0.06313518434762955,
    -0.06903278827667236,
    -0.11158939450979233,
    0.021084515377879143,
    0.0033302088268101215,
    -0.04052193462848663,
    -0.04753188416361809,
    0.021798469126224518,
    0.11170260608196259,
    0.0025752787478268147,
    0.016079219058156013,
    -0.018217774108052254,
    0.03096986748278141,
    0.030709441751241684,
    -0.000025192784960381687,
    -0.009440440684556961,
    -0.046931441873311996,
    0.010958096012473106,
    0.03628351539373398,
    -0.03800804913043976,
    0.0329105481505394,
    -0.0030111195519566536,
    -0.06273161619901657,
    0.00881844200193882,
    0.08945814520120621,
    0.03343074023723602,
    0.11641617864370346,
    0.05835995450615883,
    -0.005169658921658993,
    -0.014521081000566483,
    -0.006635041907429695,
    -0.013014939613640308,
    0.06877478957176208,
    -0.03285561129450798,
    -0.012482188642024994,
    -0.02933477982878685,
    0.03361757844686508,
    0.07597312331199646,
    0.03246775642037392,
    -0.09303390979766846,
    -0.033277351409196854,
    -0.05721024423837662,
    0.008301567286252975,
    0.018098240718245506,
    -0.04472609981894493,
    0.010590886697173119,
    0.03930800035595894,
    -0.05238097161054611,
    -0.010569906793534756,
    -0.018831783905625343,
    0.08074168860912323,
    -0.05352846533060074,
    0.01539586205035448,
    -0.030285783112049103,
    0.03857382386922836,
    0.06186084821820259,
    -0.012403411790728569,
    0.03679756447672844,
    0.031549882143735886,
    -0.033941932022571564,
    0.001268091844394803,
    -0.1134006455540657,
    -0.027227677404880524,
    0.05320239067077637,
    -0.027316024526953697,
    0.02689335122704506,
    -0.046474482864141464,
    0.030875297263264656,
    0.01600789837539196,
    0.04365600273013115,
    0.013217170722782612,
    -0.025879371911287308,
    -0.04424639046192169,
    -5.353824652992618e-33,
    -0.07412542402744293,
    0.041023049503564835,
    -0.06491264700889587,
    0.005766095127910376,
    0.08143104612827301,
    -0.057898495346307755,
    -0.007042706478387117,
    0.022054975852370262,
    0.06428676843643188,
    -0.03367528319358826,
    -0.04461191967129707,
    -0.019944000989198685,
    0.06445268541574478,
    -0.033577580004930496,
    0.07255997508764267,
    0.0010226710001006722,
    0.006473711226135492,
    -0.027889739722013474,
    0.02333957888185978,
    -0.06321430951356888,
    -0.048258207738399506,
    0.03476760536432266,
    -0.09807213395833969,
    0.12670861184597015,
    -0.035678427666425705,
    0.03128444403409958,
    0.022429529577493668,
    0.014577331952750683,
    0.13185010850429535,
    0.004383550491183996,
    0.08990303426980972,
    -0.1433759182691574,
    0.054127734154462814,
    0.03838777169585228,
    -0.030476436018943787,
    -0.008131179958581924,
    0.04432104155421257,
    0.027928948402404785,
    0.023694375529885292,
    0.029773958027362823,
    -0.01958274096250534,
    -0.050615910440683365,
    0.02361825294792652,
    0.018873026594519615,
    0.0054064104333519936,
    -0.026017123833298683,
    -0.038029156625270844,
    -0.03733844682574272,
    -0.02774193324148655,
    -0.02664446085691452,
    0.026328526437282562,
    -0.055654700845479965,
    -0.09316598623991013,
    -0.08163342624902725,
    0.02371392212808132,
    0.059736307710409164,
    -0.11122820526361465,
    0.027696194127202034,
    0.06436734646558762,
    -0.07458211481571198,
    0.023667268455028534,
    -0.009280262514948845,
    -0.025384236127138138,
    -0.04266057163476944,
    -0.045806773006916046,
    0.04203817620873451,
    -0.012221911922097206,
    -0.12289447337388992,
    -0.07560720294713974,
    0.12812818586826324,
    -0.10625945031642914,
    0.06588752567768097,
    -0.0955803394317627,
    -0.15028056502342224,
    -0.025900382548570633,
    -0.046850740909576416,
    0.048362258821725845,
    0.03347816318273544,
    0.11847114562988281,
    -0.0558086521923542,
    -0.07834210991859436,
    -0.007264263462275267,
    0.050747063010931015,
