{
  "id": 972,
  "vector": [
    0.04001504182815552,
    0.010203537531197071,
    0.02918216958642006,
    -0.0382339209318161,
    0.06574906408786774,
    -0.014326819218695164,
    0.07409991323947906,
    0.040169861167669296,
    -0.09846551716327667,
    0.0267088133841753,
    0.04877270385622978,
    -0.03571028262376785,
    0.0034603977110236883,
    0.018334323540329933,
    -0.036601897329092026,
    0.059637367725372314,
    -0.04480582848191261,
    0.054225414991378784,
    -0.1308179795742035,
    -0.0002652093244250864,
    0.05746139958500862,
    -0.04414494335651398,
    0.006574840750545263,
    0.006521954201161861,
    -0.03389119356870651,
    0.0704229548573494,
    -0.024274788796901703,
    -0.06980390846729279,
    -0.017151949927210808,
    -0.0478685200214386,
    0.038783397525548935,
    0.07678265124559402,
    0.042739007622003555,
    -0.029651116579771042,
    -0.0138782924041152,
    -0.07643530517816544,
    -0.02356768772006035,
    -0.038708291947841644,
    0.09887703508138657,
    -0.0003339152899570763,
    -0.008402282372117043,
    0.02039327099919319,
    -0.03422054648399353,
    0.022742418572306633,
    -0.05411585420370102,
    -0.05969993397593498,
    -0.013418574817478657,
    0.06426873803138733,
    0.0869932770729065,
    0.013867196626961231,
    0.07449664175510406,
    0.03043302521109581,
    -0.06372850388288498,
    0.0027814775239676237,
    -0.057553455233573914,
    -0.05402430146932602,
    -0.0003043894830625504,
    -0.007183013949543238,
    0.008301204070448875,
    0.02593074180185795,
    0.014614799059927464,
    0.01675507426261902,
    -0.022461889311671257,
    0.02407856658101082,
    0.09738358110189438,
    0.03592393547296524,
    -0.002322362968698144,
    0.07607748359441757,
    -0.07458099722862244,
    0.06919095665216446,
    0.028879033401608467,
    0.051304321736097336,
    0.031237905845046043,
    0.024562643840909004,
    0.09468967467546463,
    0.028052188456058502,
    0.03154350817203522,
    -0.12750190496444702,
    -0.07420598715543747,
    0.09210831671953201,
    -0.13077326118946075,
    -0.0341484434902668,
    -0.009623955003917217,
    0.020274821668863297,
    -0.011732735671103,
    -0.018486613407731056,
    -0.010459983721375465,
    -0.007006494794040918,
    0.011730664409697056,
    -0.08475341647863388,
    -0.06732098758220673,
    0.045653264969587326,
    0.018206657841801643,
    -0.055108144879341125,
    0.018799955025315285,
    0.018485508859157562,
    -0.006844170391559601,
    -0.006763062439858913,
    0.04380865767598152,
    0.007182384375482798,
    -0.021718652918934822,
    0.009983200579881668,
    0.023691490292549133,
    -0.07385235279798508,
    0.01259415503591299,
    -0.05128873884677887,
    0.024288853630423546,
    0.030971866101026535,
    0.009207615628838539,
    0.015704968944191933,
    0.01473745796829462,
    0.008457409217953682,
    0.036518946290016174,
    0.06829731911420822,
    -0.0014770785346627235,
    0.01209665834903717,
    0.011442333459854126,
    -0.01096939854323864,
    -0.030600067228078842,
    0.0026640661526471376,
    0.10742011666297913,
    0.026202132925391197,
    -0.05091419070959091,
    -0.03561033681035042,
    -0.06904508173465729,
    0.03690273314714432,
    0.044649478048086166,
    4.8318559374015814e-33,
    -0.08225315064191818,
    -0.019344663247466087,
    0.07844174653291702,
    -0.018902894109487534,
    0.04651917517185211,
    -0.03622880205512047,
    0.03654760122299194,
    0.032993756234645844,
    0.03462153673171997,
    0.07476213574409485,
    -0.02608819492161274,
    0.023956436663866043,
    -0.047794368118047714,
    -0.004755509085953236,
    -0.06743515282869339,
    -0.0749501883983612,
    0.0370606929063797,
    0.0709269642829895,
    -0.027237704023718834,
    -0.05362338572740555,
    -0.042443398386240005,
    -0.008055221289396286,
    -0.05730070918798447,
    -0.045889198780059814,
    -0.02855617366731167,
    -0.01719779521226883,
    -0.017623605206608772,
    0.05733881890773773,
    0.05809733644127846,
    0.00022029249521438032,
    0.11654332280158997,
    0.03895125538110733,
    -0.026698613539338112,
    0.027124769985675812,
    -0.06347473710775375,
    -0.039289768785238266,
    -0.10292784124612808,
    0.03214976191520691,
    0.015935363247990608,
    -0.049055084586143494,
    -0.01668880507349968,
    0.02330763265490532,
    0.03524749353528023,
    -0.015234635211527348,
    -0.05285252258181572,
    0.0020011288579553366,
    0.07515877485275269,
    -0.025487810373306274,
    0.025631356984376907,
    0.0349198654294014,
    0.017270546406507492,
    0.014716259203851223,
    -0.0429254025220871,
    0.03401424363255501,
    0.07297995686531067,
    -0.05205884203314781,
    -0.034530483186244965,
    -0.016531463712453842,
    -0.00035490994923748076,
    0.09344563633203506,
    0.03460804000496864,
    0.055103108286857605,
    -0.03423478454351425,
    0.05876807123422623,
    0.04165354743599892,
    -0.026786262169480324,
    -0.04610700160264969,
    0.042378298938274384,
    -0.02678704261779785,
    0.06013708934187889,
    0.02232404798269272,
    0.015551208518445492,
    -0.015185073018074036,
    -0.05194017291069031,
    0.039439719170331955,
    -0.012158514000475407,
    0.1110641285777092,
    0.05147901922464371,
    -0.05393213778734207,
    -0.07893739640712738,
    -0.05870329216122627,
    -0.06406060606241226,
    -0.05074997618794441,
    -0.033941008150577545,
    -0.10536086559295654,
    0.0695158913731575,
    -0.0415145680308342,
    0.06190847232937813,
    -0.001078446046449244,
    -0.01630343869328499,
    0.010886003263294697,
    -0.0627337396144867,
    -0.02229945734143257,
    -0.08439628779888153,
    -0.10010156780481339,
    -4.046509998327134e-33,
    -0.0024504701141268015,
    0.09803976863622665,
    -0.0469973050057888,
    0.05799160152673721,
    0.04015621170401573,
    -0.005398890469223261,
    0.1445183902978897,
    0.023087430745363235,
    0.029774978756904602,
    -0.013951015658676624,
    -0.058648817241191864,
    0.03931570425629616,
    -0.019166553393006325,
    0.046836353838443756,
    -0.07743910700082779,
    0.14363494515419006,
    0.09301208704710007,
    -0.002598306629806757,
    -0.0612136535346508,
    -0.06866844743490219,
    -0.09452814608812332,
    0.08669915050268173,
    0.05729425325989723,
    0.1156056597828865,
    -0.028334444388747215,
    -0.04317741096019745,
    0.02695818431675434,
    0.003370150225237012,
    0.03932920843362808,
    -0.017602145671844482,
    0.0002356641343794763,
    -0.040853410959243774,
    0.06684376299381256,
    0.01390665303915739,
    0.031404267996549606,
    -0.061289411038160324,
    0.019353467971086502,
    0.018782783299684525,
    0.0494176521897316,
    0.06880804151296616,
    -0.0465959832072258,
    -0.0966811254620552,
    -0.0511709488928318,
    -0.010248051024973392,
    -0.006634282413870096,
    -0.053383104503154755,
    -0.03650681674480438,
    -0.07280091196298599,
    0.03695594519376755,
    -0.009448313154280186,
    -0.009494462981820107,
    0.033129844814538956,
    -0.033348165452480316,
    -0.055263154208660126,
    0.0290482509881258,
    0.11293657124042511,
    0.0056511047296226025,
    -0.03078247793018818,
    0.012984062545001507,
    -0.06313939392566681,
    0.0025668346788734198,
    0.024973781779408455,
    -0.0003573196299839765,
    0.013168347999453545,
    -0.003970141056925058,
    -0.0695737972855568,
    -0.06296257674694061,
    -0.024909792467951775,
    -0.059815194457769394,
    0.014828723855316639,
    0.003550224704667926,
    0.0807463675737381,
    0.01437956653535366,
    -0.08043685555458069,
    -0.130585715174675,
    -0.115788534283638,
    0.018858296796679497,
    -0.07366039603948593,
    0.044492870569229126,
    -0.008450387977063656,
    -0.04148049280047417,
    0.0045508467592298985,
    0.021228158846497536,
