{
  "id": 629,
  "vector": [
    -0.04450603201985359,
    -0.011163209564983845,
    -0.0243690125644207,
    0.002073765965178609,
    0.030453216284513474,
    0.01873602159321308,
    -0.00622986676171422,
    0.07195888459682465,
    0.06366594135761261,
    -0.13541541993618011,
    -0.025308387354016304,
    -0.08473173528909683,
    -0.09022047370672226,
    -0.060046546161174774,
    0.023157354444265366,
    -0.04002534598112106,
    -0.02765793353319168,
    0.04679350554943085,
    -0.016540350392460823,
    -0.05639038234949112,
    -0.015521196648478508,
    0.0265431459993124,
    0.012094298377633095,
    0.07432382553815842,
    -0.03266828879714012,
    0.05988209322094917,
    0.0025868278462439775,
    0.006403402891010046,
    0.020776884630322456,
    -0.0840936005115509,
    0.04508558288216591,
    0.03629522770643234,
    -0.0037516781594604254,
    -0.04150577634572983,
    0.02753431908786297,
    -0.04334234073758125,
    -0.05738819018006325,
    -0.0290598813444376,
    0.034021247178316116,
    0.04185119643807411,
    0.0816662609577179,
    -0.07344381511211395,
    -0.012770832516252995,
    -0.04846502095460892,
    -0.011391852982342243,
    0.015508375130593777,
    -0.05161382630467415,
    0.06347822397947311,
    0.05306606367230415,
    -0.09915871918201447,
    0.0393761545419693,
    -0.027949629351496696,
    -0.11501076072454453,
    -0.00879758968949318,
    0.03379717469215393,
    -0.13189361989498138,
    -0.025581710040569305,
    0.04928305000066757,
    -0.04636025056242943,
    0.03214618191123009,
    0.034370701760053635,
    0.07891732454299927,
    -0.04169216379523277,
    0.03647138550877571,
    0.012047677300870419,
    -0.017287075519561768,
    -0.06615081429481506,
    -0.10789943486452103,
    -0.03245098516345024,
    0.023176617920398712,
    -0.06512780487537384,
    0.007351645268499851,
    0.024561403319239616,
    -0.029820626601576805,
    -0.10961542278528214,
    -0.018728673458099365,
    0.048122093081474304,
    -0.06039326265454292,
    -0.04355470463633537,
    0.06758173555135727,
    -0.023328231647610664,
    0.04937606677412987,
    -0.07682933658361435,
    0.0765877366065979,
    0.018655996769666672,
    -0.003011079737916589,
    -0.06574461609125137,
    0.020778929814696312,
    -0.00184313312638551,
    0.011948546394705772,
    -0.07749376446008682,
    -0.0038520756643265486,
    -0.05359610170125961,
    0.00250254780985415,
    0.037660568952560425,
    0.0809505358338356,
    -0.0028964621014893055,
    0.007357444614171982,
    -0.0016334156971424818,
    0.06061166524887085,
    0.029316825792193413,
    -0.007541642989963293,
    0.04456576332449913,
    -0.04321110621094704,
    -0.05341458320617676,
    0.030674917623400688,
    -0.04412318393588066,
    0.0378757044672966,
    0.04829754680395126,
    0.07238217443227768,
    -0.0668182522058487,
    -0.06506142765283585,
    -0.10078227519989014,
    -0.06614713370800018,
    -0.013457441702485085,
    -0.04261862486600876,
    0.052865009754896164,
    -0.09302292764186859,
    0.12543419003486633,
    -0.04868125542998314,
    0.04745097830891609,
    -0.02385823056101799,
    0.024316884577274323,
    -0.08363833278417587,
    -0.029452119022607803,
    -0.03021782450377941,
    0.11294625699520111,
    1.598621072911455e-33,
    -0.087679423391819,
    -0.01397777535021305,
    0.05541868507862091,
    0.06568849831819534,
    -0.05798603221774101,
    0.05983792617917061,
    -0.012642407789826393,
    -0.07728476822376251,
    0.0395849235355854,
    0.026806626468896866,
    -0.03912123665213585,
    0.0358223021030426,
    -0.018200548365712166,
    0.10112939774990082,
    -0.06253249943256378,
    -0.08427540957927704,
    0.0440831258893013,
    0.06669912487268448,
    0.10375426709651947,
    -0.09924158453941345,
    -0.011299381032586098,
    0.033394232392311096,
    -0.042039405554533005,
    0.034087151288986206,
    -0.030220024287700653,
    -0.04282237961888313,
    0.019817082211375237,
    -0.07567155361175537,
    0.03447101637721062,
    0.01983831264078617,
    0.033266328275203705,
    0.02565986104309559,
    0.012401912361383438,
    -0.02819286845624447,
    -0.04751824960112572,
    0.006877778563648462,
    -0.11511626839637756,
    -0.07583269476890564,
    0.02779141627252102,
    0.009231647476553917,
    0.03817358613014221,
    0.06440109014511108,
    0.06978290528059006,
    0.008696277625858784,
    -0.09287390112876892,
    0.09933371096849442,
    -0.01431475579738617,
    -0.023223083466291428,
    0.08190790563821793,
    -0.10398074984550476,
    0.02281876653432846,
    0.0415499210357666,
    -0.03087032400071621,
    -0.00021044786262791604,
    0.03847417235374451,
    -0.019755370914936066,
    -0.021879544481635094,
    0.10573042929172516,
    0.01384312566369772,
    0.005044611636549234,
    -0.039585042744874954,
    0.08739793300628662,
    -0.05252540111541748,
    0.034720972180366516,
    0.028038792312145233,
    0.007518299855291843,
    -0.09644115716218948,
    0.027977682650089264,
    0.0495464913547039,
    -0.02420198731124401,
    -0.039148878306150436,
    0.020969513803720474,
    0.07793916016817093,
    -0.027389300987124443,
    0.07668319344520569,
    0.017056018114089966,
    0.07234933972358704,
    0.059301406145095825,
    0.00768134044483304,
    0.028376249596476555,
    -0.011651389300823212,
    -0.051822688430547714,
    0.05420473963022232,
    -0.02915169857442379,
    -0.04527721554040909,
    -0.0010145787382498384,
    -0.004066402558237314,
    0.015449770726263523,
    0.022794833406805992,
    -0.06380604207515717,
    -0.006050990894436836,
    -0.05780484527349472,
    0.008365068584680557,
    -0.00420428765937686,
    -0.033870674669742584,
    -4.211425243591778e-33,
    -0.03139792010188103,
    0.037107404321432114,
    0.042959924787282944,
    0.017110195010900497,
    0.11994008719921112,
    0.07448895275592804,
    0.007283554878085852,
    0.09562186896800995,
    0.08739092946052551,
    0.027554484084248543,
    -0.055959731340408325,
    -0.022014347836375237,
    0.03377019613981247,
    0.014841713011264801,
    -0.030315477401018143,
    0.03021884895861149,
    0.005941887851804495,
    -0.02448742464184761,
    -0.014812210574746132,
    -0.011534466408193111,
    -0.016097599640488625,
    0.056295886635780334,
    0.014887881465256214,
    0.05333435535430908,
    0.012071114964783192,
    -0.000989796593785286,
    -0.005397113971412182,
    -0.0839182585477829,
    -0.014091025106608868,
    0.0770529955625534,
    0.02860475890338421,
    -0.08524198085069656,
    0.013977446593344212,
    0.04055872559547424,
    -0.12245585024356842,
    -0.06776655465364456,
    0.04825306683778763,
    0.03113599680364132,
    0.02371063083410263,
    0.05404841527342796,
    -0.0008360954816453159,
    -0.06438896059989929,
    0.12719860672950745,
    -0.016422178596258163,
    0.020937234163284302,
    -0.07397641241550446,
    0.05095317214727402,
    -0.06464220583438873,
    0.058151520788669586,
    0.017187858000397682,
    -0.023552777245640755,
    0.08458369225263596,
    -0.06850852817296982,
    -0.01237097941339016,
    -0.008455301634967327,
    0.010053850710391998,
    0.007638235110789537,
    -0.025443442165851593,
    0.04201376438140869,
    -0.010606853291392326,
    0.008781803771853447,
    0.0059386310167610645,
    -0.00773284025490284,
    0.03656161203980446,
    0.024519585072994232,
    -0.03225976228713989,
    -0.02036711573600769,
    -0.07243417948484421,
    0.0176558755338192,
    -0.016851263120770454,
    0.012182865291833878,
    0.017838099971413612,
    0.0548003725707531,
    -0.052325647324323654,
    0.06231699883937836,
    -0.05498175695538521,
    -0.00848767813295126,
    0.04350892826914787,
    0.04405100271105766,
    0.04844709485769272,
    -0.00008852725295582786,
    -0.027127915993332863,
    -0.0268620103597641,
    0.07648126780986786,
