{
  "id": 863,
  "vector": [
    -0.008261321112513542,
    0.05149872601032257,
    0.03522353246808052,
    0.006358423735946417,
    -0.022051425650715828,
    0.04590475931763649,
    0.04139329120516777,
    0.06167343631386757,
    -0.050030771642923355,
    0.026586946099996567,
    -0.015283285640180111,
    -0.07930832356214523,
    0.040308259427547455,
    0.13358715176582336,
    -0.052274420857429504,
    -0.030313940718770027,
    -0.04575052857398987,
    0.05029795318841934,
    -0.1301404982805252,
    0.01148983370512724,
    0.03853435441851616,
    0.005146668292582035,
    0.06888306140899658,
    0.02652588114142418,
    -0.015601265244185925,
    0.03883260861039162,
    0.023806508630514145,
    -0.064789317548275,
    0.007672619074583054,
    -0.03836344927549362,
    0.04922788590192795,
    0.014739570207893848,
    0.05217425152659416,
    0.05725298076868057,
    0.0829535499215126,
    -0.08250413089990616,
    -0.02964593470096588,
    -0.004579354077577591,
    0.07202930748462677,
    0.01503234077244997,
    0.05179857835173607,
    -0.03404126316308975,
    0.022884052246809006,
    0.028988033533096313,
    0.028851788491010666,
    0.002610150957480073,
    0.002538165543228388,
    0.004273548256605864,
    -0.05442642793059349,
    -0.03611615300178528,
    0.04470903053879738,
    -0.040699027478694916,
    -0.17393265664577484,
    0.047144290059804916,
    0.04942512884736061,
    -0.12582933902740479,
    -0.016344964504241943,
    -0.04201601445674896,
    -0.07154344767332077,
    -0.019723618403077126,
    -0.02445300854742527,
    0.016308054327964783,
    -0.08371388167142868,
    0.03604244068264961,
    -0.06766009330749512,
    0.15504847466945648,
    -0.08045236021280289,
    0.007623604964464903,
    -0.0271384809166193,
    0.03135806322097778,
    -0.00915833842009306,
    0.06880824267864227,
    0.06398604810237885,
    -0.025484131649136543,
    -0.022493239492177963,
    -0.009289256297051907,
    0.05198114365339279,
    -0.0196966752409935,
    -0.07919634133577347,
    0.015400015749037266,
    -0.08642160147428513,
    -0.022038036957383156,
    0.005033991765230894,
    0.021232031285762787,
    -0.074220210313797,
    -0.010566391982138157,
    0.010675410740077496,
    -0.016207093372941017,
    -0.026573797687888145,
    -0.04536465182900429,
    -0.049131911247968674,
    0.046393685042858124,
    0.07082951813936234,
    -0.013874150812625885,
    -0.04596817493438721,
    0.002067271154373884,
    -0.014788586646318436,
    0.006672258954495192,
    0.05949148163199425,
    0.02201095223426819,
    0.004391776863485575,
    -0.023614007979631424,
    0.13520807027816772,
    -0.030176397413015366,
    -0.005545988213270903,
    -0.0661199763417244,
    0.032219089567661285,
    -0.009563742205500603,
    0.01991093158721924,
    0.011995004490017891,
    -0.01945633627474308,
    -0.014516761526465416,
    -0.052190057933330536,
    0.01464797556400299,
    -0.05193650722503662,
    -0.051088228821754456,
    0.037602271884679794,
    -0.008709668181836605,
    0.010976297780871391,
    -0.019574560225009918,
    0.035528555512428284,
    -0.04458748176693916,
    0.11900512129068375,
    0.0021359568927437067,
    -0.11521707475185394,
    0.049527622759342194,
    0.052565496414899826,
    4.120792057749487e-33,
    -0.04258669540286064,
    -0.002122041303664446,
    -0.00016042054630815983,
    0.08070002496242523,
    0.057518865913152695,
    -0.037531908601522446,
    0.03288281336426735,
    -0.04727780073881149,
    0.0883149802684784,
    -0.0034545264206826687,
    -0.04870527982711792,
    0.08873771876096725,
    0.009873401373624802,
    0.15104560554027557,
    0.030026352033019066,
    -0.029262246564030647,
    -0.04307137057185173,
    0.04148821905255318,
    0.026693500578403473,
    0.006048709619790316,
    -0.05459184572100639,
    0.03597623482346535,
    0.07285699993371964,
    -0.01945924386382103,
    -0.07943630963563919,
    0.03523184731602669,
    -0.05782626196742058,
    -0.005578151438385248,
    -0.032685939222574234,
    -0.0009038938442245126,
    0.07415696978569031,
    0.055423129349946976,
    0.03448379412293434,
    -0.031777724623680115,
    -0.0036036784294992685,
    0.02961292676627636,
    0.017648525536060333,
    -0.015634119510650635,
    0.01758849248290062,
    -0.010218852199614048,
    -0.029889436438679695,
    -0.05814702808856964,
    0.0572332888841629,
    0.009089938364923,
    0.10265854746103287,
    -0.03135073930025101,
    -0.001016796100884676,
    -0.023199284449219704,
    0.09130194783210754,
    -0.01767549477517605,
    0.011926703155040741,
    0.027282586321234703,
    -0.09040932357311249,
    -0.02548394352197647,
    0.016231363639235497,
    -0.08048234134912491,
    0.032967451959848404,
    0.02890971302986145,
    0.01909775100648403,
    0.051538437604904175,
    0.03962745890021324,
    0.007075483910739422,
    -0.012117555364966393,
    -0.04577562212944031,
    0.026977209374308586,
    -0.002503936644643545,
    -0.01629422977566719,
    0.0065404875203967094,
    0.012027441523969173,
    -0.05238838121294975,
    0.006699069868773222,
    -0.034544359892606735,
    0.0013857480371370912,
    -0.03335704654455185,
    0.07439994812011719,
    0.0056249056942760944,
    0.12809374928474426,
    -0.008692797273397446,
    -0.039887119084596634,
    0.057457227259874344,
    -0.013826449401676655,
    0.036443840712308884,
    -0.003455114085227251,
    -0.040407489985227585,
    -0.010894832201302052,
    0.04441552609205246,
    0.05148102343082428,
    0.023390954360365868,
    -0.040791939944028854,
    -0.041495148092508316,
    0.015243828296661377,
    0.024805409833788872,
    0.024507751688361168,
    -0.0810985267162323,
    0.01694401539862156,
    -5.407406624238975e-33,
    0.004355235956609249,
    0.014705701731145382,
    -0.04804795980453491,
    0.04804413393139839,
    0.01914278417825699,
    0.04646669328212738,
    -0.010045403614640236,
    0.08460307121276855,
    0.08828423172235489,
    0.03218264505267143,
    -0.06836796551942825,
    0.008912544697523117,
    0.08733821660280228,
    -0.056184686720371246,
    -0.05322134867310524,
    0.02198142558336258,
    0.036688245832920074,
    -0.0063134231604635715,
    0.0309133380651474,
    0.03468986228108406,
    -0.059064604341983795,
    0.022638311609625816,
    0.04492541402578354,
    0.009512544609606266,
    -0.019794300198554993,
    0.024704696610569954,
    0.05767037719488144,
    -0.08956938236951828,
    0.09771858155727386,
    0.0041932472959160805,
    0.011119176633656025,
    -0.08708605915307999,
    -0.017417870461940765,
    0.08607375621795654,
    -0.08411440253257751,
    -0.03417513892054558,
    0.06425617635250092,
    0.03622761741280556,
    -0.02983511984348297,
    -0.015903091058135033,
    -0.005282397381961346,
    -0.09119677543640137,
    0.01358502171933651,
    0.0015576588921248913,
    -0.05873362720012665,
    -0.06559814512729645,
    -0.04608619213104248,
    -0.023031724616885185,
    -0.056729402393102646,
    0.043447382748126984,
    0.05364793539047241,
    0.034622371196746826,
    -0.06945468485355377,
    -0.06137889623641968,
    -0.04679999500513077,
    0.046018607914447784,
    -0.04210485517978668,
    0.010418090038001537,
    0.029491787776350975,
    0.0011584219755604863,
    -0.06571105867624283,
    0.06373265385627747,
    -0.009801842272281647,
    -0.03229760378599167,
    -0.017864948138594627,
    -0.0214891005307436,
    -0.0909683108329773,
    -0.07065494358539581,
    -0.13701404631137848,
    0.03404819220304489,
    -0.035412177443504333,
    -0.009366387501358986,
    -0.040444303303956985,
    -0.07094500213861465,
    0.036414749920368195,
    -0.021817179396748543,
    -0.08923040330410004,
    0.050515685230493546,
    0.03641673922538757,
    0.027384275570511818,
    -0.0660889744758606,
    -0.022562148049473763,
