{
  "id": 33,
  "vector": [
    0.0321342833340168,
    0.06444540619850159,
    -0.007562894839793444,
    0.07447624206542969,
    -0.11611513048410416,
    -0.08108441531658173,
    0.009786054491996765,
    0.020347386598587036,
    -0.02758234739303589,
    -0.002360926941037178,
    0.04949624463915825,
    -0.13054779171943665,
    -0.04724583029747009,
    -0.02911507338285446,
    -0.03888391703367233,
    -0.07382422685623169,
    0.021817106753587723,
    -0.04362638667225838,
    -0.10132801532745361,
    -0.030136290937662125,
    0.10606883466243744,
    -0.018396664410829544,
    0.023744838312268257,
    0.010508128441870213,
    0.0272058118134737,
    0.008632834069430828,
    0.006631547585129738,
    0.031123779714107513,
    -0.008489606902003288,
    -0.02782168984413147,
    -0.03744858130812645,
    0.060271669179201126,
    0.05007454752922058,
    -0.06048227846622467,
    -0.08823256194591522,
    -0.026030078530311584,
    -0.032391659915447235,
    -0.04568645358085632,
    0.05808137729763985,
    -0.03908691555261612,
    0.06612294167280197,
    -0.058506838977336884,
    0.0013043849030509591,
    0.023671630769968033,
    0.032426729798316956,
    -0.02383311279118061,
    -0.07177111506462097,
    0.10195436328649521,
    -0.009479723870754242,
    0.04373328015208244,
    -0.005094641353935003,
    -0.016819823533296585,
    -0.08150532096624374,
    0.06656870990991592,
    0.042935654520988464,
    -0.1311519742012024,
    -0.03890451788902283,
    0.03670739382505417,
    -0.0024040117859840393,
    -0.0015992220724001527,
    -0.025514725595712662,
    0.06020765379071236,
    -0.05012958124279976,
    -0.0057171061635017395,
    -0.03950671851634979,
    -0.011616387404501438,
    -0.03087734431028366,
    -0.11054826527833939,
    -0.0724458172917366,
    0.0781874805688858,
    0.013562193140387535,
    -0.00914834812283516,
    0.07511938363313675,
    0.00991799309849739,
    0.025190243497490883,
    -0.017062805593013763,
    0.044022250920534134,
    -0.09875424951314926,
    -0.05280747637152672,
    -0.013489129021763802,
    -0.020653052255511284,
    0.06433096528053284,
    -0.03002377599477768,
    0.014880920760333538,
    -0.012616927735507488,
    0.006278304848819971,
    -0.04274116829037666,
    0.08204296231269836,
    -0.02739066816866398,
    -0.10393911600112915,
    0.014529582113027573,
    0.018031073734164238,
    -0.05773123726248741,
    0.008818223141133785,
    -0.011460211127996445,
    0.04347965493798256,
    -0.04113868996500969,
    -0.01760317012667656,
    -0.06036363169550896,
    -0.007096071727573872,
    0.05483294650912285,
    -0.0034579518251121044,
    0.08176995813846588,
    -0.05001372843980789,
    -0.03600385785102844,
    0.04428170993924141,
    0.07092398405075073,
    0.05553589388728142,
    0.00989357940852642,
    -0.006799083203077316,
    -0.016232943162322044,
    0.02369719371199608,
    -0.008920250460505486,
    0.005930407904088497,
    -0.041959214955568314,
    0.039475031197071075,
    -0.023909419775009155,
    -0.03629203140735626,
    -0.011518331244587898,
    0.01713995449244976,
    -0.055327050387859344,
    -0.048985160887241364,
    0.03350747749209404,
    -0.005915024317800999,
    -0.054811105132102966,
    -0.03836376965045929,
    0.029561808332800865,
    6.1564731342272e-33,
    -0.07781784236431122,
    -0.0819130465388298,
    -0.007591040804982185,
    0.014276648871600628,
    0.05141390860080719,
    -0.09509611129760742,
    0.023365579545497894,
    0.009424340911209583,
    0.0434403121471405,
    -0.0056085288524627686,
    -0.00150423648301512,
    -0.0034600147046148777,
    -0.028060097247362137,
    0.05658528953790665,
    0.015795445069670677,
    -0.05750642716884613,
    0.017185047268867493,
    0.06368657946586609,
    0.05242454260587692,
    -0.009895121678709984,
    -0.05964532122015953,
    -0.014791778288781643,
    0.03193126246333122,
    -0.0269731804728508,
    -0.0038967288564890623,
    0.07616332918405533,
    0.006734588649123907,
    -0.06794295459985733,
    -0.07151278853416443,
    0.02474130690097809,
    0.05077500641345978,
    -0.006791558116674423,
    0.022732723504304886,
    -0.07255763560533524,
    -0.08352715522050858,
    -0.01447314489632845,
    0.0005717412568628788,
    -0.020207004621624947,
    -0.04719330742955208,
    0.0011120238341391087,
    0.02605232037603855,
    0.055348776280879974,
    0.0791546106338501,
    0.03428836166858673,
    -0.07843974232673645,
    0.13511233031749725,
    0.035039857029914856,
    0.06493202596902847,
    0.09005773067474365,
    0.02402999810874462,
    0.028902171179652214,
    0.029465585947036743,
    -0.018023226410150528,
    -0.002311570104211569,
    0.007343754637986422,
    -0.007780732586979866,
    -0.02213338017463684,
    0.07148759812116623,
    0.03899114206433296,
    0.055183231830596924,
    -0.006670648697763681,
    0.02347847819328308,
    -0.03663744404911995,
    0.06324530392885208,
    -0.10097519308328629,
    0.010280816815793514,
    -0.09593336284160614,
    -0.047703444957733154,
    0.01600000262260437,
    0.04876819625496864,
    -0.011778928339481354,
    -0.008476294577121735,
    0.08271379768848419,
    -0.000230101722991094,
    -0.002330975141376257,
    0.022657830268144608,
    0.09587845951318741,
    0.024806790053844452,
    -0.0926060900092125,
    0.0620582215487957,
    -0.026054365560412407,
    0.04748737812042236,
    0.004222409334033728,
    -0.06983105838298798,
    -0.1019396036863327,
    0.09180977940559387,
    -0.047885630279779434,
    0.005049706436693668,
    -0.015100842341780663,
    0.004857953172177076,
    -0.06390133500099182,
    0.06409986317157745,
    0.03703063726425171,
    -0.07913311570882797,
    -0.03489978238940239,
    -5.0838951505293266e-33,
    0.00044240994611755013,
    0.05369532108306885,
    -0.017402194440364838,
    0.040242165327072144,
    0.02844228222966194,
    0.007301471661776304,
    0.03764189034700394,
    0.02254663221538067,
    0.0916706919670105,
    0.011042499914765358,
    -0.011578048579394817,
    0.002162517746910453,
    0.033161915838718414,
    -0.03659364953637123,
    -0.04168247431516647,
    0.12712328135967255,
    0.0011119528207927942,
    0.017923440784215927,
    0.024245362728834152,
    -0.04305595904588699,
    0.02499300241470337,
    0.0912538543343544,
    0.06607110053300858,
    0.10448317974805832,
    0.002261944580823183,
    0.02356494590640068,
    0.03265795484185219,
    0.03022383153438568,
    0.0062878928147256374,
    -0.031272873282432556,
    -0.0016304315067827702,
    -0.12360555678606033,
    0.006626807618886232,
    0.016089221462607384,
    -0.0609859935939312,
    -0.0547449067234993,
    0.05179603025317192,
    0.05924343317747116,
    -0.02737571857869625,
    0.08650628477334976,
    0.04590265080332756,
    0.025969291105866432,
    0.00015427236212417483,
    0.03359679505228996,
    0.011176333762705326,
    -0.08681850880384445,
    0.054043181240558624,
    -0.06853170692920685,
    0.037367574870586395,
    -0.09423394501209259,
    0.0723707377910614,
    -0.014863506890833378,
    -0.10411129891872406,
    -0.02853037230670452,
    0.018702631816267967,
    0.13274580240249634,
    0.018400834873318672,
    0.04144586995244026,
    -0.006110494025051594,
    -0.12019326537847519,
    -0.07728058844804764,
    0.024781424552202225,
    0.08138119429349899,
    -0.0023701742757111788,
    0.031689416617155075,
    0.052207157015800476,
    0.04610016196966171,
    -0.11903604120016098,
    0.014429006725549698,
    0.06533382833003998,
    0.007474109996110201,
    -0.014675814658403397,
    -0.05497661232948303,
    0.007300509139895439,
    -0.0542081817984581,
    0.0015572666889056563,
    0.039708252996206284,
    -0.04122196510434151,
    0.013758254237473011,
    0.024005068466067314,
    -0.03773004189133644,
    -0.03690590709447861,
    0.007249551359564066,
