{
  "id": 448,
  "vector": [
    0.005019540432840586,
    -0.020994113758206367,
    -0.01315988041460514,
    -0.013321646489202976,
    -0.02490825764834881,
    0.04475639760494232,
    -0.0234888456761837,
    0.06608854979276657,
    0.006766395643353462,
    -0.01044544018805027,
    -0.05061878636479378,
    -0.10844358801841736,
    -0.012058577500283718,
    0.03191421180963516,
    -0.03995923325419426,
    -0.024816231802105904,
    0.00786519143730402,
    -0.06408116221427917,
    -0.03684813901782036,
    0.0941750630736351,
    0.038839954882860184,
    -0.010677436366677284,
    0.03146202489733696,
    0.01570698246359825,
    0.0037389728240668774,
    0.11117281764745712,
    -0.061317019164562225,
    0.0429435633122921,
    0.08604662865400314,
    -0.033891383558511734,
    0.06588274985551834,
    -0.01003352738916874,
    -0.001954825362190604,
    0.025682078674435616,
    0.03809520602226257,
    0.05925662815570831,
    -0.017939435318112373,
    0.051419951021671295,
    -0.02913052588701248,
    -0.033552106469869614,
    -0.010784042067825794,
    0.04332169145345688,
    0.06497961282730103,
    0.05151589959859848,
    0.025795958936214447,
    -0.00545263709500432,
    0.028975078836083412,
    -0.009909975342452526,
    0.02161223627626896,
    -0.08642493188381195,
    0.04241156578063965,
    -0.07061084359884262,
    -0.12071381509304047,
    0.04517677426338196,
    0.05611279234290123,
    -0.13582907617092133,
    -0.03374754637479782,
    -0.029170872643589973,
    0.012530453503131866,
    -0.008463107980787754,
    -0.02866877242922783,
    0.029328465461730957,
    0.05046116188168526,
    0.009832289069890976,
    0.009675218723714352,
    0.05700957775115967,
    -0.1252833753824234,
    -0.021299071609973907,
    -0.02710024081170559,
    0.04395269602537155,
    0.07337793707847595,
    -0.0034944238141179085,
    -0.029229426756501198,
    -0.013656276278197765,
    0.005476522725075483,
    -0.0577775202691555,
    0.04865477979183197,
    -0.003717698622494936,
    -0.008828436024487019,
    0.013145950622856617,
    -0.043393123894929886,
    0.0648472011089325,
    -0.012138369493186474,
    -0.048997730016708374,
    -0.05704166740179062,
    -0.023721834644675255,
    0.009546328336000443,
    0.03459722921252251,
    0.00411439361050725,
    -0.08189776539802551,
    0.03341115266084671,
    0.007946773432195187,
    0.030795002356171608,
    0.025489140301942825,
    -0.021643396466970444,
    0.003357511479407549,
    -0.14404447376728058,
    -0.03770720958709717,
    0.017736045643687248,
    0.02314087189733982,
    0.022756116464734077,
    -0.02959294244647026,
    0.0295239370316267,
    0.07851158082485199,
    -0.051885563880205154,
    0.04798790439963341,
    -0.02288241870701313,
    0.07199810445308685,
    -0.043152280151844025,
    -0.03441464528441429,
    -0.01770010218024254,
    -0.02747051976621151,
    -0.06674216687679291,
    0.02454935386776924,
    0.0386139452457428,
    -0.07131478190422058,
    0.0032769537065178156,
    -0.03314955160021782,
    -0.009256834164261818,
    0.004764897748827934,
    0.040524084120988846,
    -0.025524921715259552,
    0.03987107425928116,
    -0.015819774940609932,
    -0.06649085134267807,
    0.05019577965140343,
    0.060861218720674515,
    6.42509563390917e-33,
    0.014059227891266346,
    0.04390253499150276,
    0.007916292175650597,
    -0.09631193429231644,
    0.07385753095149994,
    -0.11327652633190155,
    0.03613506257534027,
    0.036029405891895294,
    0.03668281063437462,
    0.10618989169597626,
    -0.026963675394654274,
    0.0016732270596548915,
    0.01192223560065031,
    0.04536045715212822,
    -0.018190620467066765,
    -0.04872184991836548,
    0.004014081321656704,
    0.03435453400015831,
    0.08282982558012009,
    -0.007310027256608009,
    -0.020512105897068977,
    0.055981118232011795,
    0.1099950298666954,
    0.026814432814717293,
    -0.03525031358003616,
    -0.0475551001727581,
    0.024455003440380096,
    -0.04363512992858887,
    -0.04574938118457794,
    -0.01595916599035263,
    0.0547807551920414,
    -0.06974554806947708,
    -0.026907596737146378,
    -0.05856610834598541,
    -0.05255230516195297,
    -0.0313529446721077,
    -0.03207480534911156,
    -0.03463390842080116,
    0.02366803213953972,
    0.018593400716781616,
    -0.02441699057817459,
    -0.0764027014374733,
    -0.005135413724929094,
    -0.021970732137560844,
    -0.0059582144021987915,
    -0.019579412415623665,
    -0.032848745584487915,
    0.014230620115995407,
    0.09711745381355286,
    -0.0529179647564888,
    0.007187155075371265,
    0.0570145919919014,
    0.02808912843465805,
    0.05315014719963074,
    0.009032653644680977,
    -0.018889518454670906,
    0.042426858097314835,
    -0.00842619314789772,
    0.01636488363146782,
    0.021143918856978416,
    0.0021537744905799627,
    -0.02693663164973259,
    -0.05349131301045418,
    -0.013981202617287636,
    -0.0797300711274147,
    -0.08521125465631485,
    -0.04448293522000313,
    -0.06413256376981735,
    0.016196664422750473,
    -0.11766573786735535,
    0.014514949172735214,
    -0.06198687106370926,
    0.01812751404941082,
    0.005823921877890825,
    0.048247210681438446,
    -0.04822290688753128,
    -0.03743797168135643,
    -0.007574474439024925,
    -0.055279456079006195,
    0.15751762688159943,
    -0.07746544480323792,
    0.0015275953337550163,
    -0.008436248637735844,
    -0.08230486512184143,
    -0.03883228823542595,
    0.013227312825620174,
    0.10854177922010422,
    -0.05379670485854149,
    -0.04545341432094574,
    -0.06903883069753647,
    -0.07737444341182709,
    -0.003426272887736559,
    0.01459355279803276,
    -0.04596007987856865,
    0.009253193624317646,
    -6.747356675503131e-33,
    0.027078777551651,
    0.0026264875195920467,
    -0.060548700392246246,
    -0.045849405229091644,
    0.015402142889797688,
    0.0397457480430603,
    -0.0668163076043129,
    0.1198895275592804,
    -0.04233017936348915,
    0.05529722943902016,
    -0.0076788864098489285,
    -0.03085620515048504,
    0.07791130244731903,
    -0.04135814681649208,
    0.019191287457942963,
    0.03708687052130699,
    0.007127380929887295,
    0.007022756151854992,
    -0.04832687973976135,
    -0.06243893504142761,
    0.038991909474134445,
    -0.007856063544750214,
    -0.009028557687997818,
    0.07786286622285843,
    0.01149578858166933,
    -0.02347360923886299,
    0.01912579871714115,
    -0.06695401668548584,
    -0.015214147977530956,
    0.06893416494131088,
    -0.050517093390226364,
    -0.12881247699260712,
    -0.10663654655218124,
    0.08126791566610336,
    -0.016686050221323967,
    -0.13537375628948212,
    0.10904596000909805,
    -0.0029667180497199297,
    0.009946810081601143,
    -0.040762729942798615,
    0.09614007920026779,
    0.09884172677993774,
    0.02541910670697689,
    0.04450320824980736,
    -0.03751032054424286,
    0.02522272989153862,
    -0.06270937621593475,
    0.07096078246831894,
    0.035257525742053986,
    -0.03175120800733566,
    0.009946104139089584,
    0.11786776036024094,
    -0.0160063523799181,
    -0.04273020103573799,
    0.002876813290640712,
    -0.003286403138190508,
    -0.0009133043349720538,
    0.016736531630158424,
    0.035968516021966934,
    0.0579594261944294,
    -0.004126698710024357,
    -0.0642269030213356,
    -0.07135456800460815,
    0.030911611393094063,
    0.08304628729820251,
    -0.01429714821279049,
    0.020457696169614792,
    -0.03674139827489853,
    -0.0689588338136673,
    0.012091812677681446,
    -0.015458852052688599,
    -0.01709439791738987,
    -0.026248598471283913,
    0.029488831758499146,
    0.02232052944600582,
    0.03407885506749153,
    0.03154689818620682,
    0.021013638004660606,
    0.10702074319124222,
    0.043984681367874146,
    0.08081317692995071,
    -0.0563521683216095,
    0.051096003502607346,
    0.004193198401480913,
