{
  "id": 762,
  "vector": [
    0.020390521734952927,
    -0.028480729088187218,
    -0.0013808939838781953,
    0.014631249010562897,
    -0.03270115330815315,
    0.014761527068912983,
    0.05681101977825165,
    0.0657622367143631,
    0.056864529848098755,
    -0.0637761801481247,
    -0.022839123383164406,
    -0.07840786874294281,
    -0.04077279195189476,
    0.032322246581315994,
    -0.023412957787513733,
    -0.037749163806438446,
    -0.000916362158022821,
    -0.01220496091991663,
    -0.09035488218069077,
    0.008827381767332554,
    0.01241886056959629,
    -0.045704346150159836,
    0.04638255015015602,
    0.08168797194957733,
    -0.019422480836510658,
    0.04366505518555641,
    -0.014852114021778107,
    0.018428537994623184,
    0.044888000935316086,
    -0.02743403986096382,
    0.03229474648833275,
    0.024726398289203644,
    -0.004053338430821896,
    0.010009861551225185,
    0.03772827237844467,
    -0.1024651825428009,
    -0.007256053853780031,
    -0.0002233833511127159,
    0.016712145879864693,
    0.01798582635819912,
    0.1642152965068817,
    0.03366829827427864,
    -0.0007750378572382033,
    0.08349590003490448,
    -0.06602872163057327,
    0.022668935358524323,
    -0.02918434888124466,
    0.05318377539515495,
    0.03561132028698921,
    -0.04096081852912903,
    -0.019506795331835747,
    -0.09115198254585266,
    -0.13005995750427246,
    -0.058370742946863174,
    0.035836491733789444,
    -0.05860729143023491,
    0.04428327828645706,
    0.03606187552213669,
    0.014493463560938835,
    0.12989379465579987,
    0.014575375244021416,
    0.006664047949016094,
    0.011497020721435547,
    0.03409811481833458,
    -0.03151898458600044,
    -0.0057131703943014145,
    -0.07209549844264984,
    0.021338650956749916,
    0.009148315526545048,
    -0.01893012598156929,
    -0.030956991016864777,
    0.020979544147849083,
    0.03435100242495537,
    -0.042952924966812134,
    -0.061370350420475006,
    -0.12780895829200745,
    0.05018610134720802,
    -0.07123498618602753,
    -0.01828180067241192,
    0.07430397719144821,
    -0.06731507182121277,
    -0.03350450471043587,
    -0.050175510346889496,
    0.050076767802238464,
    0.006004569120705128,
    -0.05439618229866028,
    -0.052375975996255875,
    -0.009985650889575481,
    0.03611990809440613,
    -0.01480289176106453,
    -0.051222000271081924,
    0.021007796749472618,
    -0.010846161283552647,
    -0.08184125274419785,
    -0.060755472630262375,
    0.05816413834691048,
    -0.031766802072525024,
    -0.039042383432388306,
    0.06496213376522064,
    0.029731253162026405,
    0.017790960147976875,
    0.06128980964422226,
    0.10133188217878342,
    -0.055060625076293945,
    0.03839807212352753,
    -0.011918962001800537,
    -0.025046244263648987,
    0.0382845364511013,
    0.04109353944659233,
    0.07149968296289444,
    -0.038554102182388306,
    -0.054821308702230453,
    -0.011228772811591625,
    0.07961851358413696,
    0.05247882008552551,
    0.006667659617960453,
    0.07999163866043091,
    -0.02335071936249733,
    0.06845473498106003,
    -0.059325769543647766,
    0.034503042697906494,
    0.0017982219578698277,
    0.06733083724975586,
    -0.04599505290389061,
    -0.05543925240635872,
    0.04295267537236214,
    0.03798694908618927,
    2.6441505642549225e-33,
    -0.14369706809520721,
    -0.028688302263617516,
    0.06175527349114418,
    0.13980942964553833,
    -0.041884645819664,
    0.02618344873189926,
    0.04208562523126602,
    -0.02653101086616516,
    0.03464578837156296,
    0.022145671769976616,
    -0.07275120913982391,
    -0.045807041227817535,
    -0.023100651800632477,
    0.07474163919687271,
    -0.023434892296791077,
    -0.05942268669605255,
    0.05205326899886131,
    -0.02110516093671322,
    0.023424765095114708,
    -0.03898325562477112,
    -0.01727127842605114,
    0.046151354908943176,
    0.014382597990334034,
    -0.017729248851537704,
    -0.08274408429861069,
    -0.03393220528960228,
    -0.016168318688869476,
    0.0005962550640106201,
    0.09942267835140228,
    -0.0011365709360688925,
    0.0880909264087677,
    -0.030703041702508926,
    0.009947107173502445,
    0.001048138365149498,
    -0.04178934916853905,
    0.003937742207199335,
    -0.02854202687740326,
    -0.035067688673734665,
    0.10902617126703262,
    -0.027448944747447968,
    0.0007523953099735081,
    0.09499599784612656,
    0.0939674973487854,
    0.050470829010009766,
    -0.03990938141942024,
    0.07684614509344101,
    0.013189373537898064,
    -0.029138298705220222,
    0.1374489963054657,
    -0.07319580763578415,
    -0.03105667233467102,
    -0.01669088751077652,
    0.024218745529651642,
    0.01711685210466385,
    0.019946208223700523,
    0.0478544756770134,
    -0.02870235964655876,
    0.06353238970041275,
    -0.0016994080506265163,
    0.07018599659204483,
    0.003082169918343425,
    0.048678599298000336,
    -0.010422597639262676,
    -0.012422786094248295,
    0.06310776621103287,
    0.0421258807182312,
    -0.0450187548995018,
    -0.049497708678245544,
    0.029019339010119438,
    -0.033189646899700165,
    -0.012458237819373608,
    0.041574522852897644,
    0.08561458438634872,
    -0.051184769719839096,
    0.016346897929906845,
    -0.03396204859018326,
    0.0941268727183342,
    -0.045092444866895676,
    -0.041894663125276566,
    0.07875637710094452,
    -0.06191758066415787,
    -0.05540618300437927,
    0.05679241567850113,
    0.048639312386512756,
    0.01387341134250164,
    -0.03738655522465706,
    -0.0057281628251075745,
    -0.005359298083931208,
    0.02593166194856167,
    -0.06484849750995636,
    0.03096991777420044,
    0.03770209103822708,
    -0.06669138371944427,
    -0.034698307514190674,
    0.0029991595074534416,
    -3.535686071207847e-33,
    0.03356752544641495,
    0.018259776756167412,
    0.02430948056280613,
    0.026742037385702133,
    0.10020201653242111,
    0.004116362426429987,
    0.013621226884424686,
    0.008099052123725414,
    0.003778069047257304,
    -0.04523945972323418,
    -0.02587524987757206,
    -0.00017481368558946997,
    0.012247812934219837,
    -0.0008867011056281626,
    -0.033501263707876205,
    0.05125288665294647,
    0.019567636772990227,
    -0.007213514298200607,
    0.00329389376565814,
    -0.040895406156778336,
    -0.08131245523691177,
    0.028775755316019058,
    0.021040096879005432,
    0.009815744124352932,
    0.04661886394023895,
    -0.05697039142251015,
    0.051231760531663895,
    -0.05835224315524101,
    0.04697514325380325,
    0.050656888633966446,
    0.04257132485508919,
    -0.07781735807657242,
    -0.022399364039301872,
    -0.008163012564182281,
    -0.03309609368443489,
    -0.1166786178946495,
    0.024708708748221397,
    -0.025172708556056023,
    -0.05694536492228508,
    -0.022657077759504318,
    0.08245551586151123,
    -0.03805278614163399,
    -0.010832645930349827,
    0.014502557925879955,
    0.035732202231884,
    0.03151649609208107,
    0.027422921732068062,
    -0.04082249104976654,
    0.021761484444141388,
    -0.025019297376275063,
    -0.005949293728917837,
    -0.0254965890198946,
    -0.16224411129951477,
    0.07544767111539841,
    0.033134352415800095,
    -0.025083104148507118,
    0.07920422405004501,
    0.03235897049307823,
    0.03156503662467003,
    -0.10261733084917068,
    0.004186171572655439,
    -0.03276070952415466,
    -0.09888485074043274,
    -0.035868920385837555,
    0.016103049740195274,
    -0.03739097714424133,
    -0.014819827862083912,
    0.0423467755317688,
    -0.0548313669860363,
    0.028290705755352974,
    0.058441292494535446,
    0.07505477964878082,
    -0.009413821622729301,
    -0.08316079527139664,
    -0.09104762971401215,
    0.028104417026042938,
    -0.03301798924803734,
    -0.032344017177820206,
    0.04781179875135422,
    -0.0018132822588086128,
    0.0007307691848836839,
    0.08738190680742264,
