{
  "id": 265,
  "vector": [
    0.0032662430312484503,
    0.01677750237286091,
    -0.026971982792019844,
    -0.016964104026556015,
    -0.07960522919893265,
    0.03431207686662674,
    0.004080872982740402,
    0.044123031198978424,
    -0.015454903244972229,
    -0.07057743519544601,
    0.02255595661699772,
    -0.07356271147727966,
    -0.02080773562192917,
    0.034281399101018906,
    0.043355342000722885,
    -0.0066762384958565235,
    0.029753457754850388,
    0.047022122889757156,
    -0.12048781663179398,
    -0.0563887283205986,
    0.011930965818464756,
    -0.09673407673835754,
    0.029472356662154198,
    -0.016488026827573776,
    -0.024860290810465813,
    0.032724529504776,
    -0.008517632260918617,
    -0.048487916588783264,
    0.068293496966362,
    -0.06840089708566666,
    0.02713869884610176,
    0.05533921718597412,
    0.043759509921073914,
    -0.023792073130607605,
    0.024147817865014076,
    -0.07991411536931992,
    -0.04279889538884163,
    -0.00041266248445026577,
    0.058715712279081345,
    0.03505033627152443,
    0.13589365780353546,
    0.07783332467079163,
    0.016556624323129654,
    0.0906371921300888,
    -0.011188635602593422,
    0.019878435879945755,
    -0.04036017507314682,
    0.02380952425301075,
    0.08389898389577866,
    -0.0690215677022934,
    0.0010100780054926872,
    0.0077358027920126915,
    -0.08534923940896988,
    -0.009692939929664135,
    -0.03926617652177811,
    -0.12438035011291504,
    -0.008005092851817608,
    0.008571511134505272,
    0.028629660606384277,
    0.060812562704086304,
    0.042570654302835464,
    0.005081540439277887,
    0.02115892991423607,
    0.018929751589894295,
    -0.021946562454104424,
    0.026425212621688843,
    -0.08204040676355362,
    0.013311506249010563,
    -0.07871793955564499,
    0.061313338577747345,
    -0.07865775376558304,
    0.08430758118629456,
    -0.00017550375196151435,
    -0.02919626422226429,
    0.025832701474428177,
    0.006109309382736683,
    0.08507270365953445,
    -0.09567669034004211,
    -0.03288259357213974,
    0.08407304435968399,
    -0.06981063634157181,
    0.014838145114481449,
    -0.03523220121860504,
    0.0402187816798687,
    -0.05164531245827675,
    -0.034103576093912125,
    -0.04179203510284424,
    -0.010639299638569355,
    -0.009394794702529907,
    0.0021293594036251307,
    -0.07574894279241562,
    0.013254317454993725,
    0.05441727489233017,
    -0.09407100081443787,
    -0.07489391416311264,
    0.058284446597099304,
    0.007957497611641884,
    -0.06750638037919998,
    0.11539525538682938,
    0.004815001972019672,
    0.009711163118481636,
    0.029386110603809357,
    0.07983767986297607,
    -0.07827378064393997,
    -0.008893744088709354,
    -0.002946156309917569,
    -0.04051927104592323,
    0.03429873660206795,
    0.047406408935785294,
    0.01828601583838463,
    -0.07341688871383667,
    -0.10198305547237396,
    0.018268154934048653,
    -0.024218719452619553,
    -0.03511517122387886,
    -0.025748904794454575,
    0.06763698160648346,
    -0.029379965737462044,
    0.06266100704669952,
    -0.009289873763918877,
    0.09701933711767197,
    0.0007922474760562181,
    0.057154931128025055,
    -0.09542642533779144,
    -0.05471925437450409,
    0.0528486929833889,
    0.054146524518728256,
    2.2183512455565653e-33,
    -0.08894829452037811,
    -0.0698653906583786,
    0.009209535084664822,
    0.05784771591424942,
    0.056902285665273666,
    0.021771861240267754,
    0.06598290055990219,
    -0.022673068568110466,
    0.018352355808019638,
    0.05142027139663696,
    -0.03832728788256645,
    -0.030466614291071892,
    -0.008318500593304634,
    0.08001255244016647,
    -0.09991215169429779,
    0.0030151132959872484,
    0.019367411732673645,
    0.036283060908317566,
    -0.07307712733745575,
    -0.08185040205717087,
    -0.045360878109931946,
    -0.03940831497311592,
    0.041893862187862396,
    0.0318121500313282,
    -0.011141552589833736,
    -0.000351264257915318,
    0.01672217808663845,
    0.0169625673443079,
    0.08195801824331284,
    -0.016879405826330185,
    0.062475770711898804,
    0.05412697046995163,
    -0.004219849593937397,
    -0.03900505229830742,
    0.006050149444490671,
    0.008090391755104065,
    -0.032991282641887665,
    -0.00008392525342060253,
    0.12177851051092148,
    -0.03409861773252487,
    -0.01407646480947733,
    0.015554455108940601,
    0.0748056024312973,
    0.041066668927669525,
    -0.03393165394663811,
    0.06579885631799698,
    -0.027374284341931343,
    -0.021526025608181953,
    0.026172751560807228,
    -0.03480011969804764,
    -0.028067413717508316,
    0.01828640140593052,
    0.057216256856918335,
    0.04853827878832817,
    0.07217486202716827,
    -0.042198967188596725,
    -0.04590369015932083,
    0.0664336308836937,
    -0.0037045092321932316,
    0.008645392023026943,
    0.020513106137514114,
    0.0721408799290657,
    -0.04450256749987602,
    0.05291960760951042,
    0.003511871909722686,
    0.004845895804464817,
    -0.0489564947783947,
    0.010915232822299004,
    0.004883786663413048,
    -0.014069867320358753,
    -0.012098471634089947,
    0.017613766714930534,
    0.01940194144845009,
    -0.0712449848651886,
    0.048985373228788376,
    -0.01418706588447094,
    0.09978999197483063,
    -0.013969624415040016,
    -0.018238738179206848,
    -0.04537175968289375,
    -0.10732632875442505,
    -0.013834967277944088,
    0.06084777042269707,
    0.05119992420077324,
    -0.0451168566942215,
    -0.040596578270196915,
    -0.07045331597328186,
    0.0017764359945431352,
    0.022082312032580376,
    -0.0943426638841629,
    -0.04095979779958725,
    -0.015474232845008373,
    -0.016887521371245384,
    0.008613635785877705,
    -0.0031534612644463778,
    -3.0098180204499425e-33,
    0.010243242606520653,
    0.1128300130367279,
    0.02254287339746952,
    0.005696044769138098,
    0.07521585375070572,
    -0.0014245971105992794,
    0.04422709718346596,
    0.03185957670211792,
    0.07207826524972916,
    0.00920458696782589,
    -0.0765160620212555,
    -0.0447264201939106,
    0.002133359434083104,
    0.03402271121740341,
    -0.04114342853426933,
    0.09386559575796127,
    0.0467902310192585,
    0.0002605099289212376,
    -0.051066551357507706,
    -0.023509563878178596,
    -0.07732826471328735,
    0.07610292732715607,
    -0.045677442103624344,
    0.05401206389069557,
    0.039894282817840576,
    -0.007792201824486256,
    0.06200676038861275,
    -0.10562136769294739,
    -0.002062672981992364,
    0.06613446027040482,
    0.022703874856233597,
    -0.1319219470024109,
    0.03352225944399834,
    -0.019194642081856728,
    -0.02701055258512497,
    -0.06207692250609398,
    0.11361032724380493,
    -0.03181150555610657,
    0.04170476645231247,
    0.021904947236180305,
    0.07329198718070984,
    -0.05673406273126602,
    -0.0025629675947129726,
    0.04906390979886055,
    0.05442454293370247,
    0.0550069734454155,
    0.040686603635549545,
    -0.047928228974342346,
    0.008692980743944645,
    0.060787469148635864,
    -0.05062517523765564,
    0.0194340068846941,
    -0.10439102351665497,
    0.031001532450318336,
    0.0430561900138855,
    0.0689169317483902,
    0.04890051856637001,
    -0.06082963943481445,
    -0.017035452648997307,
    -0.05510161817073822,
    -0.11527024954557419,
    -0.07467825710773468,
    0.056348271667957306,
    -0.016839120537042618,
    -0.008817187510430813,
    -0.009642588905990124,
    0.01314619928598404,
    0.01288672350347042,
    0.010039587505161762,
    -0.05434248968958855,
    0.03789631649851799,
    0.07971944659948349,
    0.022077159956097603,
    -0.054192084819078445,
    -0.0629945769906044,
    -0.011043841950595379,
    -0.0656006783246994,
    -0.09091992676258087,
    0.010541260242462158,
    0.04411553218960762,
    -0.0723743587732315,
    -0.024311989545822144,
    0.030603377148509026,
