{
  "id": 197,
  "vector": [
    -0.07262742519378662,
    0.021627211943268776,
    0.002076963894069195,
    0.05126909166574478,
    -0.013354950584471226,
    -0.017096811905503273,
    0.02258981578052044,
    0.056908849626779556,
    -0.03456694632768631,
    0.056982289999723434,
    -0.02949407882988453,
    -0.06601148098707199,
    0.022941481322050095,
    -0.018689459189772606,
    -0.0037398687563836575,
    -0.07232145965099335,
    0.010563330724835396,
    -0.03118467703461647,
    -0.06060168892145157,
    -0.045072078704833984,
    0.06534604728221893,
    -0.10481677949428558,
    0.0029692216776311398,
    0.04085313901305199,
    0.06589096784591675,
    0.026431100443005562,
    -0.011027012020349503,
    0.03371034562587738,
    0.018261253833770752,
    -0.041591934859752655,
    -0.01593164913356304,
    0.09121342748403549,
    0.03353707864880562,
    -0.009735788218677044,
    -0.05399801582098007,
    0.003974320832639933,
    0.017048155888915062,
    0.013085206970572472,
    0.08014852553606033,
    -0.05711517110466957,
    -0.015551195479929447,
    -0.028740637004375458,
    0.06294283270835876,
    0.03194081783294678,
    -0.013057827018201351,
    -0.03943623974919319,
    -0.031574394553899765,
    -0.008829178288578987,
    0.02962111309170723,
    -0.009376286529004574,
    -0.0004390356771182269,
    0.03635046258568764,
    -0.06283930689096451,
    0.006039205007255077,
    0.03352230787277222,
    0.01479366049170494,
    -0.004669318441301584,
    -0.020828962326049805,
    0.021233420819044113,
    0.10358228534460068,
    -0.03367908298969269,
    -0.030287442728877068,
    -0.034742359071969986,
    0.02274469844996929,
    -0.004444988910108805,
    0.0013375525595620275,
    -0.06378164142370224,
    0.045033931732177734,
    0.006773119326680899,
    0.05585469305515289,
    0.046589430421590805,
    0.04924628883600235,
    -0.0016217401716858149,
    -0.027499165385961533,
    0.015028474852442741,
    0.05251077562570572,
    0.09640559554100037,
    -0.03294778987765312,
    -0.05247924104332924,
    0.02224348857998848,
    -0.1116705909371376,
    0.001689512049779296,
    0.024781202897429466,
    -0.008266491815447807,
    -0.1502487063407898,
    -0.03972985967993736,
    0.04653142765164375,
    -0.002269002143293619,
    -0.016451554372906685,
    -0.06190154701471329,
    -0.040573518723249435,
    0.059477511793375015,
    0.04475679621100426,
    0.017865261062979698,
    -0.04491124674677849,
    0.03477117419242859,
    -0.0245295949280262,
    -0.007469262462109327,
    0.11682595312595367,
    -0.003127302275970578,
    0.0015803367132321,
    0.012763097882270813,
    0.10991164296865463,
    -0.014608679339289665,
    0.006243839859962463,
    -0.03137213736772537,
    -0.005017627961933613,
    0.05077862739562988,
    0.09764695912599564,
    0.05884789302945137,
    0.008433034643530846,
    -0.05587754771113396,
    -0.03869852051138878,
    0.08275698870420456,
    -0.030384210869669914,
    -0.05204141139984131,
    0.07330119609832764,
    -0.011397616937756538,
    0.01737312227487564,
    0.028569858521223068,
    0.04670003801584244,
    -0.015161523595452309,
    -0.034174926578998566,
    -0.0735863447189331,
    -0.07360053807497025,
    -0.013398041017353535,
    0.08288401365280151,
    6.030299978713751e-33,
    -0.018924416974186897,
    -0.019309809431433678,
    0.018384262919425964,
    0.04892958700656891,
    0.05385863780975342,
    0.0021324025001376867,
    -0.010879211127758026,
    -0.03930153325200081,
    0.01482454128563404,
    0.06127575784921646,
    -0.1276238113641739,
    0.09412749111652374,
    -0.07509788125753403,
    0.14630061388015747,
    -0.004702432081103325,
    -0.08431170135736465,
    -0.03420586138963699,
    0.029126744717359543,
    -0.03562325984239578,
    -0.023391282185912132,
    -0.03660834953188896,
    0.08831977844238281,
    0.014808847568929195,
    -0.018289772793650627,
    -0.0007839612662792206,
    0.027025088667869568,
    0.04856891557574272,
    -0.05233026295900345,
    -0.08054706454277039,
    0.005742339882999659,
    0.0661262720823288,
    0.01536421850323677,
    0.026347409933805466,
    0.03726780787110329,
    -0.03885901719331741,
    -0.0012926305644214153,
    -0.013844882138073444,
    -0.0007479001651518047,
    0.023674629628658295,
    -0.013689791783690453,
    -0.027407031506299973,
    0.060054194182157516,
    0.12056931853294373,
    0.02142404019832611,
    -0.09827030450105667,
    0.02777746133506298,
    0.022553354501724243,
    0.04935620725154877,
    0.06667052209377289,
    0.08335597813129425,
    -0.04168812185525894,
    0.023119140416383743,
    -0.05677739530801773,
    0.08402782678604126,
    0.023618822917342186,
    0.028058020398020744,
    0.0010359486332163215,
    0.03434695303440094,
    0.05328327789902687,
    0.025392327457666397,
    0.03160197287797928,
    0.013561692088842392,
    0.004924386739730835,
    0.0494781956076622,
    0.03070872463285923,
    -0.03122968226671219,
    -0.060218051075935364,
    0.008525676093995571,
    0.08638790994882584,
    0.014488300308585167,
    -0.0026027257554233074,
    -0.010203954763710499,
    0.008801211602985859,
    -0.01819659024477005,
    0.06360800564289093,
    0.01215866394340992,
    0.053183361887931824,
    0.05002854764461517,
    -0.1060858815908432,
    0.053734470158815384,
    -0.022518282756209373,
    -0.03950774669647217,
    -0.0015687458217144012,
    -0.05569429695606232,
    -0.02959352172911167,
    0.08974383026361465,
    -0.037606120109558105,
    0.08037376403808594,
    -0.03064005635678768,
    0.04968173801898956,
    -0.013314598239958286,
    0.017114723101258278,
    0.00950510986149311,
    -0.00693144416436553,
    -0.10074955970048904,
    -5.2694002813745764e-33,
    0.11057454347610474,
    0.01688377559185028,
    -0.002080929931253195,
    0.08094845712184906,
    0.08122517913579941,
    0.033021215349435806,
    0.005901559721678495,
    -0.0024747794959694147,
    -0.06822298467159271,
    -0.03385135903954506,
    0.006055205594748259,
    0.00885788630694151,
    0.10984822362661362,
    0.018422257155179977,
    -0.12230350077152252,
    0.07618068903684616,
    0.07573863863945007,
    -0.008356661535799503,
    -0.05558929592370987,
    -0.047910284250974655,
    -0.043867841362953186,
    -0.003756466321647167,
    -0.1582394540309906,
    0.012575832195580006,
    0.03954416513442993,
    -0.057214993983507156,
    0.006729403976351023,
    -0.016286592930555344,
    -0.1093050017952919,
    0.023237930610775948,
    -0.03486247360706329,
    -0.08161618560552597,
    -0.022799834609031677,
    0.023371567949652672,
    0.07202421128749847,
    -0.0737076923251152,
    0.09070584923028946,
    0.06737678498029709,
    -0.03325654938817024,
    0.004952289164066315,
    0.013272981159389019,
    -0.06341849267482758,
    -0.025751767680048943,
    0.05337841436266899,
    0.0568559505045414,
    -0.06404814124107361,
    0.019601421430706978,
    -0.09694219380617142,
    -0.03198642283678055,
    0.10610582679510117,
    0.02469695918262005,
    -0.07176793366670609,
    -0.029266687110066414,
    -0.04055742919445038,
    0.03197852149605751,
    -0.04692646116018295,
    -0.00836111418902874,
    0.013624847866594791,
    -0.06175924092531204,
    -0.01308428030461073,
    0.043400220572948456,
    -0.011246832087635994,
    -0.019173765555024147,
    -0.006013438571244478,
    -0.007835429161787033,
    -0.026330647990107536,
    -0.06280147284269333,
    -0.057382676750421524,
    -0.027175946161150932,
    -0.038617659360170364,
    0.12527574598789215,
    -0.03218734264373779,
    0.016801083460450172,
    -0.07905083894729614,
    -0.043285906314849854,
    -0.008524741046130657,
    0.04580681771039963,
    -0.013722178526222706,
    0.043608374893665314,
    -0.056458860635757446,
    -0.021890174597501755,
    0.04281929135322571,
