{
  "id": 643,
  "vector": [
    0.04112420603632927,
    0.045257292687892914,
    -0.013126851059496403,
    -0.05970264598727226,
    -0.12164429575204849,
    -0.005152041092514992,
    0.06777487695217133,
    0.011244398541748524,
    0.006263441406190395,
    0.06926466524600983,
    -0.016099240630865097,
    -0.009165876545011997,
    0.03392909839749336,
    0.023550232872366905,
    -0.03143034502863884,
    -0.06498128920793533,
    0.014317170716822147,
    0.022380281239748,
    -0.023343974724411964,
    0.02866433374583721,
    0.012100990861654282,
    -0.022876791656017303,
    0.05667923390865326,
    0.010864152573049068,
    -0.015283201821148396,
    0.00009181368659483269,
    -0.03368312865495682,
    -0.03776584193110466,
    0.025835268199443817,
    -0.1028585359454155,
    0.0523843839764595,
    -0.013046246021986008,
    -0.031975049525499344,
    0.011279075406491756,
    0.10918045789003372,
    -0.05073204264044762,
    -0.03634784743189812,
    -0.006692811846733093,
    0.05387764051556587,
    0.00767125841230154,
    -0.00400830851867795,
    -0.025232652202248573,
    -0.03250165656208992,
    0.02842090278863907,
    0.023505419492721558,
    0.029266919940710068,
    -0.026898492127656937,
    -0.006822455208748579,
    0.01263083703815937,
    -0.056638382375240326,
    0.025505483150482178,
    0.0037688310258090496,
    -0.07352085411548615,
    0.06265445798635483,
    0.04758219048380852,
    -0.14207305014133453,
    -0.05110104754567146,
    -0.020292868837714195,
    -0.016998441889882088,
    -0.04040241241455078,
    -0.052307456731796265,
    0.028156640008091927,
    -0.05614594742655754,
    -0.01006412785500288,
    -0.06573954224586487,
    -0.005041615571826696,
    -0.06099285930395126,
    0.05064859241247177,
    -0.09305675327777863,
    0.10036112368106842,
    -0.033672742545604706,
    0.07594049721956253,
    0.023840179666876793,
    0.004771732725203037,
    -0.016174765303730965,
    -0.019695347175002098,
    0.061203982681035995,
    -0.10325752943754196,
    -0.05272846668958664,
    0.04803447797894478,
    -0.11395937949419022,
    -0.03770214319229126,
    0.013618395663797855,
    0.032942187041044235,
    -0.04760213568806648,
    -0.06703584641218185,
    -0.00015479352441616356,
    0.04741803556680679,
    -0.04588381201028824,
    -0.05880727246403694,
    0.009344346821308136,
    0.09457749128341675,
    0.10480625182390213,
    0.01138729602098465,
    -0.018807873129844666,
    -0.006184187717735767,
    -0.03476144000887871,
    0.03532974421977997,
    0.07270097732543945,
    0.024018719792366028,
    -0.007510635536164045,
    0.0476476289331913,
    0.15369053184986115,
    -0.06753082573413849,
    0.008032411336898804,
    -0.054662980139255524,
    -0.032973501831293106,
    -0.04421337693929672,
    0.09434934705495834,
    -0.018436087295413017,
    -0.08146712183952332,
    -0.060652583837509155,
    -0.04503457620739937,
    0.016133876517415047,
    -0.04236426204442978,
    0.006191447842866182,
    0.045960359275341034,
    -0.051014356315135956,
    0.01580720953643322,
    -0.0631045550107956,
    0.010905751027166843,
    0.011491227895021439,
    -0.01894047111272812,
    -0.012708153575658798,
    -0.15904925763607025,
    -0.0018140110187232494,
    -0.0284029059112072,
    3.1108833513137965e-33,
    -0.014233090914785862,
    0.03259390965104103,
    0.04243588075041771,
    0.06780076771974564,
    0.040854498744010925,
    -0.0032593929208815098,
    0.005784542765468359,
    -0.028905630111694336,
    0.09698958694934845,
    0.0753823071718216,
    -0.07607030868530273,
    -0.03575475141406059,
    -0.02387870103120804,
    0.08071838319301605,
    0.03527678921818733,
    -0.039717454463243484,
    -0.04465188458561897,
    -0.00268336059525609,
    0.022550083696842194,
    -0.00009452932135900483,
    -0.09161713719367981,
    0.03689618781208992,
    0.013521329499781132,
    0.005359271075576544,
    -0.029810260981321335,
    0.07560476660728455,
    0.02738984301686287,
    -0.013328399509191513,
    -0.030066773295402527,
    0.046629104763269424,
    0.008903393521904945,
    0.032766569405794144,
    0.015062281861901283,
    0.008068321272730827,
    -0.07891110330820084,
    -0.022064868360757828,
    -0.01625196635723114,
    -0.003833574941381812,
    -0.012821354903280735,
    0.016709910705685616,
    0.060711827129125595,
    -0.04283065348863602,
    0.03267437592148781,
    0.046538449823856354,
    0.06223928928375244,
    -0.02255559153854847,
    0.01795763336122036,
    0.012248271144926548,
    0.11583591997623444,
    0.07621344178915024,
    -0.031783390790224075,
    0.07938202470541,
    -0.06920400261878967,
    -0.03872925788164139,
    0.005421290174126625,
    -0.06471133232116699,
    0.00957303773611784,
    0.007101483643054962,
    0.0329795703291893,
    0.04112149029970169,
    0.04940551891922951,
    0.0297024454921484,
    0.007090023718774319,
    0.013439539819955826,
    0.010459456592798233,
    0.043837469071149826,
    0.029617181047797203,
    0.04274715483188629,
    0.0435081385076046,
    -0.05412480607628822,
    -0.05422617867588997,
    0.016818901523947716,
    -0.024660242721438408,
    -0.05506942421197891,
    -0.01598748378455639,
    -0.004141484387218952,
    0.042679525911808014,
    -0.022107485681772232,
    0.021214457228779793,
    0.006232587154954672,
    -0.04905899986624718,
    0.04623987898230553,
    -0.00007495578756788746,
    -0.045634735375642776,
    -0.0006060378509573638,
    0.03980041667819023,
    0.03625647351145744,
    0.07398611307144165,
    -0.011983845382928848,
    -0.01256625447422266,
    0.011259665712714195,
    -0.044728104025125504,
    0.06466644257307053,
    -0.045103564858436584,
    -0.06123953312635422,
    -4.720395930398597e-33,
    -0.021874774247407913,
    -0.026504727080464363,
    -0.030074117705225945,
    0.08823823183774948,
    0.109986811876297,
    0.05657662823796272,
    0.006622175220400095,
    0.021713862195611,
    0.026597172021865845,
    0.11058956384658813,
    -0.06960179656744003,
    -0.009803115390241146,
    0.10241415351629257,
    -0.04667861387133598,
    -0.023918773978948593,
    0.1039021834731102,
    0.025640662759542465,
    -0.0035736572463065386,
    -0.008894075639545918,
    -0.030696341767907143,
    -0.06439225375652313,
    0.026400772854685783,
    0.03544757142663002,
    0.10968337208032608,
    -0.08312983065843582,
    0.0461181178689003,
    0.07913320511579514,
    -0.15378296375274658,
    0.04250985011458397,
    0.07275610417127609,
    -0.008672880008816719,
    -0.12416812777519226,
    -0.022991178557276726,
    0.09305465966463089,
    -0.04373428225517273,
    -0.05149269849061966,
    0.03624461218714714,
    0.033531829714775085,
    -0.02128547802567482,
    -0.007424039300531149,
    0.031561367213726044,
    -0.048924386501312256,
    0.04307001456618309,
    0.06536495685577393,
    -0.08339323848485947,
    -0.08560427278280258,
    -0.045526813715696335,
    -0.06512746959924698,
    -0.03660528361797333,
    0.02488301694393158,
    0.025396602228283882,
    0.0367545560002327,
    -0.015328122302889824,
    -0.06304731965065002,
    -0.04945812001824379,
    0.04517977684736252,
    -0.05866912379860878,
    -0.025318089872598648,
    -0.023546375334262848,
    0.07726438343524933,
    -0.014596130698919296,
    0.10547033697366714,
    -0.10384128987789154,
    0.010424431413412094,
    0.034523483365774155,
    -0.002243218244984746,
    -0.05718517303466797,
    -0.07037919014692307,
    -0.13690924644470215,
    0.0610046423971653,
    -0.021175233647227287,
    0.0014023418771103024,
    -0.007165748160332441,
    -0.04252258688211441,
    0.02357996627688408,
    -0.004332432989031076,
    -0.03312421217560768,
    0.024757912382483482,
    0.0321630984544754,
    0.035474296659231186,
    -0.07341471314430237,
    -0.03454221412539482,
    -0.00543370982632041,
