{
  "id": 300,
  "vector": [
    -0.011751905083656311,
    0.05908410996198654,
    -0.04076147451996803,
    0.03142530843615532,
    -0.01602349244058132,
    -0.0256798192858696,
    0.05339989438652992,
    0.09362218528985977,
    -0.011152047663927078,
    0.00801817700266838,
    -0.023880871012806892,
    -0.08807636797428131,
    -0.021517159417271614,
    -0.04267145320773125,
    0.05540341138839722,
    -0.03208912909030914,
    0.020797939971089363,
    0.02414356730878353,
    -0.08579810708761215,
    -0.030592985451221466,
    0.007527977228164673,
    -0.08733736723661423,
    -0.0004321338201407343,
    0.00563750509172678,
    0.06048957630991936,
    0.02631562016904354,
    0.013105812482535839,
    -0.006864561699330807,
    0.01602385938167572,
    -0.07904715090990067,
    0.02855653502047062,
    0.11226042360067368,
    -0.030846239998936653,
    -0.0031538282055407763,
    0.04271479696035385,
    -0.015003262087702751,
    -0.01113736443221569,
    -0.08857596665620804,
    0.015572906471788883,
    -0.012151315808296204,
    -0.013498344458639622,
    -0.04600467160344124,
    0.018409140408039093,
    -0.06214245408773422,
    -0.02282601222395897,
    0.011921155266463757,
    0.004507505800575018,
    0.08571764826774597,
    0.03418799117207527,
    -0.04064255952835083,
    0.03597011789679527,
    0.043075527995824814,
    -0.09668134897947311,
    0.06810205429792404,
    0.05563301593065262,
    0.00913179200142622,
    -0.08919151872396469,
    -0.027802780270576477,
    -0.003766851732507348,
    0.05496605485677719,
    -0.026991141960024834,
    0.024549691006541252,
    -0.05541977658867836,
    0.042252328246831894,
    0.04524488002061844,
    0.009351574815809727,
    -0.05906801298260689,
    -0.024159200489521027,
    -0.08050145208835602,
    0.04050412401556969,
    -0.08133657276630402,
    0.03966696932911873,
    0.011357606388628483,
    -0.01269580703228712,
    0.014002391137182713,
    0.006519901566207409,
    0.045994605869054794,
    -0.06164829805493355,
    0.004608543124049902,
    -0.04566968232393265,
    -0.05221087113022804,
    0.06340665370225906,
    0.06555753201246262,
    0.08385971188545227,
    -0.03389136865735054,
    -0.06459785252809525,
    0.030004562810063362,
    0.0888763815164566,
    0.020749684423208237,
    -0.022392092272639275,
    -0.039162926375865936,
    0.0979468822479248,
    0.037330303341150284,
    0.06563219428062439,
    -0.11621847003698349,
    0.03836216405034065,
    0.007780134212225676,
    -0.006200685631483793,
    0.03914348781108856,
    0.03651755675673485,
    -0.005263470113277435,
    -0.0013361650053411722,
    0.10196609050035477,
    -0.0280603040009737,
    -0.06265407800674438,
    -0.043535977602005005,
    -0.0010670782066881657,
    -0.011822318658232689,
    0.061325572431087494,
    0.025757772848010063,
    0.005708215292543173,
    0.025341138243675232,
    -0.048932287842035294,
    -0.060109272599220276,
    0.034236419945955276,
    0.05259592831134796,
    0.07071496546268463,
    -0.06670289486646652,
    -0.038257259875535965,
    -0.011178300715982914,
    0.03931786119937897,
    0.002195376204326749,
    0.022948769852519035,
    0.04616160690784454,
    -0.08047433942556381,
    0.030695348978042603,
    -0.0027309893630445004,
    4.0594643134151805e-33,
    -0.08308319002389908,
    0.061103034764528275,
    0.02537638694047928,
    0.04154905676841736,
    -0.016109317541122437,
    -0.07118401676416397,
    0.01744290255010128,
    0.01470107026398182,
    0.012496370822191238,
    0.06503760069608688,
    -0.06067632511258125,
    0.08823896199464798,
    -0.0038954075425863266,
    0.13577434420585632,
    -0.0002525568997953087,
    -0.0852973461151123,
    0.03011297807097435,
    -0.02991689182817936,
    0.04095439612865448,
    -0.026196355000138283,
    -0.12333126366138458,
    -0.04373941570520401,
    0.06925509124994278,
    0.003008955856785178,
    -0.030779721215367317,
    0.05448155105113983,
    0.07320277392864227,
    -0.011774949729442596,
    -0.032663945108652115,
    0.025294659659266472,
    0.170348659157753,
    -0.04117118939757347,
    -0.017509857192635536,
    0.029783492907881737,
    -0.009399701841175556,
    -0.004097219556570053,
    -0.012038924731314182,
    0.02338527888059616,
    0.04755444824695587,
    -0.00033116978011094034,
    0.03189336508512497,
    0.09890412539243698,
    0.056577619165182114,
    0.0125338826328516,
    -0.053333915770053864,
    0.02817571721971035,
    0.036855489015579224,
    0.007999560795724392,
    0.07225313782691956,
    0.028626425191760063,
    0.030604401603341103,
    0.08171641826629639,
    -0.002539413282647729,
    0.06259959191083908,
    0.04976121336221695,
    0.0036636395379900932,
    0.008216431364417076,
    0.0048604668118059635,
    -0.015116177499294281,
    0.054692089557647705,
    -0.014409293420612812,
    0.022284068167209625,
    -0.08238706737756729,
    0.09366752952337265,
    -0.0398888997733593,
    0.0725252628326416,
    -0.03589426726102829,
    0.018266800791025162,
    -0.036023858934640884,
    -0.049862295389175415,
    -0.05314677208662033,
    -0.0312921367585659,
    0.1049681082367897,
    -0.030970804393291473,
    0.011951994150876999,
    -0.048614248633384705,
    0.08713239431381226,
    0.08898966014385223,
    -0.023956216871738434,
    0.022449545562267303,
    0.052879586815834045,
    0.0014950201148167253,
    0.05132901296019554,
    -0.1308835744857788,
    -0.12718883156776428,
    -0.007836605422198772,
    -0.02387646771967411,
    0.03816423937678337,
    -0.006644072476774454,
    0.009537202306091785,
    0.02851719968020916,
    -0.0170625951141119,
    0.07517044991254807,
    -0.01901954784989357,
    -0.06985634565353394,
    -3.521483895398006e-33,
    -0.004085642285645008,
    0.060614343732595444,
    -0.10796388983726501,
    0.05660554766654968,
    0.0819006934762001,
    0.034617722034454346,
    0.06362780183553696,
    0.0052104368805885315,
    0.032100703567266464,
    0.005698353052139282,
    0.004749414511024952,
    0.017712825909256935,
    0.023829102516174316,
    0.013016088865697384,
    -0.0473727285861969,
    0.00712217204272747,
    -0.04074840620160103,
    0.11909831315279007,
    -0.03719130530953407,
    -0.10963775962591171,
    -0.05560839921236038,
    0.06076488271355629,
    0.026491189375519753,
    -0.00970236212015152,
    0.00663179624825716,
    0.038649097084999084,
    0.039542701095342636,
    -0.013349798507988453,
    -0.013432326726615429,
    0.018187934532761574,
    -0.000804824405349791,
    -0.10219036787748337,
    0.014426779001951218,
    0.004456028807908297,
    0.014419661834836006,
    -0.06756550073623657,
    0.05030844360589981,
    -0.006545860320329666,
    -0.004854773636907339,
    0.018969520926475525,
    -0.009125947020947933,
    -0.019587138667702675,
    0.005904728546738625,
    -0.06037674471735954,
    -0.04049944505095482,
    -0.024522414430975914,
    -0.023653296753764153,
    -0.012236781418323517,
    0.031724508851766586,
    0.027901260182261467,
    -0.02845829911530018,
    0.004498912021517754,
    -0.06279556453227997,
    -0.036496683955192566,
    -0.08123758435249329,
    0.08441441506147385,
    0.028317216783761978,
    0.040954262018203735,
    -0.016847237944602966,
    -0.042141664773225784,
    -0.026096351444721222,
    0.013318534009158611,
    0.07378102093935013,
    -0.02967887744307518,
    0.08743777126073837,
    0.0013822679175063968,
    -0.07617029547691345,
    -0.08162658661603928,
    0.00008692258415976539,
    0.07348260283470154,
    0.03869817778468132,
    -0.03787996992468834,
    0.05682605877518654,
    -0.07790439575910568,
    0.0011448744917288423,
    0.0031823464669287205,
    0.018229905515909195,
    0.021286988630890846,
    -0.0035772796254605055,
    -0.01825682632625103,
    -0.09156134724617004,
    0.016577746719121933,
