{
  "id": 555,
  "vector": [
    -0.019400300458073616,
    0.08673582971096039,
    0.05808839201927185,
    0.020898986607789993,
    0.06539499759674072,
    -0.06597483158111572,
    0.04036173224449158,
    -0.030648991465568542,
    -0.037447888404130936,
    0.07725442200899124,
    -0.03958466649055481,
    -0.09091614186763763,
    0.04787740111351013,
    0.09070023149251938,
    -0.05445336177945137,
    0.04871286451816559,
    -0.023790443316102028,
    0.023159192875027657,
    -0.10122502595186234,
    0.0020743522327393293,
    -0.05753570422530174,
    -0.04335251823067665,
    0.03080841340124607,
    0.043412938714027405,
    0.01585487090051174,
    0.04693324491381645,
    -0.05690069496631622,
    -0.0470457561314106,
    0.030325228348374367,
    -0.023547107353806496,
    0.03936433792114258,
    0.05340707674622536,
    0.0199626125395298,
    0.01733621209859848,
    0.03818221762776375,
    -0.021165447309613228,
    -0.11136200278997421,
    -0.00493610417470336,
    0.05157753452658653,
    0.05064097419381142,
    -0.0009005581960082054,
    -0.0009032792295329273,
    -0.10838079452514648,
    0.04027470201253891,
    -0.010095464065670967,
    -0.03446342423558235,
    -0.06445766240358353,
    0.05120371654629707,
    0.01821637712419033,
    -0.026093102991580963,
    -0.02310563623905182,
    0.04513474553823471,
    -0.06412824988365173,
    0.030114905908703804,
    0.00015419156989082694,
    -0.06860263645648956,
    0.01581076718866825,
    -0.046803127974271774,
    -0.01829013042151928,
    -0.011875356547534466,
    0.009873466566205025,
    -0.01926015503704548,
    -0.09478446841239929,
    -0.0229126438498497,
    -0.013463985174894333,
    0.014516402035951614,
    -0.039227794855833054,
    0.0019317327532917261,
    -0.11927913874387741,
    0.06707815080881119,
    -0.03786397725343704,
    0.012596839107573032,
    0.05133609473705292,
    0.06626184284687042,
    0.07312975823879242,
    -0.060440704226493835,
    0.056249238550662994,
    -0.05371112376451492,
    -0.04446195438504219,
    0.018902132287621498,
    -0.10715669393539429,
    0.03310902789235115,
    0.008790806867182255,
    0.011906052008271217,
    -0.03844957426190376,
    0.03606599569320679,
    -0.017420906573534012,
    0.054882511496543884,
    0.03395986184477806,
    -0.02206534892320633,
    -0.13925179839134216,
    0.026791369542479515,
    0.00513681722804904,
    -0.04126133769750595,
    0.03689787909388542,
    0.07256636023521423,
    -0.05330919474363327,
    0.10375215113162994,
    0.06270813941955566,
    0.012551927007734776,
    -0.0057400893419981,
    -0.02950974926352501,
    0.11444544792175293,
    -0.009115627966821194,
    -0.06755547225475311,
    -0.023664463311433792,
    0.05887986347079277,
    0.009601356461644173,
    0.03835268318653107,
    -0.03283393383026123,
    -0.01215030811727047,
    -0.03294549137353897,
    -0.05188598856329918,
    -0.033810827881097794,
    0.035367269068956375,
    -0.0740194171667099,
    0.10826263576745987,
    0.00943880807608366,
    0.1026359274983406,
    0.029106687754392624,
    0.12780259549617767,
    -0.04275643080472946,
    0.015736259520053864,
    -0.010278988629579544,
    -0.10722275823354721,
    -0.03369115665555,
    0.03917957842350006,
    3.41375828701079e-33,
    0.022427013143897057,
    0.011010225862264633,
    0.03847412392497063,
    0.015876250341534615,
    0.010404285043478012,
    -0.0474376305937767,
    0.09948503971099854,
    -0.016871443018317223,
    0.13979943096637726,
    0.0815601572394371,
    -0.01757318340241909,
    -0.024364033713936806,
    -0.006695197429507971,
    0.0052350484766066074,
    0.05388118326663971,
    -0.057578034698963165,
    -0.02843957208096981,
    -0.04136691987514496,
    -0.048391614109277725,
    0.00953205581754446,
    -0.06692329049110413,
    0.02302085980772972,
    0.0069917356595396996,
    0.002379968762397766,
    0.011644450947642326,
    -0.055256206542253494,
    -0.008920111693441868,
    -0.01716255024075508,
    -0.02315918169915676,
    0.02488747425377369,
    0.1239175796508789,
    -0.017067596316337585,
    -0.0013980112271383405,
    0.07185036689043045,
    -0.05341361090540886,
    0.04248906299471855,
    -0.011411154642701149,
    0.034961163997650146,
    0.032350681722164154,
    -0.015602821484208107,
    -0.03482803329825401,
    -0.019191617146134377,
    0.07730957120656967,
    -0.016187893226742744,
    -0.03226223215460777,
    -0.0035236503463238478,
    0.03074955753982067,
    0.06768814474344254,
    -0.016868697479367256,
    0.02870102971792221,
    0.04480817914009094,
    0.07992147654294968,
    -0.04496356099843979,
    -0.0794849693775177,
    0.0014395711477845907,
    0.025588486343622208,
    -0.011610535904765129,
    -0.03667854890227318,
    -0.02244924008846283,
    0.1029958501458168,
    0.026288194581866264,
    -0.012828411534428596,
    -0.022234613075852394,
    0.01703043282032013,
    0.005067936144769192,
    0.004509740974754095,
    0.029901234433054924,
    -0.016404278576374054,
    0.020902130752801895,
    -0.05402267724275589,
    -0.0911564752459526,
    0.07131137698888779,
    0.03388140723109245,
    0.0016650150064378977,
    0.03354784846305847,
    -0.020105110481381416,
    0.04650316387414932,
    0.02541862055659294,
    -0.004050676245242357,
    0.05617420747876167,
    -0.08647957444190979,
    0.024420082569122314,
    0.011028476990759373,
    -0.0819593146443367,
    -0.03885217010974884,
    0.01963740587234497,
    0.02710660919547081,
    0.0327439159154892,
    -0.033223509788513184,
    -0.08871623128652573,
    0.03165043145418167,
    -0.035259947180747986,
    0.06653899699449539,
    -0.06341682374477386,
    -0.04189234972000122,
    -4.788122772105192e-33,
    0.024895401671528816,
    0.005301905795931816,
    0.008229471743106842,
    0.022465288639068604,
    -0.021863892674446106,
    0.01701359450817108,
    0.010111954063177109,
    0.09509757161140442,
    -0.009877207688987255,
    0.03355230763554573,
    -0.026887277141213417,
    0.05328921228647232,
    0.03842051327228546,
    -0.03339844197034836,
    -0.0393994003534317,
    0.1106763482093811,
    0.025759315118193626,
    -0.015426438301801682,
    -0.03741610050201416,
    -0.08116170018911362,
    0.04522751271724701,
    0.07057972252368927,
    0.04124120995402336,
    0.02552795223891735,
    -0.03335454314947128,
    -0.001943014096468687,
    -0.04576636478304863,
    -0.05071799084544182,
    0.05311732739210129,
    0.00047175827785395086,
    0.014615383930504322,
    -0.08604689687490463,
    0.033149171620607376,
    0.08348183333873749,
    -0.004147327970713377,
    -0.11745550483465195,
    0.013049522414803505,
    0.06105746701359749,
    0.0403834693133831,
    -0.05244439095258713,
    0.0411205030977726,
    -0.05950028449296951,
    0.027353031560778618,
    0.06088760867714882,
    -0.04914059489965439,
    -0.003961553797125816,
    -0.08724755048751831,
    -0.049367353320121765,
    -0.06681936979293823,
    -0.045543476939201355,
    -0.03323410451412201,
    0.02078106999397278,
    -0.08742646872997284,
    -0.056649062782526016,
    -0.013913347385823727,
    0.10108362883329391,
    -0.05326509848237038,
    0.032542310655117035,
    0.05651222914457321,
    0.0351235456764698,
    0.01765649951994419,
    0.10230378806591034,
    0.0016539094503968954,
    0.062081363052129745,
    0.04583791270852089,
    0.017164448276162148,
    -0.04024635627865791,
    -0.05551555007696152,
    -0.09193053841590881,
    0.051105156540870667,
    -0.08033458143472672,
    -0.008925069123506546,
    -0.05211992189288139,
    -0.1085008755326271,
    -0.07143503427505493,
    -0.002164938021451235,
    0.02717117965221405,
    0.024631310254335403,
    0.04386933147907257,
    0.0992637425661087,
    0.03136535361409187,
    -0.04401690140366554,
    -0.036380473524332047,
    0.025966119021177292,
