{
  "id": 1035,
  "vector": [
    -0.008315575309097767,
    -0.01612231880426407,
    -0.0496065579354763,
    0.04125594347715378,
    -0.04513229802250862,
    0.02159825526177883,
    0.04901818558573723,
    0.03373061493039131,
    0.010188608430325985,
    -0.0149257592856884,
    0.06771575659513474,
    -0.10774565488100052,
    0.014205507934093475,
    -0.085164874792099,
    0.034784991294145584,
    -0.05742298811674118,
    0.009219064377248287,
    0.039523910731077194,
    -0.18996769189834595,
    -0.06426406651735306,
    -0.0008731260895729065,
    -0.013308088295161724,
    0.021890314295887947,
    -0.03847508877515793,
    0.019221970811486244,
    0.04941194877028465,
    0.024110140278935432,
    0.04559296742081642,
    0.019995564594864845,
    0.011758053675293922,
    0.022423936054110527,
    0.09750699251890182,
    -0.056425757706165314,
    0.049220673739910126,
    -0.05079084262251854,
    -0.022661922499537468,
    -0.1148650124669075,
    -0.030393991619348526,
    0.12867729365825653,
    0.04695408046245575,
    0.015314105898141861,
    0.005899887997657061,
    0.08769866824150085,
    -0.004624422639608383,
    -0.06500369310379028,
    -0.05008421093225479,
    -0.04346824437379837,
    0.07396593689918518,
    -0.003579268231987953,
    -0.05729388818144798,
    0.012367566116154194,
    0.06760527193546295,
    -0.11027030646800995,
    0.013780474662780762,
    0.003630463033914566,
    -0.07932261377573013,
    -0.002675451571121812,
    -0.023199014365673065,
    -0.036888305097818375,
    0.07999256998300552,
    -0.013585005886852741,
    0.021282091736793518,
    -0.05647078901529312,
    -0.012835536152124405,
    -0.047398682683706284,
    -0.013936453498899937,
    -0.03061557188630104,
    0.0021430461201816797,
    0.03131894767284393,
    0.05414479598402977,
    -0.055732060223817825,
    0.04670155793428421,
    0.0013268333859741688,
    0.013292639516294003,
    -0.027104754000902176,
    -0.02835964597761631,
    0.0425313375890255,
    -0.044094670563936234,
    -0.03946937620639801,
    -0.05070723593235016,
    0.01020962093025446,
    0.054262321442365646,
    -0.007818368263542652,
    0.01518005970865488,
    -0.02351418510079384,
    -0.05034036189317703,
    0.017612474039196968,
    0.035627178847789764,
    0.04315448924899101,
    0.06843454390764236,
    0.050017550587654114,
    0.05187302827835083,
    0.01880444772541523,
    -0.06708002090454102,
    -0.07805903255939484,
    0.10629231482744217,
    -0.038918089121580124,
    -0.027411308139562607,
    0.026479393243789673,
    -0.018405413255095482,
    0.002796767046675086,
    -0.08083223551511765,
    0.06141514703631401,
    -0.004125218838453293,
    -0.025062410160899162,
    0.03574833646416664,
    0.01293190848082304,
    -0.008350624702870846,
    -0.0015523458132520318,
    0.005096848122775555,
    -0.06994715332984924,
    0.0019006297225132585,
    -0.0216628797352314,
    -0.06531764566898346,
    0.045807816088199615,
    -0.03219939395785332,
    0.1066691055893898,
    -0.012566659599542618,
    0.056066133081912994,
    -0.043844886124134064,
    0.017322804778814316,
    -0.0016173687763512135,
    0.054962389171123505,
    0.01829788088798523,
    -0.07748117297887802,
    0.06436780095100403,
    0.028081966564059258,
    6.289107100566355e-33,
    -0.10031428933143616,
    -0.03722421079874039,
    0.06553073972463608,
    0.05312474071979523,
    0.012131945230066776,
    -0.02224309928715229,
    -0.05265726521611214,
    -0.04459243640303612,
    -0.02613823488354683,
    0.06120140105485916,
    -0.014026552438735962,
    0.0615522637963295,
    -0.08697713911533356,
    0.07139326632022858,
    0.04765647277235985,
    -0.012422218918800354,
    0.019447190687060356,
    0.08045588433742523,
    -0.032876987010240555,
    -0.043910469859838486,
    -0.07469364255666733,
    0.06464210897684097,
    0.03946083039045334,
    0.06314210593700409,
    -0.04772193357348442,
    0.10275494307279587,
    0.09420689195394516,
    -0.0024868687614798546,
    -0.010320334695279598,
    -0.005773843266069889,
    0.10003101825714111,
    0.004347551614046097,
    -0.007217172533273697,
    -0.04112783446907997,
    -0.059374045580625534,
    0.061956752091646194,
    -0.026597723364830017,
    0.007010695990175009,
    0.008482057601213455,
    -0.02028345689177513,
    -0.034185990691185,
    -0.006742184050381184,
    0.05547923594713211,
    0.08565585315227509,
    -0.0855502113699913,
    0.085108682513237,
    -0.04114702716469765,
    -0.019814983010292053,
    0.08065967261791229,
    0.025614919140934944,
    -0.024973224848508835,
    -0.008373013697564602,
    0.033184751868247986,
    0.06416745483875275,
    0.06863734871149063,
    0.03707905113697052,
    -0.021880915388464928,
    0.1281745284795761,
    0.07106823474168777,
    0.0236094668507576,
    -0.04050194472074509,
    -0.02032274194061756,
    -0.02448568120598793,
    0.038151368498802185,
    0.034988246858119965,
    0.025328446179628372,
    -0.055160410702228546,
    -0.07882415503263474,
    0.01278242189437151,
    0.04275723919272423,
    -0.00966609362512827,
    -0.007334485650062561,
    0.0762195885181427,
    0.030033420771360397,
    0.07732944935560226,
    -0.012503337115049362,
    0.06761328130960464,
    -0.00352860358543694,
    -0.04168730974197388,
    0.07797058671712875,
    -0.08572182059288025,
    -0.014537462964653969,
    0.06965166330337524,
    -0.05309930443763733,
    -0.02041052281856537,
    -0.039945583790540695,
    -0.08784691989421844,
    0.036060646176338196,
    0.016591710969805717,
    0.014778688549995422,
    0.039498042315244675,
    -0.010364879854023457,
    0.01230043824762106,
    0.011805400252342224,
    -0.10471418499946594,
    -5.5768860936626704e-33,
    -0.02470213919878006,
    0.08355299383401871,
    -0.0042347083799541,
    0.07963912934064865,
    0.005505832377821207,
    0.0027487417683005333,
    -0.0355403795838356,
    0.01783592812716961,
    -0.022474214434623718,
    -0.02150549180805683,
    -0.014410944655537605,
    -0.02919689193367958,
    0.007725887466222048,
    -0.05836113542318344,
    -0.06931454688310623,
    0.024230435490608215,
    0.038357969373464584,
    0.08427411317825317,
    -0.0004620148101821542,
    0.0184984989464283,
    -0.040310587733983994,
    0.010243971832096577,
    -0.00115583511069417,
    0.08363674581050873,
    -0.06442754715681076,
    -0.039810799062252045,
    0.058675456792116165,
    -0.0006827618926763535,
    -0.05561528727412224,
    0.01500422041863203,
    0.10331059247255325,
    -0.10550045222043991,
    0.05004014074802399,
    0.03833412379026413,
    -0.07616642862558365,
    -0.09766785055398941,
    0.0761275365948677,
    0.009261764585971832,
    -0.016129177063703537,
    0.04192645475268364,
    0.06767260283231735,
    -0.015605716966092587,
    0.004323560744524002,
    0.005176316015422344,
    -0.027174316346645355,
    -0.04591420665383339,
    -0.029542874544858932,
    -0.10658472031354904,
    -0.004318806808441877,
    -0.009184190072119236,
    0.050531476736068726,
    0.002012169687077403,
    -0.06609164923429489,
    -0.05261315032839775,
    -0.014147474430501461,
    0.04052890092134476,
    -0.02638934552669525,
    -0.002531912177801132,
    0.03898988291621208,
    -0.01998923346400261,
    0.007135025691241026,
    -0.04659809172153473,
    -0.010142028331756592,
    -0.008056340739130974,
    0.013018195517361164,
    0.039724573493003845,
    0.004792507272213697,
    -0.019791346043348312,
    -0.02282096818089485,
    -0.013196336105465889,
    0.06463131308555603,
    0.006773816421627998,
    -0.03459028899669647,
    -0.061624251306056976,
    0.08601176738739014,
    0.007663683965802193,
    0.026275768876075745,
    -0.027018042281270027,
    0.062004197388887405,
    0.050645794719457626,
    -0.03532857820391655,
    0.0008055103244259953,
    -0.03907908499240875,
