{
  "id": 1094,
  "vector": [
    -0.04363037273287773,
    0.017731597647070885,
    -0.05647624284029007,
    0.0072084758430719376,
    -0.11395534873008728,
    -0.02167561650276184,
    0.08785533159971237,
    0.07550548017024994,
    -0.02450765110552311,
    -0.0052933646366000175,
    0.07137565314769745,
    -0.038048144429922104,
    0.02852066420018673,
    -0.0008403768297284842,
    -0.07172968983650208,
    -0.0803760439157486,
    0.046350300312042236,
    0.04015953838825226,
    -0.13928119838237762,
    -0.08096464723348618,
    0.03024565428495407,
    -0.038111913949251175,
    0.03487576171755791,
    -0.029141467064619064,
    -0.025540461763739586,
    0.03664128854870796,
    -0.03476005047559738,
    0.019416265189647675,
    -0.04521045461297035,
    -0.04264291003346443,
    -0.028939204290509224,
    0.06669527292251587,
    -0.005474346689879894,
    -0.0015931259840726852,
    -0.010462512262165546,
    -0.0672324076294899,
    -0.0018330663442611694,
    -0.05300089344382286,
    0.03775833547115326,
    -0.01272556371986866,
    0.030062351375818253,
    0.0010547591373324394,
    0.06991838663816452,
    0.09105688333511353,
    0.0066214012913405895,
    -0.04321911185979843,
    -0.062142401933670044,
    0.046487223356962204,
    0.022017870098352432,
    0.045754555612802505,
    -0.02759738266468048,
    0.07107347995042801,
    -0.04035580903291702,
    0.025359468534588814,
    0.02436111681163311,
    -0.04851421341300011,
    0.02134793810546398,
    0.03985373303294182,
    0.020774420350790024,
    0.04949479550123215,
    0.01286187395453453,
    -0.033838625997304916,
    -0.068199023604393,
    -0.011992137879133224,
    0.014876484870910645,
    0.02728927694261074,
    -0.008840366266667843,
    0.028354095295071602,
    -0.06859993934631348,
    0.02354331873357296,
    -0.03201025724411011,
    0.09177982062101364,
    -0.03882307559251785,
    -0.012390835210680962,
    -0.011814569123089314,
    0.00040337457903660834,
    0.07699628919363022,
    -0.00453286524862051,
    -0.10451118648052216,
    0.06491443514823914,
    -0.008509335108101368,
    -0.027702143415808678,
    -0.03881467878818512,
    -0.02193743735551834,
    -0.03719339147210121,
    -0.039935141801834106,
    -0.0025164885446429253,
    0.03910902515053749,
    0.042436979711055756,
    -0.04484570026397705,
    -0.0010295867687091231,
    0.033005207777023315,
    0.010409925132989883,
    -0.01518719457089901,
    -0.06852877140045166,
    0.082211434841156,
    -0.09024489670991898,
    -0.09787929803133011,
    0.021621625870466232,
    0.032014138996601105,
    0.036537811160087585,
    0.005580025725066662,
    0.1241234540939331,
    -0.062479473650455475,
    -0.0530996210873127,
    -0.020714672282338142,
    -0.007038214709609747,
    0.07930352538824081,
    -0.013648179359734058,
    0.09095684438943863,
    0.005709642078727484,
    -0.010801705531775951,
    0.008044905960559845,
    -0.02735246904194355,
    -0.04445869103074074,
    0.04220359027385712,
    0.006690060254186392,
    0.0011548935435712337,
    0.013155458495020866,
    0.009166436269879341,
    0.041368745267391205,
    -0.01822766847908497,
    0.0213325172662735,
    -0.02753293700516224,
    -0.063109390437603,
    0.05965748801827431,
    -0.02979910932481289,
    6.149366903534494e-33,
    -0.08714332431554794,
    -0.02754531241953373,
    0.028853459283709526,
    0.036705080419778824,
    0.03089371882379055,
    0.03785858303308487,
    -0.005770270712673664,
    -0.01904420554637909,
    -0.05210631340742111,
    0.006976728793233633,
    -0.031127478927373886,
    0.01746898889541626,
    -0.03918152302503586,
    0.04334748163819313,
    -0.0656915083527565,
    -0.034458063542842865,
    0.004091937560588121,
    0.03723018616437912,
    -0.03867969289422035,
    -0.010744843631982803,
    -0.05536174401640892,
    0.033658217638731,
    0.02055998332798481,
    0.010116135701537132,
    -0.04719224199652672,
    0.044225651770830154,
    0.07735396921634674,
    -0.015688838437199593,
    -0.017361877486109734,
    0.018856070935726166,
    0.13072067499160767,
    -0.029893605038523674,
    0.06261744350194931,
    0.0039819530211389065,
    0.0049893478862941265,
    0.0249291080981493,
    -0.07714542001485825,
    -0.032558321952819824,
    0.03783842548727989,
    -0.0590309277176857,
    -0.01555205974727869,
    0.023843608796596527,
    0.05067259445786476,
    0.12501071393489838,
    -0.059086427092552185,
    -0.006282791495323181,
    -0.0004451431450434029,
    -0.013640731573104858,
    0.08962015062570572,
    0.022328846156597137,
    -0.003118358086794615,
    0.08202999085187912,
    -0.019225088879466057,
    0.07660797238349915,
    0.056753095239400864,
    -0.028627965599298477,
    -0.03141054883599281,
    0.09646248817443848,
    -0.003443133784458041,
    0.05239775404334068,
    -0.025396304205060005,
    0.04945646971464157,
    -0.0509888119995594,
    0.09250348061323166,
    0.031910307705402374,
    0.04160543531179428,
    -0.1274694800376892,
    -0.01769469678401947,
    0.00621399562805891,
    0.0829402431845665,
    0.015130080282688141,
    -0.04922090470790863,
    0.10526976734399796,
    0.0017431636806577444,
    0.03057577647268772,
    0.00027380359824746847,
    0.11615952849388123,
    0.05880646035075188,
    -0.03308092802762985,
    0.032141607254743576,
    -0.12522274255752563,
    -0.021690011024475098,
    -0.014906071126461029,
    -0.0014961548149585724,
    -0.07077053934335709,
    0.027294300496578217,
    -0.1092425212264061,
    -0.022675184532999992,
    0.053611770272254944,
    0.03652316331863403,
    0.01876099593937397,
    0.03321349248290062,
    -0.044655878096818924,
    -0.0667804479598999,
    -0.05615372210741043,
    -5.0575600363090764e-33,
    -0.027205778285861015,
    0.16459880769252777,
    -0.033645033836364746,
    0.09350988268852234,
    0.10412505269050598,
    -0.04762888327240944,
    0.04381587356328964,
    0.005889568943530321,
    0.023181086406111717,
    -0.08771474659442902,
    -0.015075547620654106,
    0.07185588777065277,
    0.0340949222445488,
    0.0007000310579314828,
    -0.05130544304847717,
    0.11987902969121933,
    0.09194234013557434,
    -0.0625692754983902,
    0.00709153339266777,
    0.0028901356272399426,
    -0.07778992503881454,
    0.07599317282438278,
    0.0441947877407074,
    0.05471348389983177,
    -0.03985881432890892,
    -0.04125379025936127,
    0.03253374248743057,
    0.011080353520810604,
    -0.03603483736515045,
    -0.0058565400540828705,
    0.06909152865409851,
    -0.08682148158550262,
    -0.045010581612586975,
    -0.005626594182103872,
    -0.06883860379457474,
    -0.029470346868038177,
    0.07032705098390579,
    0.01655273698270321,
    -0.016823673620820045,
    0.07666072249412537,
    0.00042048838804475963,
    -0.02627408877015114,
    -0.037440985441207886,
    0.009615586139261723,
    -0.0174351055175066,
    0.025200255215168,
    0.021089084446430206,
    -0.06237654387950897,
    -0.0031663442496210337,
    -0.023799804970622063,
    -0.019247328862547874,
    0.07906665652990341,
    -0.047109417617321014,
    0.019360370934009552,
    0.020482433959841728,
    0.0017079145181924105,
    -0.0041526854038238525,
    0.04260728880763054,
    -0.12173707783222198,
    0.006818360649049282,
    0.02961181290447712,
    -0.01807861216366291,
    0.003539938712492585,
    -0.009173092432320118,
    0.033790744841098785,
    -0.03944097459316254,
    0.013474823907017708,
    -0.09510673582553864,
    -0.05689014121890068,
    0.019654173403978348,
    0.06261207908391953,
    0.02440265379846096,
    -0.00447218818590045,
    -0.07492636889219284,
    -0.039656784385442734,
    -0.00614489009603858,
    -0.027488214895129204,
    -0.019972579553723335,
    0.00019221857655793428,
    -0.011424031108617783,
    -0.02033977583050728,
    0.09251132607460022,
    0.010304780676960945,
