{
  "id": 788,
  "vector": [
    -0.0173799991607666,
    -0.003698156215250492,
    -0.03189915791153908,
    0.004813067615032196,
    0.01377217285335064,
    -0.014156738296151161,
    0.0207742340862751,
    0.09932646155357361,
    -0.04041597619652748,
    -0.07890073210000992,
    0.04138551652431488,
    -0.049547113478183746,
    -0.03680112957954407,
    0.03475356474518776,
    -0.07004698365926743,
    0.00034320238046348095,
    -0.10470835864543915,
    0.04926967993378639,
    -0.12467300146818161,
    -0.006267588585615158,
    0.06687243282794952,
    -0.02523093670606613,
    -0.014258037321269512,
    0.02979547344148159,
    -0.06371346116065979,
    0.07351640611886978,
    0.01848078891634941,
    -0.01905672252178192,
    0.02984275296330452,
    0.030319925397634506,
    0.019376806914806366,
    0.12788741290569305,
    0.042420413345098495,
    -0.08259376883506775,
    0.03390006348490715,
    -0.03221071884036064,
    -0.03758452087640762,
    -0.02937294915318489,
    0.08510555326938629,
    -0.024760469794273376,
    0.05909869819879532,
    0.03668658062815666,
    0.04242673143744469,
    0.0832381322979927,
    0.02624622918665409,
    -0.05214589089155197,
    -0.04679672420024872,
    0.06750360876321793,
    0.021889712661504745,
    0.018766749650239944,
    -0.026806557551026344,
    -0.002514205640181899,
    -0.10618334263563156,
    0.0127484742552042,
    0.010904984548687935,
    -0.06930448114871979,
    -0.03662446513772011,
    -0.02805851586163044,
    0.012601802125573158,
    0.07659181207418442,
    0.0121915303170681,
    0.0428459458053112,
    -0.024936560541391373,
    0.03089505434036255,
    -0.01938711665570736,
    0.0748663917183876,
    -0.08060790598392487,
    -0.05998026207089424,
    -0.03910492733120918,
    0.014050127938389778,
    -0.010946070775389671,
    0.004395495168864727,
    0.1057904064655304,
    -0.0009517981088720262,
    -0.06237758696079254,
    -0.05444882810115814,
    0.02565150521695614,
    -0.06354031711816788,
    -0.038033146411180496,
    0.12733425199985504,
    -0.05428028479218483,
    -0.005251756403595209,
    -0.05811939015984535,
    0.024633334949612617,
    0.03180865943431854,
    -0.014296664856374264,
    -0.0014398186467587948,
    -0.053288377821445465,
    0.014360136352479458,
    -0.08209362626075745,
    -0.07766521722078323,
    -0.022095901891589165,
    -0.009403967298567295,
    -0.059593528509140015,
    -0.021045150235295296,
    0.07233592867851257,
    -0.046460844576358795,
    -0.04626474902033806,
    0.00012086379138054326,
    0.009170367382466793,
    0.03942687064409256,
    -0.055071871727705,
    0.028254475444555283,
    -0.10091231018304825,
    0.03321121633052826,
    -0.002565838862210512,
    0.06885592639446259,
    0.03945336490869522,
    -0.0008011364261619747,
    0.051139116287231445,
    -0.0833432525396347,
    -0.04497123137116432,
    -0.039907876402139664,
    0.007486218120902777,
    0.02850482054054737,
    0.05185272917151451,
    0.04039681330323219,
    0.014961307868361473,
    0.01564696431159973,
    0.06622365862131119,
    0.041258785873651505,
    -0.016691017895936966,
    0.07225088775157928,
    -0.06368762254714966,
    -0.04500963166356087,
    -0.006041588727384806,
    0.043687038123607635,
    4.4629990344249943e-33,
    -0.009844024665653706,
    -0.05471007525920868,
    0.028403619304299355,
    0.006937489379197359,
    0.033862050622701645,
    0.0010183005360886455,
    0.03417455404996872,
    -0.025413747876882553,
    0.039825376123189926,
    -0.013005923479795456,
    -0.06159279868006706,
    0.06815428286790848,
    -0.03284156322479248,
    0.06325318664312363,
    -0.09558094292879105,
    -0.059562649577856064,
    0.05585145577788353,
    0.03298332914710045,
    0.014407203532755375,
    -0.04518523067235947,
    -0.0002430543681839481,
    0.010973675176501274,
    0.007804840337485075,
    0.01615181937813759,
    -0.08239106833934784,
    0.03104017861187458,
    0.002884412882849574,
    0.027106788009405136,
    0.08786047995090485,
    0.03756685554981232,
    0.07907883077859879,
    -0.05198683589696884,
    -0.002667331602424383,
    0.017609797418117523,
    -0.03816547244787216,
    0.0525963194668293,
    -0.03954450413584709,
    -0.03224639594554901,
    0.06706616282463074,
    0.002673615235835314,
    0.009282472543418407,
    0.049503594636917114,
    0.11859578639268875,
    0.011334255337715149,
    -0.050724077969789505,
    0.08088508993387222,
    -0.033065132796764374,
    -0.04747369885444641,
    0.09915339946746826,
    -0.019969744607806206,
    -0.05700847879052162,
    -0.02069699950516224,
    -0.02917838655412197,
    0.09577146172523499,
    0.06946949660778046,
    -0.06624998897314072,
    -0.07593856751918793,
    0.05728995427489281,
    -0.0031877022702246904,
    0.07935867458581924,
    -0.10687661170959473,
    -0.03260710462927818,
    -0.007369473110884428,
    0.03681602329015732,
    0.06115444749593735,
    0.07892368733882904,
    -0.07339898496866226,
    -0.0002501915441825986,
    0.011012346483767033,
    -0.036242615431547165,
    -0.05829569324851036,
    0.0594019889831543,
    -0.014455102384090424,
    0.021021148189902306,
    0.05178632587194443,
    -0.022388260811567307,
    0.15333567559719086,
    0.07633473724126816,
    -0.043675314635038376,
    0.11768095940351486,
    -0.09773030132055283,
    0.018872030079364777,
    0.03989504650235176,
    0.12262732535600662,
    -0.013744652271270752,
    0.005281886085867882,
    -0.07061835378408432,
    0.06315422058105469,
    0.025977138429880142,
    -0.06829015165567398,
    0.029051272198557854,
    -0.032092101871967316,
    0.022167088463902473,
    -0.09590040147304535,
    -0.026258036494255066,
    -4.618367428851038e-33,
    -0.015799397602677345,
    0.057199083268642426,
    -0.02681373618543148,
    0.039264485239982605,
    0.05764799937605858,
    -0.011272778734564781,
    0.04593099653720856,
    0.05354622006416321,
    0.07380964607000351,
    -0.03576994687318802,
    -0.06524033099412918,
    0.013348554261028767,
    0.039481841027736664,
    -0.022817691788077354,
    -0.17002186179161072,
    0.09761972725391388,
    0.13388922810554504,
    0.026019439101219177,
    0.012647884897887707,
    -0.04605225846171379,
    -0.05522352084517479,
    0.0788116306066513,
    0.07265369594097137,
    -0.025698071345686913,
    0.024376891553401947,
    -0.0010373103432357311,
    0.045643530786037445,
    -0.061051078140735626,
    -0.006345901172608137,
    0.06348417699337006,
    0.05703042820096016,
    -0.05088100582361221,
    0.0046793995425105095,
    -0.0011711340630427003,
    -0.04533639922738075,
    -0.01884755864739418,
    -0.0023192453663796186,
    -0.02473318949341774,
    -0.05861030891537666,
    0.07174618542194366,
    0.059068549424409866,
    -0.0654253140091896,
    0.051598984748125076,
    -0.07147599011659622,
    0.019384656101465225,
    0.004880701657384634,
    0.04094225913286209,
    -0.06975694745779037,
    0.0070901247672736645,
    -0.018837820738554,
    0.004961907397955656,
    -0.010620706714689732,
    -0.08025939762592316,
    0.010670109651982784,
    0.02648707665503025,
    0.011995687149465084,
    0.052027665078639984,
    0.06535571068525314,
    -0.029286198318004608,
    -0.0336177796125412,
    0.027376875281333923,
    -0.03318805992603302,
    -0.0737726017832756,
    -0.03161376342177391,
    -0.05130273476243019,
    0.016468651592731476,
    -0.03195657953619957,
    -0.016930963844060898,
    -0.040185291320085526,
    -0.04962502047419548,
    0.028984082862734795,
    -0.02285654842853546,
    0.02359139733016491,
    0.03557448834180832,
    -0.06552769243717194,
    -0.0294202771037817,
    -0.0693298876285553,
    -0.045581962913274765,
    0.058130767196416855,
    -0.0018360739341005683,
    -0.002831557998433709,
    -0.024627186357975006,
    -0.014346679672598839,
