{
  "id": 443,
  "vector": [
    0.051709868013858795,
    0.049575384706258774,
    0.014153373427689075,
    0.012518755160272121,
    -0.030250471085309982,
    0.012149432674050331,
    0.04389430209994316,
    0.06834320724010468,
    -0.037568677216768265,
    -0.06192823499441147,
    -0.03812064975500107,
    -0.1220095083117485,
    -0.07211790233850479,
    -0.004937510937452316,
    -0.021735602989792824,
    -0.07113225013017654,
    -0.0943724662065506,
    0.028918718919157982,
    -0.1055431067943573,
    -0.05733626335859299,
    0.02136640064418316,
    -0.08614996820688248,
    0.05410068854689598,
    0.06950708478689194,
    0.013125560246407986,
    0.09409944713115692,
    0.047421012073755264,
    0.01401134766638279,
    0.0569881796836853,
    -0.07268528640270233,
    0.02597876824438572,
    0.08738377690315247,
    -0.030704911798238754,
    -0.05613776296377182,
    0.05353650078177452,
    -0.02512168511748314,
    0.0300169438123703,
    0.05690803751349449,
    0.04986293986439705,
    -0.03874707221984863,
    0.08248377591371536,
    -0.0760282576084137,
    0.013710721395909786,
    0.0407329685986042,
    -0.011189824901521206,
    0.031028596684336662,
    -0.06708334386348724,
    0.08474083244800568,
    0.037765275686979294,
    -0.008223683573305607,
    0.057365529239177704,
    -0.08290993422269821,
    -0.10092390328645706,
    -0.012910990044474602,
    0.06208978593349457,
    -0.06850101798772812,
    -0.05075237154960632,
    0.018608156591653824,
    0.010221103206276894,
    0.019588472321629524,
    0.05129405856132507,
    0.08389999717473984,
    -0.03523297235369682,
    0.07708363234996796,
    -0.04042664170265198,
    0.04364076256752014,
    -0.08736833930015564,
    0.011832291260361671,
    -0.08619779348373413,
    0.022697262465953827,
    -0.019153067842125893,
    0.04036712646484375,
    0.035697437822818756,
    -0.08043622970581055,
    0.0006231761071830988,
    -0.06327200680971146,
    0.044114671647548676,
    -0.10953368246555328,
    -0.005777853075414896,
    0.0765821784734726,
    -0.04496072605252266,
    0.009912076406180859,
    -0.02193557843565941,
    0.028608670458197594,
    -0.026930222287774086,
    -0.036431685090065,
    0.02143961377441883,
    -0.023474344983696938,
    -0.05682459846138954,
    -0.030315443873405457,
    -0.06621444225311279,
    -0.0035683258902281523,
    0.06424509733915329,
    -0.08710794150829315,
    -0.01995908096432686,
    0.08345238119363785,
    -0.018412066623568535,
    0.0010891876881942153,
    0.0641603022813797,
    -0.0042085666209459305,
    0.027962474152445793,
    -0.011431590653955936,
    0.06749536842107773,
    -0.007803750224411488,
    0.09040381014347076,
    -0.036989714950323105,
    -0.008529359474778175,
    0.04838964715600014,
    0.07445155084133148,
    -0.04160897806286812,
    -0.10441383719444275,
    0.0009844322921708226,
    0.005486065521836281,
    0.02685898169875145,
    0.02890172228217125,
    0.0015113040572032332,
    0.05903984606266022,
    0.0029870530124753714,
    0.06253667175769806,
    0.006122198421508074,
    0.05921625345945358,
    0.03336331620812416,
    0.06908737123012543,
    -0.049584466964006424,
    -0.07551736384630203,
    0.03184054046869278,
    0.08392960578203201,
    2.6772835255717795e-33,
    -0.1141417846083641,
    -0.09326193481683731,
    0.08768502622842789,
    0.04829901456832886,
    0.013654637150466442,
    -0.08513745665550232,
    -0.0038161296397447586,
    -0.09424325823783875,
    0.04423624649643898,
    -0.03279222175478935,
    -0.04270574077963829,
    -0.04248731955885887,
    -0.020603056997060776,
    0.07417508214712143,
    0.04698089882731438,
    -0.05576299503445625,
    0.01700676418840885,
    0.04286715015769005,
    0.012124782428145409,
    -0.052706822752952576,
    -0.06095082312822342,
    -0.0376117080450058,
    0.03339478000998497,
    0.014010374434292316,
    0.0017946106381714344,
    -0.06200488656759262,
    0.044264789670705795,
    -0.013843638822436333,
    0.0031015367712825537,
    0.01496928185224533,
    0.016317740082740784,
    0.03135101869702339,
    0.021053705364465714,
    0.03594579920172691,
    -0.06291128695011139,
    -0.011672978289425373,
    0.03418518975377083,
    0.039689429104328156,
    0.06118040159344673,
    -0.041103508323431015,
    0.014971832744777203,
    0.015257305465638638,
    0.08180544525384903,
    0.0012653107987716794,
    -0.009000085294246674,
    0.018828820437192917,
    0.006100732833147049,
    -0.01747322827577591,
    0.07638772577047348,
    -0.05342478305101395,
    -0.019565613940358162,
    -0.012080145999789238,
    -0.03710193186998367,
    0.062407754361629486,
    0.07229100167751312,
    -0.015330791473388672,
    0.023889459669589996,
    0.054469604045152664,
    0.03425510600209236,
    0.019724072888493538,
    -0.028504813089966774,
    0.09413283318281174,
    0.026226352900266647,
    0.02587997540831566,
    0.026937376707792282,
    0.023846426978707314,
    -0.09322454780340195,
    -0.044912178069353104,
    -0.005993739236146212,
    -0.03209506720304489,
    -0.07217331975698471,
    0.027993688359856606,
    0.01817741058766842,
    -0.019871342927217484,
    0.06641330569982529,
    -0.02326134592294693,
    0.1029726192355156,
    -0.0029422708321362734,
    -0.07101714611053467,
    0.042826034128665924,
    -0.00003526778891682625,
    -0.006175185553729534,
    0.0764034241437912,
    0.02379678562283516,
    0.01109978649765253,
    -0.03981728106737137,
    -0.07201618701219559,
    -0.019488517194986343,
    0.026600472629070282,
    0.005209208466112614,
    -0.0052113002166152,
    -0.02564839832484722,
    -0.11788073927164078,
    -0.08907425403594971,
    0.008324873633682728,
    -3.725125067366521e-33,
    0.0906389132142067,
    0.09310483187437057,
    0.053128551691770554,
    0.05416417866945267,
    0.07294166833162308,
    0.018631022423505783,
    0.07070077955722809,
    0.03397393971681595,
    0.10273340344429016,
    -0.021693263202905655,
    -0.08050178736448288,
    0.013877884484827518,
    0.00040505005745217204,
    0.008462031371891499,
    -0.016414793208241463,
    0.020899983122944832,
    0.039775390177965164,
    0.0015779656823724508,
    0.0736156553030014,
    -0.07184647023677826,
    -0.053232062608003616,
    0.006609781179577112,
    -0.0810321792960167,
    0.00024277479678858072,
    0.003876999719068408,
    -0.008157213218510151,
    -0.004427612293511629,
    -0.07412712275981903,
    0.01870368793606758,
    -0.0019451744155958295,
    0.05063105747103691,
    -0.11945175379514694,
    0.06208549812436104,
    0.018174661323428154,
    -0.009972215630114079,
    -0.04586029797792435,
    0.08466002345085144,
    -0.0011394843459129333,
    -0.049095701426267624,
    0.06134211644530296,
    0.008241540752351284,
    -0.05355742573738098,
    0.0033038801047950983,
    -0.020655706524848938,
    0.045333169400691986,
    -0.05880314111709595,
    0.1103690043091774,
    -0.08772677928209305,
    -0.004437876865267754,
    -0.013111930340528488,
    0.059132155030965805,
    0.008306965231895447,
    -0.12964050471782684,
    0.055295273661613464,
    0.01106507983058691,
    0.003103465773165226,
    0.022582964971661568,
    0.02378704771399498,
    0.035712700337171555,
    -0.049146123230457306,
    -0.02025686390697956,
    0.006429797038435936,
    -0.004251238889992237,
    -0.05837968736886978,
    -0.041504599153995514,
    -0.07485263049602509,
    -0.048538871109485626,
    0.03148752078413963,
    -0.025263037532567978,
    -0.027940446510910988,
    -0.001529002096503973,
    -0.04396458715200424,
    0.03798675537109375,
    -0.05797356739640236,
    -0.010464082472026348,
    -0.026615474373102188,
    -0.0841086357831955,
    0.056635577231645584,
    0.09955744445323944,
    0.03880176693201065,
    -0.04934899881482124,
    0.010341176763176918,
    -0.04414692521095276,
