{
  "id": 473,
  "vector": [
    -0.049846723675727844,
    -0.03305378556251526,
    -0.0008164623868651688,
    -0.021348129957914352,
    -0.05881887301802635,
    -0.022818569093942642,
    0.07615520060062408,
    0.07564564049243927,
    -0.07790584117174149,
    -0.0144773805513978,
    0.04132058843970299,
    -0.028522012755274773,
    0.023473061621189117,
    0.04685597121715546,
    -0.03810247406363487,
    0.04833298549056053,
    0.006075130309909582,
    -0.01397066842764616,
    -0.07781335711479187,
    0.008546792902052402,
    0.0571080818772316,
    0.0046845595352351665,
    0.022299116477370262,
    -0.0008259434252977371,
    -0.04159338399767876,
    0.06623455137014389,
    0.025929132476449013,
    -0.011015746742486954,
    -0.01393373217433691,
    -0.010379219427704811,
    0.059558477252721786,
    0.09314759075641632,
    0.06991968303918839,
    -0.04132188484072685,
    -0.00887250155210495,
    -0.060848698019981384,
    -0.02215750887989998,
    -0.05895271897315979,
    0.11724378913640976,
    -0.007278983481228352,
    0.0035075517371296883,
    0.04354250803589821,
    0.05516064912080765,
    0.028167182579636574,
    0.032086532562971115,
    -0.04618910700082779,
    0.030056407675147057,
    0.02060663513839245,
    0.06274514645338058,
    -0.03463173285126686,
    0.021274838596582413,
    0.011910788714885712,
    -0.04701118543744087,
    0.03781137242913246,
    -0.029959075152873993,
    -0.07537122070789337,
    -0.04829530790448189,
    -0.017731787636876106,
    -0.005430293269455433,
    0.035774923861026764,
    0.001631533377803862,
    0.01714293099939823,
    -0.044188857078552246,
    0.04064847156405449,
    0.024115726351737976,
    0.12702007591724396,
    -0.031697120517492294,
    -0.014954586513340473,
    -0.07526644319295883,
    0.04912867397069931,
    -0.0182761512696743,
    0.01963847503066063,
    0.014082810841500759,
    0.04391466826200485,
    0.04223586991429329,
    0.01877337507903576,
    0.13210439682006836,
    -0.0885762870311737,
    -0.11135798692703247,
    -0.07136359065771103,
    -0.1374266892671585,
    -0.05212334543466568,
    -0.021226342767477036,
    0.05569992959499359,
    -0.004124850500375032,
    -0.03866773098707199,
    0.019978361204266548,
    0.06626767665147781,
    -0.0033268716651946306,
    0.011406010948121548,
    -0.04716815426945686,
    0.0588681735098362,
    -0.05679077282547951,
    0.013507616706192493,
    -0.03467493876814842,
    0.03973894566297531,
    -0.05917859077453613,
    0.007466342765837908,
    0.01208826806396246,
    0.04274892434477806,
    0.02830694057047367,
    0.021497314795851707,
    0.07685708999633789,
    -0.11090528219938278,
    -0.051784273236989975,
    -0.03080836310982704,
    0.034848228096961975,
    0.04722556471824646,
    0.03652918338775635,
    0.07064708322286606,
    -0.041891831904649734,
    -0.05256924778223038,
    -0.0223576370626688,
    0.01019578892737627,
    -0.04351574927568436,
    -0.036788102239370346,
    0.08875884115695953,
    0.04697738215327263,
    0.047840770334005356,
    -0.025795932859182358,
    0.12124454975128174,
    0.025003928691148758,
    0.012908299453556538,
    -0.05935374274849892,
    -0.11425364017486572,
    0.06064902991056442,
    0.027122261002659798,
    5.9369536049729684e-33,
    -0.05381777510046959,
    0.006605017464607954,
    -0.022204918786883354,
    0.020212769508361816,
    0.026701487600803375,
    0.03962351381778717,
    0.0451570488512516,
    -0.024032263085246086,
    0.0069546885788440704,
    0.024268003180623055,
    -0.0520205982029438,
    0.07032185047864914,
    -0.03284734487533569,
    0.060173194855451584,
    0.055224258452653885,
    -0.029033055528998375,
    0.025020476430654526,
    0.01810631714761257,
    0.06599035114049911,
    -0.04843802750110626,
    -0.06018521636724472,
    0.08365128189325333,
    -0.03398362547159195,
    0.015004492364823818,
    -0.10838336497545242,
    -0.018548712134361267,
    0.07754068076610565,
    0.014272588305175304,
    -0.07109436392784119,
    0.022215472534298897,
    0.05973575636744499,
    0.007797815836966038,
    0.04161526635289192,
    -0.0011778861517086625,
    -0.036216072738170624,
    -0.013745616190135479,
    -0.09371677041053772,
    -0.05013219267129898,
    0.05057891458272934,
    -0.06731286644935608,
    -0.010255162604153156,
    0.01851692423224449,
    0.06356070935726166,
    0.08230306953191757,
    -0.098544642329216,
    0.03380691260099411,
    -0.06620290130376816,
    0.030214248225092888,
    0.04101366922259331,
    0.0020243318285793066,
    -0.013052661903202534,
    0.06187265366315842,
    -0.01194343063980341,
    0.049236804246902466,
    0.01689361222088337,
    -0.042318228632211685,
    -0.051159221678972244,
    0.038330212235450745,
    0.024320904165506363,
    0.05775761976838112,
    -0.002882906701415777,
    0.05300314351916313,
    0.007857968099415302,
    0.03991957753896713,
    -0.026492802426218987,
    -0.010843561962246895,
    -0.009171349927783012,
    -0.014216344803571701,
    -0.019570276141166687,
    -0.05239115655422211,
    -0.017848383635282516,
    -0.036466266959905624,
    0.06046202778816223,
    -0.016322560608386993,
    -0.003774879267439246,
    -0.005507799331098795,
    0.07335754483938217,
    -0.008728481829166412,
    -0.03522265702486038,
    0.08115995675325394,
    -0.1330013871192932,
    0.0026282973121851683,
    0.023258358240127563,
    -0.01565741002559662,
    -0.05702909827232361,
    0.049222152680158615,
    0.028738226741552353,
    0.023932162672281265,
    -0.028980610892176628,
    -0.053620319813489914,
    0.04498233273625374,
    -0.07544514536857605,
    -0.01820576936006546,
    -0.030766626819968224,
    -0.0509323924779892,
    -5.3062266826759155e-33,
    -0.04192351549863815,
    0.03201304376125336,
    -0.04640839621424675,
    0.05872384458780289,
    0.04697742313146591,
    -0.057180218398571014,
    0.06327278167009354,
    0.052048396319150925,
    0.00813339650630951,
    -0.017748381942510605,
    -0.02641783468425274,
    -0.024317758157849312,
    0.04018121212720871,
    -0.06244940310716629,
    -0.05788412317633629,
    0.11735212057828903,
    0.06925590336322784,
    -0.03644740954041481,
    0.00621007801964879,
    -0.08147751539945602,
    -0.03690299391746521,
    0.10103221237659454,
    0.02036406472325325,
    0.12081816047430038,
    -0.021628011018037796,
    0.03653135895729065,
    0.005899458657950163,
    -0.008866674266755581,
    -0.017688246443867683,
    0.02180149219930172,
    0.012126801535487175,
    -0.07370875775814056,
    0.03577812761068344,
    -0.03323378041386604,
    -0.01699211448431015,
    0.029493484646081924,
    0.1067928671836853,
    -0.030839741230010986,
    0.00019626390712801367,
    0.01540173776447773,
    0.05639289319515228,
    -0.042022526264190674,
    -0.02911604382097721,
    0.02871130034327507,
    -0.02631625533103943,
    -0.012681804597377777,
    0.004067717120051384,
    -0.06502869725227356,
    -0.0589606948196888,
    0.04094276204705238,
    -0.008154582232236862,
    0.09172897040843964,
    -0.0330045185983181,
    -0.05095934122800827,
    0.05201392620801926,
    0.04457365721464157,
    -0.04723691940307617,
    0.0222576055675745,
    -0.003068809164687991,
    -0.041895464062690735,
    -0.000025735358576639555,
    -0.022143051028251648,
    -0.015927288681268692,
    0.05804453790187836,
    0.01967698335647583,
    -0.0014074866194278002,
    0.01230867113918066,
    -0.12480222433805466,
    -0.04859576374292374,
    0.02427668310701847,
    0.0393429696559906,
    0.03585920110344887,
    0.0492631271481514,
    -0.025985267013311386,
    -0.04599717631936073,
    -0.014572803862392902,
    0.03995828703045845,
    -0.02685091830790043,
    -0.013685897924005985,
    0.0158244539052248,
    -0.025517538189888,
    0.006663549691438675,
    0.0870622918009758,
