{
  "id": 499,
  "vector": [
    0.0031896447762846947,
    0.04179087281227112,
    -0.009089718572795391,
    -0.004797396715730429,
    0.06332963705062866,
    -0.04872715473175049,
    0.10875427722930908,
    0.05660248175263405,
    -0.023838642984628677,
    -0.04590040445327759,
    0.052632760256528854,
    -0.006800847593694925,
    -0.008372683078050613,
    0.049836546182632446,
    -0.06543657183647156,
    0.08913026005029678,
    0.037332501262426376,
    0.04302465543150902,
    -0.08128859102725983,
    0.06099652126431465,
    0.08794180303812027,
    0.039674267172813416,
    0.02815704047679901,
    0.03641572594642639,
    -0.062278274446725845,
    0.08403334021568298,
    -0.0698336586356163,
    0.012842576019465923,
    0.057793594896793365,
    -0.10468118637800217,
    0.1149914339184761,
    0.10396596789360046,
    -0.013833217322826385,
    -0.03729894012212753,
    0.10025888681411743,
    -0.08130434155464172,
    -0.019139839336276054,
    0.009238687343895435,
    0.06869947910308838,
    0.06680291891098022,
    -0.03093910589814186,
    0.11936872452497482,
    -0.008424840867519379,
    0.013270942494273186,
    -0.03788372129201889,
    -0.02230767533183098,
    0.019874174147844315,
    0.025739144533872604,
    0.04517708718776703,
    0.01240380760282278,
    0.04712596535682678,
    -0.07337254285812378,
    -0.05502961203455925,
    -0.000060240239690756425,
    0.04306454211473465,
    -0.1346243917942047,
    -0.0533798448741436,
    -0.0042854310013353825,
    -0.06565190106630325,
    0.006001957226544619,
    -0.029251109808683395,
    -0.0059962524101138115,
    -0.05098951607942581,
    -0.012426500208675861,
    0.04461032897233963,
    0.005000057630240917,
    -0.07862991094589233,
    -0.05616459995508194,
    0.004735699854791164,
    0.01084163784980774,
    0.004750157706439495,
    0.01628970168530941,
    0.013488050550222397,
    0.04155353456735611,
    -0.05909162387251854,
    0.02963002398610115,
    0.015478591434657574,
    -0.07272705435752869,
    0.03590068966150284,
    0.06182197853922844,
    -0.06900408118963242,
    -0.024599650874733925,
    -0.05679508298635483,
    -0.015026587061583996,
    0.03148268908262253,
    -0.008382854051887989,
    -0.0590662956237793,
    0.0667804628610611,
    0.03533317521214485,
    -0.020129388198256493,
    -0.061558473855257034,
    -0.028235476464033127,
    0.04480941221117973,
    -0.006651144940406084,
    -0.051607951521873474,
    0.007848989218473434,
    -0.007250604685395956,
    -0.040714412927627563,
    -0.03018919564783573,
    0.06917822360992432,
    -0.00406417902559042,
    -0.07976870983839035,
    0.01585499197244644,
    -0.09312155097723007,
    -0.1026732325553894,
    -0.05206044018268585,
    0.033076681196689606,
    -0.009593876078724861,
    0.06344795227050781,
    0.038613662123680115,
    -0.10657794028520584,
    -0.0024635442532598972,
    0.0035747396759688854,
    0.010776570998132229,
    -0.02134115621447563,
    -0.08277587592601776,
    0.029487742111086845,
    -0.04004094749689102,
    0.0634317696094513,
    -0.08577211201190948,
    0.0766097754240036,
    0.0064732846803963184,
    -0.03718023747205734,
    -0.03296206146478653,
    -0.013777812011539936,
    0.050313714891672134,
    -0.0013959691859781742,
    5.454802189122145e-33,
    0.04203223064541817,
    0.04970710352063179,
    0.028770102187991142,
    0.006371234077960253,
    0.013179833069443703,
    0.001819451223127544,
    0.05531516671180725,
    -0.013372504152357578,
    0.053947318345308304,
    0.023010006174445152,
    -0.048314616084098816,
    -0.03788355365395546,
    -0.03395618125796318,
    0.05781301110982895,
    0.018577108159661293,
    -0.07056305557489395,
    0.05725632235407829,
    0.02883818931877613,
    0.004388774279505014,
    -0.04069216921925545,
    -0.11836231499910355,
    -0.0004780002636834979,
    -0.07954556494951248,
    0.042918797582387924,
    -0.037848349660634995,
    0.0807039812207222,
    -0.05348914489150047,
    -0.007430586963891983,
    0.006606395356357098,
    0.03359577804803848,
    0.16244852542877197,
    0.08561013638973236,
    -0.05114667862653732,
    0.08426418155431747,
    -0.04310866817831993,
    0.0015517895808443427,
    -0.08465979993343353,
    -0.03954567015171051,
    0.03812026232481003,
    -0.09508853405714035,
    -0.047921713441610336,
    -0.015497229993343353,
    0.025607183575630188,
    -0.020675843581557274,
    -0.014484765939414501,
    -0.02591158263385296,
    -0.09993352741003036,
    0.06346622854471207,
    0.10014188289642334,
    -0.03764551877975464,
    -0.010833561420440674,
    0.05438777431845665,
    -0.01654651015996933,
    0.06932678818702698,
    0.016517430543899536,
    0.006578236352652311,
    -0.05130087211728096,
    -0.0463961660861969,
    0.017144225537776947,
    0.05310845747590065,
    -0.026322687044739723,
    0.014447810128331184,
    0.018843548372387886,
    0.024873383343219757,
    0.07458089292049408,
    -0.010348710231482983,
    -0.028194740414619446,
    0.03741106390953064,
    -0.03909323737025261,
    0.04197582229971886,
    0.00111920025665313,
    0.034169867634773254,
    -0.019945284351706505,
    0.007668221369385719,
    -0.017780326306819916,
    -0.052912916988134384,
    0.12588585913181305,
    -0.014883231371641159,
    0.011672958731651306,
    0.062338124960660934,
    -0.05133887380361557,
    -0.013986553996801376,
    0.04482826963067055,
    -0.09492059797048569,
    -0.07449628412723541,
    -0.0048774005845189095,
    0.025747083127498627,
    0.01919155940413475,
    -0.01120180543512106,
    0.049890123307704926,
    -0.049012888222932816,
    -0.0815775990486145,
    -0.04195698723196983,
    0.0007940717041492462,
    -0.0929969847202301,
    -5.307131445984064e-33,
    -0.013589228503406048,
    0.0578404925763607,
    -0.0020267758518457413,
    -0.013690578751266003,
    -0.0064499955624341965,
    0.06246493384242058,
    -0.004201309755444527,
    0.03891219571232796,
    0.037913255393505096,
    0.00354226166382432,
    -0.09966084361076355,
    0.014695405960083008,
    0.018700145184993744,
    0.012413407675921917,
    -0.05498620867729187,
    0.08542633056640625,
    -0.01766815036535263,
    -0.012201163917779922,
    0.02564104087650776,
    -0.10576705634593964,
    -0.0666462704539299,
    0.04049386456608772,
    0.0010419395985081792,
    0.019739171490073204,
    -0.07696373015642166,
    0.016102304682135582,
    0.04547940194606781,
    -0.04224409908056259,
    0.07867444306612015,
    0.03200874850153923,
    0.01103566400706768,
    -0.06366107612848282,
    0.0434810034930706,
    0.029169121757149696,
    0.002179146744310856,
    -0.05146617069840431,
    0.07005834579467773,
    0.06207337602972984,
    0.014830389991402626,
    -0.045535434037446976,
    -0.021224137395620346,
    -0.027560636401176453,
    0.00699250353500247,
    -0.009599070064723492,
    0.028474846854805946,
    -0.03742791339755058,
    0.0031053696293383837,
    -0.09473121911287308,
    0.054755229502916336,
    -0.003554584924131632,
    0.03574457764625549,
    0.02771969512104988,
    -0.045884519815444946,
    0.026142431423068047,
    0.0567280538380146,
    0.026184502989053726,
    -0.01919715665280819,
    -0.08606310933828354,
    0.051123958081007004,
    -0.07365427166223526,
    -0.012524711899459362,
    0.02026466839015484,
    -0.06791578233242035,
    0.04164167866110802,
    0.0024724311660975218,
    -0.005130058154463768,
    -0.03833455964922905,
    -0.012829942628741264,
    -0.03870191425085068,
    0.010074243880808353,
    -0.05291018635034561,
    0.03965434804558754,
    0.089203380048275,
    -0.004114382900297642,
    -0.0692058801651001,
    -0.096507228910923,
    0.052463941276073456,
    0.029932841658592224,
    0.020584871992468834,
    -0.039804328233003616,
    -0.002857683226466179,
    -0.003924157470464706,
    0.00010391983960289508,
