{
  "id": 303,
  "vector": [
    -0.03593001142144203,
    0.06991121917963028,
    0.022686369717121124,
    -0.05117100477218628,
    -0.007016441784799099,
    -0.03195427358150482,
    0.005385433789342642,
    0.031195027753710747,
    -0.01458256971091032,
    -0.0011375200701877475,
    -0.04413863644003868,
    -0.08998261392116547,
    0.047975871711969376,
    0.04192613065242767,
    -0.0030215291772037745,
    0.022283930331468582,
    -0.09410809725522995,
    0.0404365099966526,
    -0.08904143422842026,
    0.026477592065930367,
    0.061403412371873856,
    0.04321391135454178,
    0.06773648411035538,
    -0.002709476975724101,
    -0.0954737737774849,
    0.10464315116405487,
    -0.03930786997079849,
    0.00915240217000246,
    0.045327696949243546,
    -0.07675406336784363,
    0.07910744100809097,
    -0.029916880652308464,
    0.05395665764808655,
    -0.05274408310651779,
    0.09515804052352905,
    -0.023792952299118042,
    -0.022415196523070335,
    -0.033831886947155,
    0.08016151189804077,
    0.021234270185232162,
    0.03831126540899277,
    0.005520932842046022,
    0.04776822775602341,
    0.061388127505779266,
    -0.010533907450735569,
    -0.02074592001736164,
    -0.02414087951183319,
    0.01584489457309246,
    0.020512085407972336,
    -0.07774001359939575,
    0.0667150691151619,
    -0.07202940434217453,
    -0.1025463119149208,
    0.0453437902033329,
    0.0030740504153072834,
    -0.11481698602437973,
    0.003797629615291953,
    -0.01569416932761669,
    -0.02488771639764309,
    0.03986021503806114,
    0.08606535196304321,
    -0.010317809879779816,
    -0.011292332783341408,
    0.02334178425371647,
    0.006423824932426214,
    0.04720073193311691,
    -0.02745392546057701,
    -0.012699023820459843,
    -0.04683634638786316,
    0.020101958885788918,
    -0.06263426691293716,
    -0.012694512493908405,
    0.020469905808568,
    0.07206807285547256,
    -0.025071188807487488,
    -0.031885579228401184,
    0.0470007061958313,
    -0.08746778964996338,
    -0.11777614802122116,
    0.10944720357656479,
    -0.11434722691774368,
    -0.0657392367720604,
    -0.0983559638261795,
    0.05744020640850067,
    0.05848048999905586,
    -0.016523579135537148,
    -0.05305797606706619,
    -0.010758612304925919,
    -0.012349680066108704,
    -0.04461541399359703,
    -0.04352335259318352,
    -0.03842390328645706,
    0.0768180713057518,
    -0.03089630976319313,
    0.036830268800258636,
    -0.00568428123369813,
    -0.07199355959892273,
    0.023469850420951843,
    0.017224404960870743,
    0.030983850359916687,
    0.0018938236171379685,
    0.10594356805086136,
    0.03007161244750023,
    -0.09095694869756699,
    0.03637492656707764,
    0.013685734942555428,
    0.00018954752886202186,
    0.06305429339408875,
    0.03887956961989403,
    0.012368989177048206,
    -0.09180685877799988,
    -0.09051305055618286,
    -0.0682351365685463,
    0.02524353191256523,
    -0.01952383853495121,
    -0.00963965617120266,
    0.0498666875064373,
    -0.011482215486466885,
    -0.013497383333742619,
    0.011689151637256145,
    0.11315076053142548,
    -0.04800454154610634,
    0.0049980864860117435,
    -0.022325430065393448,
    -0.08347572386264801,
    -0.015756061300635338,
    0.06424209475517273,
    4.0132266104675705e-33,
    -0.058123618364334106,
    -0.02969544008374214,
    0.007419191766530275,
    0.03367815166711807,
    0.03046538680791855,
    0.09587225317955017,
    0.07122882455587387,
    0.03657275065779686,
    0.04455649480223656,
    0.045764580368995667,
    -0.07935525476932526,
    0.0897119790315628,
    0.009898507036268711,
    0.09106311202049255,
    -0.04461728781461716,
    -0.07897711545228958,
    0.030323680490255356,
    -0.00008891004108591005,
    0.011738543398678303,
    -0.0608019158244133,
    0.004169101361185312,
    0.030662642791867256,
    0.0020865239202976227,
    0.010406224988400936,
    -0.026697631925344467,
    -0.016758637502789497,
    -0.00596001697704196,
    -0.020156165584921837,
    0.07081517577171326,
    0.05225563049316406,
    0.0351906381547451,
    0.0197954960167408,
    -0.04840003699064255,
    0.06053395941853523,
    -0.05800976604223251,
    0.0042207324877381325,
    -0.02276853658258915,
    -0.024938425049185753,
    0.06692280620336533,
    -0.04694567248225212,
    0.016565417870879173,
    0.07599905878305435,
    0.07536908239126205,
    0.012536908499896526,
    -0.046121615916490555,
    0.008872206322848797,
    -0.022039998322725296,
    -0.032609764486551285,
    0.1597796082496643,
    -0.009173709899187088,
    -0.011781012639403343,
    0.02364770695567131,
    -0.09068457782268524,
    0.00282309390604496,
    -0.009569891728460789,
    -0.05731179937720299,
    -0.02639279142022133,
    0.052276886999607086,
    0.008289645425975323,
    0.029064686968922615,
    -0.05477726832032204,
    0.08145377784967422,
    0.03522864729166031,
    0.011733636260032654,
    0.10714983940124512,
    0.06632310152053833,
    0.040677037090063095,
    0.007912966422736645,
    0.018340472131967545,
    -0.041003257036209106,
    -0.05436325818300247,
    0.011212766170501709,
    0.012855004519224167,
    -0.06268759071826935,
    0.03659207373857498,
    -0.02264353260397911,
    0.03878382220864296,
    -0.01843232661485672,
    -0.055967021733522415,
    0.03882955387234688,
    -0.062263477593660355,
    0.0025428992230445147,
    0.013304788619279861,
    -0.016247494146227837,
    -0.023689264431595802,
    -0.007242875173687935,
    0.03846651315689087,
    0.08828111737966537,
    0.00033604176132939756,
    -0.05055467411875725,
    0.04457781836390495,
    -0.05518302321434021,
    0.013452744111418724,
    -0.0712813064455986,
    -0.06408896297216415,
    -4.796938979736359e-33,
    0.023540977388620377,
    0.022315023466944695,
    -0.05555056780576706,
    0.03346377611160278,
    0.06346909701824188,
    0.004913005046546459,
    0.03989080712199211,
    0.0778636708855629,
    -0.021995719522237778,
    0.0564379021525383,
    -0.0475921556353569,
    -0.011955427005887032,
    0.09021186828613281,
    -0.029432712122797966,
    -0.0056605408899486065,
    0.07074791938066483,
    0.042519502341747284,
    -0.06211698055267334,
    0.020493896678090096,
    -0.01488482765853405,
    0.027170144021511078,
    0.027241956442594528,
    0.049088623374700546,
    0.023269018158316612,
    -0.07320431619882584,
    0.05796992406249046,
    0.01220290269702673,
    -0.10579622536897659,
    0.08302498608827591,
    0.04997795820236206,
    -0.06887123733758926,
    -0.028965024277567863,
    -0.034354180097579956,
    0.03751978278160095,
    -0.08719079196453094,
    -0.049378652125597,
    0.006028839852660894,
    0.01624421216547489,
    0.010547924786806107,
    -0.05522332713007927,
    0.07123912125825882,
    -0.0726841539144516,
    -0.008155041374266148,
    0.01684117689728737,
    -0.0056103914976119995,
    -0.023831401020288467,
    0.02029840089380741,
    -0.0031472104601562023,
    -0.016334526240825653,
    0.018781879916787148,
    0.00801604613661766,
    0.09067130088806152,
    -0.08620274811983109,
    0.01737113669514656,
    0.030345331877470016,
    0.00943659245967865,
    -0.00247375201433897,
    -0.05099443346261978,
    -0.02701226994395256,
    -0.011994929052889347,
    0.03360955789685249,
    0.07907110452651978,
    -0.04971640557050705,
    0.03740794211626053,
    -0.07973704487085342,
    -0.02831491455435753,
    0.01666875183582306,
    0.013295643962919712,
    -0.03589556738734245,
    0.0358288399875164,
    -0.01433282159268856,
    0.036335110664367676,
    0.05545278638601303,
    -0.1319257915019989,
    -0.06445835530757904,
    -0.02416168712079525,
    -0.0799979642033577,
    -0.06891509890556335,
    0.006999896839261055,
    0.0023175126407295465,
    -0.002520936308428645,
    0.005805995315313339,
    0.03563866764307022,
    0.04824088513851166,
