{
  "id": 21,
  "vector": [
    -0.010003244504332542,
    0.025268331170082092,
    -0.0225099828094244,
    0.047643035650253296,
    -0.015264727175235748,
    -0.04587307199835777,
    0.08630520850419998,
    0.060297660529613495,
    -0.01550142653286457,
    -0.00027164226048626006,
    0.07458475232124329,
    -0.09250765293836594,
    -0.0656597912311554,
    -0.030788322910666466,
    0.034177422523498535,
    -0.014726467430591583,
    0.03183572366833687,
    -0.009272775612771511,
    -0.11342668533325195,
    -0.06080173701047897,
    0.10380857437849045,
    -0.0538674034178257,
    0.039456840604543686,
    -0.02146233431994915,
    -0.0018802499398589134,
    -0.01451115868985653,
    0.011269274167716503,
    0.036132026463747025,
    0.04268886148929596,
    -0.1175774559378624,
    0.06804843991994858,
    0.1280352920293808,
    0.0021311319433152676,
    -0.04249224811792374,
    0.09185625612735748,
    -0.007911771535873413,
    -0.010729178786277771,
    -0.11646592617034912,
    0.04300187900662422,
    -0.06277444213628769,
    0.009970884770154953,
    -0.025302696973085403,
    0.08163844794034958,
    0.014435640536248684,
    -0.03495487943291664,
    -0.07932629436254501,
    0.034602537751197815,
    0.08049765974283218,
    0.03578516095876694,
    -0.010273394174873829,
    0.016372956335544586,
    0.05186058208346367,
    -0.036195773631334305,
    0.02656560204923153,
    0.1303359866142273,
    -0.019583823159337044,
    -0.0960269495844841,
    0.00641854340210557,
    -0.05600344389677048,
    0.0742931067943573,
    -0.013160296715795994,
    0.0729890912771225,
    -0.04721847176551819,
    0.022596532478928566,
    -0.026546994224190712,
    -0.0012399455299600959,
    0.005674276500940323,
    -0.09739183634519577,
    -0.011901202611625195,
    0.011629216372966766,
    -0.036659982055425644,
    -0.017937488853931427,
    0.05336299538612366,
    0.009467853233218193,
    0.054956838488578796,
    -0.054895542562007904,
    0.03607296198606491,
    -0.06837970018386841,
    -0.015013528987765312,
    -0.02599267102777958,
    -0.05725333094596863,
    0.025230327621102333,
    0.15003913640975952,
    0.0013576733181253076,
    -0.041711289435625076,
    -0.06666803359985352,
    0.01374009344726801,
    -0.008598385378718376,
    -0.016455762088298798,
    -0.0329427607357502,
    0.004664307460188866,
    0.030135806649923325,
    0.038664910942316055,
    0.062329765409231186,
    -0.02732917107641697,
    -0.019734183326363564,
    0.007245772052556276,
    -0.010898054577410221,
    -0.008032090030610561,
    0.07620779424905777,
    0.006456312723457813,
    -0.050875190645456314,
    0.06956196576356888,
    0.01204857137054205,
    -0.01601186767220497,
    -0.01569732278585434,
    0.03294305503368378,
    -0.008541819639503956,
    0.04267805814743042,
    0.04060888662934303,
    -0.014358257874846458,
    0.016623491421341896,
    -0.07555723190307617,
    -0.020011112093925476,
    -0.044600680470466614,
    0.03548019006848335,
    0.04475092515349388,
    -0.04974419251084328,
    0.006726806052029133,
    -0.019678259268403053,
    -0.03676504269242287,
    -0.029649706557393074,
    -0.02225850149989128,
    0.038378890603780746,
    -0.04836566373705864,
    -0.01379307173192501,
    -0.01806720718741417,
    4.9561663017109615e-33,
    -0.05101550742983818,
    -0.010288282297551632,
    -0.00596057390794158,
    -0.008232676424086094,
    -0.03466959670186043,
    -0.1117752268910408,
    0.05048791691660881,
    -0.09505465626716614,
    0.0073944092728197575,
    0.03210445120930672,
    -0.07813537120819092,
    0.05812939628958702,
    -0.03840003162622452,
    0.14090994000434875,
    0.02927527017891407,
    -0.08293149620294571,
    -0.0038547830190509558,
    -0.029513467103242874,
    0.09234238415956497,
    0.02663305588066578,
    -0.01838982105255127,
    -0.01992143876850605,
    0.04546985402703285,
    -0.06028123199939728,
    0.007251962553709745,
    0.03163018822669983,
    0.0322578102350235,
    0.02393224649131298,
    -0.006442591082304716,
    0.04064429923892021,
    0.10334885120391846,
    -0.009807155467569828,
    -0.035413958132267,
    -0.0037673646584153175,
    -0.060008615255355835,
    -0.0009286495042033494,
    -0.03754355385899544,
    0.03717513754963875,
    -0.012934391386806965,
    -0.010452975519001484,
    0.053444791585206985,
    0.09276950359344482,
    0.01954982802271843,
    -0.01773073896765709,
    0.017692137509584427,
    0.03551010414958,
    0.04532646760344505,
    0.020075952634215355,
    0.08543254435062408,
    0.039644502103328705,
    0.012455207295715809,
    0.052031222730875015,
    0.0017553524812683463,
    0.04972216859459877,
    0.004247688688337803,
    0.011753642931580544,
    0.03272049129009247,
    -0.00038540453533641994,
    0.060875970870256424,
    0.005277447402477264,
    -0.05437016487121582,
    -0.05391070619225502,
    -0.06138269975781441,
    0.019964460283517838,
    -0.03308982402086258,
    0.08708935230970383,
    -0.00022142785019241273,
    -0.021458730101585388,
    -0.01850327104330063,
    0.031366318464279175,
    -0.06168177351355553,
    0.01399900857359171,
    0.08209238946437836,
    0.0020104835275560617,
    0.01607438549399376,
    -0.04364665597677231,
    0.01989220641553402,
    0.10869013518095016,
    -0.000526603136677295,
    0.08275848627090454,
    0.041245199739933014,
    0.004712837282568216,
    0.03191108629107475,
    -0.09330452978610992,
    -0.1447097361087799,
    0.01178515050560236,
    -0.024477476254105568,
    0.03881445527076721,
    0.022633589804172516,
    0.047571584582328796,
    0.0016539061907678843,
    0.02339831553399563,
    0.0690271183848381,
    0.008970333263278008,
    0.0032010057475417852,
    -5.383744290298907e-33,
    0.052302926778793335,
    0.04625020548701286,
    -0.05422254279255867,
    0.061519552022218704,
    0.05403975769877434,
    0.06538794934749603,
    0.05716364458203316,
    0.1085953414440155,
    0.04968065395951271,
    0.01573197916150093,
    0.05080452561378479,
    0.0500149242579937,
    0.017159342765808105,
    -0.01210019737482071,
    -0.03480207175016403,
    0.003076647175475955,
    0.0065497225150465965,
    0.13222138583660126,
    0.03794447332620621,
    -0.0720900446176529,
    -0.03779832273721695,
    0.029606690630316734,
    0.04794851690530777,
    -0.07335501164197922,
    0.03280245512723923,
    -0.004335371777415276,
    0.0758996531367302,
    -0.02599027194082737,
    -0.1104961484670639,
    -0.002937623066827655,
    0.06376641243696213,
    -0.10245395451784134,
    -0.046456605195999146,
    0.012486721388995647,
    -0.05435575544834137,
    -0.07463864237070084,
    -0.0014529984910041094,
    -0.025264570489525795,
    -0.08005345612764359,
    0.036951228976249695,
    0.002010138239711523,
    0.050423379987478256,
    0.022912178188562393,
    0.0032993964850902557,
    -0.07670409977436066,
    -0.02377837337553501,
    0.013098546303808689,
    -0.05169973149895668,
    -0.021297961473464966,
    -0.08889345079660416,
    0.021422697231173515,
    0.0003153882862534374,
    -0.023035157471895218,
    -0.07901003956794739,
    -0.05908585712313652,
    0.15440461039543152,
    0.030611302703619003,
    0.0375823937356472,
    0.007837463170289993,
    -0.04842384159564972,
    -0.013389633037149906,
    0.011832314543426037,
    0.0441419743001461,
    -0.022238872945308685,
    0.05761527642607689,
    0.0005579270073212683,
    -0.008889001794159412,
    -0.042517468333244324,
    0.02489420399069786,
    0.08915586024522781,
    0.04458319768309593,
    -0.024602601304650307,
    -0.0014802349032834172,
    -0.01243585254997015,
    -0.00001639263064134866,
    0.0165411364287138,
    -0.019373930990695953,
    -0.003399610286578536,
    0.013010439462959766,
    -0.06553509086370468,
    0.021399715915322304,
    -0.03897814825177193,
    -0.011161536909639835,
