{
  "id": 207,
  "vector": [
    -0.04479007050395012,
    0.03690851479768753,
    -0.023890893906354904,
    0.019991828128695488,
    0.009655242785811424,
    -0.0029353161808103323,
    0.056602843105793,
    0.05092526227235794,
    -0.0070304274559021,
    0.018097350373864174,
    -0.0038450313732028008,
    -0.0307712834328413,
    -0.0029322830960154533,
    0.07204528898000717,
    -0.014096400700509548,
    0.03367333486676216,
    -0.06423678994178772,
    0.04162462055683136,
    -0.09801431745290756,
    0.028295380994677544,
    -0.02127702347934246,
    -0.010220268741250038,
    0.0082823121920228,
    0.04585861414670944,
    0.01913047395646572,
    0.027463827282190323,
    -0.0697922483086586,
    -0.020618043839931488,
    0.01197645254433155,
    -0.05073115974664688,
    0.009730111807584763,
    0.09410783648490906,
    0.055375006049871445,
    0.01961151883006096,
    0.028572972863912582,
    0.019909190014004707,
    -0.0030060645658522844,
    -0.05399484932422638,
    0.06806491315364838,
    0.009815113618969917,
    0.03472902253270149,
    -0.04888065159320831,
    0.02022097446024418,
    0.02247212454676628,
    0.013326162472367287,
    0.018326492980122566,
    0.01464744284749031,
    0.09984393417835236,
    0.06467479467391968,
    0.0101992292329669,
    0.012167287990450859,
    0.007092384155839682,
    -0.15882469713687897,
    0.06335202604532242,
    -0.0029303247574716806,
    -0.054472438991069794,
    -0.008527195081114769,
    0.012757954187691212,
    -0.0737122967839241,
    -0.0031551718711853027,
    -0.05553983896970749,
    0.015664011240005493,
    -0.08176452666521072,
    0.028625598177313805,
    -0.03483394533395767,
    0.05609685555100441,
    -0.03451883792877197,
    0.02802884951233864,
    0.0002826688578352332,
    0.009523914195597172,
    -0.017788851633667946,
    0.08842633664608002,
    -0.010212622582912445,
    0.071507528424263,
    0.01111459732055664,
    -0.015339371748268604,
    0.050660889595746994,
    -0.019948206841945648,
    -0.025206992402672768,
    0.06297386437654495,
    -0.06838376820087433,
    0.011161476373672485,
    0.00198534457013011,
    0.03401163965463638,
    -0.03402823209762573,
    -0.03060729056596756,
    0.027073809877038002,
    0.06471528112888336,
    -0.018708912655711174,
    -0.09826868027448654,
    -0.06977883726358414,
    0.05314277112483978,
    -0.030039450153708458,
    0.06467168778181076,
    0.015604565851390362,
    0.07728677988052368,
    -0.09897094964981079,
    -0.021408410742878914,
    0.023881923407316208,
    -0.013367977924644947,
    0.04751233756542206,
    -0.01733335852622986,
    0.13711866736412048,
    -0.04537932574748993,
    0.012426627799868584,
    -0.053014274686574936,
    -0.007042380981147289,
    0.07562721520662308,
    0.021190539002418518,
    0.027300892397761345,
    -0.07247491925954819,
    -0.003963417373597622,
    -0.03182310238480568,
    -0.005531510338187218,
    -0.0341254398226738,
    -0.06656179577112198,
    0.012733648531138897,
    0.07136819511651993,
    0.05583089962601662,
    0.030573643743991852,
    0.03529927134513855,
    0.008179781027138233,
    0.06394552439451218,
    -0.026562867686152458,
    -0.09551802277565002,
    -0.0033264795783907175,
    0.024689607322216034,
    2.7194277531136432e-33,
    -0.08998605608940125,
    0.004873641300946474,
    0.04641742259263992,
    0.057093873620033264,
    -0.025334011763334274,
    -0.04407026246190071,
    0.05401773378252983,
    -0.034417979419231415,
    0.04942638427019119,
    0.0452708974480629,
    -0.09327720105648041,
    0.03040030039846897,
    -0.056007202714681625,
    0.11229338496923447,
    0.038319848477840424,
    -0.0546819269657135,
    -0.040477581322193146,
    -0.007352601736783981,
    0.0018864597659558058,
    -0.0491030290722847,
    -0.12148183584213257,
    0.08000476658344269,
    0.047689203172922134,
    0.010234448127448559,
    -0.015734314918518066,
    -0.04952305182814598,
    0.026643380522727966,
    -0.031787268817424774,
    -0.07056394964456558,
    0.009757615625858307,
    0.11588048934936523,
    -0.052634358406066895,
    0.0721036046743393,
    -0.03229764848947525,
    -0.06312038004398346,
    0.04294629395008087,
    -0.08334613591432571,
    -0.013499075546860695,
    0.023585598915815353,
    0.09595192968845367,
    0.09783061593770981,
    0.045344650745391846,
    0.12301161885261536,
    0.07832072675228119,
    -0.025837937369942665,
    0.007555566728115082,
    0.03235279768705368,
    -0.003470242489129305,
    0.09542936831712723,
    -0.03173951059579849,
    0.055516257882118225,
    -0.04029988497495651,
    -0.05298371613025665,
    -0.045843303203582764,
    0.013004769571125507,
    -0.0639052540063858,
    -0.02584793046116829,
    0.0772375613451004,
    -0.05162058770656586,
    0.01537094172090292,
    -0.022684788331389427,
    -0.022805610671639442,
    -0.004680739250034094,
    0.0010260127019137144,
    0.01898309774696827,
    -0.06738610565662384,
    -0.061565544456243515,
    0.008812741376459599,
    -0.07713013887405396,
    0.05077654495835304,
    -0.017712710425257683,
    -0.038149625062942505,
    0.024083852767944336,
    -0.053118158131837845,
    0.03696272149682045,
    -0.04244839400053024,
    0.10427489876747131,
    0.05818396806716919,
    0.003586126957088709,
    -0.01712813787162304,
    -0.0034486132208257914,
    -0.03878217563033104,
    -0.02313537709414959,
    -0.027226872742176056,
    -0.08726999908685684,
    0.042337480932474136,
    -0.007232238072901964,
    0.02467239648103714,
    -0.009660182520747185,
    -0.0006445051985792816,
    0.01576276309788227,
    0.04885321855545044,
    0.004559120628982782,
    -0.07557616382837296,
    -0.014620337635278702,
    -2.2898912807346327e-33,
    -0.04156052693724632,
    0.0312623530626297,
    -0.03112725540995598,
    0.1140541210770607,
    0.07038531452417374,
    0.0600818507373333,
    0.04471937566995621,
    0.05886681750416756,
    0.006939529906958342,
    0.01874254271388054,
    -0.07368960976600647,
    -0.006015688646584749,
    0.03417419269680977,
    -0.012840482406318188,
    -0.10139448195695877,
    0.06367626041173935,
    0.03990399092435837,
    0.0005504228756763041,
    0.034331873059272766,
    -0.011575032025575638,
    -0.10744411498308182,
    0.03957565128803253,
    0.09554792195558548,
    0.01790863275527954,
    0.00942747201770544,
    0.021630404517054558,
    0.05125878006219864,
    -0.03657444566488266,
    0.029825689271092415,
    -0.057111822068691254,
    0.04230063781142235,
    -0.12850241363048553,
    -0.005275714676827192,
    0.07869359850883484,
    -0.04858410730957985,
    -0.06788499653339386,
    0.07168366014957428,
    0.01193166896700859,
    0.04544971138238907,
    -0.019750015810132027,
    0.03057972341775894,
    -0.07566364109516144,
    0.04724830016493797,
    -0.006135273724794388,
    -0.009241374209523201,
    -0.09481223672628403,
    -0.010269378311932087,
    -0.06209558621048927,
    -0.051500581204891205,
    0.054150454699993134,
    -0.03236950561404228,
    0.05184879153966904,
    -0.030078837648034096,
    -0.0020004832185804844,
    -0.0272926427423954,
    -0.004063959699124098,
    -0.08042164891958237,
    -0.0071928068064153194,
    0.05415424704551697,
    0.018704744055867195,
    -0.015296566300094128,
    0.02485082857310772,
    -0.04272842034697533,
    -0.03957539424300194,
    0.07328954339027405,
    0.0744507759809494,
    -0.01417020708322525,
    -0.04195332154631615,
    -0.10107619315385818,
    0.05892468988895416,
    0.04502798616886139,
    -0.007574789226055145,
    -0.026769593358039856,
    -0.1388109028339386,
    -0.039624687284231186,
    -0.012376954779028893,
    0.0034939274191856384,
    0.05089976266026497,
    0.05633141100406647,
    -0.010702332481741905,
    -0.03564660623669624,
    0.009898019023239613,
    -0.07725730538368225,
