{
  "id": 806,
  "vector": [
    0.011170362122356892,
    0.008374891243875027,
    -0.032059166580438614,
    0.014156895689666271,
    0.01208025123924017,
    -0.003092088969424367,
    0.11682461202144623,
    0.07838098704814911,
    -0.05362536013126373,
    -0.0903719887137413,
    0.033156320452690125,
    -0.013452635146677494,
    -0.02718772366642952,
    0.01797644793987274,
    -0.018609339371323586,
    0.013101212680339813,
    -0.05597637966275215,
    -0.006986325606703758,
    -0.05540739372372627,
    0.022291844710707664,
    0.025886759161949158,
    -0.10451081395149231,
    -0.02394939586520195,
    0.11455202102661133,
    -0.026781655848026276,
    0.01779324747622013,
    0.002646230859681964,
    -0.03506552428007126,
    0.002135831629857421,
    -0.030085153877735138,
    0.01704924739897251,
    0.09740811586380005,
    0.024983886629343033,
    -0.05805260315537453,
    0.03888772428035736,
    -0.052591472864151,
    0.021753523498773575,
    -0.0048165088519454,
    0.05809479206800461,
    0.021256566047668457,
    0.020380154252052307,
    0.07095766067504883,
    -0.014498673379421234,
    0.10099875181913376,
    -0.045235514640808105,
    0.004780587740242481,
    -0.05022331327199936,
    0.08999447524547577,
    -0.050983913242816925,
    0.02470293827354908,
    0.05328817665576935,
    0.026628270745277405,
    -0.06792809814214706,
    -0.05973360314965248,
    0.07597444951534271,
    -0.02592158131301403,
    -0.0074105397798120975,
    0.038850389420986176,
    0.048485029488801956,
    -0.018980635330080986,
    0.013826360926032066,
    -0.003028662409633398,
    -0.02256171405315399,
    0.05165544152259827,
    0.015496857464313507,
    0.020348284393548965,
    -0.051314953714609146,
    -0.06559596955776215,
    -0.08870626986026764,
    0.017702657729387283,
    0.011407781392335892,
    -0.011353284120559692,
    -0.006600344553589821,
    -0.03642475605010986,
    -0.07288950681686401,
    -0.035597339272499084,
    0.04311196506023407,
    -0.05857105925679207,
    -0.0822693482041359,
    0.1543850153684616,
    -0.03545257821679115,
    0.028808675706386566,
    -0.08496620506048203,
    -0.01607533171772957,
    0.04513810575008392,
    -0.04759291931986809,
    0.023781435564160347,
    -0.046995703130960464,
    -0.03178764879703522,
    -0.05103272944688797,
    -0.08236845582723618,
    0.04743465781211853,
    0.023912474513053894,
    -0.023956092074513435,
    -0.07780884951353073,
    0.0658787339925766,
    -0.002370109548792243,
    -0.05376674607396126,
    0.04989549145102501,
    0.03043532371520996,
    0.06673622876405716,
    -0.030098196119070053,
    0.07436717301607132,
    -0.03689911961555481,
    0.031216813251376152,
    0.03396950289607048,
    0.0002740425115916878,
    -0.016417300328612328,
    0.01664179190993309,
    0.1257566660642624,
    -0.05204426497220993,
    -0.035441670566797256,
    0.007528318092226982,
    0.020900733768939972,
    0.034668974578380585,
    -0.04544997215270996,
    -0.011508617550134659,
    0.050507113337516785,
    0.027995891869068146,
    -0.009457769803702831,
    0.09506182372570038,
    0.013199064880609512,
    -0.0060182418674230576,
    -0.03598225116729736,
    -0.05614874139428139,
    -0.04464658349752426,
    0.030405666679143906,
    2.239957566408648e-33,
    -0.03759056329727173,
    -0.07735869288444519,
    0.0675358921289444,
    0.06947346776723862,
    -0.023167861625552177,
    -0.014669076539576054,
    0.019335579127073288,
    -0.013308622874319553,
    -0.018910182639956474,
    0.042560845613479614,
    0.009509955532848835,
    0.010397782549262047,
    -0.02792062796652317,
    0.10524071007966995,
    -0.08797471225261688,
    -0.06208421289920807,
    0.0503879189491272,
    0.00894341990351677,
    0.07873731851577759,
    -0.06135447323322296,
    -0.12117239832878113,
    -0.02840903215110302,
    0.007124755065888166,
    0.012209148146212101,
    -0.06383567303419113,
    0.027387090027332306,
    0.01913394220173359,
    -0.007173795253038406,
    0.040266312658786774,
    -0.011099356226623058,
    0.09998485445976257,
    0.014325751923024654,
    0.03062775544822216,
    0.054813068360090256,
    -0.0508875735104084,
    -0.0691622793674469,
    0.005630127154290676,
    -0.0028576513286679983,
    0.07937547564506531,
    -0.051954206079244614,
    0.0051949783228337765,
    0.042233217507600784,
    0.09113399684429169,
    0.023044461384415627,
    -0.06902866810560226,
    0.08165577054023743,
    0.0345311239361763,
    -0.0737682580947876,
    0.07611916959285736,
    -0.002008233917877078,
    -0.08582860976457596,
    -0.021452000364661217,
    -0.04789954796433449,
    0.10314448922872543,
    0.07796734571456909,
    0.004976287949830294,
    -0.05317161604762077,
    0.029249407351017,
    0.029854023829102516,
    0.007586331572383642,
    -0.03598971292376518,
    0.0755433514714241,
    0.057861365377902985,
    0.025119895115494728,
    0.0493374727666378,
    0.061432257294654846,
    -0.09741533547639847,
    -0.03477451205253601,
    0.012310612015426159,
    -0.09723662585020065,
    -0.028071822598576546,
    0.047307729721069336,
    0.053244128823280334,
    -0.04504983127117157,
    0.04437858611345291,
    0.023171862587332726,
    0.08866721391677856,
    -0.03632928431034088,
    -0.08255975693464279,
    0.10328338295221329,
    -0.11854922771453857,
    -0.0698457807302475,
    0.03208418935537338,
    0.012483719736337662,
    -0.07123976200819016,
    -0.08961467444896698,
    -0.0428263321518898,
    0.020622635260224342,
    0.010128305293619633,
    -0.03600970283150673,
    -0.05381731316447258,
    -0.06774440407752991,
    -0.062487002462148666,
    -0.06155942380428314,
    -0.009854772128164768,
    -2.763823787021301e-33,
    0.003642525989562273,
    0.02979924902319908,
    0.06241583824157715,
    0.00461980514228344,
    0.011005012318491936,
    0.0003145911905448884,
    0.021057914942502975,
    0.04574655368924141,
    0.03530527278780937,
    -0.014861943200230598,
    -0.13342790305614471,
    0.06556890904903412,
    -0.01089552603662014,
    -0.04671322926878929,
    -0.06376921385526657,
    0.11936286091804504,
    0.12288495153188705,
    -0.02168765291571617,
    -0.013156707398593426,
    -0.10091456025838852,
    -0.06656679511070251,
    0.038793403655290604,
    -0.03224245458841324,
    0.044861454516649246,
    -0.005815973971039057,
    0.029086008667945862,
    0.014859139919281006,
    -0.0670253187417984,
    0.03979931026697159,
    0.021869957447052002,
    0.07377386838197708,
    -0.08641624450683594,
    0.03813008964061737,
    -0.009856690652668476,
    -0.04772324115037918,
    -0.07514733076095581,
    0.04433088004589081,
    0.033218059688806534,
    -0.07302384823560715,
    -0.03097114898264408,
    -0.011313102208077908,
    -0.07646118849515915,
    -0.015043151564896107,
    -0.056603096425533295,
    0.06090353801846504,
    -0.03984827920794487,
    0.03883381932973862,
    -0.056348975747823715,
    0.08340658247470856,
    0.04364227503538132,
    -0.0025601887609809637,
    0.04558860510587692,
    -0.04192264750599861,
    -0.011190680786967278,
    0.07719874382019043,
    -0.03468455746769905,
    0.01226562075316906,
    0.06486841291189194,
    0.03673754632472992,
    -0.06085686758160591,
    0.06048542261123657,
    0.017335325479507446,
    -0.08689525723457336,
    -0.00826424453407526,
    -0.07577396184206009,
    -0.04925864562392235,
    -0.043142542243003845,
    -0.023319654166698456,
    -0.00039042538264766335,
    0.005980740301311016,
    0.03884195536375046,
    0.1311992108821869,
    0.03644515201449394,
    -0.013254557736217976,
    -0.06717875599861145,
    -0.022720996290445328,
    0.0009696331690065563,
    -0.03931751474738121,
    0.09350831061601639,
    0.025645948946475983,
    -0.0513010211288929,
    -0.015263651497662067,
    -0.03253357484936714,
