{
  "id": 413,
  "vector": [
    -0.038146454840898514,
    0.10950568318367004,
    -0.07135456055402756,
    -0.022820422425866127,
    -0.12199108302593231,
    0.026218324899673462,
    0.06245563551783562,
    0.010386180132627487,
    -0.008173303678631783,
    -0.018075259402394295,
    0.020759467035531998,
    -0.06466884911060333,
    -0.014210887253284454,
    0.0006507063517346978,
    0.015492893755435944,
    -0.008006208576261997,
    0.044839270412921906,
    0.02791168913245201,
    -0.07458154112100601,
    -0.025065209716558456,
    0.029031960293650627,
    -0.09319997578859329,
    -0.03550297021865845,
    -0.03446454927325249,
    0.008293943479657173,
    0.03730010986328125,
    0.0061720991507172585,
    0.008887612260878086,
    0.09692796319723129,
    -0.09162934869527817,
    -0.02959747239947319,
    0.07597972452640533,
    -0.019846465438604355,
    -0.01817677728831768,
    0.04409331455826759,
    -0.00011184047616552562,
    -0.10180334001779556,
    -0.012986226007342339,
    0.04840155690908432,
    -0.04067971184849739,
    0.054513465613126755,
    -0.001927488367073238,
    0.005392899736762047,
    0.01893116720020771,
    -0.003914413042366505,
    -0.019482960924506187,
    -0.046328842639923096,
    0.05966503173112869,
    0.01531225722283125,
    -0.060116272419691086,
    0.05256650969386101,
    -0.0039223115891218185,
    -0.07773333787918091,
    0.018730511888861656,
    0.06355521082878113,
    -0.066290944814682,
    -0.11737648397684097,
    0.017612164840102196,
    0.06498471647500992,
    0.11058088392019272,
    0.097561314702034,
    0.0080922432243824,
    -0.043308936059474945,
    -0.004335991106927395,
    0.0737215131521225,
    -0.004075601231306791,
    0.0030588004738092422,
    -0.03749445825815201,
    -0.09118832647800446,
    0.08401072025299072,
    0.055323414504528046,
    0.02984040230512619,
    0.031105389818549156,
    -0.07988934963941574,
    -0.004447953775525093,
    -0.056346748024225235,
    -0.02528742142021656,
    -0.008707071654498577,
    -0.007557997480034828,
    0.07040530443191528,
    0.0032750340178608894,
    0.05336080491542816,
    -0.004434759728610516,
    -0.08263657242059708,
    -0.0822971984744072,
    -0.06300938129425049,
    -0.06294131278991699,
    -0.015425143763422966,
    0.018373947590589523,
    -0.060643915086984634,
    -0.0026773337740451097,
    0.033874060958623886,
    0.03579903021454811,
    0.022293491289019585,
    -0.0008984283194877207,
    0.03603116422891617,
    -0.08806542307138443,
    -0.08744350075721741,
    0.02719804458320141,
    0.024215402081608772,
    0.05658939853310585,
    0.06821311265230179,
    0.08467229455709457,
    -0.029129551723599434,
    -0.05586156249046326,
    -0.04462285712361336,
    0.002125166356563568,
    0.03067110851407051,
    0.012037692591547966,
    0.06820915639400482,
    -0.05538126453757286,
    0.003150779288262129,
    -0.01602151058614254,
    0.032776836305856705,
    -0.03817722201347351,
    -0.015625568106770515,
    0.04421989247202873,
    -0.050337646156549454,
    -0.04137209802865982,
    0.052445925772190094,
    -0.011201335117220879,
    -0.0847928375005722,
    0.0759921595454216,
    -0.0022260607220232487,
    -0.014273862354457378,
    0.05526728183031082,
    0.08031010627746582,
    4.805523027233239e-33,
    0.0009024432511068881,
    0.045810338109731674,
    0.056314337998628616,
    -0.06088194251060486,
    0.07687873393297195,
    -0.09471278637647629,
    0.030959192663431168,
    -0.018834181129932404,
    -0.03993925079703331,
    0.00970159750431776,
    0.029104767367243767,
    0.019323227927088737,
    -0.04328124225139618,
    0.022408777847886086,
    0.06373845785856247,
    0.00027669299743138254,
    -0.024538764730095863,
    0.032141976058483124,
    0.050269197672605515,
    -0.01959204487502575,
    -0.0006810622289776802,
    0.00019121260265819728,
    -0.004818784538656473,
    0.06293578445911407,
    -0.050456587225198746,
    0.05254506692290306,
    0.006942037958651781,
    -0.07624462991952896,
    -0.002336760051548481,
    0.017340438440442085,
    -0.005950347054749727,
    0.02838439680635929,
    -0.08746964484453201,
    -0.01845613680779934,
    -0.12687747180461884,
    -0.04245646297931671,
    -0.11086685210466385,
    -0.047748491168022156,
    -0.03133875131607056,
    -0.0388198085129261,
    -0.026648398488759995,
    0.002621393883600831,
    0.06501693278551102,
    -0.02802344597876072,
    -0.029026750475168228,
    0.07666581124067307,
    0.01748037338256836,
    0.04611692577600479,
    -0.0002904814900830388,
    0.0415547750890255,
    0.020416373386979103,
    0.04282050579786301,
    -0.08170618116855621,
    0.04147123172879219,
    0.0283820740878582,
    0.007292280439287424,
    0.03244848549365997,
    -0.012816950678825378,
    0.07210453599691391,
    0.0399542935192585,
    0.004227598197758198,
    0.0003683585091494024,
    -0.022441891953349113,
    0.06551409512758255,
    -0.052138589322566986,
    -0.012260900810360909,
    -0.011330232955515385,
    -0.0260692797601223,
    0.012109508737921715,
    -0.04250507056713104,
    -0.013690805993974209,
    -0.09257985651493073,
    0.05942007899284363,
    -0.007508956361562014,
    -0.026794185861945152,
    -0.08045133948326111,
    0.058820828795433044,
    0.02034985087811947,
    -0.061518654227256775,
    0.010145741514861584,
    -0.03054671175777912,
    0.10392124205827713,
    0.07510634511709213,
    -0.0853075385093689,
    -0.04426678270101547,
    0.02370413765311241,
    0.04115349054336548,
    -0.06413855403661728,
    0.05176052078604698,
    0.010824358090758324,
    -0.08454283326864243,
    0.013856757432222366,
    0.004847100470215082,
    -0.06979981809854507,
    -0.027707843109965324,
    -4.598452717838185e-33,
    0.0777958333492279,
    0.04139752313494682,
    0.031667932868003845,
    0.05193735659122467,
    0.10366310179233551,
    -0.015284963883459568,
    0.04062313586473465,
    0.051084551960229874,
    0.1054336428642273,
    0.05663084611296654,
    0.014811030589044094,
    0.03264763951301575,
    0.050257064402103424,
    0.042781762778759,
    0.006141357123851776,
    0.04048863798379898,
    0.004161162301898003,
    0.0278899148106575,
    -0.044980648905038834,
    -0.06067708879709244,
    0.004224412143230438,
    -0.03652649000287056,
    0.014138396829366684,
    0.07602521777153015,
    -0.014211643487215042,
    0.020362772047519684,
    0.02566363662481308,
    -0.014549764804542065,
    -0.05031778663396835,
    0.06546729058027267,
    0.0034181394148617983,
    -0.12049886584281921,
    -0.04569220915436745,
    0.006901721935719252,
    -0.020338887348771095,
    -0.14853143692016602,
    0.06369705498218536,
    0.06609003990888596,
    -0.033903490751981735,
    0.019895805045962334,
    0.03984371945261955,
    0.0908750668168068,
    0.010002865456044674,
    0.05543583258986473,
    -0.027645952999591827,
    -0.0938563123345375,
    0.10827166587114334,
    -0.06314254552125931,
    0.012400396168231964,
    -0.03347731754183769,
    0.08618036657571793,
    0.03536832705140114,
    -0.08311284333467484,
    0.005990718491375446,
    -0.051256075501441956,
    0.07101928442716599,
    0.04294620081782341,
    0.02434662915766239,
    -0.04986700043082237,
    -0.008253759704530239,
    -0.020497821271419525,
    -0.10714561492204666,
    0.06043308973312378,
    0.03401713818311691,
    0.09811276197433472,
    -0.04555308446288109,
    0.04021658003330231,
    -0.04687214270234108,
    -0.03399495780467987,
    0.03135423734784126,
    -0.028302043676376343,
    -0.04966555908322334,
    -0.0028333936352282763,
    0.020188603550195694,
    0.017722001299262047,
    0.027029775083065033,
    -0.016562992706894875,
    0.052812110632658005,
    0.058735962957143784,
    -0.051882337778806686,
    -0.07821336388587952,
    -0.005057096481323242,
    -0.028055964037775993,
