{
  "id": 955,
  "vector": [
    -0.0013697462854906917,
    0.023740042001008987,
    -0.017444917932152748,
    -0.021081922575831413,
    0.0713825598359108,
    0.0007503387751057744,
    0.01357736811041832,
    0.08590012788772583,
    -0.04687296599149704,
    -0.04400068521499634,
    -0.02297244220972061,
    -0.02403193712234497,
    -0.026818258687853813,
    0.04224710166454315,
    -0.08150095492601395,
    0.04953434318304062,
    -0.11801499128341675,
    0.08382956683635712,
    -0.0959298238158226,
    -0.055173974484205246,
    0.047520074993371964,
    -0.02898058481514454,
    0.054814718663692474,
    0.06969182938337326,
    -0.0540679395198822,
    0.03204895928502083,
    -0.029315486550331116,
    -0.051227957010269165,
    -0.013168861158192158,
    -0.050063978880643845,
    0.059295814484357834,
    0.019200893118977547,
    0.07186352461576462,
    -0.0838061198592186,
    0.0742700919508934,
    -0.09899291396141052,
    -0.015285972505807877,
    -0.029329175129532814,
    0.076680988073349,
    -0.0015163677744567394,
    0.05155619606375694,
    0.0308225080370903,
    -0.0735311284661293,
    0.08745253086090088,
    -0.03509299084544182,
    -0.020989585667848587,
    0.020959915593266487,
    0.06866684556007385,
    -0.04415596276521683,
    -0.009382102638483047,
    0.12716755270957947,
    -0.06666050851345062,
    -0.1070689782500267,
    -0.006412471178919077,
    0.052301790565252304,
    -0.07916108518838882,
    -0.0046322341077029705,
    -0.03549684211611748,
    0.02421662211418152,
    0.12402687966823578,
    0.045549724251031876,
    -0.030814278870821,
    -0.03964774310588837,
    0.034903451800346375,
    0.029042400419712067,
    0.07251834869384766,
    -0.027278918772935867,
    0.012006164528429508,
    -0.07702119648456573,
    0.016855372115969658,
    -0.061428964138031006,
    0.005317081231623888,
    0.024133851751685143,
    0.041946832090616226,
    -0.004656349308788776,
    0.017210418358445168,
    0.04165138676762581,
    -0.10100636631250381,
    -0.0817418098449707,
    0.11188172549009323,
    -0.09764046967029572,
    -0.016207203269004822,
    -0.03808102384209633,
    0.03156325966119766,
    0.07750145345926285,
    -0.012200761586427689,
    0.01678141951560974,
    -0.044777099043130875,
    -0.0486433245241642,
    -0.012481709942221642,
    0.008698312565684319,
    0.01569012925028801,
    0.008950882591307163,
    -0.09093812853097916,
    -0.023040227591991425,
    0.03864097595214844,
    -0.028653007000684738,
    -0.025835102424025536,
    0.03954081982374191,
    0.03191085159778595,
    -0.03774987906217575,
    -0.07988215982913971,
    0.018316270783543587,
    -0.09050077199935913,
    -0.031209325417876244,
    0.021082615479826927,
    0.014077207073569298,
    0.020130395889282227,
    0.05721854418516159,
    0.01504858024418354,
    -0.038681622594594955,
    -0.05637615546584129,
    0.06952328979969025,
    -0.023756520822644234,
    -0.020021500065922737,
    0.003830885048955679,
    0.128061905503273,
    -0.00644183624535799,
    0.0166169460862875,
    0.052173372358083725,
    0.06747585535049438,
    -0.010933340527117252,
    0.04562276229262352,
    -0.09022286534309387,
    -0.07677893340587616,
    0.0049448576755821705,
    0.07391184568405151,
    5.6354286510694974e-33,
    -0.04003423452377319,
    0.01782553270459175,
    -0.029361946508288383,
    0.0124077582731843,
    0.0297781303524971,
    0.026905560865998268,
    0.005846256855875254,
    -0.034033916890621185,
    -0.005845497362315655,
    0.03995046764612198,
    -0.00988455954939127,
    0.03315535560250282,
    -0.06258030980825424,
    0.05926227942109108,
    -0.026663804426789284,
    0.019516950473189354,
    0.09740924090147018,
    0.05721770599484444,
    -0.0668732300400734,
    -0.10717719793319702,
    -0.06720425188541412,
    0.06833793222904205,
    -0.033855319023132324,
    0.026003263890743256,
    -0.049925994127988815,
    0.013032040558755398,
    -0.014182665385305882,
    0.002915450604632497,
    0.05143643915653229,
    -0.002207918092608452,
    0.10081900656223297,
    0.05197391286492348,
    0.015678923577070236,
    0.09240160137414932,
    -0.11913461983203888,
    0.016241736710071564,
    -0.019816989079117775,
    -0.026268532499670982,
    0.07162690162658691,
    -0.110761359333992,
    -0.01729031279683113,
    0.12873975932598114,
    0.1045168861746788,
    0.006496379617601633,
    -0.017340440303087234,
    0.03310750052332878,
    -0.03413119167089462,
    -0.021326696500182152,
    0.06413272768259048,
    -0.017057545483112335,
    -0.07713084667921066,
    0.0332239493727684,
    -0.019824407994747162,
    0.03039354458451271,
    0.07153937220573425,
    0.0016547803534194827,
    -0.010578937828540802,
    0.038127027451992035,
    0.08764763176441193,
    0.08588263392448425,
    0.009616897441446781,
    0.10406532883644104,
    -0.03136219456791878,
    0.020877748727798462,
    0.07109368592500687,
    0.02740195021033287,
    -0.0465443953871727,
    0.006878866348415613,
    -0.007708470802754164,
    -0.056495726108551025,
    -0.018773112446069717,
    0.13399627804756165,
    0.00043347172322683036,
    -0.009803803637623787,
    0.01780994050204754,
    0.021490123122930527,
    0.1136813536286354,
    0.027973810210824013,
    0.005199839826673269,
    -0.016544947400689125,
    -0.02834133431315422,
    0.006187932565808296,
    0.03334003686904907,
    0.01360424142330885,
    -0.05132320150732994,
    0.010594436898827553,
    -0.015216697938740253,
    0.04998782277107239,
    -0.014432631433010101,
    -0.029440902173519135,
    0.022795408964157104,
    -0.06581119447946548,
    -0.03597242757678032,
    -0.08014247566461563,
    -0.09625280648469925,
    -4.90458009946711e-33,
    0.029737073928117752,
    0.048086654394865036,
    -0.0015420080162584782,
    0.03878965601325035,
    0.043388206511735916,
    0.0489608533680439,
    -0.02991316467523575,
    0.012474092654883862,
    0.011982988566160202,
    0.008728265762329102,
    -0.004019563086330891,
    -0.023197097703814507,
    0.007103259675204754,
    -0.0026855289470404387,
    -0.040713053196668625,
    0.02436370588839054,
    0.1055016964673996,
    -0.022581875324249268,
    -0.0843823105096817,
    -0.10858036577701569,
    -0.06752713024616241,
    0.12562941014766693,
    -0.03346073254942894,
    0.01776161603629589,
    -0.021738342940807343,
    -0.017596183344721794,
    -0.06813826411962509,
    -0.0050253183580935,
    0.04664736986160278,
    0.03377091884613037,
    -0.015857074409723282,
    -0.02927427925169468,
    0.01650398224592209,
    0.021821100264787674,
    -0.07668935507535934,
    -0.043899595737457275,
    0.03300607576966286,
    0.047541361302137375,
    -0.021804703399538994,
    0.023604005575180054,
    0.03231913596391678,
    -0.08992412686347961,
    -0.007939469069242477,
    -0.05475195124745369,
    -0.021210888400673866,
    0.007245270069688559,
    -0.08555790781974792,
    -0.07504402101039886,
    0.06073914095759392,
    -0.04207620024681091,
    -0.04882621765136719,
    0.03442458435893059,
    -0.09338084608316422,
    -0.0006156542804092169,
    0.04578297957777977,
    0.04153339937329292,
    0.038432858884334564,
    -0.04303556680679321,
    -0.0379040353000164,
    0.02208642289042473,
    0.025001203641295433,
    0.0468408539891243,
    -0.023627230897545815,
    -0.008254543878138065,
    -0.05613894760608673,
    -0.013058501295745373,
    -0.06921976059675217,
    -0.0003406154573895037,
    -0.03964179381728172,
    -0.04460858181118965,
    0.01496396865695715,
    0.08516152203083038,
    0.05583507567644119,
    -0.028661329299211502,
    -0.07613536715507507,
    -0.04332088679075241,
    -0.01869068294763565,
    -0.060995906591415405,
    0.009555141441524029,
    0.03222161903977394,
    -0.06579626351594925,
    -0.02870798483490944,
    -0.008501307107508183,
