{
  "id": 107,
  "vector": [
    0.019518854096531868,
    -0.012268343940377235,
    -0.03566807508468628,
    0.024708010256290436,
    -0.012186791747808456,
    -0.008366518653929234,
    0.11101631820201874,
    0.08373486250638962,
    -0.027054550126194954,
    -0.02008839137852192,
    0.13282252848148346,
    -0.07226473838090897,
    0.02248222567141056,
    -0.047102492302656174,
    -0.05043959990143776,
    -0.05079850181937218,
    0.003970748744904995,
    0.009011833928525448,
    -0.06867571175098419,
    -0.07623198628425598,
    0.005566741339862347,
    -0.06529396772384644,
    -0.03285688906908035,
    0.010098733939230442,
    -0.04093962162733078,
    0.026010101661086082,
    0.02110431157052517,
    -0.045125409960746765,
    0.014219277538359165,
    -0.09215118736028671,
    0.0030336042400449514,
    0.09002778679132462,
    0.030115066096186638,
    0.040093302726745605,
    0.06054303050041199,
    0.01565491408109665,
    -0.018212705850601196,
    -0.0700305923819542,
    0.09031731635332108,
    0.013212504796683788,
    0.0438292995095253,
    -0.041398126631975174,
    0.0831604078412056,
    -0.027941869571805,
    -0.03386717662215233,
    -0.061147719621658325,
    -0.01124929916113615,
    0.04372809827327728,
    0.026796262711286545,
    -0.05237393453717232,
    0.01878209598362446,
    0.07263343781232834,
    -0.09763889759778976,
    0.08054240792989731,
    0.0393856056034565,
    -0.056008968502283096,
    -0.1000882089138031,
    0.04424785077571869,
    -0.04971127212047577,
    0.13450443744659424,
    -0.12851561605930328,
    0.021732661873102188,
    -0.06519406288862228,
    -0.021928850561380386,
    0.03988933935761452,
    0.0031283306889235973,
    -0.05084642767906189,
    -0.060454029589891434,
    0.021463757380843163,
    0.029200639575719833,
    -0.047474976629018784,
    0.02759658917784691,
    0.03226697817444801,
    0.046187978237867355,
    -0.03061279095709324,
    -0.025450630113482475,
    0.04842139035463333,
    -0.027163268998265266,
    -0.03306523710489273,
    0.006366783287376165,
    -0.05564449355006218,
    0.002108959713950753,
    0.07783979177474976,
    -0.019272280856966972,
    -0.047802384942770004,
    -0.0017421033699065447,
    -0.054163217544555664,
    0.038575559854507446,
    0.022652870044112206,
    -0.08807967603206635,
    0.03052896447479725,
    0.12434550374746323,
    0.016981495544314384,
    0.06099766865372658,
    -0.05591695010662079,
    0.014401949942111969,
    -0.08812949061393738,
    -0.04983134940266609,
    -0.035064034163951874,
    0.026382820680737495,
    0.025041351094841957,
    0.022960800677537918,
    0.04113296419382095,
    -0.007657499518245459,
    -0.03883115202188492,
    -0.04321366921067238,
    0.02970702201128006,
    -0.00790585670620203,
    -0.019929779693484306,
    0.09349406510591507,
    -0.0059084296226501465,
    0.01321993675082922,
    -0.04945578798651695,
    -0.004005147144198418,
    -0.057106900960206985,
    0.03624308109283447,
    0.02785908617079258,
    -0.024475304409861565,
    -0.05063653737306595,
    -0.09919650107622147,
    -0.009253982454538345,
    -0.04221643880009651,
    -0.008108309470117092,
    -0.03698703646659851,
    -0.13754189014434814,
    -0.031356148421764374,
    0.06082050874829292,
    3.864351352961882e-33,
    -0.09013189375400543,
    0.026056155562400818,
    -0.0014184614410623908,
    -0.03125172108411789,
    -0.03646835684776306,
    -0.0495830774307251,
    0.07058796286582947,
    -0.10765837132930756,
    0.024295952171087265,
    -0.03183212876319885,
    -0.10482311993837357,
    0.020119570195674896,
    -0.08015606552362442,
    0.08132611215114594,
    -0.014024852775037289,
    0.01524930726736784,
    -0.008985464461147785,
    0.03305041790008545,
    0.08014138042926788,
    0.010917930863797665,
    -0.017156487330794334,
    0.017973732203245163,
    -0.0031436055433005095,
    -0.03184005990624428,
    0.026599936187267303,
    0.0035350124817341566,
    0.0032521861139684916,
    -0.07352928072214127,
    0.01559342909604311,
    -0.0014017617795616388,
    0.05666010454297066,
    0.05896145477890968,
    0.00620314572006464,
    -0.0007081480580382049,
    -0.03692415729165077,
    -0.032956600189208984,
    -0.028077267110347748,
    0.019011279568076134,
    0.0757417157292366,
    0.07359834760427475,
    0.008933240547776222,
    0.06171014532446861,
    0.09554532170295715,
    0.005705642513930798,
    -0.027883868664503098,
    0.05935662239789963,
    0.03754807636141777,
    0.01922835409641266,
    -0.01495980191975832,
    0.010889903642237186,
    0.03401700407266617,
    0.027850927785038948,
    0.019128775224089622,
    0.060818202793598175,
    0.03455568104982376,
    -0.03925438970327377,
    0.03637009859085083,
    -0.040296267718076706,
    0.056242987513542175,
    0.1336195021867752,
    -0.016628582030534744,
    0.0016606211429461837,
    -0.013283695094287395,
    0.047625936567783356,
    0.030560074374079704,
    0.011739435605704784,
    -0.13441622257232666,
    -0.00041623119614087045,
    0.014588589780032635,
    0.04086184874176979,
    -0.035687338560819626,
    -0.04459099844098091,
    0.07928111404180527,
    -0.020671270787715912,
    -0.007785606663674116,
    -0.07400640845298767,
    0.007627566810697317,
    0.08147796243429184,
    -0.06150396913290024,
    0.059679266065359116,
    -0.019528213888406754,
    0.005049967207014561,
    0.05356879159808159,
    -0.01588347740471363,
    -0.0642782673239708,
    0.07330331951379776,
    -0.010293212719261646,
    0.03201534226536751,
    0.03641573712229729,
    0.014044493436813354,
    -0.029258085414767265,
    0.02236604131758213,
    0.06830987334251404,
    -0.036155249923467636,
    -0.034034714102745056,
    -3.493778595575079e-33,
    0.04601184278726578,
    0.08820047229528427,
    -0.06649545580148697,
    0.12531428039073944,
    0.018844513222575188,
    0.002861173590645194,
    0.09141497313976288,
    0.0325818806886673,
    0.08707129955291748,
    0.03911583125591278,
    0.01951107196509838,
    0.03299238532781601,
    0.013937395997345448,
    -0.059031445533037186,
    -0.03676896542310715,
    0.034991517663002014,
    0.03870713710784912,
    0.11042860895395279,
    -0.032306086272001266,
    -0.0064149415120482445,
    -0.10629994422197342,
    0.03096245415508747,
    0.007259421516209841,
    0.011151433922350407,
    0.016374312341213226,
    -0.009436516091227531,
    0.08289638161659241,
    0.007067924831062555,
    -0.051354557275772095,
    0.000841383938677609,
    0.03581876680254936,
    -0.1359822303056717,
    -0.00343221053481102,
    -0.02316136844456196,
    0.0231410451233387,
    -0.010181677527725697,
    0.0594027005136013,
    -0.05263614282011986,
    0.032289035618305206,
    0.05268954113125801,
    0.0390314906835556,
    -0.008596540428698063,
    -0.0086361700668931,
    0.007624226156622171,
    -0.058156974613666534,
    -0.05997273325920105,
    0.007057482842355967,
    -0.01334257423877716,
    -0.031455766409635544,
    -0.04412237927317619,
    -0.02073824033141136,
    0.0060865795239806175,
    -0.03534417971968651,
    -0.05086662247776985,
    -0.02372361160814762,
    0.09772756695747375,
    0.04462321102619171,
    0.11472339928150177,
    -0.031420331448316574,
    -0.10841316729784012,
    -0.022749988362193108,
    -0.04088151082396507,
    -0.02752874046564102,
    -0.03269919008016586,
    0.07072366029024124,
    0.002340722596272826,
    0.034951724112033844,
    -0.0233994759619236,
    0.05208318680524826,
    0.013085213489830494,
    0.06604254245758057,
    0.027825813740491867,
    0.09975132346153259,
    -0.049913499504327774,
    -0.015009546652436256,
    0.014073284342885017,
    -0.027143387123942375,
    0.055091626942157745,
    0.08371579647064209,
    0.02426179125905037,
    -0.0287635438144207,
    0.009583885781466961,
    0.012400018982589245,
