{
  "id": 601,
  "vector": [
    -0.015256281942129135,
    0.028905445709824562,
    0.04177073389291763,
    0.08193247020244598,
    -0.025081150233745575,
    0.03774724528193474,
    0.061189714819192886,
    0.05085126310586929,
    -0.07844538986682892,
    -0.0220328439027071,
    0.11033226549625397,
    -0.12217006087303162,
    0.011654043570160866,
    -0.00737745501101017,
    -0.013286222703754902,
    0.04061858728528023,
    0.046051785349845886,
    0.038432907313108444,
    -0.19674484431743622,
    -0.07579939812421799,
    0.08457071334123611,
    -0.0450916513800621,
    -0.041936203837394714,
    0.017202245071530342,
    0.02152927592396736,
    0.011721479706466198,
    0.028695102781057358,
    -0.03300832211971283,
    -0.009925449267029762,
    -0.04818215221166611,
    -0.0696294829249382,
    0.10590610653162003,
    0.05841785669326782,
    -0.013227303512394428,
    0.009729585610330105,
    -0.01927359588444233,
    -0.000033543412428116426,
    -0.04115353524684906,
    0.1052783951163292,
    -0.013182642869651318,
    0.022994114086031914,
    -0.05669308081269264,
    0.021285584196448326,
    -0.03831764683127403,
    -0.0035356825683265924,
    -0.020299872383475304,
    -0.021504206582903862,
    0.008631144650280476,
    0.02999456413090229,
    -0.008613777346909046,
    0.0013207588344812393,
    0.041152432560920715,
    -0.08660643547773361,
    0.04749545082449913,
    0.016644960269331932,
    -0.09839700907468796,
    0.0034874388948082924,
    -0.005080558825284243,
    -0.045204583555459976,
    0.02129942551255226,
    -0.06395819038152695,
    -0.0064983065240085125,
    -0.059226468205451965,
    0.005158476997166872,
    -0.03668460249900818,
    0.06486624479293823,
    -0.06824574619531631,
    -0.037576768547296524,
    -0.0007454988081008196,
    0.03113829717040062,
    -0.0232346523553133,
    0.02807723544538021,
    0.02685011550784111,
    0.03298713266849518,
    -0.002871691482141614,
    -0.0043669152073562145,
    0.08822282403707504,
    -0.07698875665664673,
    -0.0017135002417489886,
    -0.032895032316446304,
    -0.07837649434804916,
    -0.0025273163337260485,
    -0.008376087062060833,
    -0.028333080932497978,
    -0.024464203044772148,
    0.02743551880121231,
    -0.020989904180169106,
    0.039104245603084564,
    0.006702804006636143,
    -0.09289604425430298,
    0.00036495705717243254,
    0.027999965474009514,
    -0.0020817024633288383,
    0.044662170112133026,
    -0.07595757395029068,
    0.036087676882743835,
    -0.08646910637617111,
    -0.08880167454481125,
    -0.031046118587255478,
    0.018203100189566612,
    0.06405536085367203,
    -0.028872797265648842,
    0.13440200686454773,
    -0.012240847572684288,
    -0.044659342616796494,
    -0.08259415626525879,
    0.014331131242215633,
    -0.0179551113396883,
    0.010277733206748962,
    0.017235539853572845,
    -0.04829815402626991,
    -0.040321510285139084,
    -0.056978318840265274,
    0.0005005383864045143,
    -0.057801131159067154,
    0.03832957521080971,
    0.03060321696102619,
    -0.0011074366047978401,
    -0.010446388274431229,
    -0.02292666770517826,
    0.07751217484474182,
    -0.020338645204901695,
    0.0669211894273758,
    -0.009107955731451511,
    -0.1057482436299324,
    0.03063860908150673,
    -0.0017962506972253323,
    8.110853715324181e-33,
    -0.07479071617126465,
    -0.0061371056362986565,
    0.04899100959300995,
    0.06460977345705032,
    -0.055751778185367584,
    -0.09779849648475647,
    0.008624270558357239,
    -0.07992636412382126,
    0.10231108963489532,
    0.0058995080180466175,
    -0.059150371700525284,
    0.023205528035759926,
    -0.017563119530677795,
    0.05086958035826683,
    0.02383660152554512,
    -0.02999199368059635,
    -0.08738505095243454,
    -0.023923249915242195,
    0.059078581631183624,
    0.05979081988334656,
    -0.013749368488788605,
    0.06291498988866806,
    0.0282466858625412,
    -0.05630023777484894,
    -0.050298817455768585,
    0.000377177115296945,
    0.1286850869655609,
    -0.058793846517801285,
    -0.004750038962811232,
    0.01419494953006506,
    0.06750527769327164,
    0.012747901491820812,
    0.04571119323372841,
    -0.04063991457223892,
    -0.04162236675620079,
    0.06142934411764145,
    -0.012249710969626904,
    -0.0008155297255143523,
    0.011702061630785465,
    0.03737489879131317,
    0.06490004807710648,
    0.052517250180244446,
    0.0653056800365448,
    0.0805889219045639,
    0.011866151355206966,
    0.045554738491773605,
    0.05138102546334267,
    -0.017883623018860817,
    0.05485657602548599,
    -0.0027414713986217976,
    -0.016021016985177994,
    -0.004961755592375994,
    0.007566710934042931,
    0.05194118991494179,
    0.09417819231748581,
    -0.006297145504504442,
    0.040678638964891434,
    0.020123392343521118,
    -0.007498089224100113,
    0.05357120558619499,
    -0.020524976775050163,
    -0.020565319806337357,
    -0.02191581018269062,
    0.042054228484630585,
    -0.008039863780140877,
    0.031470708549022675,
    -0.12285388261079788,
    -0.058429181575775146,
    -0.026235701516270638,
    -0.06442467868328094,
    0.00814108271151781,
    -0.02891497313976288,
    0.07118114829063416,
    0.01990048959851265,
    -0.026714423671364784,
    -0.04270734265446663,
    0.0836622565984726,
    0.0430915430188179,
    -0.07544819265604019,
    0.04915459081530571,
    -0.02455011196434498,
    0.02378022111952305,
    0.02916819602251053,
    -0.04783177003264427,
    -0.08461236208677292,
    0.10243858397006989,
    -0.06616103649139404,
    -0.02884472906589508,
    0.07013292610645294,
    -0.038880448788404465,
    0.008452853187918663,
    0.025360822677612305,
    0.009984017349779606,
    -0.03566908836364746,
    -0.04999777674674988,
    -6.794809913077888e-33,
    0.012247296050190926,
    0.05358673632144928,
    0.01239592581987381,
    0.09344128519296646,
    0.06876707822084427,
    0.0040480466559529305,
    0.00604870542883873,
    0.053892094641923904,
    0.08195508271455765,
    0.04708491265773773,
    -0.06432206928730011,
    0.07604558765888214,
    0.0648772194981575,
    -0.023331519216299057,
    -0.006388706620782614,
    0.0708150714635849,
    0.07124963402748108,
    0.03790059685707092,
    0.010029939003288746,
    0.012022636830806732,
    -0.06575210392475128,
    0.06559213995933533,
    0.027375007048249245,
    0.04826962575316429,
    0.00040085785440169275,
    0.0470249205827713,
    0.023991018533706665,
    0.03111993707716465,
    0.03532052040100098,
    -0.07431323081254959,
    0.08522335439920425,
    -0.1419261246919632,
    -0.012515713460743427,
    0.018075644969940186,
    -0.00021033307712059468,
    -0.07559863477945328,
    0.07382776588201523,
    0.052225511521101,
    -0.03656191751360893,
    0.06197209656238556,
    -0.03818449750542641,
    -0.00435931421816349,
    0.007835100404918194,
    0.016338935121893883,
    -0.04728473722934723,
    -0.0626140832901001,
    0.006584638264030218,
    -0.03734017536044121,
    -0.009395626373589039,
    -0.034278664737939835,
    0.007430996745824814,
    -0.039496030658483505,
    -0.09676247835159302,
    -0.07768100500106812,
    -0.061601199209690094,
    0.031895868480205536,
    0.03794334828853607,
    0.08777616918087006,
    0.01423591747879982,
    -0.07798180729150772,
    -0.0137745700776577,
    0.024632010608911514,
    0.04001159220933914,
    -0.0595875084400177,
    -0.008504396304488182,
    0.03819384053349495,
    0.018048467114567757,
    -0.07413937151432037,
    -0.051729168742895126,
    0.03316275030374527,
    -0.0458708181977272,
    -0.02120182476937771,
    -0.009483718313276768,
    -0.033556073904037476,
    0.0040499684400856495,
    0.016345415264368057,
    -0.029574329033493996,
    0.04339510202407837,
    0.06947106122970581,
    0.03997248411178589,
    -0.0794425904750824,
    -0.0008336724131368101,
