{
  "id": 649,
  "vector": [
    -0.009741201996803284,
    0.011508744210004807,
    -0.011985883116722107,
    0.006449696142226458,
    -0.038578566163778305,
    0.04585330933332443,
    0.025014232844114304,
    0.05842772498726845,
    -0.007332410663366318,
    0.03301657736301422,
    0.07357396185398102,
    -0.07963402569293976,
    0.033710189163684845,
    0.03498012572526932,
    -0.011214662343263626,
    0.0021337636280804873,
    0.054222896695137024,
    0.05185665562748909,
    -0.12010294944047928,
    -0.01164743211120367,
    0.06982428580522537,
    -0.04153275117278099,
    0.02057763934135437,
    -0.018234509974718094,
    0.027881337329745293,
    0.050794679671525955,
    -0.012739881873130798,
    -0.048896823078393936,
    -0.010902591049671173,
    -0.026291288435459137,
    -0.001863420708104968,
    0.06975995004177094,
    0.062443021684885025,
    -0.040900569409132004,
    -0.02152678370475769,
    -0.00259343720972538,
    -0.051638007164001465,
    -0.06990936398506165,
    0.1441773772239685,
    -0.013187818229198456,
    -0.039453595876693726,
    0.027957744896411896,
    0.03148782625794411,
    0.024035949259996414,
    -0.03912200406193733,
    -0.06076616048812866,
    -0.0024966297205537558,
    0.08635787665843964,
    0.05155966058373451,
    -0.057622384279966354,
    -0.01664256490767002,
    0.04992973431944847,
    -0.10376004874706268,
    0.011332042515277863,
    0.03385283797979355,
    -0.09727457165718079,
    -0.08941702544689178,
    -0.014621928334236145,
    -0.036389924585819244,
    0.03583132475614548,
    0.0017238642321899533,
    0.033779967576265335,
    -0.013889855705201626,
    0.014290819875895977,
    -0.014267919585108757,
    0.04962795972824097,
    -0.0765547975897789,
    -0.04367723688483238,
    0.012285194359719753,
    0.03154700994491577,
    -0.023665636777877808,
    0.022791797295212746,
    -0.008450494147837162,
    0.011049541644752026,
    -0.010650956071913242,
    -0.03572523966431618,
    0.06825001537799835,
    -0.05907517299056053,
    -0.07141491025686264,
    0.04112613573670387,
    -0.09542928636074066,
    -0.005357345100492239,
    -0.07324397563934326,
    0.041602518409490585,
    -0.044565632939338684,
    -0.060337699949741364,
    0.007492279168218374,
    0.026018301025032997,
    0.016591008752584457,
    0.0018455644603818655,
    -0.017624355852603912,
    -0.011472998186945915,
    -0.0031861853785812855,
    -0.048290494829416275,
    -0.00982724316418171,
    0.0765606015920639,
    -0.08246084302663803,
    -0.050223056226968765,
    0.07011232525110245,
    0.028541477397084236,
    0.05338963493704796,
    -0.028242457658052444,
    0.07422805577516556,
    -0.08180549740791321,
    -0.0071253906935453415,
    0.025288043543696404,
    0.021081481128931046,
    0.036749664694070816,
    -0.0005018059746362269,
    0.05503014102578163,
    -0.049830347299575806,
    -0.013471025973558426,
    -0.022514766082167625,
    0.019232235848903656,
    -0.04423590004444122,
    0.0373297743499279,
    0.0646418109536171,
    -0.012770025059580803,
    0.059554364532232285,
    0.03872567042708397,
    0.07783420383930206,
    -0.02252839505672455,
    0.023707380518317223,
    -0.021540455520153046,
    -0.06759004294872284,
    0.09019561856985092,
    0.0009046911727637053,
    4.762344548333644e-33,
    -0.06954821944236755,
    -0.008431904017925262,
    0.10044991225004196,
    0.06397246569395065,
    0.00046842536539770663,
    0.06556829065084457,
    -0.047556206583976746,
    -0.005187626462429762,
    0.03135180100798607,
    0.010912409983575344,
    -0.04473000764846802,
    0.037223946303129196,
    -0.017770927399396896,
    0.08722034096717834,
    -0.05965086817741394,
    -0.04559151083230972,
    0.0012684528483077884,
    -0.004157957620918751,
    0.05812956392765045,
    -0.04791458696126938,
    -0.13429565727710724,
    0.04892212152481079,
    -0.016600806266069412,
    0.029782375320792198,
    -0.08064558357000351,
    0.022643355652689934,
    0.07573011517524719,
    0.029590297490358353,
    -0.008124961517751217,
    -0.009317388758063316,
    0.1209840178489685,
    -0.03893084079027176,
    -0.004257651045918465,
    -0.02266765385866165,
    -0.013663210906088352,
    0.03530524671077728,
    -0.06000488996505737,
    -0.012944030575454235,
    0.04940652474761009,
    -0.0894065648317337,
    0.037131644785404205,
    0.034007683396339417,
    0.09962385147809982,
    0.061182036995887756,
    -0.08052705973386765,
    0.06277044862508774,
    -0.08570430427789688,
    -0.012150322087109089,
    0.07568661868572235,
    -0.006120903883129358,
    0.01645633764564991,
    0.05403205007314682,
    -0.00038977604708634317,
    0.049191441386938095,
    0.049799222499132156,
    0.008562278933823109,
    -0.05166247859597206,
    0.07972116768360138,
    -0.03878495842218399,
    0.10389199107885361,
    -0.02950531803071499,
    0.021960502490401268,
    -0.03286086395382881,
    0.0680353045463562,
    0.04059780389070511,
    -0.0018503529718145728,
    -0.09126269817352295,
    0.00014370770077221096,
    -0.06164300814270973,
    -0.012897848151624203,
    -0.01085231825709343,
    0.009356998838484287,
    0.05170925334095955,
    0.04011360555887222,
    0.013227729126811028,
    0.0031630818266421556,
    0.16410677134990692,
    0.05549643933773041,
    -0.0019001717446371913,
    0.06975828856229782,
    -0.07304075360298157,
    0.02996128425002098,
    0.04168107360601425,
    0.034484148025512695,
    -0.06884142756462097,
    0.00009061174205271527,
    -0.1209019124507904,
    -0.0045721689239144325,
    0.037372007966041565,
    0.003500753315165639,
    -0.019428832456469536,
    -0.011852448806166649,
    -0.05721970275044441,
    0.020777976140379906,
    -0.12814411520957947,
    -5.063281387719719e-33,
    -0.05364168435335159,
    0.08602450042963028,
    0.018569715321063995,
    0.048108670860528946,
    0.06066162884235382,
    -0.01761717163026333,
    0.019028203561902046,
    0.047185998409986496,
    0.02536492422223091,
    -0.004287715069949627,
    -0.023986928164958954,
    -0.026123827323317528,
    0.07408593595027924,
    -0.027354925870895386,
    -0.09585174173116684,
    0.09538429230451584,
    0.07327567785978317,
    0.040034662932157516,
    -0.05897640809416771,
    0.052643634378910065,
    -0.08438234776258469,
    0.11192397773265839,
    -0.01594856195151806,
    0.043240148574113846,
    -0.028060942888259888,
    0.008096599020063877,
    -0.007478680461645126,
    0.09923255443572998,
    -0.057304609566926956,
    0.05107409134507179,
    0.145186185836792,
    -0.15064901113510132,
    -0.05889325588941574,
    -0.07412020862102509,
    -0.02775789238512516,
    -0.06295004487037659,
    0.06666867434978485,
    -0.040214959532022476,
    -0.013753144070506096,
    0.05908928066492081,
    0.06411533057689667,
    -0.045360200107097626,
    -0.045007772743701935,
    -0.0184080358594656,
    0.05981287732720375,
    0.013803723268210888,
    0.02469342201948166,
    -0.09039834141731262,
    0.008366060443222523,
    -0.003909884486347437,
    -0.028424454852938652,
    0.00664140097796917,
    -0.022875893861055374,
    0.007900591008365154,
    0.017137236893177032,
    -0.014168042689561844,
    0.012473080307245255,
    0.09577255696058273,
    0.05453808605670929,
    -0.005285688675940037,
    0.019532183185219765,
    0.018479859456419945,
    -0.015042194165289402,
    -0.004001193214207888,
    -0.050069473683834076,
    -0.04818553850054741,
    -0.04799892008304596,
    -0.0669904425740242,
    -0.08144747465848923,
    0.023972012102603912,
    0.046969812363386154,
    0.013789805583655834,
    -0.061074092984199524,
    -0.052604831755161285,
    -0.0402987040579319,
    0.025669805705547333,
    0.019633324816823006,
    -0.0643891915678978,
    -0.009530661627650261,
    0.014455117285251617,
    -0.0025190652813762426,
