{
  "id": 34,
  "vector": [
    0.03364945575594902,
    0.039370425045490265,
    -0.017154579982161522,
    0.07495769113302231,
    -0.1014275923371315,
    -0.06371907889842987,
    -0.0025077105965465307,
    0.027465859428048134,
    -0.030115477740764618,
    -0.033103182911872864,
    0.03942589461803436,
    -0.11452052742242813,
    -0.05865424871444702,
    -0.044605571776628494,
    -0.05001846328377724,
    -0.08814539760351181,
    0.03753639757633209,
    -0.05094272643327713,
    -0.10095953196287155,
    -0.0211486779153347,
    0.11484415084123611,
    -0.008434168994426727,
    0.041438065469264984,
    -0.0002758569025900215,
    0.025688117370009422,
    -0.002010132884606719,
    0.010671950876712799,
    0.02406107634305954,
    -0.016288410872220993,
    -0.030121034011244774,
    -0.004963401239365339,
    0.06377997994422913,
    0.03846761956810951,
    -0.04627884924411774,
    -0.07124540209770203,
    -0.005577201023697853,
    -0.020332390442490578,
    -0.0408799834549427,
    0.05822468549013138,
    -0.05446049943566322,
    0.0616559199988842,
    -0.051583390682935715,
    0.024617310613393784,
    -0.00832296721637249,
    0.04582918807864189,
    -0.0004913988523185253,
    -0.05483635887503624,
    0.10021063685417175,
    -0.017307382076978683,
    0.04112424701452255,
    0.0035052811726927757,
    -0.04056800529360771,
    -0.07975176721811295,
    0.06414473056793213,
    0.0689852386713028,
    -0.14515413343906403,
    -0.0415000282227993,
    0.04778075963258743,
    -0.016107726842164993,
    -0.002104271901771426,
    -0.0069291600957512856,
    0.07691631466150284,
    -0.03478701785206795,
    0.012088576331734657,
    -0.051990024745464325,
    0.021658534184098244,
    -0.0300075002014637,
    -0.1292654126882553,
    -0.06981830298900604,
    0.07176047563552856,
    0.013587940484285355,
    -0.0006062941392883658,
    0.06911104172468185,
    0.003998628351837397,
    -0.009713687933981419,
    -0.016411280259490013,
    0.03323378041386604,
    -0.1032874584197998,
    -0.047270771116018295,
    0.002551214536651969,
    -0.018635869026184082,
    0.08089515566825867,
    -0.04314032942056656,
    0.005747701041400433,
    -0.012608040124177933,
    0.01645505428314209,
    -0.05411384999752045,
    0.08556336164474487,
    -0.02509448677301407,
    -0.09395436942577362,
    0.026482200250029564,
    -0.0016924357041716576,
    -0.043509528040885925,
    0.0005173244280740619,
    -0.022563355043530464,
    0.028278568759560585,
    -0.025595948100090027,
    -0.04199042543768883,
    -0.05028511956334114,
    -0.00032219369313679636,
    0.06917731463909149,
    -0.010272268205881119,
    0.07470102608203888,
    -0.03948470205068588,
    -0.028034351766109467,
    0.05203389376401901,
    0.08302708715200424,
    0.06021960452198982,
    0.01568708010017872,
    -0.0126222288236022,
    -0.004875116515904665,
    0.011699071153998375,
    -0.026316892355680466,
    -0.008713120594620705,
    -0.03746569901704788,
    0.052017658948898315,
    -0.02065051905810833,
    -0.0470585860311985,
    -0.018088430166244507,
    0.0370035320520401,
    -0.046213068068027496,
    -0.04839692264795303,
    0.03383771702647209,
    -0.0071321395225822926,
    -0.07435138523578644,
    -0.01866103522479534,
    0.04175008088350296,
    6.171764846363459e-33,
    -0.06761978566646576,
    -0.06982887536287308,
    -0.004178986884653568,
    0.014444023370742798,
    0.058712080121040344,
    -0.07787616550922394,
    0.02931419387459755,
    -0.0015062885358929634,
    0.0496947206556797,
    -0.01115216314792633,
    -0.0014665622729808092,
    -0.010089710354804993,
    -0.02389509230852127,
    0.06452158093452454,
    0.03231939300894737,
    -0.04636557400226593,
    0.00717894546687603,
    0.06809918582439423,
    0.06874223798513412,
    -0.02624865248799324,
    -0.040444258600473404,
    -0.030438991263508797,
    0.043820641934871674,
    -0.01712450571358204,
    -0.01593679003417492,
    0.08157333731651306,
    -0.000777747540269047,
    -0.050175365060567856,
    -0.07343882322311401,
    0.021509580314159393,
    0.04623781517148018,
    -0.0005854189512319863,
    0.014247199520468712,
    -0.06618495285511017,
    -0.06592552363872528,
    0.004611859563738108,
    0.012587442062795162,
    -0.03191256523132324,
    -0.017287755385041237,
    -0.012741311453282833,
    0.045980218797922134,
    0.038116127252578735,
    0.07620073109865189,
    0.04264017194509506,
    -0.08317238092422485,
    0.11439653486013412,
    0.006192868575453758,
    0.052405793219804764,
    0.10910530388355255,
    -0.008436096832156181,
    0.039794862270355225,
    0.03234022855758667,
    0.003407290205359459,
    0.0002472940250299871,
    0.02295016683638096,
    -0.006366224493831396,
    -0.019148126244544983,
    0.06947605311870575,
    0.02498854324221611,
    0.06078481301665306,
    -0.006084458436816931,
    0.016155019402503967,
    -0.025549806654453278,
    0.05630189925432205,
    -0.1166238933801651,
    0.01238301396369934,
    -0.07296818494796753,
    -0.03370203077793121,
    0.031982891261577606,
    0.02010500058531761,
    -0.010679095052182674,
    -0.007965701632201672,
    0.08684945851564407,
    -0.002603377914056182,
    0.0056774308905005455,
    0.041519783437252045,
    0.11039354652166367,
    0.02395182102918625,
    -0.08033928275108337,
    0.08674255758523941,
    -0.011404833756387234,
    0.05187783017754555,
    -0.004395026247948408,
    -0.0678582489490509,
    -0.10529176145792007,
    0.10339268296957016,
    -0.033164460211992264,
    0.026006219908595085,
    -0.016796870157122612,
    0.014403263106942177,
    -0.05187742039561272,
    0.06659232825040817,
    0.024700362235307693,
    -0.08841799944639206,
    -0.04076676443219185,
    -5.1666859523417096e-33,
    0.014257224276661873,
    0.057357385754585266,
    -0.01683148741722107,
    0.008007928729057312,
    0.0025010399986058474,
    0.00035712760291062295,
    0.025564320385456085,
    0.0197239201515913,
    0.07130604982376099,
    0.0064112404361367226,
    -0.01881871186196804,
    -0.010725030675530434,
    0.05376218259334564,
    -0.03636390343308449,
    -0.04057156667113304,
    0.11526370793581009,
    0.0024773557670414448,
    0.01914316415786743,
    0.023882707580924034,
    -0.05295884236693382,
    0.03493255004286766,
    0.07717110961675644,
    0.06960821151733398,
    0.08335567265748978,
    -0.012276571244001389,
    0.017095567658543587,
    0.03148737549781799,
    0.019888952374458313,
    -0.007372683379799128,
    -0.037379082292318344,
    0.005407594610005617,
    -0.1390492022037506,
    -0.019276879727840424,
    0.01781565509736538,
    -0.046322546899318695,
    -0.042662568390369415,
    0.05784302577376366,
    0.0555715374648571,
    -0.05292971432209015,
    0.07900175452232361,
    0.049096520990133286,
    0.042135924100875854,
    -0.007534279953688383,
    0.017184050753712654,
    0.013958171010017395,
    -0.08856604248285294,
    0.030527686700224876,
    -0.06592776626348495,
    0.051468756049871445,
    -0.08274804055690765,
    0.0830153152346611,
    -0.02086855098605156,
    -0.1111367791891098,
    -0.01964881457388401,
    0.015427645295858383,
    0.12472575157880783,
    0.02363460138440132,
    0.03980974107980728,
    -0.02763182856142521,
    -0.11258652806282043,
    -0.08262280374765396,
    0.026302972808480263,
    0.07364345341920853,
    -0.012799134477972984,
    0.03474621847271919,
    0.04541704058647156,
    0.043588243424892426,
    -0.12000797688961029,
    0.013796401210129261,
    0.06094152480363846,
    0.0027963619213551283,
    -0.045447349548339844,
    -0.03113539330661297,
    0.02857566624879837,
    -0.053647201508283615,
    0.002583991037681699,
    0.04422542825341225,
    -0.02883945405483246,
    0.019880646839737892,
    0.024982022121548653,
    -0.015028935857117176,
    -0.0442073680460453,
