{
  "id": 602,
  "vector": [
    -0.05647512152791023,
    0.045224327594041824,
    -0.0492422878742218,
    0.05479361489415169,
    -0.029361901804804802,
    0.003966009709984064,
    0.1044030636548996,
    0.12501409649848938,
    -0.020187273621559143,
    0.06792197376489639,
    0.030750395730137825,
    -0.1059206947684288,
    -0.04088805615901947,
    -0.036688778549432755,
    0.010604394599795341,
    -0.017809361219406128,
    -0.03449322283267975,
    -0.008727291598916054,
    -0.04401777312159538,
    -0.019734874367713928,
    0.06433740258216858,
    -0.05716928094625473,
    0.03219642490148544,
    0.030939754098653793,
    0.012399597093462944,
    0.014213627204298973,
    -0.010810897685587406,
    0.0032599742989987135,
    0.0018846435705199838,
    -0.06225880607962608,
    0.0029030812438577414,
    0.08233682811260223,
    0.037836991250514984,
    -0.020978596061468124,
    0.007389753591269255,
    -0.026634469628334045,
    -0.04593983665108681,
    -0.008064599707722664,
    -0.003970957826822996,
    -0.0987560823559761,
    0.01262067910283804,
    0.04598021134734154,
    0.026982195675373077,
    -0.08793211728334427,
    0.0327562652528286,
    -0.025320755317807198,
    0.06255464255809784,
    0.06800606101751328,
    -0.03891152888536453,
    -0.058919087052345276,
    0.07021098583936691,
    0.05279015004634857,
    -0.07966844737529755,
    -0.007719250861555338,
    0.05582622438669205,
    -0.06095322221517563,
    -0.043191175907850266,
    -0.023173293098807335,
    -0.03639799356460571,
    0.0753665417432785,
    -0.023133410140872,
    -0.0035233045928180218,
    -0.12308244407176971,
    0.04789208248257637,
    0.005053897853940725,
    -0.022190259769558907,
    0.0034598351921886206,
    -0.039337608963251114,
    -0.024482494220137596,
    0.030916104093194008,
    0.004091611597687006,
    -0.030500750988721848,
    0.018664680421352386,
    0.012234936468303204,
    0.025069601833820343,
    0.003235036740079522,
    0.1015629693865776,
    -0.023357311263680458,
    -0.008630486205220222,
    -0.07174583524465561,
    -0.04597059264779091,
    -0.053614258766174316,
    -0.00578251713886857,
    0.021431511268019676,
    0.02511598728597164,
    -0.03804624080657959,
    0.014558244496583939,
    0.026371411979198456,
    0.062019869685173035,
    -0.06720520555973053,
    0.0037540197372436523,
    0.06234682723879814,
    0.009475008584558964,
    0.0795004814863205,
    -0.07765304297208786,
    0.05233496427536011,
    -0.03647555038332939,
    -0.02977615036070347,
    0.02427856996655464,
    0.06051447615027428,
    0.025030000135302544,
    -0.020228983834385872,
    0.15407027304172516,
    -0.0700276717543602,
    -0.04872160032391548,
    -0.02634516730904579,
    0.06529197841882706,
    -0.014346444047987461,
    0.08429137617349625,
    0.04165397211909294,
    -0.030111810192465782,
    -0.015546882525086403,
    -0.05158606916666031,
    0.02326151728630066,
    0.014529457315802574,
    0.06098078936338425,
    0.06520387530326843,
    -0.04236333444714546,
    0.09162696450948715,
    0.0182954128831625,
    -0.0231190025806427,
    -0.020618760958313942,
    0.0032053447794169188,
    0.07589612156152725,
    -0.08462180942296982,
    0.007409731391817331,
    -0.023729529231786728,
    6.809278779168572e-33,
    -0.09448634833097458,
    -0.043380871415138245,
    0.016230259090662003,
    0.014983425848186016,
    -0.019887011498212814,
    -0.004031590186059475,
    0.0681767389178276,
    -0.06025306507945061,
    0.03832663223147392,
    0.05791614577174187,
    -0.07702819257974625,
    0.03185553476214409,
    0.01676349528133869,
    0.11756201088428497,
    -0.0240776464343071,
    -0.07884499430656433,
    -0.01814907416701317,
    -0.04712115600705147,
    0.11892717331647873,
    -0.024727696552872658,
    -0.06247274577617645,
    0.013170971535146236,
    0.033060409128665924,
    -0.029002754017710686,
    0.031380776315927505,
    0.005007619969546795,
    0.02101691998541355,
    0.0029736876022070646,
    -0.06540482491254807,
    0.039667125791311264,
    0.14675508439540863,
    -0.03737861290574074,
    0.00372887309640646,
    -0.041249096393585205,
    -0.06143764778971672,
    -0.020809240639209747,
    0.00022934436856303364,
    0.040944911539554596,
    -0.020762333646416664,
    0.03255331888794899,
    0.06275852024555206,
    0.04028811305761337,
    0.03348705917596817,
    0.027542248368263245,
    -0.021502455696463585,
    0.032283175736665726,
    0.03662271797657013,
    0.02208024449646473,
    0.09567081928253174,
    0.06316472589969635,
    -0.0013517346233129501,
    0.006385071203112602,
    -0.04035113379359245,
    0.07870803028345108,
    0.02565913088619709,
    0.02613181434571743,
    -0.003614955348894,
    0.04226045310497284,
    0.1039029136300087,
    -0.007400319911539555,
    0.03176489472389221,
    0.03794032707810402,
    -0.07282538712024689,
    0.008912508375942707,
    -0.010861328803002834,
    0.02259025163948536,
    -0.024179670959711075,
    0.018451105803251266,
    -0.027288636192679405,
    -0.028398068621754646,
    -0.03443075716495514,
    -0.005889375228434801,
    0.03808161988854408,
    -0.0496666319668293,
    0.02075389213860035,
    -0.0381149984896183,
    -0.004586795344948769,
    0.1215960904955864,
    0.01685776375234127,
    0.13579075038433075,
    -0.019173286855220795,
    0.011595328338444233,
    0.018477069213986397,
    -0.013340786099433899,
    -0.10573271661996841,
    0.028463173657655716,
    0.004815276246517897,
    0.05778880789875984,
    0.01273396983742714,
    0.019319260492920876,
    0.07739672064781189,
    0.02211340144276619,
    0.0023073693737387657,
    -0.02104233019053936,
    0.01805788278579712,
    -5.495147726636258e-33,
    -0.012449249625205994,
    0.04757056012749672,
    -0.023340728133916855,
    0.0717184916138649,
    0.06924118846654892,
    -0.01789969764649868,
    0.04635262116789818,
    0.053192541003227234,
    0.06340859830379486,
    -0.030351707711815834,
    0.0013871362898498774,
    -0.02438756264746189,
    0.06475605815649033,
    -0.008541944436728954,
    0.017056528478860855,
    0.07000914961099625,
    -0.04053843766450882,
    0.08657263964414597,
    0.007031309884041548,
    -0.04485621303319931,
    -0.06550750881433487,
    0.04029505327343941,
    0.06415027379989624,
    0.03917493298649788,
    -0.03402300551533699,
    -0.0012568449601531029,
    0.0292305089533329,
    -0.04276145622134209,
    -0.022505048662424088,
    -0.003907789476215839,
    0.0347820520401001,
    -0.0995413139462471,
    -0.007866447791457176,
    0.06143227219581604,
    -0.07651158422231674,
    -0.1106952503323555,
    0.05051584914326668,
    0.0418957956135273,
    -0.04610585421323776,
    0.018984651193022728,
    0.044193219393491745,
    0.08387384563684464,
    0.011374549940228462,
    -0.02337396889925003,
    -0.05353770777583122,
    -0.01876341924071312,
    0.06111084669828415,
    -0.08482953906059265,
    -0.055272068828344345,
    -0.0008401415543630719,
    0.04356814920902252,
    -0.005645811557769775,
    -0.05467882752418518,
    -0.09061610698699951,
    -0.006862141657620668,
    0.046733565628528595,
    -0.009645091369748116,
    0.041674960404634476,
    -0.06209799274802208,
    -0.025664251297712326,
    -0.014337687753140926,
    -0.04466649517416954,
    -0.017800088971853256,
    -0.031478963792324066,
    0.08021721243858337,
    0.07323935627937317,
    -0.0746530294418335,
    -0.01180296204984188,
    -0.043056730180978775,
    0.06610540300607681,
    -0.031574614346027374,
    -0.0680604949593544,
    -0.08049068599939346,
    -0.06528022885322571,
    -0.09307721257209778,
    0.03902207687497139,
    0.013073316775262356,
    0.024409662932157516,
    0.06223650649189949,
    -0.054633185267448425,
    -0.03892255201935768,
    -0.05080564320087433,
    -0.027522621676325798,
