{
  "id": 89,
  "vector": [
    0.0009655850008130074,
    -0.02799735777080059,
    -0.023990431800484657,
    -0.02974807657301426,
    -0.0010408058296889067,
    0.005555490497499704,
    -0.0005464483401738107,
    0.10291796177625656,
    0.034459616988897324,
    -0.014517995528876781,
    0.015753719955682755,
    0.010698854923248291,
    -0.01779060810804367,
    0.03295068070292473,
    -0.11294402182102203,
    0.059007443487644196,
    -0.05216149613261223,
    -0.001272448687814176,
    -0.11078441143035889,
    -0.005257075652480125,
    0.04026378318667412,
    -0.013867843896150589,
    0.007300680037587881,
    0.03998462110757828,
    -0.03998705372214317,
    0.026240859180688858,
    -0.015475128777325153,
    -0.027318166568875313,
    0.010865802876651287,
    -0.051597870886325836,
    0.026601027697324753,
    0.016223112121224403,
    0.08151564747095108,
    -0.08138713240623474,
    0.015160107053816319,
    -0.05275733768939972,
    -0.015544540248811245,
    -0.005706240888684988,
    0.03585318103432655,
    0.014203387312591076,
    0.0741521567106247,
    -0.08507785946130753,
    -0.007009949069470167,
    0.02784249559044838,
    -0.0018202875507995486,
    -0.017549948766827583,
    0.021806739270687103,
    0.04985085129737854,
    0.02468637190759182,
    -0.012654288671910763,
    0.01723223179578781,
    0.005454111844301224,
    -0.08499611914157867,
    -0.009543174877762794,
    -0.05113271251320839,
    -0.08817898482084274,
    -0.030669407919049263,
    -0.04178040847182274,
    -0.025960400700569153,
    0.09367460757493973,
    0.028674280270934105,
    0.03496947139501572,
    -0.07185151427984238,
    0.07204807549715042,
    -0.03606698289513588,
    0.07125365734100342,
    0.027625571936368942,
    -0.017875149846076965,
    -0.03673750162124634,
    0.015403165481984615,
    -0.0053010485135018826,
    0.04406547173857689,
    0.057124268263578415,
    0.07704119384288788,
    -0.005127725191414356,
    0.05286618322134018,
    0.0509466715157032,
    -0.0553474985063076,
    -0.07273028045892715,
    0.07742902636528015,
    -0.0210671778768301,
    -0.0654149055480957,
    -0.01161537878215313,
    0.08505664765834808,
    0.05307980254292488,
    0.009032569825649261,
    -0.06996564567089081,
    0.007197994738817215,
    -0.05626684054732323,
    -0.04493158683180809,
    -0.0389644056558609,
    0.06621772050857544,
    0.03211155906319618,
    -0.04097731038928032,
    -0.05640696361660957,
    0.03226277604699135,
    0.03976774215698242,
    0.02227502129971981,
    0.058783650398254395,
    0.013756144791841507,
    0.009875811636447906,
    -0.0065100290812551975,
    -0.004141002427786589,
    -0.07681655883789062,
    0.027109138667583466,
    -0.03913421183824539,
    0.003201000392436981,
    -0.03468112275004387,
    0.05845799669623375,
    0.012267772108316422,
    0.014857584610581398,
    -0.07751387357711792,
    0.018732497468590736,
    -0.03362993896007538,
    -0.06853577494621277,
    0.035919930785894394,
    -0.022446345537900925,
    0.014625484123826027,
    0.02937381900846958,
    0.09343614429235458,
    0.016325511038303375,
    -0.031329747289419174,
    -0.047800589352846146,
    -0.05870107561349869,
    -0.05938097462058067,
    -0.025541402399539948,
    0.06646253168582916,
    5.189370789260672e-33,
    -0.051116473972797394,
    0.048517633229494095,
    0.019981013610959053,
    0.06768006086349487,
    0.010770550929009914,
    0.07010161876678467,
    0.05241596698760986,
    -0.06268201023340225,
    -0.010346276685595512,
    0.030145395547151566,
    -0.04868583008646965,
    -0.006350660230964422,
    -0.0417027585208416,
    0.054187677800655365,
    -0.04416782408952713,
    -0.04123282805085182,
    0.08120021969079971,
    0.011656314134597778,
    -0.01066293753683567,
    -0.048855382949113846,
    -0.017932750284671783,
    0.051740314811468124,
    -0.050205107778310776,
    0.05200600251555443,
    -0.047534484416246414,
    0.043720800429582596,
    -0.011530584655702114,
    0.039999641478061676,
    0.020168520510196686,
    0.02793739177286625,
    0.08325587958097458,
    0.08200936764478683,
    -0.022177744656801224,
    0.030225416645407677,
    -0.09054979681968689,
    -0.05547189339995384,
    -0.03615155443549156,
    -0.031204456463456154,
    0.056720178574323654,
    0.0015947949141263962,
    -0.021288931369781494,
    0.12216170132160187,
    0.06158067286014557,
    0.0033627666998654604,
    -0.02642740122973919,
    -0.017026258632540703,
    -0.05246053263545036,
    -0.05802364647388458,
    0.07567588239908218,
    0.007808873429894447,
    -0.06069340929389,
    0.06211486831307411,
    -0.061853229999542236,
    0.08707606047391891,
    0.02352382242679596,
    -0.029988132417201996,
    -0.020575910806655884,
    0.08473461866378784,
    0.05710721015930176,
    0.07728230208158493,
    -0.024575315415859222,
    0.023793281987309456,
    0.0064142136834561825,
    0.0019248806638643146,
    0.06852983683347702,
    0.014947597868740559,
    -0.013159251771867275,
    -0.0369931124150753,
    0.03911346569657326,
    -0.04530896991491318,
    -0.038373224437236786,
    0.08032584935426712,
    -0.020572947338223457,
    -0.08950719237327576,
    0.015127693302929401,
    0.000825192837510258,
    0.08636537194252014,
    0.05632788687944412,
    0.046809013932943344,
    0.008430615067481995,
    -0.10595628619194031,
    0.014486308209598064,
    0.014162128791213036,
    0.04452667757868767,
    0.016356859356164932,
    -0.0020848982967436314,
    -0.03211400285363197,
    0.0781749039888382,
    -0.09413471072912216,
    -0.07617774605751038,
    0.07342725247144699,
    -0.03681853413581848,
    -0.03955185413360596,
    -0.1520317941904068,
    -0.003650825237855315,
    -5.012779946356486e-33,
    0.05945562198758125,
    0.07547228038311005,
    -0.022608168423175812,
    0.08899380266666412,
    0.08342008292675018,
    0.05066540464758873,
    0.07077154517173767,
    0.08721034228801727,
    0.013964555226266384,
    0.038417063653469086,
    0.004846880678087473,
    0.06887468695640564,
    0.04191269353032112,
    -0.03149597346782684,
    -0.0760832205414772,
    0.09401804953813553,
    0.13117173314094543,
    -0.015725234523415565,
    -0.023274581879377365,
    -0.03578085079789162,
    -0.05794410780072212,
    0.06615331023931503,
    0.14103862643241882,
    -0.002387123880907893,
    -0.046631306409835815,
    -0.025033414363861084,
    0.047433335334062576,
    -0.11977068334817886,
    0.03419274091720581,
    0.04402925446629524,
    0.04212252423167229,
    -0.020940063521265984,
    -0.0557866133749485,
    0.05257784202694893,
    -0.04231618344783783,
    -0.08618338406085968,
    0.07359029352664948,
    0.029739568009972572,
    -0.01414413657039404,
    0.011983868665993214,
    0.07767551392316818,
    -0.08456213772296906,
    -0.02296745963394642,
    -0.02578669972717762,
    -0.04832678288221359,
    0.022920917719602585,
    -0.07135966420173645,
    -0.06480730324983597,
    0.008215864188969135,
    -0.04351145774126053,
    0.002252111677080393,
    0.05855957791209221,
    -0.09317389875650406,
    0.03473712131381035,
    0.013108715415000916,
    -0.06497124582529068,
    0.03579019010066986,
    -0.047267019748687744,
    -0.020272091031074524,
    0.016321726143360138,
    -0.03983578830957413,
    0.07973027974367142,
    -0.07437000423669815,
    -0.011700582690536976,
    -0.06621399521827698,
    0.04345036670565605,
    -0.033511169254779816,
    0.012936935760080814,
    -0.04837422072887421,
    -0.008939157240092754,
    -0.003082528244704008,
    0.013099629431962967,
    0.04604963958263397,
    -0.036646898835897446,
    -0.04252222925424576,
    -0.08185239136219025,
    -0.024850089102983475,
    -0.07176798582077026,
    0.07653795182704926,
    0.05006248131394386,
    -0.054523926228284836,
    -0.045545171946287155,
    0.009887348860502243,
