{
  "id": 43,
  "vector": [
    -0.035370200872421265,
    0.040814802050590515,
    -0.012277066707611084,
    0.04540799558162689,
    -0.02326826937496662,
    -0.023595476523041725,
    0.12627317011356354,
    0.0310115497559309,
    -0.026388242840766907,
    0.06250495463609695,
    0.02711600437760353,
    -0.10106561332941055,
    0.04862198233604431,
    -0.05482812970876694,
    -0.05037577077746391,
    -0.0022949883714318275,
    0.017633026465773582,
    -0.010183905251324177,
    -0.12744702398777008,
    -0.04508838430047035,
    0.006376502104103565,
    -0.04601331055164337,
    -0.03196723386645317,
    -0.0007141618989408016,
    -0.03661143034696579,
    0.03393968939781189,
    0.025996888056397438,
    -0.09074590355157852,
    0.03528464213013649,
    -0.12296739965677261,
    -0.045889049768447876,
    0.08120781928300858,
    0.023958954960107803,
    0.0031632862519472837,
    -0.010255536995828152,
    0.02554444596171379,
    0.021014617756009102,
    -0.1059095561504364,
    0.07134336233139038,
    -0.0006498032016679645,
    -0.0013229070464149117,
    -0.0472073070704937,
    0.02614613249897957,
    0.0025044302456080914,
    0.030784180387854576,
    -0.03773566707968712,
    -0.002448880346491933,
    0.026244325563311577,
    0.059914685785770416,
    -0.095855213701725,
    0.0006892881356179714,
    -0.030790740624070168,
    -0.11992967128753662,
    0.025622472167015076,
    0.10434426367282867,
    -0.026328565552830696,
    -0.09000145643949509,
    -0.07091439515352249,
    -0.026158669963479042,
    0.10667780041694641,
    -0.04708361625671387,
    0.0018173143034800887,
    -0.008873158134520054,
    0.04466056451201439,
    0.0051624770276248455,
    0.006219257600605488,
    -0.028854994103312492,
    -0.011094375513494015,
    -0.02121754176914692,
    -0.009213097393512726,
    -0.01033532340079546,
    0.02796388790011406,
    -0.02652718313038349,
    -0.015113920904695988,
    -0.01804092898964882,
    0.029116874560713768,
    0.06459496170282364,
    0.03226925805211067,
    -0.023550884798169136,
    -0.001962918322533369,
    -0.1107165664434433,
    -0.05214180424809456,
    -0.0030815969221293926,
    -0.057535815984010696,
    -0.04555266723036766,
    -0.0044664544984698296,
    -0.04572538658976555,
    0.05464375391602516,
    -0.0003181037027388811,
    -0.004317650571465492,
    0.0344541110098362,
    0.08718210458755493,
    0.0949540063738823,
    0.05335155129432678,
    -0.08069557696580887,
    0.02291785553097725,
    -0.03419029340147972,
    0.013982217758893967,
    -0.0028958329930901527,
    0.06039368733763695,
    0.05791926756501198,
    0.011621280573308468,
    0.08152100443840027,
    -0.0004454099980648607,
    -0.03449435532093048,
    -0.047065600752830505,
    -0.027114374563097954,
    0.013131093233823776,
    -0.008587397634983063,
    0.06481465697288513,
    -0.0017137241084128618,
    -0.04721754789352417,
    -0.03649304434657097,
    -0.01379656046628952,
    -0.006141863763332367,
    0.046431515365839005,
    0.08389803767204285,
    0.0208211001008749,
    0.0547381229698658,
    -0.042735494673252106,
    0.08208344131708145,
    -0.03710941597819328,
    0.04284876212477684,
    -0.05113237351179123,
    -0.09840337932109833,
    0.06128371134400368,
    0.009378254413604736,
    5.991162628987092e-33,
    -0.0020776698365807533,
    -0.023374168202280998,
    -0.027386430650949478,
    0.06990762054920197,
    -0.003618668531998992,
    -0.01630992814898491,
    -0.005277533549815416,
    -0.007637896575033665,
    0.0707348883152008,
    -0.051518525928258896,
    -0.09043652564287186,
    0.08674029260873795,
    -0.04264046996831894,
    0.04024804010987282,
    -0.03295310214161873,
    -0.043204061686992645,
    -0.08769099414348602,
    -0.02531241811811924,
    0.026903659105300903,
    -0.0025784012395888567,
    -0.10080121457576752,
    0.023213662207126617,
    0.07380399107933044,
    0.05952342227101326,
    -0.025389570742845535,
    -0.003620521631091833,
    0.005005338694900274,
    -0.10315483063459396,
    -0.062155477702617645,
    -0.0014127236790955067,
    0.0880153551697731,
    0.031127166002988815,
    0.06349901109933853,
    0.0426662378013134,
    -0.10927770286798477,
    0.014908135868608952,
    0.07547878473997116,
    -0.012514674104750156,
    0.04549373313784599,
    0.05003917217254639,
    -0.007806002162396908,
    0.006578812841325998,
    0.05308185890316963,
    -0.00754392147064209,
    -0.0053119417279958725,
    0.03601672500371933,
    0.08502852916717529,
    -0.02183731086552143,
    0.07465062290430069,
    0.02601025626063347,
    -0.0018800286343321204,
    -0.0009348978055641055,
    0.005885724443942308,
    0.03592223301529884,
    0.07471116632223129,
    0.0227655041962862,
    0.02218174748122692,
    0.05852812901139259,
    0.05971519649028778,
    0.04062093049287796,
    0.0068847667425870895,
    0.061516448855400085,
    0.03758791834115982,
    0.10236053168773651,
    -0.01477446686476469,
    0.017296593636274338,
    -0.07866620272397995,
    0.036870889365673065,
    -0.002225985284894705,
    -0.022944621741771698,
    0.01543404534459114,
    0.003013483015820384,
    0.047895412892103195,
    -0.050937384366989136,
    0.042163435369729996,
    -0.09629090130329132,
    0.028641214594244957,
    0.041160646826028824,
    -0.06259511411190033,
    0.060819126665592194,
    0.03655823692679405,
    0.03793778270483017,
    0.04188799858093262,
    0.004524759482592344,
    -0.022871455177664757,
    0.10940432548522949,
    0.02473624236881733,
    0.04222974181175232,
    0.03462395444512367,
    0.026049602776765823,
    -0.004101156257092953,
    0.07781241089105606,
    -0.02862386591732502,
    -0.08247201889753342,
    0.05045946687459946,
    -5.261995401648365e-33,
    0.06579288095235825,
    0.05191466957330704,
    -0.0644005537033081,
    0.100376658141613,
    0.02388431504368782,
    0.004996159113943577,
    0.07830502837896347,
    0.029682496562600136,
    0.056075844913721085,
    -0.04182005673646927,
    -0.05506886541843414,
    0.058829303830862045,
    0.06758195906877518,
    -0.03315681591629982,
    -0.05887671187520027,
    -0.04708937928080559,
    -0.006645877379924059,
    0.06792108714580536,
    -0.03794945403933525,
    -0.018547842279076576,
    -0.12854023277759552,
    0.029984138906002045,
    -0.007577090058475733,
    -0.04106784611940384,
    0.026336465030908585,
    -0.0023396059405058622,
    0.04326031729578972,
    0.0030773531179875135,
    0.0079217329621315,
    -0.062017545104026794,
    0.07737451046705246,
    -0.12558646500110626,
    0.01322026178240776,
    -0.007694648113101721,
    -0.05723520368337631,
    -0.028323210775852203,
    0.08161493390798569,
    -0.005613524001091719,
    0.03910624980926514,
    0.031228220090270042,
    -0.0139193469658494,
    -0.0024120151065289974,
    -0.032608259469270706,
    -0.04312756657600403,
    -0.07032656669616699,
    -0.07521390169858932,
    0.0038646815810352564,
    -0.07195880264043808,
    -0.003132763784378767,
    -0.0374174639582634,
    0.04225129261612892,
    0.014623310416936874,
    -0.0679101049900055,
    -0.020149508491158485,
    -0.044516097754240036,
    0.054495543241500854,
    -0.022858476266264915,
    0.07748211175203323,
    0.08334057033061981,
    0.012764755636453629,
    -0.03392705321311951,
    -0.006171666085720062,
    -0.0027185254730284214,
    -0.02894144132733345,
    0.05864867568016052,
    0.021863490343093872,
    0.006039940752089024,
    -0.021088339388370514,
    -0.03918594494462013,
    -0.005985246505588293,
    0.06383221596479416,
    -0.04718427360057831,
    -0.042464278638362885,
    -0.11286839842796326,
    0.053075309842824936,
    0.03425950929522514,
    -0.020990869030356407,
    -0.00042002645204775035,
    0.04549374803900719,
    -0.03870733827352524,
    -0.04559425637125969,
    -0.01724185235798359,
