{
  "id": 690,
  "vector": [
    -0.06857722252607346,
    0.058946479111909866,
    -0.043290067464113235,
    0.11936810612678528,
    -0.04777802899479866,
    -0.005142152309417725,
    0.06772751361131668,
    0.11455854028463364,
    -0.032818786799907684,
    -0.08866661041975021,
    0.03421635925769806,
    -0.028591841459274292,
    0.00984986498951912,
    -0.019713204354047775,
    0.0203313697129488,
    -0.00951418001204729,
    0.019649825990200043,
    0.05127886310219765,
    -0.12018584460020065,
    -0.04962525889277458,
    -0.017684943974018097,
    -0.03765197843313217,
    -0.03655502572655678,
    0.00936505664139986,
    0.052691683173179626,
    0.01580200344324112,
    -0.021376488730311394,
    -0.0026698121801018715,
    -0.033674050122499466,
    -0.009170197881758213,
    0.0419931598007679,
    0.04762949049472809,
    0.08593413978815079,
    -0.03239981830120087,
    0.05718633905053139,
    -0.014236380346119404,
    -0.017272135242819786,
    -0.11567076295614243,
    -0.040498100221157074,
    -0.018075119704008102,
    0.0194605253636837,
    0.03915984183549881,
    0.019551964476704597,
    0.032404545694589615,
    0.036823928356170654,
    0.029864026233553886,
    -0.03136661648750305,
    0.07054679840803146,
    -0.005671698600053787,
    -0.010726012289524078,
    0.02641896903514862,
    -0.0697498470544815,
    -0.09016811847686768,
    -0.04064134508371353,
    0.04204535856842995,
    0.004018607083708048,
    0.03527935966849327,
    -0.012367313727736473,
    -0.009528606198728085,
    -0.04064680635929108,
    -0.05149677023291588,
    0.007719643414020538,
    -0.05574537813663483,
    0.029474394395947456,
    -0.0715336725115776,
    0.07564368098974228,
    -0.045323990285396576,
    -0.006182675715535879,
    -0.0421212799847126,
    0.035852059721946716,
    0.03667524829506874,
    0.017297662794589996,
    -0.000008114479896903504,
    0.020979752764105797,
    -0.05186111479997635,
    -0.03175756335258484,
    0.0714649111032486,
    -0.033013779670000076,
    -0.057208992540836334,
    0.009385469369590282,
    -0.014324299991130829,
    -0.03633847460150719,
    0.016198009252548218,
    -0.04385741800069809,
    0.02658890374004841,
    0.044780176132917404,
    0.010862997733056545,
    -0.0035752819385379553,
    0.0077682058326900005,
    -0.024945873767137527,
    -0.03973529115319252,
    0.014242792502045631,
    -0.032474905252456665,
    0.05193464457988739,
    -0.05746469646692276,
    -0.01847206801176071,
    -0.034876126796007156,
    -0.09501264989376068,
    -0.03941114991903305,
    0.08260292559862137,
    0.0546722374856472,
    -0.05702195316553116,
    0.21045824885368347,
    -0.01699151284992695,
    -0.008929518982768059,
    -0.03094935044646263,
    0.06607700139284134,
    0.007572184782475233,
    0.024399228394031525,
    0.08035748451948166,
    0.01375172846019268,
    -0.00024356319045182317,
    0.05343056097626686,
    -0.08323978632688522,
    -0.05200481042265892,
    -0.005087569821625948,
    0.00047621226985938847,
    -0.0010434146970510483,
    -0.004320936743170023,
    0.06088652461767197,
    0.054868556559085846,
    -0.008191152475774288,
    0.06619585305452347,
    -0.005864247214049101,
    -0.02296462096273899,
    -0.03606541082262993,
    0.008940656669437885,
    4.639137312004114e-33,
    -0.07008190453052521,
    -0.05853677913546562,
    0.0711870938539505,
    0.07453375309705734,
    0.034161657094955444,
    0.019832227379083633,
    0.03518109768629074,
    -0.06041569262742996,
    0.024929998442530632,
    0.018960002809762955,
    -0.07776129990816116,
    0.0157065037637949,
    -0.008520842529833317,
    0.1689513474702835,
    0.01758582890033722,
    -0.09816501289606094,
    -0.018682507798075676,
    0.0632980689406395,
    0.03678034618496895,
    0.00813498254865408,
    -0.037628721445798874,
    -0.02889300510287285,
    0.07888004928827286,
    -0.02006218582391739,
    -0.00521662225946784,
    0.055189017206430435,
    0.07965120673179626,
    -0.020557252690196037,
    -0.05855066329240799,
    0.040351103991270065,
    0.041739679872989655,
    -0.005122118163853884,
    0.01740289106965065,
    0.011902110651135445,
    -0.08107894659042358,
    0.04469167813658714,
    -0.08972839266061783,
    -0.09179602563381195,
    -0.013568304479122162,
    -0.00017172237858176231,
    0.02103438228368759,
    0.015970218926668167,
    -0.015253467485308647,
    0.05669872462749481,
    0.03020075336098671,
    0.04012087732553482,
    0.09065832942724228,
    -0.025843612849712372,
    0.06868696957826614,
    -0.003893448505550623,
    -0.038106296211481094,
    0.02701156586408615,
    -0.007439805660396814,
    0.08297643065452576,
    0.012908127158880234,
    -0.01726105622947216,
    0.048243600875139236,
    0.09130078554153442,
    0.01683766208589077,
    0.07037777453660965,
    0.011993504129350185,
    0.12583701312541962,
    -0.03220093250274658,
    0.00015210991841740906,
    -0.017059532925486565,
    0.10597892850637436,
    -0.08655741065740585,
    -0.025092752650380135,
    -0.004857716616243124,
    -0.016977457329630852,
    0.0752713531255722,
    -0.07229739427566528,
    0.08005000650882721,
    -0.015925366431474686,
    0.005859782453626394,
    -0.014150348491966724,
    0.11296619474887848,
    0.06639876216650009,
    -0.03208503872156143,
    -0.026482943445444107,
    -0.10576049238443375,
    -0.05342778563499451,
    0.022948550060391426,
    -0.04666765034198761,
    -0.07076478004455566,
    0.06033974885940552,
    -0.011206082068383694,
    0.028292754665017128,
    -0.008182773366570473,
    -0.005860505159944296,
    0.006818633992224932,
    -0.06355860829353333,
    -0.029344798997044563,
    -0.03296954557299614,
    -0.004107633605599403,
    -3.690220599328776e-33,
    -0.0225614532828331,
    0.06525644659996033,
    0.04304775223135948,
    0.04962434247136116,
    0.0825338214635849,
    -0.07158971577882767,
    -0.07158723473548889,
    0.05155423283576965,
    0.022482873871922493,
    0.0034125568345189095,
    -0.036824606359004974,
    0.010602959431707859,
    -0.02523622289299965,
    -0.03643031045794487,
    -0.015427759848535061,
    0.1245717704296112,
    0.021747414022684097,
    0.017227090895175934,
    0.02381150797009468,
    -0.05026783049106598,
    -0.09283673018217087,
    0.01270543597638607,
    0.060694847255945206,
    0.06001514941453934,
    0.01588265970349312,
    -0.014573668129742146,
    0.0433226153254509,
    -0.039433836936950684,
    0.03777223080396652,
    -0.032254476100206375,
    0.031007904559373856,
    -0.11066798120737076,
    -0.04176056757569313,
    0.028791915625333786,
    -0.015627380460500717,
    -0.02598276361823082,
    -0.013616376556456089,
    0.11198164522647858,
    0.012332531623542309,
    0.004691959824413061,
    -0.02183505706489086,
    -0.030745211988687515,
    -0.018632475286722183,
    0.061539921909570694,
    -0.0028741061687469482,
    -0.04675529897212982,
    -0.07314781099557877,
    -0.0854581966996193,
    0.01149523165076971,
    -0.0650489404797554,
    0.018993131816387177,
    -0.006787570659071207,
    -0.006680281832814217,
    -0.022479262202978134,
    -0.026392629370093346,
    -0.019995281472802162,
    0.04156562313437462,
    0.011814526282250881,
    -0.05756666138768196,
    -0.04027628153562546,
    0.007744545582681894,
    -0.016763076186180115,
    0.02013704925775528,
    0.05628963187336922,
    0.03919227793812752,
    -0.034079983830451965,
    -0.06209592521190643,
    -0.037403542548418045,
    -0.05986078828573227,
    0.07671262323856354,
    -0.0018398326355963945,
    0.01711578480899334,
    -0.08524742722511292,
    0.02165721356868744,
    -0.06415728479623795,
    0.03537929803133011,
    0.027707627043128014,
    0.04165966808795929,
    0.08741778880357742,
    0.004021370317786932,
    -0.06492570042610168,
    -0.06395463645458221,
