{
  "id": 1027,
  "vector": [
    -0.034991417080163956,
    0.029021942988038063,
    -0.054201457649469376,
    0.03142491728067398,
    -0.06770632416009903,
    -0.013298877514898777,
    0.06372655928134918,
    0.04572451114654541,
    0.0001134713675128296,
    -0.01740638166666031,
    0.06538956612348557,
    -0.10193249583244324,
    -0.03452451154589653,
    -0.06905611604452133,
    0.03627923130989075,
    -0.06084664538502693,
    0.031510129570961,
    0.03526424989104271,
    -0.14222416281700134,
    -0.05981873348355293,
    0.04512008652091026,
    -0.017254885286092758,
    0.0010229237377643585,
    -0.04968096315860748,
    0.017682302743196487,
    0.07601532340049744,
    0.0018737581558525562,
    0.014389094896614552,
    0.03157509118318558,
    -0.006788423750549555,
    0.018953412771224976,
    0.09271041303873062,
    -0.0381443090736866,
    0.012411770410835743,
    0.039178088307380676,
    -0.02825389988720417,
    -0.10516980290412903,
    -0.04046154394745827,
    0.09432811290025711,
    0.032584965229034424,
    0.04019790515303612,
    -0.0031836277339607477,
    0.10607808083295822,
    -0.0074528781697154045,
    -0.04692099243402481,
    -0.06058883294463158,
    -0.0615573450922966,
    0.08767269551753998,
    0.03330536559224129,
    -0.056178878992795944,
    0.008272227831184864,
    -0.03030410222709179,
    -0.09721460193395615,
    0.026899369433522224,
    0.01798720844089985,
    -0.12311163544654846,
    -0.0036123907193541527,
    -0.03675902262330055,
    -0.04625781998038292,
    0.09653086215257645,
    -0.016628839075565338,
    0.03087230771780014,
    -0.06752084940671921,
    -0.01840750314295292,
    0.03471825644373894,
    -0.009839629754424095,
    -0.027096625417470932,
    -0.05027415230870247,
    -0.013152000494301319,
    0.07636778056621552,
    -0.03212723881006241,
    0.04668143019080162,
    0.020724039524793625,
    -0.01874883659183979,
    -0.07531855255365372,
    -0.03997819870710373,
    0.032791752368211746,
    -0.030292274430394173,
    0.004121091682463884,
    -0.013893518596887589,
    -0.014321510680019855,
    0.015405549667775631,
    0.0067828865721821785,
    -0.001669603050686419,
    -0.05985834449529648,
    -0.05210250988602638,
    -0.008938356302678585,
    0.06452347338199615,
    0.08255953341722488,
    0.04735688492655754,
    0.04250050336122513,
    0.043993525207042694,
    -0.0025732519570738077,
    -0.0526866652071476,
    -0.07268089801073074,
    0.10047611594200134,
    -0.06784699112176895,
    -0.04574383795261383,
    0.008367039263248444,
    -0.0212162584066391,
    0.07093027979135513,
    -0.05260211229324341,
    0.053300272673368454,
    0.001463550142943859,
    -0.03483320772647858,
    0.029466554522514343,
    -0.009217087179422379,
    0.049541227519512177,
    -0.02276810072362423,
    0.04066787287592888,
    -0.0796024277806282,
    -0.014488980174064636,
    0.007570760324597359,
    -0.022207239642739296,
    0.010629977099597454,
    -0.04530252516269684,
    0.12295527011156082,
    -0.005273565649986267,
    0.024082163348793983,
    -0.0555419996380806,
    0.0379779152572155,
    -0.006688541732728481,
    0.08477837592363358,
    -0.012602432630956173,
    -0.07231097668409348,
    0.053630657494068146,
    -0.018341416493058205,
    8.695349914171332e-33,
    -0.07220526039600372,
    -0.06028922274708748,
    0.09733345359563828,
    0.01474065613001585,
    0.004184575751423836,
    -0.0220248494297266,
    -0.06515789777040482,
    -0.05880099534988403,
    -0.035183217376470566,
    0.010997149161994457,
    -0.05751127749681473,
    0.05397162586450577,
    -0.07038895040750504,
    0.011801264248788357,
    0.0345640555024147,
    0.0011591914808377624,
    0.0159443411976099,
    0.06871060281991959,
    -0.0028502680361270905,
    -0.026256296783685684,
    -0.06144214794039726,
    0.039760809391736984,
    0.04663271829485893,
    0.048158664256334305,
    -0.057854749262332916,
    0.0907946303486824,
    0.09557027369737625,
    -0.05493560805916786,
    -0.08100297302007675,
    0.010300882160663605,
    0.1205456405878067,
    -0.013520020991563797,
    -0.025194719433784485,
    -0.018483685329556465,
    -0.04592559114098549,
    0.0296134315431118,
    -0.020693527534604073,
    -0.014126982539892197,
    -0.03127862513065338,
    -0.05330793932080269,
    -0.008633370511233807,
    -0.004149499349296093,
    0.09476052224636078,
    0.09458591043949127,
    -0.034205783158540726,
    0.06696633994579315,
    0.010724992491304874,
    0.0008295061415992677,
    0.09680801630020142,
    0.013271263800561428,
    -0.019894573837518692,
    -0.00435788044705987,
    -0.018640073016285896,
    0.05355323106050491,
    0.05085182189941406,
    0.04785711318254471,
    -0.018666204065084457,
    0.14672495424747467,
    0.052162814885377884,
    0.023977717384696007,
    -0.05453462153673172,
    0.0032011044677346945,
    -0.03568415716290474,
    0.04049801081418991,
    -0.0077345422469079494,
    0.023163430392742157,
    -0.059936851263046265,
    -0.06448642909526825,
    0.010757547803223133,
    0.04501038044691086,
    -0.0036447173915803432,
    -0.047357674688100815,
    0.11354517936706543,
    0.05360078811645508,
    0.06179842725396156,
    -0.013725302182137966,
    0.12423339486122131,
    -0.009543045423924923,
    -0.06717756390571594,
    0.08699348568916321,
    -0.05278335139155388,
    -0.0024490703362971544,
    0.08411798626184464,
    -0.0941147655248642,
    -0.02710842899978161,
    -0.029333408921957016,
    -0.09790860116481781,
    0.001956141786649823,
    0.03600503131747246,
    0.018485013395547867,
    0.07096009701490402,
    -0.013747903518378735,
    -0.01844991184771061,
    0.04425119236111641,
    -0.09001079946756363,
    -7.019640840087913e-33,
    0.0023265054915100336,
    0.040925923734903336,
    0.011788380332291126,
    0.052188172936439514,
    0.017999127507209778,
    -0.0318450927734375,
    -0.018212713301181793,
    0.01861552707850933,
    0.016045717522501945,
    -0.045436836779117584,
    -0.04115428030490875,
    0.021658148616552353,
    0.04047486558556557,
    -0.059404268860816956,
    -0.05456462875008583,
    0.028131095692515373,
    0.07400274276733398,
    0.04477762058377266,
    -0.012004297226667404,
    -0.013098211027681828,
    -0.07540988177061081,
    0.0807494968175888,
    0.017585504800081253,
    0.050993308424949646,
    -0.0641535148024559,
    -0.027618112042546272,
    0.0696391686797142,
    -0.013731836341321468,
    -0.0361579954624176,
    0.01002313569188118,
    0.09783145040273666,
    -0.09392251074314117,
    0.0026933031622320414,
    0.018291812390089035,
    -0.06898220628499985,
    -0.116831935942173,
    0.12814836204051971,
    0.023535339161753654,
    0.019321294501423836,
    0.06585914641618729,
    0.04169208183884621,
    0.03603324666619301,
    0.03780880197882652,
    -0.019250627607107162,
    -0.018554482609033585,
    -0.027219213545322418,
    -0.01241434644907713,
    -0.09176217764616013,
    -0.007133990991860628,
    0.0020341132767498493,
    0.04164591059088707,
    -0.05683746188879013,
    -0.08651058375835419,
    -0.0447695292532444,
    0.013433949090540409,
    0.019423289224505424,
    -0.016213880851864815,
    0.02307065576314926,
    -0.03960457816720009,
    0.03292999789118767,
    0.008876219391822815,
    -0.04964118078351021,
    0.01919855922460556,
    -0.008714734576642513,
    0.0023199738934636116,
    0.05930958688259125,
    0.014960816130042076,
    0.005444709677249193,
    -0.007181995082646608,
    0.011752109043300152,
    0.026318399235606194,
    0.003512420691549778,
    -0.08302286267280579,
    -0.03789824619889259,
    0.0666542500257492,
    0.03312566131353378,
    0.010711386799812317,
    -0.027182990685105324,
    0.06808683276176453,
    0.01930776983499527,
    -0.05646730586886406,
    0.05570702627301216,
    -0.07751893252134323,
