{
  "id": 1070,
  "vector": [
    -0.006375495810061693,
    0.12575842440128326,
    -0.033430568873882294,
    0.00725758308544755,
    0.04130367189645767,
    -0.036252450197935104,
    0.11196031421422958,
    0.08945683389902115,
    -0.07461200654506683,
    0.01972583681344986,
    0.038400206714868546,
    -0.04383288323879242,
    0.013907547108829021,
    0.001584068639203906,
    -0.06458208709955215,
    -0.06358141452074051,
    0.03124404139816761,
    0.01591423712670803,
    -0.07418853789567947,
    0.03267422690987587,
    0.021495115011930466,
    -0.021969623863697052,
    0.029313568025827408,
    0.02107681706547737,
    -0.006761132273823023,
    0.016187109053134918,
    -0.016260724514722824,
    -0.005231032148003578,
    0.013745470903813839,
    0.004843757953494787,
    0.0005424575065262616,
    0.07710960507392883,
    -0.037273913621902466,
    -0.0006460662698373199,
    0.033621374517679214,
    -0.02460346557199955,
    -0.02054530568420887,
    -0.0212448351085186,
    0.04366551712155342,
    -0.0109918974339962,
    0.0007191239856183529,
    0.037189412862062454,
    -0.023797988891601562,
    0.021909866482019424,
    0.01910533756017685,
    -0.022325733676552773,
    -0.011973567306995392,
    0.0199402067810297,
    -0.03578125312924385,
    0.03294459730386734,
    -0.010331395082175732,
    0.047475531697273254,
    -0.07145600765943527,
    0.042790696024894714,
    -0.04377695545554161,
    -0.09931996464729309,
    -0.045794423669576645,
    0.040689218789339066,
    0.0015799745451658964,
    0.07958873361349106,
    -0.04216916114091873,
    -0.0465925857424736,
    -0.0017355619929730892,
    -0.01154281385242939,
    0.0763600543141365,
    0.07126140594482422,
    -0.04645991325378418,
    -0.04251647740602493,
    -0.09222055971622467,
    0.01854405365884304,
    -0.03464607521891594,
    0.09397962689399719,
    0.04827269911766052,
    -0.017920197919011116,
    -0.023574482649564743,
    0.011430449783802032,
    0.04234692454338074,
    -0.04105755314230919,
    -0.011748116463422775,
    0.029090745374560356,
    -0.038657285273075104,
    0.01995108090341091,
    -0.005622050259262323,
    -0.006673069670796394,
    -0.05015959590673447,
    -0.012126358225941658,
    -0.061681076884269714,
    0.028577420860528946,
    0.03594385087490082,
    -0.08060198277235031,
    -0.027207668870687485,
    0.029434649273753166,
    -0.005068127065896988,
    -0.011040845885872841,
    -0.055962130427360535,
    0.021515903994441032,
    -0.04885106533765793,
    -0.057030946016311646,
    0.04138152673840523,
    0.03841175138950348,
    0.0511908233165741,
    -0.029546750709414482,
    0.08162364363670349,
    -0.07700079679489136,
    -0.05994148552417755,
    0.040481436997652054,
    0.07961354404687881,
    0.02991630509495735,
    0.0009433120721951127,
    0.08397342264652252,
    -0.038840942084789276,
    -0.005993525497615337,
    -0.018811186775565147,
    -0.05174611881375313,
    -0.03595666214823723,
    0.021008267998695374,
    0.016084229573607445,
    0.018395064398646355,
    0.04432639479637146,
    0.018903719261288643,
    0.09919863194227219,
    -0.02614583633840084,
    0.05884522944688797,
    -0.014928027056157589,
    -0.06496322900056839,
    0.020284000784158707,
    0.007301942445337772,
    4.575950449885585e-33,
    -0.07225089520215988,
    0.018203312531113625,
    0.013088171370327473,
    0.08234764635562897,
    0.04057605192065239,
    0.02305447682738304,
    0.07443184405565262,
    -0.027785534039139748,
    -0.03831179067492485,
    -0.0013980447547510266,
    0.0013963410165160894,
    0.03137552738189697,
    -0.01568005420267582,
    0.11078119277954102,
    -0.0961926132440567,
    -0.007104481104761362,
    0.004697534255683422,
    0.011221449822187424,
    0.03543739393353462,
    -0.09560124576091766,
    -0.03135964274406433,
    -0.006677327211946249,
    0.012222375720739365,
    0.047952812165021896,
    -0.02954176254570484,
    0.09604200720787048,
    -0.0044679706916213036,
    0.011727391742169857,
    -0.07526670396327972,
    0.01918681524693966,
    0.15278500318527222,
    0.007971642538905144,
    0.039586130529642105,
    0.026403265073895454,
    0.03338519483804703,
    0.028441907837986946,
    -0.04588676244020462,
    -0.00230293907225132,
    0.050264645367860794,
    -0.10583730787038803,
    -0.0061915540136396885,
    0.018530400469899178,
    0.08850562572479248,
    0.04597935080528259,
    -0.1169665977358818,
    0.06865707039833069,
    0.018321745097637177,
    -0.015851043164730072,
    0.07213792204856873,
    -0.05567266047000885,
    -0.0253877155482769,
    0.03784477710723877,
    -0.03444575145840645,
    0.07643444836139679,
    0.03764045238494873,
    -0.03002248704433441,
    -0.06062404066324234,
    -0.019061779603362083,
    0.031180327758193016,
    0.09182510524988174,
    -0.039253100752830505,
    0.09029321372509003,
    -0.06269519031047821,
    0.10644489526748657,
    -0.0608443021774292,
    -0.006527876481413841,
    -0.08458217233419418,
    0.01531995553523302,
    0.009010925889015198,
    0.061044979840517044,
    0.02955850027501583,
    -0.005242776125669479,
    0.10623453557491302,
    0.010233890265226364,
    -0.027011511847376823,
    -0.020761946216225624,
    0.12577572464942932,
    0.04185297340154648,
    -0.05942028388381004,
    0.08170701563358307,
    -0.050250135362148285,
    -0.059527602046728134,
    -0.048269934952259064,
    -0.04271898418664932,
    -0.07547274976968765,
    0.014720717445015907,
    -0.03496222570538521,
    -0.00887956190854311,
    0.016472473740577698,
    0.010321487672626972,
    0.013022761791944504,
    -0.02561281807720661,
    0.025389760732650757,
    -0.0511997826397419,
    -0.12650911509990692,
    -4.141207455887393e-33,
    0.023508364334702492,
    0.11411207914352417,
    -0.046704117208719254,
    0.01794118620455265,
    0.04026712477207184,
    -0.023031670600175858,
    0.09432625770568848,
    -0.06509523093700409,
    0.03367512300610542,
    -0.0790177509188652,
    -0.025723816826939583,
    0.018179304897785187,
    0.055054161697626114,
    0.042432934045791626,
    -0.10303307324647903,
    0.10706542432308197,
    0.06747867166996002,
    -0.06455857306718826,
    0.07979875802993774,
    -0.08292513340711594,
    -0.02981097809970379,
    0.03034740872681141,
    -0.011593108996748924,
    0.014978264458477497,
    0.018898675218224525,
    -0.046525612473487854,
    0.015673398971557617,
    0.01808643899857998,
    -0.004397063981741667,
    -0.009906673803925514,
    -0.00862447265535593,
    -0.1148977279663086,
    0.025252385064959526,
    0.031656574457883835,
    -0.003699623281136155,
    -0.04278453812003136,
    0.03571411967277527,
    0.025809304788708687,
    -0.039978086948394775,
    -0.012272641062736511,
    -0.02548041380941868,
    -0.047430019825696945,
    -0.047378960996866226,
    -0.020791063085198402,
    -0.004736678209155798,
    0.03197959437966347,
    0.04261432960629463,
    -0.05143380165100098,
    0.03171982988715172,
    0.027881935238838196,
    0.023104291409254074,
    0.002200525486841798,
    -0.11156105995178223,
    -0.025149408727884293,
    0.03738721087574959,
    0.08331844955682755,
    -0.04299461096525192,
    0.05484016612172127,
    -0.09693938493728638,
    -0.03302992880344391,
    0.08717229217290878,
    -0.016608918085694313,
    -0.012817994691431522,
    -0.0035223783925175667,
    0.04349246621131897,
    -0.03039713203907013,
    0.02264239825308323,
    -0.10280146449804306,
    0.012997309677302837,
    0.0027973728720098734,
    0.06026356294751167,
    0.008952486328780651,
    0.06164826080203056,
    -0.006585084367543459,
    -0.10244205594062805,
    0.018133725970983505,
    0.025599759072065353,
    -0.026496320962905884,
    0.05460665747523308,
    -0.10028401762247086,
    -0.042175378650426865,
    -0.010920288041234016,
    0.04903813824057579,
