{
  "id": 266,
  "vector": [
    -0.019038910046219826,
    -0.04286420717835426,
    -0.05282582715153694,
    -0.018690932542085648,
    -0.04269548878073692,
    0.008037401363253593,
    0.019417157396674156,
    0.07715965807437897,
    0.0016494443407282233,
    -0.03572258725762367,
    -0.013733643107116222,
    -0.03972719982266426,
    -0.04192507266998291,
    -0.0029369641561061144,
    0.011610724031925201,
    0.011015147902071476,
    -0.06556183844804764,
    0.003092489903792739,
    -0.10202214121818542,
    -0.038092467933893204,
    -0.03163733333349228,
    -0.023544222116470337,
    -0.004945677705109119,
    0.004865856375545263,
    -0.026888806372880936,
    0.032601553946733475,
    0.011739024892449379,
    0.028309792280197144,
    0.11657653748989105,
    -0.11394387483596802,
    0.026721185073256493,
    0.07577599585056305,
    0.07974611967802048,
    0.012974617071449757,
    0.037822529673576355,
    -0.054747067391872406,
    0.006065828260034323,
    -0.037020862102508545,
    0.04170272871851921,
    0.02617870271205902,
    0.1194518432021141,
    0.02353891357779503,
    0.016292167827486992,
    0.024903247132897377,
    -0.05924999713897705,
    -0.06048303842544556,
    -0.06671662628650665,
    0.08199473470449448,
    0.03619997575879097,
    -0.021666893735527992,
    0.045018937438726425,
    0.006720192730426788,
    -0.1094096302986145,
    0.006162856239825487,
    -0.00846607144922018,
    -0.12333866953849792,
    0.009438063018023968,
    0.02004779875278473,
    0.07261022180318832,
    0.017964500933885574,
    0.06734078377485275,
    0.01970040798187256,
    -0.01728992909193039,
    0.0283497367054224,
    -0.04503876343369484,
    0.058835115283727646,
    -0.09228034317493439,
    0.0022594088222831488,
    -0.07525186240673065,
    0.044432949274778366,
    -0.0740504041314125,
    0.00024220612249337137,
    -0.026789801195263863,
    -0.024091606959700584,
    -0.028197932988405228,
    -0.01041314285248518,
    0.04878038167953491,
    -0.11351996660232544,
    -0.07870744168758392,
    0.05737820267677307,
    -0.13774999976158142,
    0.016542445868253708,
    -0.09806223958730698,
    0.024797070771455765,
    -0.05472530052065849,
    0.003337886417284608,
    0.021789446473121643,
    0.028349626809358597,
    -0.048203617334365845,
    -0.09454181790351868,
    -0.05208692327141762,
    0.022672025486826897,
    0.07492359727621078,
    -0.10039740055799484,
    -0.07752830535173416,
    0.064492367208004,
    0.003086690790951252,
    -0.06270015984773636,
    0.11173643171787262,
    -0.025761445984244347,
    0.05067848041653633,
    0.025018200278282166,
    0.026516182348132133,
    -0.07786992192268372,
    0.010500017553567886,
    0.03154703974723816,
    -0.05126551538705826,
    0.04032623767852783,
    0.01880032941699028,
    0.020767103880643845,
    -0.07807663828134537,
    -0.015115020796656609,
    -0.007839661091566086,
    0.003804282285273075,
    -0.015278342179954052,
    -0.053193558007478714,
    -0.013711814768612385,
    0.014359282329678535,
    0.051250800490379333,
    0.022074952721595764,
    0.12970800697803497,
    -0.01744433492422104,
    0.02124194987118244,
    -0.041382867842912674,
    -0.0695275068283081,
    -0.0366533100605011,
    0.06383061408996582,
    2.567397027959966e-33,
    -0.06328161805868149,
    -0.019680695608258247,
    0.02851029671728611,
    0.0630052462220192,
    0.06140055134892464,
    -0.006694542709738016,
    0.03744959831237793,
    0.024977289140224457,
    0.018440566956996918,
    0.11197540163993835,
    -0.0238142441958189,
    0.08605287969112396,
    -0.07473056018352509,
    0.08544855564832687,
    -0.018667396157979965,
    -0.025480614975094795,
    0.021641410887241364,
    -0.00923556461930275,
    -0.011711131781339645,
    -0.08703107386827469,
    -0.07528066635131836,
    -0.010495176538825035,
    0.06607509404420853,
    0.046340350061655045,
    -0.035669997334480286,
    0.017316365614533424,
    0.08912812173366547,
    -0.023700619116425514,
    0.06887644529342651,
    -0.015828004106879234,
    0.033294208347797394,
    0.039682842791080475,
    0.006666103377938271,
    0.028285060077905655,
    -0.0029631464276462793,
    0.038775067776441574,
    -0.02809765376150608,
    0.05775786563754082,
    0.08641737699508667,
    0.018303558230400085,
    0.07337114959955215,
    0.04058612883090973,
    0.06244795396924019,
    0.03860054165124893,
    -0.008726651780307293,
    0.00494748679921031,
    0.03807280585169792,
    -0.07875476777553558,
    0.0946255475282669,
    -0.042610976845026016,
    -0.059420790523290634,
    0.024194957688450813,
    0.011687971651554108,
    0.07726751267910004,
    0.06999009847640991,
    -0.0793197825551033,
    -0.02528795413672924,
    0.0522155836224556,
    -0.015471060760319233,
    -0.002818975830450654,
    0.03017585352063179,
    0.0694560557603836,
    -0.03412538021802902,
    0.021848110482096672,
    -0.018739784136414528,
    0.05991976708173752,
    -0.0219925194978714,
    0.009351670742034912,
    0.05504779890179634,
    -0.052656304091215134,
    -0.06162119656801224,
    0.039847489446401596,
    0.022372663021087646,
    -0.028895974159240723,
    0.02822037972509861,
    -0.0006557397427968681,
    0.07419861108064651,
    0.014681218191981316,
    -0.011655677109956741,
    -0.025524737313389778,
    -0.1298014223575592,
    0.019459933042526245,
    0.05843021348118782,
    -0.036681901663541794,
    -0.050976548343896866,
    -0.012909718789160252,
    -0.024011362344026566,
    0.011029131710529327,
    -0.05545736476778984,
    -0.04357852041721344,
    -0.001204418484121561,
    -0.012818455696105957,
    -0.037120990455150604,
    -0.034203317016363144,
    -0.001213513663969934,
    -3.66315778063697e-33,
    0.0007910344284027815,
    0.035180024802684784,
    0.06297101825475693,
    0.04517904296517372,
    0.10319057106971741,
    -0.004802169278264046,
    0.045739639550447464,
    0.057410456240177155,
    0.037187859416007996,
    -0.03961858153343201,
    -0.07486836612224579,
    0.02764105424284935,
    0.06562043726444244,
    -0.01377191487699747,
    0.014422513544559479,
    0.06972230970859528,
    0.04019870236515999,
    0.01294564176350832,
    -0.02146979048848152,
    -0.08808529376983643,
    -0.10202376544475555,
    0.02779834158718586,
    -0.03130433335900307,
    0.014101794920861721,
    0.006582600064575672,
    0.03489197418093681,
    -0.010437937453389168,
    -0.13815155625343323,
    0.0025479078758507967,
    0.04563848674297333,
    0.058589860796928406,
    -0.08317717164754868,
    -0.0190734826028347,
    -0.03329533711075783,
    -0.030056040734052658,
    -0.0743984580039978,
    0.11890923976898193,
    0.057129379361867905,
    -0.015066251158714294,
    0.007055943366140127,
    0.0203835628926754,
    -0.08454826474189758,
    0.0269313957542181,
    -0.011687475256621838,
    0.025121750310063362,
    -0.051108311861753464,
    0.017458369955420494,
    -0.06239709258079529,
    -0.04014771431684494,
    0.10138855874538422,
    0.04328804090619087,
    0.05393412709236145,
    -0.10921244323253632,
    0.009122125804424286,
    0.051020920276641846,
    0.04130503907799721,
    0.0223633274435997,
    -0.008137190714478493,
    -0.02489069662988186,
    0.008513880893588066,
    -0.02523033320903778,
    -0.0062883333303034306,
    -0.034033969044685364,
    -0.03436737135052681,
    0.001080522546544671,
    0.0027495105750858784,
    0.03166286274790764,
    -0.012490658089518547,
    -0.0036388353910297155,
    0.019226182252168655,
    0.08025981485843658,
    0.10035964846611023,
    0.07669299840927124,
    -0.09309641271829605,
    -0.03200334683060646,
    0.008783086203038692,
    -0.06251534074544907,
    -0.03264154866337776,
    0.09985170513391495,
    0.04993041604757309,
    -0.082261823117733,
    0.03589385002851486,
    -0.06444296985864639,
