{
  "id": 37,
  "vector": [
    -0.024180196225643158,
    0.02752765081822872,
    -0.030409211292862892,
    0.1124734878540039,
    -0.09644166380167007,
    -0.10047783702611923,
    -0.022657308727502823,
    -0.021933050826191902,
    -0.06488437950611115,
    -0.02719552256166935,
    0.05285927653312683,
    -0.08592233061790466,
    -0.09183550626039505,
    -0.08388727158308029,
    -0.005850484129041433,
    -0.06232236698269844,
    0.04597091302275658,
    -0.011450111865997314,
    -0.10721451044082642,
    -0.045445386320352554,
    0.05415881797671318,
    -0.048357125371694565,
    0.02904011309146881,
    0.052919648587703705,
    0.031114310026168823,
    -0.03812071681022644,
    0.0204266719520092,
    0.0354107990860939,
    -0.04384016618132591,
    -0.05686839297413826,
    -0.007426968310028315,
    0.05734245851635933,
    0.03264760226011276,
    -0.04607800021767616,
    -0.04092417284846306,
    -0.033390581607818604,
    0.04598889872431755,
    -0.034574516117572784,
    0.02889304980635643,
    -0.0702037587761879,
    0.0955188050866127,
    -0.09080903232097626,
    0.03962858021259308,
    0.03829430416226387,
    0.02060399204492569,
    -0.01958680897951126,
    -0.022577937692403793,
    0.12029560655355453,
    0.027133291587233543,
    0.033547524362802505,
    0.029664641246199608,
    -0.04476156085729599,
    -0.05977516621351242,
    0.013153164647519588,
    0.03301660716533661,
    -0.0627351775765419,
    -0.03711594641208649,
    0.021875839680433273,
    0.01482106652110815,
    0.021928919479250908,
    0.03045981004834175,
    0.08200248330831528,
    -0.028032809495925903,
    0.04715079069137573,
    -0.02523404359817505,
    -0.003317194990813732,
    -0.032175756990909576,
    -0.09623928368091583,
    -0.09836313128471375,
    0.07285667210817337,
    0.03049423359334469,
    -0.07087957113981247,
    0.008442215621471405,
    0.0007077580667100847,
    0.027234269306063652,
    0.04336074739694595,
    0.017626609653234482,
    -0.12453000247478485,
    -0.02107197977602482,
    0.04301439970731735,
    -0.011009917594492435,
    0.04641132429242134,
    -0.03281302750110626,
    -0.016010114923119545,
    -0.04430723190307617,
    -0.034004028886556625,
    -0.04396061971783638,
    0.029037442058324814,
    -0.026027970016002655,
    -0.07253902405500412,
    0.006434387061744928,
    -0.01429060660302639,
    -0.013848192989826202,
    -0.008308767341077328,
    -0.07442884892225266,
    0.01182065811008215,
    -0.03382062539458275,
    -0.044842176139354706,
    -0.07348844408988953,
    0.013015677221119404,
    0.060122743248939514,
    0.01962679997086525,
    0.023107748478651047,
    -0.037463027983903885,
    0.0002686400548554957,
    0.024396175518631935,
    0.064071886241436,
    0.0230767372995615,
    0.03664381429553032,
    0.011444821022450924,
    -0.012510308995842934,
    0.02995031140744686,
    -0.007198335137218237,
    0.014861192554235458,
    -0.03536764532327652,
    0.06028008088469505,
    -0.023913783952593803,
    -0.060994308441877365,
    -0.06292549520730972,
    0.07320837676525116,
    -0.08575424551963806,
    -0.07589063048362732,
    0.013259492814540863,
    0.0035450297873467207,
    -0.03509463742375374,
    -0.06141755357384682,
    0.0296338964253664,
    3.8178443883395364e-33,
    -0.07269449532032013,
    -0.05882222205400467,
    0.02063409611582756,
    0.005813912022858858,
    0.08398815989494324,
    -0.0743967816233635,
    0.017104685306549072,
    -0.04081294685602188,
    -0.015719793736934662,
    -0.007137041538953781,
    0.07618999481201172,
    0.004688657820224762,
    -0.026704099029302597,
    0.024843621999025345,
    0.037808313965797424,
    -0.023247890174388885,
    -0.030682841315865517,
    0.0830017477273941,
    0.06672564893960953,
    -0.009029020555317402,
    -0.0550992451608181,
    -0.06379658728837967,
    -0.040772631764411926,
    -0.028369583189487457,
    -0.004911575000733137,
    0.09025762975215912,
    0.015421350486576557,
    -0.08088623732328415,
    -0.022382741793990135,
    0.03217750042676926,
    -0.03626758232712746,
    0.02864428050816059,
    -0.014243497513234615,
    -0.04623866826295853,
    -0.06576624512672424,
    -0.05131110921502113,
    -0.027351222932338715,
    -0.02713664248585701,
    0.004109952598810196,
    -0.01720735989511013,
    0.004966708365827799,
    0.01214428897947073,
    0.0314558707177639,
    0.01580088585615158,
    -0.060641780495643616,
    0.13309550285339355,
    0.003982051275670528,
    0.09695254266262054,
    -0.0031462463084608316,
    -0.009521271102130413,
    0.034014686942100525,
    0.04535066336393356,
    0.04262743145227432,
    0.039089400321245193,
    0.037451691925525665,
    -0.055294472724199295,
    0.011182512156665325,
    0.024875763803720474,
    0.07264991849660873,
    0.04735765978693962,
    -0.0029228331986814737,
    0.07221604883670807,
    -0.04301760345697403,
    0.03251666575670242,
    -0.13649682700634003,
    0.0029561419505625963,
    -0.05291147902607918,
    -0.024505721405148506,
    0.005465521477162838,
    0.0551912747323513,
    0.05551077425479889,
    0.005710929166525602,
    0.02764243632555008,
    0.004355200100690126,
    -0.01028695609420538,
    0.026302972808480263,
    0.10475172847509384,
    0.02589324116706848,
    -0.10088398307561874,
    0.031820137053728104,
    0.009532330557703972,
    0.041009895503520966,
    0.027294011786580086,
    -0.04206955432891846,
    -0.13126742839813232,
    0.07600509375333786,
    -0.05724756792187691,
    0.03428167477250099,
    0.02018604800105095,
    0.05050913989543915,
    -0.07499585300683975,
    0.05633726343512535,
    -0.004441373515874147,
    -0.04925650358200073,
    -0.020691324025392532,
    -3.204486497101837e-33,
    0.035123880952596664,
    0.015209889970719814,
    0.022821664810180664,
    0.02444644644856453,
    0.017895789816975594,
    -0.027348659932613373,
    0.030594902113080025,
    -0.03352253511548042,
    0.09970895946025848,
    0.004389862064272165,
    -0.02097148448228836,
    -0.019105397164821625,
    0.03209640830755234,
    -0.01876399666070938,
    0.010991226881742477,
    0.10306014120578766,
    -0.0025164533872157335,
    0.00040721072582527995,
    0.050711363554000854,
    -0.03934525325894356,
    0.030989985913038254,
    0.030891496688127518,
    0.005775337107479572,
    0.14445962011814117,
    0.006602887064218521,
    0.02913389541208744,
    -0.042302608489990234,
    0.08113568276166916,
    -0.05964154377579689,
    -0.007311906665563583,
    -0.02565034292638302,
    -0.07299454510211945,
    0.035152368247509,
    -0.04910561442375183,
    -0.005271811969578266,
    -0.008938420563936234,
    0.052584208548069,
    0.06477002054452896,
    -0.06259569525718689,
    0.050933271646499634,
    0.0650886669754982,
    0.030269887298345566,
    -0.015274664387106895,
    0.014423908665776253,
    0.01200863067060709,
    -0.08640331774950027,
    0.019013212993741035,
    -0.06909249722957611,
    0.05770369619131088,
    -0.03319739177823067,
    0.08616858720779419,
    -0.016988376155495644,
    -0.10481620579957962,
    0.04661637172102928,
    0.0034757477696985006,
    0.14907369017601013,
    0.09000608325004578,
    0.05157990753650665,
    -0.044881101697683334,
    -0.14053785800933838,
    -0.0828041285276413,
    -0.03630058467388153,
    0.08110959827899933,
    -0.0314643457531929,
    0.031815797090530396,
    0.006281733512878418,
    0.07335056364536285,
    -0.06748559325933456,
    -0.0002465156721882522,
    0.058153070509433746,
    0.015516580082476139,
    0.01377800665795803,
    0.02046072669327259,
    0.06715338677167892,
    -0.029293114319443703,
    0.021246617659926414,
    0.09554564207792282,
    -0.0163304153829813,
    -0.005849637556821108,
    -0.004996555391699076,
    -0.09448608756065369,
    -0.018073176965117455,
    0.023048026487231255,
