{
  "id": 32,
  "vector": [
    -0.06340748816728592,
    0.03659878671169281,
    -0.02052195370197296,
    0.04643465206027031,
    -0.055924028158187866,
    -0.010147303342819214,
    0.07607529312372208,
    0.08347924053668976,
    -0.02825457789003849,
    -0.015680639073252678,
    0.023596344515681267,
    -0.09950904548168182,
    0.006410547532141209,
    -0.051864076405763626,
    0.05084432289004326,
    -0.02725810930132866,
    0.05549034848809242,
    0.01999220810830593,
    -0.14888256788253784,
    -0.0615098737180233,
    0.05078575760126114,
    -0.0766480565071106,
    0.047078583389520645,
    -0.012656969018280506,
    0.05386638641357422,
    -0.00984655600041151,
    0.01399287860840559,
    -0.046173520386219025,
    0.04393651708960533,
    -0.06617797166109085,
    0.09266172349452972,
    0.0590386800467968,
    -0.01829010806977749,
    -0.02378646284341812,
    -0.00266906782053411,
    -0.023234160616993904,
    -0.03798091411590576,
    0.008035092614591122,
    0.009599878452718258,
    -0.017302963882684708,
    -0.023512130603194237,
    0.012702344916760921,
    -0.0013970803702250123,
    -0.07870899885892868,
    -0.04150339588522911,
    -0.042753979563713074,
    0.052165765315294266,
    0.010084123350679874,
    0.00127964757848531,
    -0.03756464645266533,
    0.022930290549993515,
    0.015202310867607594,
    -0.08393892645835876,
    0.04177558422088623,
    0.05867425352334976,
    -0.019437946379184723,
    -0.08393074572086334,
    -0.009954672306776047,
    -0.05468432605266571,
    0.0888194590806961,
    0.02398950234055519,
    0.07926909625530243,
    -0.046019718050956726,
    0.033347371965646744,
    0.02726890705525875,
    -0.034563444554805756,
    -0.0049278466030955315,
    -0.030638109892606735,
    -0.04298608750104904,
    0.003999475389719009,
    -0.03752908483147621,
    0.007653686683624983,
    0.0746198296546936,
    0.01752506196498871,
    0.04254085570573807,
    -0.02276839315891266,
    0.041664257645606995,
    -0.02107277512550354,
    0.060482949018478394,
    -0.05465828627347946,
    -0.07926086336374283,
    -0.045139383524656296,
    0.04115695878863335,
    0.02561223693192005,
    -0.06927841156721115,
    -0.013265861198306084,
    0.02581699751317501,
    0.054181285202503204,
    0.03158263862133026,
    -0.009294862858951092,
    0.021688880398869514,
    0.0419076643884182,
    -0.001254945294931531,
    0.07345225661993027,
    -0.07161040604114532,
    -0.007563035469502211,
    -0.03865041956305504,
    0.022611727938055992,
    -0.03991301730275154,
    0.09162753075361252,
    0.033606935292482376,
    0.018208080902695656,
    0.1211416944861412,
    -0.010541553609073162,
    -0.07417520880699158,
    -0.030142180621623993,
    -0.029585380107164383,
    0.006429958622902632,
    0.02403917722404003,
    0.01663527823984623,
    -0.027925046160817146,
    -0.028644440695643425,
    -0.017437944188714027,
    -0.04036687687039375,
    0.004980627913028002,
    0.08776088058948517,
    0.06174955517053604,
    -0.04777901992201805,
    0.03687969595193863,
    -0.05498760938644409,
    0.04494874179363251,
    -0.03432914614677429,
    0.04522429406642914,
    0.03480124473571777,
    -0.060467153787612915,
    0.016301294788718224,
    -0.03369203582406044,
    4.79142884996688e-33,
    -0.008349367417395115,
    0.0031412893440574408,
    0.03968463093042374,
    -0.010615956969559193,
    -0.04391434043645859,
    -0.07158288359642029,
    -0.008873498067259789,
    -0.019471095874905586,
    0.013797961175441742,
    0.08774003386497498,
    -0.018293024972081184,
    0.01497020572423935,
    0.01844826340675354,
    0.0734655112028122,
    0.0022091048303991556,
    -0.09895563870668411,
    -0.04300893470644951,
    -0.06918152421712875,
    0.05380002409219742,
    -0.008960199542343616,
    -0.08088258653879166,
    -0.004156193230301142,
    0.03082081861793995,
    0.030029496178030968,
    -0.004931249655783176,
    0.025444287806749344,
    0.05210975557565689,
    -0.05300138518214226,
    -0.08653556555509567,
    0.044710081070661545,
    0.10712805390357971,
    0.034014321863651276,
    -0.060986943542957306,
    0.017239585518836975,
    -0.06662703305482864,
    -0.01257676724344492,
    0.0070670051500201225,
    -0.025778744369745255,
    0.019175874069333076,
    -0.023876778781414032,
    0.02788727916777134,
    0.037963882088661194,
    0.061151426285505295,
    0.021319421008229256,
    0.011408602818846703,
    0.00974006112664938,
    0.010857857763767242,
    0.07661952823400497,
    0.07814361900091171,
    0.057146791368722916,
    0.016040146350860596,
    0.07117944955825806,
    0.03813297674059868,
    0.03225284814834595,
    0.059400562196969986,
    0.03791186213493347,
    0.012025916948914528,
    0.06595131754875183,
    0.06805440783500671,
    0.07725731283426285,
    -0.01586243510246277,
    0.026075880974531174,
    -0.09826281666755676,
    0.0982484295964241,
    -0.046288877725601196,
    0.06790592521429062,
    -0.018829859793186188,
    -0.03932112455368042,
    -0.030629711225628853,
    -0.010872673243284225,
    -0.06776320189237595,
    0.01323729008436203,
    0.05001623183488846,
    0.0010512862354516983,
    -0.009175457060337067,
    -0.04335079342126846,
    0.08799926191568375,
    0.05527961999177933,
    0.016060583293437958,
    0.06298089772462845,
    0.07969792187213898,
    0.0029746468644589186,
    0.05156473442912102,
    -0.06479383260011673,
    -0.05045036971569061,
    0.015671398490667343,
    -0.027464814484119415,
    0.005150483921170235,
    0.01656348444521427,
    0.0776943638920784,
    0.043305207043886185,
    0.04295605793595314,
    -0.015126173384487629,
    -0.034745682030916214,
    0.002164972247555852,
    -4.086154279992585e-33,
    0.038210488855838776,
    0.08987513184547424,
    -0.14734408259391785,
    0.07265022397041321,
    0.1147470697760582,
    0.010073719546198845,
    0.06178400292992592,
    0.020664723590016365,
    0.0872703343629837,
    -0.01392598357051611,
    -0.04411252588033676,
    0.00556571688503027,
    0.08266710489988327,
    0.010920433327555656,
    -0.04688739776611328,
    -0.03476676717400551,
    -0.028380127623677254,
    0.047136589884757996,
    0.04333465173840523,
    -0.041637077927589417,
    -0.027049165219068527,
    0.11542844027280807,
    0.016734065487980843,
    -0.01756357215344906,
    0.025273805484175682,
    -0.01711488515138626,
    -0.02463582158088684,
    0.10398947447538376,
    -0.05228647217154503,
    0.007534075062721968,
    0.040279000997543335,
    -0.10583757609128952,
    0.0253727026283741,
    0.0026315117720514536,
    -0.06346745789051056,
    -0.06768262386322021,
    0.011908520013093948,
    0.021035997197031975,
    0.0040023475885391235,
    0.04366437718272209,
    -0.01330646127462387,
    0.0016851862892508507,
    0.0365152508020401,
    0.0284560676664114,
    -0.07565560191869736,
    -0.022653261199593544,
    -0.025085121393203735,
    -0.03227689862251282,
    0.01801721751689911,
    -0.053928256034851074,
    -0.03550850227475166,
    -0.02755625918507576,
    -0.07027940452098846,
    -0.02101711742579937,
    -0.04472719877958298,
    0.09846719354391098,
    0.04047483205795288,
    0.05287615954875946,
    -0.005635723937302828,
    0.003635296830907464,
    -0.006880544126033783,
    0.053199898451566696,
    0.05228444188833237,
    -0.03529653325676918,
    0.06979337334632874,
    -0.012178045697510242,
    -0.0071301450952887535,
    -0.03920792415738106,
    -0.029746251180768013,
    0.030775733292102814,
    0.042362164705991745,
    -0.0553986020386219,
    0.04621178284287453,
    -0.07675860822200775,
    -0.0017459342489019036,
    0.012835763394832611,
    -0.0071916524320840836,
    0.020673438906669617,
    -0.01123158261179924,
    -0.050272081047296524,
    -0.0446072518825531,
    0.028571173548698425,
    0.05556109547615051,
