{
  "id": 1051,
  "vector": [
    -0.027726750820875168,
    0.037414293736219406,
    0.0217329990118742,
    0.0029002015944570303,
    0.03425097465515137,
    0.015792319551110268,
    0.03360408544540405,
    0.05860891938209534,
    -0.034831613302230835,
    0.013676621951162815,
    0.0014224356273189187,
    -0.056151989847421646,
    0.044544193893671036,
    0.05008227005600929,
    -0.07425760477781296,
    0.05198431760072708,
    -0.03776047006249428,
    0.04743950441479683,
    -0.028320545330643654,
    0.02550484612584114,
    0.043242115527391434,
    -0.020403221249580383,
    -0.01211344450712204,
    0.02759329415857792,
    0.08845768123865128,
    0.003207664005458355,
    -0.047316521406173706,
    0.01380499079823494,
    0.0049612862057983875,
    -0.004937881138175726,
    -0.0009052582900039852,
    0.011619611643254757,
    0.055055733770132065,
    0.005734710954129696,
    0.010042295791208744,
    -0.012807287275791168,
    -0.07494468986988068,
    -0.023643508553504944,
    0.00306717655621469,
    0.02528630569577217,
    0.001855469774454832,
    -0.03412124887108803,
    -0.03826742246747017,
    0.009937269613146782,
    -0.035567961633205414,
    -0.04478495568037033,
    0.028099672868847847,
    0.0938696414232254,
    -0.0013629174791276455,
    0.05857175216078758,
    0.05538180470466614,
    0.011421612463891506,
    -0.15075156092643738,
    0.024493031203746796,
    0.029258988797664642,
    -0.07048021256923676,
    -0.004032670985907316,
    -0.01367109827697277,
    -0.045604899525642395,
    0.017041342332959175,
    -0.025088803842663765,
    -0.07157064974308014,
    -0.07939191162586212,
    0.05182458832859993,
    -0.02593132294714451,
    0.10882871598005295,
    -0.05692705512046814,
    0.029369758442044258,
    -0.04980622977018356,
    0.020572615787386894,
    -0.05480997636914253,
    0.029287125915288925,
    -0.006815187633037567,
    0.06782123446464539,
    -0.010111081413924694,
    -0.022938761860132217,
    0.0866202637553215,
    -0.0005929896724410355,
    0.03800002112984657,
    -0.03189201280474663,
    -0.0841294527053833,
    -0.011234741657972336,
    0.004312367644160986,
    0.036082614213228226,
    -0.0031499278265982866,
    -0.0038537464570254087,
    0.013140402734279633,
    0.050989922136068344,
    -0.016943488270044327,
    -0.10277409106492996,
    -0.011234850622713566,
    0.009787334129214287,
    -0.04034159332513809,
    0.09253004938364029,
    0.029966937378048897,
    0.04422134906053543,
    -0.04648991674184799,
    0.016452228650450706,
    0.006318498868495226,
    -0.021186498925089836,
    0.05130486562848091,
    -0.05630799010396004,
    0.1375248283147812,
    -0.08815912157297134,
    -0.0840432196855545,
    -0.04539784416556358,
    0.001893688109703362,
    0.0532892607152462,
    -0.008823203854262829,
    -0.02115705795586109,
    -0.09342113137245178,
    0.0028839309234172106,
    -0.014552158303558826,
    0.011632346548140049,
    -0.011655802838504314,
    -0.022685173898935318,
    0.0679452121257782,
    0.07243894040584564,
    0.0954662337899208,
    0.004993473179638386,
    0.03537948057055473,
    -0.019825896248221397,
    0.0920608639717102,
    -0.016398638486862183,
    -0.040002480149269104,
    -0.028726154938340187,
    0.016995374113321304,
    6.430553601116832e-33,
    -0.04892142862081528,
    0.0041893101297318935,
    -0.02113296091556549,
    0.13095694780349731,
    -0.01712670363485813,
    0.002056628465652466,
    0.03600944206118584,
    -0.02242959663271904,
    0.032180462032556534,
    0.0625518262386322,
    -0.025776037946343422,
    0.057367075234651566,
    0.002083580242469907,
    0.1301082819700241,
    -0.03009267896413803,
    -0.028086163103580475,
    0.010309899225831032,
    -0.04129254072904587,
    0.061374347656965256,
    -0.0677645355463028,
    -0.0704442635178566,
    0.11366669833660126,
    0.07503043860197067,
    0.005965967196971178,
    -0.07698456943035126,
    -0.017573704943060875,
    0.05334723740816116,
    -0.0178613793104887,
    -0.049923527985811234,
    0.022659946233034134,
    0.1597031205892563,
    -0.08273264765739441,
    0.05125844478607178,
    -0.040577877312898636,
    -0.06468474864959717,
    0.09371203184127808,
    -0.04277876019477844,
    0.0012918327702209353,
    0.012330552563071251,
    0.02074807696044445,
    0.06344243884086609,
    0.056807879358530045,
    0.09086331725120544,
    0.00036889431066811085,
    0.004016020335257053,
    0.05345775932073593,
    0.037104327231645584,
    0.012841552495956421,
    -0.0033018775284290314,
    -0.020084822550415993,
    0.04767952859401703,
    -0.026933010667562485,
    -0.019413253292441368,
    -0.0987531915307045,
    0.012660382315516472,
    -0.024310939013957977,
    0.02695307694375515,
    0.06306637823581696,
    -0.016481859609484673,
    0.06085306778550148,
    0.0050916909240186214,
    0.04201790690422058,
    0.020542316138744354,
    -0.020610131323337555,
    0.04723356291651726,
    -0.0818144828081131,
    -0.05822195112705231,
    -0.07273999601602554,
    -0.09022065252065659,
    -0.0208395104855299,
    0.03395268693566322,
    0.10096138715744019,
    0.06856011599302292,
    -0.03090781904757023,
    0.021232716739177704,
    -0.03584776073694229,
    0.010980415157973766,
    0.04505060985684395,
    -0.03341482952237129,
    0.019205672666430473,
    -0.10056479275226593,
    -0.019667472690343857,
    0.015893932431936264,
    -0.05085010826587677,
    -0.07475719600915909,
    0.00314063741825521,
    -0.054839733988046646,
    -0.01061292365193367,
    0.0065969740971922874,
    0.013936571776866913,
    0.008158490061759949,
    -0.014955015853047371,
    -0.03091517463326454,
    -0.03554166108369827,
    -0.011127440258860588,
    -5.6266719528398406e-33,
    -0.02894754521548748,
    0.02164851315319538,
    -0.03213552013039589,
    0.12481721490621567,
    0.05976220220327377,
    0.00948419515043497,
    0.0697927176952362,
    0.11048920452594757,
    0.05490580201148987,
    0.006658642552793026,
    0.048397842794656754,
    0.010420359671115875,
    -0.010953424498438835,
    -0.003940934780985117,
    0.0037256856448948383,
    0.04086357355117798,
    -0.006425241474062204,
    -0.04256012663245201,
    0.002865794813260436,
    -0.06725247949361801,
    -0.09923920780420303,
    0.01918001100420952,
    0.1079137846827507,
    0.0719372108578682,
    0.024636341258883476,
    0.0600263886153698,
    0.01721910759806633,
    -0.002390192821621895,
    -0.0192745141685009,
    -0.026551736518740654,
    0.08208760619163513,
    -0.10650354623794556,
    -0.009110495448112488,
    0.05942403897643089,
    -0.060792215168476105,
    0.016448859125375748,
    0.009666399098932743,
    0.07446552813053131,
    -0.016649257391691208,
    -0.027360791340470314,
    0.02644338272511959,
    -0.07274065911769867,
    0.03961839899420738,
    -0.08523593097925186,
    -0.07046065479516983,
    -0.06551729142665863,
    0.008821429684758186,
    -0.08370278775691986,
    0.03492122143507004,
    0.012561937794089317,
    0.009228927083313465,
    0.021071745082736015,
    -0.05130346864461899,
    -0.02584499679505825,
    0.016448870301246643,
    0.03235640004277229,
    -0.1032395213842392,
    0.016032569110393524,
    0.03344632685184479,
    0.030802644789218903,
    -0.02777339331805706,
    0.031448300927877426,
    -0.05098594352602959,
    -0.036914508789777756,
    0.0019348212517797947,
    0.03919042646884918,
    -0.09642410278320312,
    -0.0873401015996933,
    -0.061406105756759644,
    0.04538041725754738,
    0.058497462421655655,
    0.03391082584857941,
    -0.1034562885761261,
    -0.07531923055648804,
    -0.1033337190747261,
    -0.007931377738714218,
    0.05460464581847191,
    0.04335639998316765,
    0.012949643656611443,
    -0.011123820208013058,
    -0.03538598492741585,
    -0.06495817750692368,
    -0.0629417821764946,
