{
  "id": 1039,
  "vector": [
    -0.06692752987146378,
    0.017423100769519806,
    -0.07377874851226807,
    -0.02760174125432968,
    0.026135478168725967,
    -0.046802129596471786,
    0.08410541713237762,
    0.005564635619521141,
    0.0019145403057336807,
    -0.028850547969341278,
    0.05029028281569481,
    -0.025739820674061775,
    -0.031115762889385223,
    -0.05583557114005089,
    0.030706794932484627,
    0.013493584468960762,
    -0.02364995889365673,
    0.011144297197461128,
    -0.10918930917978287,
    -0.046265486627817154,
    0.07349217683076859,
    0.028866363689303398,
    0.001753042102791369,
    -0.030986608937382698,
    0.015562103129923344,
    0.01896234042942524,
    0.0015102839097380638,
    0.01851576194167137,
    0.04629196226596832,
    -0.057288359850645065,
    0.03420970216393471,
    -0.0004707257903646678,
    -0.05172581970691681,
    0.029516683891415596,
    0.09015383571386337,
    -0.04348452016711235,
    -0.13900773227214813,
    -0.06060517951846123,
    0.04399818554520607,
    0.08437047898769379,
    -0.02034696377813816,
    -0.021817946806550026,
    0.02143065258860588,
    -0.019300362095236778,
    -0.11512375622987747,
    -0.009756245650351048,
    -0.06685154885053635,
    0.07115104049444199,
    0.0510551817715168,
    -0.028667878359556198,
    0.05454716831445694,
    0.05154634639620781,
    -0.0496838316321373,
    0.010013732127845287,
    0.07032417505979538,
    -0.06888698041439056,
    -0.11843640357255936,
    -0.05441799759864807,
    -0.04399363324046135,
    0.06471819430589676,
    0.027306009083986282,
    0.0009841035353019834,
    -0.07619772106409073,
    -0.02611944079399109,
    -0.012784169986844063,
    0.005362389609217644,
    -0.09823174774646759,
    -0.002227089600637555,
    0.012416845187544823,
    0.004744654521346092,
    -0.03277963772416115,
    0.03860630467534065,
    0.029290778562426567,
    -0.021678904071450233,
    -0.03807181492447853,
    -0.03378008306026459,
    0.05578165128827095,
    -0.07486029714345932,
    -0.00009512520773569122,
    0.06046396121382713,
    -0.026852771639823914,
    0.042588990181684494,
    -0.05959032103419304,
    -0.02218189835548401,
    0.027111252769827843,
    -0.040552228689193726,
    -0.01524438988417387,
    0.006590882316231728,
    0.0718773752450943,
    0.08680278062820435,
    -0.01702064648270607,
    0.03804108127951622,
    0.08876637369394302,
    0.014535345137119293,
    -0.035151466727256775,
    0.05145452916622162,
    0.03560151159763336,
    -0.06437976658344269,
    -0.00014602702867705375,
    -0.02535402961075306,
    0.016654793173074722,
    0.016491681337356567,
    0.05160142481327057,
    -0.11376290023326874,
    -0.08487076312303543,
    -0.03196421638131142,
    0.0025134156458079815,
    -0.02475152350962162,
    0.06049496307969093,
    0.07204581797122955,
    -0.08340571820735931,
    -0.05332368239760399,
    0.0005990987992845476,
    -0.048882097005844116,
    0.05180966109037399,
    -0.02401656284928322,
    0.06692486256361008,
    -0.04361388087272644,
    0.05108107253909111,
    -0.06289006024599075,
    -0.013449291698634624,
    -0.007632847409695387,
    0.03595225512981415,
    0.009808908216655254,
    -0.04525681212544441,
    0.08931700140237808,
    -0.013770587742328644,
    5.79277885550263e-33,
    -0.05297411233186722,
    0.04398643970489502,
    -0.0089472820982337,
    0.04316963255405426,
    0.007576929405331612,
    0.02593962848186493,
    -0.011592661030590534,
    0.007251216098666191,
    0.051786188036203384,
    0.03616125136613846,
    -0.04919170215725899,
    0.07243012636899948,
    -0.0922895297408104,
    0.0441351979970932,
    0.050562821328639984,
    -0.06572740525007248,
    0.018055541440844536,
    0.03600761666893959,
    -0.008611045777797699,
    -0.02443612925708294,
    -0.092908576130867,
    0.021327216178178787,
    0.004326862283051014,
    0.04573042318224907,
    -0.08266422152519226,
    0.04908042773604393,
    0.02072359435260296,
    0.012227358296513557,
    0.07856380194425583,
    0.029218977317214012,
    0.112335205078125,
    0.031045373529195786,
    -0.03214896842837334,
    0.011225717142224312,
    -0.08243215829133987,
    0.011665897443890572,
    -0.016063688322901726,
    0.012611149810254574,
    -0.02539878897368908,
    -0.04919501394033432,
    0.029801899567246437,
    0.03528847172856331,
    0.054807666689157486,
    0.026441756635904312,
    -0.015523052774369717,
    0.05838223174214363,
    -0.03252319619059563,
    0.034707553684711456,
    0.054014042019844055,
    -0.027622312307357788,
    -0.05169365555047989,
    0.07033778727054596,
    -0.03407226502895355,
    0.023939497768878937,
    0.04733368381857872,
    0.03728744760155678,
    0.0005438210209831595,
    0.047409120947122574,
    0.051271528005599976,
    0.03715375065803528,
    -0.09532622992992401,
    0.07717058062553406,
    0.08116025477647781,
    0.023078233003616333,
    0.017774207517504692,
    0.003567114705219865,
    0.017390849068760872,
    -0.016917243599891663,
    -0.016041792929172516,
    0.013687897473573685,
    0.00361930881626904,
    0.030397506430745125,
    0.053691089153289795,
    0.0017146295867860317,
    0.00726238964125514,
    -0.06964727491140366,
    0.07756171375513077,
    -0.02123943157494068,
    -0.03591687232255936,
    0.042948462069034576,
    -0.06060875579714775,
    -0.02749079279601574,
    0.07138919085264206,
    -0.017185401171445847,
    0.026220910251140594,
    -0.08970083296298981,
    -0.033259328454732895,
    0.024132616817951202,
    0.044823966920375824,
    0.01033366285264492,
    -0.0008233124972321093,
    -0.02409643866121769,
    0.02812606655061245,
    -0.03824198991060257,
    -0.08690477162599564,
    -5.9834488146518055e-33,
    0.05397283285856247,
    0.006314756348729134,
    -0.05778962001204491,
    0.005180356092751026,
    0.025246284902095795,
    0.012478224001824856,
    -0.034281544387340546,
    0.06398806720972061,
    0.028934357687830925,
    0.0035269930958747864,
    -0.06341949850320816,
    -0.03643412888050079,
    0.044103141874074936,
    -0.014920036308467388,
    0.018531640991568565,
    0.034751761704683304,
    -0.033674679696559906,
    0.05838564410805702,
    -0.050487447530031204,
    -0.007848079316318035,
    -0.05363602191209793,
    -0.002114985603839159,
    0.018697254359722137,
    0.1312539130449295,
    -0.11962249875068665,
    0.04391130432486534,
    0.028695909306406975,
    -0.02185639925301075,
    -0.02330387383699417,
    0.021705394610762596,
    0.050018493086099625,
    -0.0820058062672615,
    0.04164883494377136,
    0.06086853891611099,
    -0.04871625453233719,
    -0.10859871655702591,
    0.07274222373962402,
    0.025356560945510864,
    0.02251271717250347,
    0.009274078533053398,
    0.13294415175914764,
    -0.06821209192276001,
    0.05271507054567337,
    -0.012314876541495323,
    -0.06160065159201622,
    -0.07547695934772491,
    0.041159044951200485,
    -0.18674372136592865,
    0.016095923259854317,
    0.0025046030059456825,
    0.07780633866786957,
    -0.022310249507427216,
    -0.0771343857049942,
    0.0362868532538414,
    0.04285147413611412,
    0.04365292936563492,
    -0.005803491920232773,
    0.0313493050634861,
    0.021856145933270454,
    -0.05497775226831436,
    0.034402843564748764,
    -0.03202049806714058,
    -0.07193044573068619,
    0.036938440054655075,
    0.05488542839884758,
    -0.005039044190198183,
    -0.029432866722345352,
    -0.0686812549829483,
    -0.04540124908089638,
    0.02771921455860138,
    -0.023553557693958282,
    0.003858262440189719,
    0.006120181642472744,
    -0.026975668966770172,
    -0.03958616778254509,
    -0.00849602185189724,
    0.022255467250943184,
    -0.02115642838180065,
    0.07967641949653625,
    -0.006151149980723858,
    -0.10379895567893982,
    -0.01866004429757595,
    -0.02689286321401596,
