{
  "id": 789,
  "vector": [
    -0.044346682727336884,
    0.01131262257695198,
    -0.015691854059696198,
    0.03238687664270401,
    0.04182219132781029,
    -0.025643985718488693,
    0.07554427534341812,
    0.049593061208724976,
    0.01790851168334484,
    -0.13888339698314667,
    0.0018098969012498856,
    -0.11581412702798843,
    -0.025719130411744118,
    0.044738251715898514,
    -0.02655862458050251,
    -0.024186233058571815,
    -0.08717639744281769,
    -0.01380589883774519,
    -0.0908975750207901,
    -0.0157406497746706,
    0.048662494868040085,
    -0.020487185567617416,
    -0.041329141706228256,
    0.03150394558906555,
    -0.007449964992702007,
    0.07587546855211258,
    0.044285159558057785,
    0.008767192251980305,
    0.05138136073946953,
    -0.045739222317934036,
    0.01266615279018879,
    0.09308896213769913,
    -0.00659335358068347,
    -0.05531076341867447,
    -0.0015240024076774716,
    -0.03890185430645943,
    -0.02671985886991024,
    0.013952218927443027,
    0.03563427925109863,
    0.011444407515227795,
    0.06661892682313919,
    0.03908124938607216,
    0.029301835224032402,
    0.06843946874141693,
    -0.04136141389608383,
    -0.008637568913400173,
    -0.06797637045383453,
    0.05433530732989311,
    0.016575276851654053,
    -0.018434716388583183,
    -0.018654821440577507,
    -0.007505964487791061,
    -0.13412782549858093,
    0.02404739148914814,
    0.007508960086852312,
    -0.0335690937936306,
    -0.002309128176420927,
    0.018783356994390488,
    0.000600665167439729,
    0.048844899982213974,
    0.015790194272994995,
    0.09780634194612503,
    -0.042456623166799545,
    0.01708512380719185,
    0.00019212468760088086,
    -0.03908984735608101,
    -0.093032106757164,
    -0.05711919069290161,
    -0.0430237278342247,
    0.017066385596990585,
    -0.05039830505847931,
    -0.011462722904980183,
    0.09998805820941925,
    -0.028132857754826546,
    -0.08407740294933319,
    -0.06178956851363182,
    0.06469811499118805,
    -0.06014758720993996,
    -0.02157703973352909,
    0.12091778963804245,
    -0.07729107141494751,
    0.016110748052597046,
    -0.03757602721452713,
    0.028988465666770935,
    0.05691682919859886,
    -0.01586277037858963,
    0.0020857800263911486,
    -0.036949530243873596,
    0.030747437849640846,
    -0.0962415263056755,
    -0.08811382949352264,
    0.01660825125873089,
    0.024989096447825432,
    -0.04805905744433403,
    0.027465248480439186,
    0.14531829953193665,
    -0.06577867269515991,
    0.002791131380945444,
    0.00026648613857105374,
    0.0040907789953053,
    -0.008674281649291515,
    -0.03240529075264931,
    0.06990731507539749,
    -0.046298038214445114,
    0.0012333117192611098,
    -0.016568806022405624,
    0.059258926659822464,
    0.05947662517428398,
    0.02573625184595585,
    0.05508418381214142,
    -0.07937761396169662,
    -0.08261234313249588,
    -0.02013806812465191,
    0.02462843433022499,
    0.00991912093013525,
    0.008940843865275383,
    0.009160774759948254,
    -0.010905615985393524,
    -0.0009971255203709006,
    0.03444504737854004,
    0.01936298795044422,
    -0.06419218331575394,
    0.07842753827571869,
    -0.008702906779944897,
    -0.05025855451822281,
    0.021156176924705505,
    0.06889380514621735,
    7.078655248274e-34,
    -0.014962430112063885,
    -0.0408078134059906,
    0.0366039052605629,
    0.01626683957874775,
    -0.026981912553310394,
    -0.04163644462823868,
    0.014258820563554764,
    0.003582489676773548,
    -0.010433148592710495,
    -0.015224817208945751,
    -0.04136745259165764,
    0.04292751103639603,
    -0.09268202632665634,
    0.044438544660806656,
    -0.07347851991653442,
    -0.07744307816028595,
    0.0467003770172596,
    0.02076834626495838,
    -0.013288190588355064,
    -0.04255625978112221,
    -0.028004931285977364,
    0.008171583525836468,
    -0.04691736027598381,
    -0.0031821078155189753,
    -0.056349869817495346,
    -0.05149369686841965,
    0.02563958428800106,
    -0.03673639893531799,
    0.0718509629368782,
    0.021580828353762627,
    0.008834774605929852,
    -0.005161386448889971,
    -0.026204902678728104,
    0.02232479117810726,
    -0.024146119132637978,
    0.04154380410909653,
    -0.06057937070727348,
    0.021227870136499405,
    0.035600900650024414,
    0.029562462121248245,
    0.009017056785523891,
    0.08722145110368729,
    0.12832532823085785,
    0.010381572879850864,
    -0.021382784470915794,
    0.06434369087219238,
    -0.10453405976295471,
    0.03297659382224083,
    0.07320654392242432,
    -0.016293354332447052,
    -0.020702585577964783,
    0.009455238468945026,
    -0.05505890026688576,
    0.06833392381668091,
    0.013294280506670475,
    -0.05764234811067581,
    -0.019003532826900482,
    0.03392348438501358,
    -0.04190940409898758,
    0.026895752176642418,
    -0.07284294068813324,
    0.004613063298165798,
    -0.04653747379779816,
    0.010612539015710354,
    0.04972205311059952,
    0.08541924506425858,
    -0.05266560986638069,
    -0.008354488760232925,
    0.09692464023828506,
    -0.1131913810968399,
    -0.10092875361442566,
    0.008263331837952137,
    0.023030681535601616,
    0.013596422970294952,
    0.01942520961165428,
    -0.051845937967300415,
    0.16766518354415894,
    0.002782898023724556,
    -0.004240645561367273,
    0.11431828886270523,
    -0.08368793874979019,
    0.00929893460124731,
    0.054960962384939194,
    0.06621600687503815,
    -0.03425571322441101,
    -0.00040346512105315924,
    -0.006818854250013828,
    0.041046109050512314,
    0.047577470541000366,
    -0.059891317039728165,
    0.019254568964242935,
    -0.04764951020479202,
    0.019898956641554832,
    -0.10491963475942612,
    -0.0321282334625721,
    -1.0358723460739817e-33,
    -0.02035275287926197,
    0.012110437266528606,
    0.02475728839635849,
    0.05574707314372063,
    0.11147166788578033,
    -0.007349669933319092,
    0.023459671065211296,
    0.044595688581466675,
    0.09762702137231827,
    0.035421259701251984,
    -0.009985229931771755,
    -0.003395568812265992,
    0.03689557686448097,
    0.010167453438043594,
    -0.15552736818790436,
    0.07445796579122543,
    0.12883275747299194,
    0.028941109776496887,
    0.04427376016974449,
    0.014309029094874859,
    -0.014884884469211102,
    0.04151783883571625,
    0.04393177479505539,
    -0.02583276852965355,
    0.0031096437014639378,
    -0.0015079746954143047,
    0.07212784886360168,
    -0.06604166328907013,
    -0.00790407508611679,
    0.06534627825021744,
    0.03787209466099739,
    -0.03815920650959015,
    0.028584185987710953,
    -0.041825953871011734,
    -0.05005033686757088,
    -0.0311814583837986,
    -0.027167240157723427,
    -0.03357621654868126,
    -0.016378363594412804,
    0.08065066486597061,
    0.02319781295955181,
    -0.09953790158033371,
    0.08407200127840042,
    -0.007047348190099001,
    0.016052883118391037,
    -0.029551543295383453,
    0.07038389146327972,
    -0.058969974517822266,
    -0.0380525104701519,
    -0.046438269317150116,
    0.01700448803603649,
    -0.005049665458500385,
    -0.10636933892965317,
    0.01582293212413788,
    -0.004211597144603729,
    -0.00013283855514600873,
    0.0738556757569313,
    0.0866575613617897,
    -0.06926319003105164,
    -0.03369658440351486,
    0.07996874302625656,
    0.039003971964120865,
    -0.04168789088726044,
    -0.030627038329839706,
    -0.0012096131686121225,
    0.031026914715766907,
    0.015334662050008774,
    0.007591131143271923,
    -0.034071628004312515,
    -0.05203680321574211,
    0.05101510509848595,
    -0.05151576176285744,
    0.09509197622537613,
    -0.007227693684399128,
    0.03638589382171631,
    -0.08187153935432434,
    -0.0821370780467987,
    0.004894399084150791,
    0.052865490317344666,
    0.03307036682963371,
    -0.0032224978785961866,
    0.0040275841020047665,
    -0.08156431466341019,
