{
  "id": 159,
  "vector": [
    -0.03726935386657715,
    0.07651866972446442,
    0.014940000139176846,
    0.010775820352137089,
    -0.12233500182628632,
    0.0002644493943080306,
    0.020025674253702164,
    0.04631352052092552,
    -0.05906513333320618,
    0.013186145573854446,
    0.053765732795000076,
    -0.05553538724780083,
    0.010098200291395187,
    0.011958569288253784,
    -0.02001529186964035,
    0.010931625962257385,
    -0.07060003280639648,
    0.022860828787088394,
    -0.05735934525728226,
    0.04495710879564285,
    -0.05782660096883774,
    -0.07929970324039459,
    -0.02918892912566662,
    0.019472789019346237,
    -0.07926076650619507,
    0.03593677282333374,
    -0.01672440953552723,
    -0.007953735999763012,
    0.033143263310194016,
    -0.059715837240219116,
    0.0352940633893013,
    0.1399097889661789,
    0.031170684844255447,
    0.04038328304886818,
    0.08226553350687027,
    -0.023245343938469887,
    -0.026913072913885117,
    0.023968759924173355,
    0.12995827198028564,
    -0.04998154193162918,
    0.03295149281620979,
    0.032697707414627075,
    0.0784534439444542,
    0.036148551851511,
    0.044686004519462585,
    -0.05687265843153,
    -0.06005403771996498,
    0.027084246277809143,
    -0.024139270186424255,
    0.02680741809308529,
    0.052028656005859375,
    0.06556018441915512,
    -0.02381623163819313,
    0.006590480450540781,
    0.02655014395713806,
    -0.09521538764238358,
    -0.01404136698693037,
    -0.020805319771170616,
    -0.007390593644231558,
    0.047828398644924164,
    -0.032909080386161804,
    -0.03988863155245781,
    -0.024423036724328995,
    -0.059704575687646866,
    -0.08323102444410324,
    0.03475915640592575,
    -0.021916039288043976,
    -0.031079892069101334,
    -0.07673821598291397,
    0.013881555758416653,
    -0.003058317583054304,
    0.014091257937252522,
    -0.020569898188114166,
    -0.010891316458582878,
    -0.021055955439805984,
    -0.06500978022813797,
    0.05271906033158302,
    -0.07862333953380585,
    -0.09858241677284241,
    -0.0468086339533329,
    -0.08374140411615372,
    -0.014855505898594856,
    0.04557427018880844,
    0.010322623886168003,
    -0.03634517639875412,
    -0.04676900431513786,
    0.027697337791323662,
    0.04387936368584633,
    0.030196046456694603,
    -0.03795340284705162,
    -0.04042855650186539,
    0.03814880549907684,
    -0.03611479699611664,
    0.017169350758194923,
    -0.05635400488972664,
    0.03940461203455925,
    -0.013947016559541225,
    -0.008738313801586628,
    0.09314355999231339,
    0.04224768653512001,
    0.06517165154218674,
    0.004730896092951298,
    0.07803337275981903,
    -0.015254151076078415,
    -0.0239645317196846,
    0.003901428310200572,
    -0.005160835571587086,
    -0.03210711479187012,
    -0.023519176989793777,
    -0.012377731502056122,
    -0.04355663061141968,
    0.025555294007062912,
    0.03676071763038635,
    0.0043219709768891335,
    -0.002322814892977476,
    -0.01955665647983551,
    -0.0055730328895151615,
    0.0033573578111827374,
    0.06888061761856079,
    -0.05828913301229477,
    0.09207748621702194,
    0.035176124423742294,
    0.06260094791650772,
    -0.006265208125114441,
    -0.06898058205842972,
    -0.0035059002693742514,
    0.06300456821918488,
    5.978895243410308e-33,
    -0.006041211076080799,
    -0.03783420845866203,
    -0.008841963484883308,
    0.0333012156188488,
    0.06784045696258545,
    -0.006186703685671091,
    0.05192946642637253,
    -0.017500916495919228,
    0.07751002907752991,
    0.04773705452680588,
    -0.0118735171854496,
    -0.008885879069566727,
    0.007146974094212055,
    0.049593694508075714,
    0.01859067752957344,
    -0.006419377401471138,
    -0.011476819403469563,
    0.03167710825800896,
    0.04851693660020828,
    -0.03857986629009247,
    -0.07231304049491882,
    -0.06098048388957977,
    0.07633616775274277,
    -0.025985904037952423,
    -0.06694620102643967,
    0.07437247037887573,
    0.0282586719840765,
    0.07246232777833939,
    -0.003238667268306017,
    -0.005746991839259863,
    0.10208485275506973,
    -0.07292087376117706,
    0.05485280975699425,
    0.005713402293622494,
    0.04483596235513687,
    0.057017501443624496,
    -0.07963962852954865,
    -0.014177616685628891,
    0.05045842006802559,
    -0.019429393112659454,
    0.022853901609778404,
    -0.0006683555548079312,
    0.000498706940561533,
    -0.07853122800588608,
    -0.07985056936740875,
    0.0705564096570015,
    0.08461154997348785,
    -0.0170300155878067,
    0.16347470879554749,
    0.021056530997157097,
    -0.02732059545814991,
    0.006979243364185095,
    -0.01190839521586895,
    -0.03772693872451782,
    0.010572102852165699,
    -0.03077739290893078,
    -0.04038764163851738,
    -0.019436027854681015,
    -0.0029686670750379562,
    0.08791640400886536,
    0.07349330186843872,
    -0.026524877175688744,
    -0.009803608991205692,
    -0.041032206267118454,
    0.029681246727705002,
    0.02277805469930172,
    -0.05768421292304993,
    0.019985118880867958,
    0.04337909072637558,
    -0.016596073284745216,
    0.005896901246160269,
    0.004408280365169048,
    0.07709033042192459,
    -0.09142863750457764,
    0.07159092277288437,
    -0.002571152988821268,
    0.12475980073213577,
    0.07298171520233154,
    -0.022599125280976295,
    0.04027191922068596,
    -0.055266838520765305,
    0.017295800149440765,
    0.021843401715159416,
    -0.12197551131248474,
    0.000021305468180798925,
    0.05801407992839813,
    -0.04404151439666748,
    0.043132275342941284,
    -0.04608403146266937,
    -0.01131534669548273,
    -0.06064176559448242,
    0.009130928665399551,
    -0.028385162353515625,
    -0.0022428007796406746,
    -0.005826530512422323,
    -6.61903016127577e-33,
    -0.04368489980697632,
    0.06081569567322731,
    -0.06414740532636642,
    -0.0060315183363854885,
    0.06830170750617981,
    -0.011097638867795467,
    -0.03586897626519203,
    0.14210772514343262,
    0.05600487440824509,
    -0.03264292702078819,
    -0.061146676540374756,
    -0.013149461708962917,
    0.020883481949567795,
    -0.062371619045734406,
    -0.01657414622604847,
    0.033097706735134125,
    0.06854831427335739,
    -0.02991391532123089,
    -0.004759604576975107,
    -0.022274279966950417,
    -0.038707852363586426,
    0.07265552878379822,
    -0.04808356612920761,
    0.11423290520906448,
    -0.011787688359618187,
    -0.000671736488584429,
    0.0167122520506382,
    -0.05051610246300697,
    0.11142145097255707,
    0.0633222684264183,
    0.0595850795507431,
    -0.18567030131816864,
    -0.015981193631887436,
    0.002761086681857705,
    -0.020424989983439445,
    -0.09370362013578415,
    0.060022927820682526,
    0.047202032059431076,
    -0.012901109643280506,
    -0.010561126284301281,
    -0.009949421510100365,
    -0.02445148304104805,
    -0.00210974900983274,
    0.007332538720220327,
    0.032634127885103226,
    0.03784453496336937,
    -0.07678106427192688,
    -0.019926367327570915,
    0.006750249769538641,
    -0.0040571801364421844,
    -0.02307392656803131,
    0.03612785041332245,
    -0.06951019167900085,
    -0.06783618777990341,
    -0.010020814836025238,
    0.035783473402261734,
    -0.020119182765483856,
    0.027341095730662346,
    0.03673025220632553,
    -0.08697062730789185,
    -0.04164286330342293,
    -0.04174100607633591,
    -0.038753289729356766,
    -0.010968415066599846,
    -0.04300627484917641,
    0.04519838094711304,
    -0.025412840768694878,
    -0.149362251162529,
    -0.09475281834602356,
    0.06350959092378616,
    -0.01992364600300789,
    0.043403420597314835,
    -0.08598819375038147,
    -0.04968426376581192,
    -0.09016260504722595,
    -0.0016324250027537346,
    0.020225415006279945,
    -0.03007436729967594,
    0.09964925795793533,
    -0.04365681856870651,
    -0.008519417606294155,
    -0.0014028024161234498,
