{
  "id": 927,
  "vector": [
    -0.03253937140107155,
    0.021462896838784218,
    0.0002274587459396571,
    0.01857747882604599,
    -0.001274690730497241,
    0.026581812649965286,
    0.05696715787053108,
    0.07470636069774628,
    0.011633574962615967,
    -0.005239951424300671,
    0.0370953306555748,
    -0.09365056455135345,
    0.03537299856543541,
    -0.05232369154691696,
    0.011008827947080135,
    -0.05573282018303871,
    -0.01946869120001793,
    0.02259591408073902,
    -0.137876495718956,
    -0.10699847340583801,
    -0.0037709118332713842,
    0.017028067260980606,
    0.035052668303251266,
    -0.05728260427713394,
    -0.008310027420520782,
    0.041547633707523346,
    -0.010192384012043476,
    -0.012436265125870705,
    -0.0034920545294880867,
    -0.012052390724420547,
    0.009808072820305824,
    0.06547360122203827,
    -0.10686878114938736,
    -0.012042378075420856,
    0.002666629385203123,
    -0.0074263643473386765,
    -0.11079762130975723,
    -0.0014200039440765977,
    0.10676982998847961,
    0.0014281896874308586,
    0.059243544936180115,
    -0.0557221919298172,
    0.08032866567373276,
    -0.020749561488628387,
    -0.10113225877285004,
    -0.01952374540269375,
    -0.026389051228761673,
    0.06789887696504593,
    0.0023405745159834623,
    -0.027415113523602486,
    0.0337047204375267,
    0.014207979664206505,
    -0.06946597993373871,
    0.0207379013299942,
    0.01559390127658844,
    -0.046247050166130066,
    0.018296653404831886,
    0.01831362210214138,
    -0.04541483893990517,
    0.05615014582872391,
    0.023921402171254158,
    -0.007568974979221821,
    -0.07548098266124725,
    -0.012350102886557579,
    -0.011067858897149563,
    0.01744806580245495,
    -0.007600755896419287,
    -0.03353492170572281,
    -0.0031104821246117353,
    0.059286534786224365,
    -0.024904223158955574,
    0.00677083246409893,
    -0.0051247733645141125,
    0.017746349796652794,
    -0.069367416203022,
    -0.02891596034169197,
    0.019401507452130318,
    -0.049431901425123215,
    0.009035498835146427,
    -0.021550824865698814,
    -0.033386267721652985,
    0.04379076510667801,
    0.007728008087724447,
    0.0226525217294693,
    -0.04611997678875923,
    -0.00395905552431941,
    0.008074339479207993,
    0.023410353809595108,
    0.06311376392841339,
    0.03778361156582832,
    0.062006235122680664,
    0.037043165415525436,
    -0.05983633175492287,
    -0.059070877730846405,
    -0.07681785523891449,
    0.08379103988409042,
    -0.0484558530151844,
    -0.025884082540869713,
    0.018019309267401695,
    0.002916277851909399,
    0.041203778237104416,
    -0.05516398698091507,
    0.05691368877887726,
    0.013778414577245712,
    -0.021041449159383774,
    0.006768219638615847,
    -0.01957491785287857,
    -0.01679016649723053,
    0.01156252808868885,
    0.04304599389433861,
    -0.07512114942073822,
    0.0019547613337635994,
    -0.025435779243707657,
    -0.022384420037269592,
    0.04820886254310608,
    -0.020589163526892662,
    0.09341385960578918,
    -0.027693387120962143,
    0.0706542506814003,
    -0.0628989115357399,
    0.07567326724529266,
    -0.02953055500984192,
    0.050339486449956894,
    0.039653804153203964,
    -0.0830116868019104,
    0.05371575430035591,
    -0.00882207415997982,
    7.767814341711498e-33,
    -0.06677355617284775,
    -0.000852087396197021,
    0.09257473051548004,
    0.012019908055663109,
    0.004774454981088638,
    -0.020901331678032875,
    -0.02203531004488468,
    -0.03663666918873787,
    -0.02388233132660389,
    0.03982279822230339,
    -0.03792726248502731,
    0.0445806123316288,
    -0.0811493918299675,
    0.03179444000124931,
    -0.015560120344161987,
    -0.015984095633029938,
    -0.01818971522152424,
    0.09003599733114243,
    -0.03036211058497429,
    -0.051555003970861435,
    -0.05836404860019684,
    0.09313186258077621,
    0.020668137818574905,
    0.10564766079187393,
    -0.05528055131435394,
    0.0653509646654129,
    0.07967615872621536,
    -0.0049919914454221725,
    -0.02590261958539486,
    -0.006567126605659723,
    0.14155028760433197,
    -0.03880850225687027,
    -0.029623160138726234,
    -0.03918134793639183,
    -0.009112653322517872,
    -0.002442568074911833,
    -0.05377990007400513,
    -0.005725995637476444,
    0.04855874553322792,
    -0.05016251653432846,
    0.03721035644412041,
    -0.004221282433718443,
    0.13931363821029663,
    0.10400822758674622,
    -0.07388091087341309,
    0.05987796559929848,
    -0.016032986342906952,
    -0.08299066126346588,
    0.048364993184804916,
    -0.000581543252337724,
    0.011381657794117928,
    0.02546657621860504,
    0.0490381233394146,
    -0.012885693460702896,
    0.09335270524024963,
    0.06564649939537048,
    -0.015041780658066273,
    0.12327573448419571,
    0.03469206392765045,
    0.04403070732951164,
    -0.04439650475978851,
    -0.0024288215208798647,
    0.017734605818986893,
    -0.004194683860987425,
    0.040275901556015015,
    0.020636970177292824,
    -0.12670202553272247,
    -0.07762110978364944,
    0.033039581030607224,
    0.0014774183509871364,
    0.024228455498814583,
    0.026040691882371902,
    0.12533266842365265,
    0.016319716349244118,
    0.12065119296312332,
    -0.02172033302485943,
    0.09341295808553696,
    -0.030568890273571014,
    -0.04481537267565727,
    0.08901914954185486,
    -0.06552055478096008,
    0.0091457050293684,
    0.05498654767870903,
    -0.0877034142613411,
    -0.03062201291322708,
    -0.08226136118173599,
    -0.08214571326971054,
    0.016138186678290367,
    0.01760275661945343,
    0.007939150556921959,
    0.02613637037575245,
    -0.016092030331492424,
    -0.03454158455133438,
    0.020949507132172585,
    -0.12331520766019821,
    -6.883777937703842e-33,
    0.003816434647887945,
    0.05893517658114433,
    0.03598656505346298,
    0.04330617934465408,
    -0.00446291733533144,
    -0.021356675773859024,
    -0.03252536803483963,
    0.10318893939256668,
    -0.01415377389639616,
    -0.022613778710365295,
    0.015182148665189743,
    0.0027863106224685907,
    -0.006919391918927431,
    -0.02112448774278164,
    -0.073910653591156,
    0.0554216168820858,
    0.046982284635305405,
    0.03395375981926918,
    -0.03181734308600426,
    0.004627594258636236,
    -0.07685435563325882,
    0.03773261234164238,
    0.06938436627388,
    0.1275305598974228,
    -0.0784863755106926,
    -0.05410400778055191,
    0.06696528941392899,
    -0.057673268020153046,
    -0.054110124707221985,
    0.0593583770096302,
    0.08321534097194672,
    -0.1003928855061531,
    0.025854287669062614,
    0.06994804739952087,
    -0.08831986039876938,
    -0.12393134832382202,
    0.10769076645374298,
    0.0025038414169102907,
    -0.01612812653183937,
    0.000019960059944423847,
    0.08170595020055771,
    -0.04951079189777374,
    0.03465038165450096,
    -0.024578586220741272,
    -0.03471092879772186,
    -0.025475999340415,
    -0.04478058964014053,
    -0.04973643645644188,
    -0.03827686607837677,
    -0.018273241817951202,
    0.024217039346694946,
    -0.015827808529138565,
    -0.04795673489570618,
    -0.051100537180900574,
    -0.0038538556545972824,
    0.0056129200384020805,
    -0.034302134066820145,
    0.006737549789249897,
    0.009816517122089863,
    0.027903852984309196,
    0.03280089795589447,
    -0.07014820724725723,
    -0.018464354798197746,
    -0.011131239123642445,
    0.014895090833306313,
    0.05177988484501839,
    -0.04786550998687744,
    0.0011764912633225322,
    -0.010077737271785736,
    0.05827050656080246,
    0.029019499197602272,
    0.04293408989906311,
    -0.05329982936382294,
    -0.07994341105222702,
    0.09218519926071167,
    0.0054453639313578606,
    0.05850384756922722,
    -0.022746877744793892,
    0.029256870970129967,
    0.01788509637117386,
    -0.036279141902923584,
    0.010743552818894386,
    -0.07930336147546768,
