{
  "id": 546,
  "vector": [
    0.006699971854686737,
    0.04626941680908203,
    0.0011052013142034411,
    0.008571984246373177,
    0.03367144614458084,
    -0.03603633865714073,
    0.04457686468958855,
    0.08501815795898438,
    0.044015079736709595,
    -0.011969631537795067,
    -0.02283378317952156,
    -0.039378874003887177,
    -0.005284139886498451,
    0.1414760798215866,
    -0.07989426702260971,
    -0.05580175295472145,
    -0.07670123130083084,
    -0.001226401305757463,
    -0.054161056876182556,
    0.061010975390672684,
    0.023846140131354332,
    0.0679597482085228,
    -0.042612578719854355,
    0.030265135690569878,
    0.013910680077970028,
    0.02036185935139656,
    -0.04789360612630844,
    -0.024342995136976242,
    0.09409994632005692,
    -0.06932281702756882,
    0.09214828163385391,
    -0.01212760154157877,
    0.027834365144371986,
    -0.005351969040930271,
    -0.012238658033311367,
    -0.05896629020571709,
    -0.05004699155688286,
    -0.008551479317247868,
    0.10337086766958237,
    0.09576980769634247,
    0.05160210281610489,
    0.07244259864091873,
    0.003985777962952852,
    -0.0013753954553976655,
    -0.0335029698908329,
    0.021203676238656044,
    -0.05872847139835358,
    0.10622598230838776,
    0.02789115160703659,
    -0.04283815622329712,
    0.032208770513534546,
    -0.04194976016879082,
    -0.16172154247760773,
    0.06477416306734085,
    0.03932705149054527,
    -0.11232920736074448,
    0.012589804828166962,
    -0.006936901248991489,
    -0.06097834184765816,
    0.095045305788517,
    0.029880110174417496,
    0.04877249523997307,
    -0.03086315654218197,
    -0.01946745626628399,
    -0.00012674552272073925,
    -0.016924789175391197,
    -0.0895397812128067,
    -0.010435362346470356,
    0.005664067808538675,
    0.03672483563423157,
    -0.0356898158788681,
    -0.0033194387797266245,
    0.01837124675512314,
    -0.0357893630862236,
    -0.004189752042293549,
    -0.0863269716501236,
    0.006244516931474209,
    -0.021142495796084404,
    0.013632823713123798,
    0.06858458369970322,
    0.001054112915880978,
    -0.04238579794764519,
    -0.05711786448955536,
    0.04860946163535118,
    0.0499216727912426,
    0.0043462240137159824,
    0.011905280873179436,
    0.03616000711917877,
    0.06796430051326752,
    -0.08452055603265762,
    -0.05171525478363037,
    0.07934471219778061,
    0.014542540535330772,
    -0.06133875623345375,
    -0.012510710395872593,
    0.06763056665658951,
    -0.07129059731960297,
    0.023670751601457596,
    0.000058239522331859916,
    0.010251208208501339,
    -0.03758338838815689,
    -0.030661894008517265,
    0.07628313452005386,
    -0.07778534293174744,
    -0.06505237519741058,
    0.015073277987539768,
    -0.011717233806848526,
    0.04152916744351387,
    0.0344848595559597,
    -0.016464756801724434,
    -0.0338880755007267,
    0.008084784261882305,
    -0.04420027881860733,
    0.05140574276447296,
    0.03308206796646118,
    -0.031292639672756195,
    0.09391298145055771,
    -0.0404125452041626,
    -0.035812560468912125,
    0.01928199641406536,
    0.04914410784840584,
    -0.0471014529466629,
    0.0314292274415493,
    0.005150126293301582,
    -0.09042349457740784,
    0.029599789530038834,
    0.10830245912075043,
    3.24217211130523e-33,
    -0.07560187578201294,
    0.059235312044620514,
    -0.009132894687354565,
    -0.01974514126777649,
    0.013101552613079548,
    0.01399038266390562,
    -0.014877109788358212,
    -0.026717934757471085,
    0.01989666372537613,
    0.05698088929057121,
    -0.002483037766069174,
    -0.024985330179333687,
    -0.08974432945251465,
    0.05062759295105934,
    -0.020331064239144325,
    -0.016567420214414597,
    0.07652070373296738,
    0.04432947188615799,
    -0.0012121533509343863,
    -0.06902077794075012,
    -0.03907140716910362,
    0.04904184862971306,
    -0.07573197782039642,
    0.015569773502647877,
    -0.03699306771159172,
    0.0067605855874717236,
    -0.03615694120526314,
    -0.0038856002502143383,
    0.008833438158035278,
    -0.007107465993613005,
    0.13944301009178162,
    0.041850749403238297,
    -0.05455769971013069,
    0.023002110421657562,
    -0.034874722361564636,
    -0.08059278130531311,
    -0.09080462902784348,
    -0.0332941934466362,
    0.07508443295955658,
    -0.12684035301208496,
    0.029128573834896088,
    0.09426748752593994,
    0.13000674545764923,
    0.043173909187316895,
    -0.017181027680635452,
    0.03722486272454262,
    -0.08725918084383011,
    0.02641804702579975,
    0.12444121390581131,
    -0.01073702983558178,
    -0.013113770633935928,
    0.06115918233990669,
    -0.022910574451088905,
    0.013528436422348022,
    -0.01482035405933857,
    0.005524452775716782,
    -0.017159415408968925,
    0.05685550719499588,
    0.06503383815288544,
    0.03753921389579773,
    0.0013116906629875302,
    0.028085941448807716,
    -0.046812426298856735,
    0.002172137377783656,
    0.06665752828121185,
    -0.03870497643947601,
    0.00020777223107870668,
    -0.011786124669015408,
    0.04197210446000099,
    -0.07586252689361572,
    -0.0731668695807457,
    -0.030487583950161934,
    -0.011008850298821926,
    -0.02148224413394928,
    -0.05619968846440315,
    -0.03236201032996178,
    0.12303439527750015,
    0.03894702345132828,
    -0.006487764418125153,
    0.10153928399085999,
    -0.11414992809295654,
    -0.0025096009485423565,
    0.021405372768640518,
    -0.04551348835229874,
    -0.0652802586555481,
    -0.024280773475766182,
    0.08768878877162933,
    0.03603888675570488,
    -0.00825775507837534,
    -0.03546636551618576,
    0.07885447144508362,
    -0.0001379531604470685,
    -0.03957873582839966,
    -0.03407520800828934,
    0.028264448046684265,
    -3.738193258469803e-33,
    0.017794407904148102,
    -0.0403490774333477,
    0.04743516817688942,
    0.03500838205218315,
    0.04544946923851967,
    0.0224736537784338,
    0.004341950640082359,
    0.046054352074861526,
    0.08097703754901886,
    0.053241293877363205,
    -0.020001839846372604,
    0.02756194770336151,
    0.00581610482186079,
    0.03294658288359642,
    -0.013151799328625202,
    0.04523163288831711,
    0.1089484840631485,
    -0.005876391194760799,
    -0.05065616965293884,
    -0.019918564707040787,
    -0.026128074154257774,
    0.04747739061713219,
    -0.02941581979393959,
    -0.03882244974374771,
    -0.0283915214240551,
    0.02708221971988678,
    0.05013478174805641,
    -0.10120459645986557,
    0.0005331282154656947,
    0.042701538652181625,
    0.0253958348184824,
    -0.03625592589378357,
    -0.04195176437497139,
    -0.0357244536280632,
    -0.0917121022939682,
    -0.08504066616296768,
    0.07774773985147476,
    -0.050277240574359894,
    -0.04452035203576088,
    -0.03149859979748726,
    0.0998382419347763,
    -0.031697604805231094,
    -0.008771095424890518,
    0.027588803321123123,
    -0.005019787698984146,
    -0.011901894584298134,
    0.06706008315086365,
    -0.04278615117073059,
    0.02268989384174347,
    -0.002910205628722906,
    0.015512348152697086,
    0.037165798246860504,
    -0.06775978952646255,
    0.01795998029410839,
    0.015611622482538223,
    -0.021356146782636642,
    0.0572311133146286,
    -0.03163905814290047,
    -0.02295413240790367,
    -0.03949316218495369,
    0.019937865436077118,
    0.0007051170687191188,
    -0.07461865246295929,
    -0.03446891903877258,
    -0.04864438623189926,
    -0.002001171698793769,
    0.006388407200574875,
    0.019855931401252747,
    0.03423628583550453,
    -0.0679432675242424,
    0.042024657130241394,
    0.13939166069030762,
    0.09479591995477676,
    -0.10628192126750946,
    -0.11604262888431549,
    -0.019948657602071762,
    -0.014195840805768967,
    -0.04035523161292076,
    -0.009396453388035297,
    -0.0038394732400774956,
    0.006657616700977087,
    0.013782844878733158,
    -0.10080510377883911,
