{
  "id": 14,
  "vector": [
    0.0006617059116251767,
    0.040546298027038574,
    -0.009379412047564983,
    0.030510680750012398,
    -0.10951636731624603,
    0.020552292466163635,
    0.07816603034734726,
    0.048495061695575714,
    0.0103325629606843,
    0.045300889760255814,
    0.08139488101005554,
    -0.09400633722543716,
    0.00963595975190401,
    0.032020892947912216,
    0.025021743029356003,
    0.05620996654033661,
    0.04315312206745148,
    -0.01862184889614582,
    -0.15508249402046204,
    -0.06876882165670395,
    0.018404129892587662,
    -0.0596722774207592,
    0.02352173626422882,
    -0.049788545817136765,
    0.04513733461499214,
    0.023284059017896652,
    0.005174030549824238,
    -0.013210413977503777,
    -0.005449195858091116,
    -0.07219414412975311,
    0.03078756295144558,
    0.1169828474521637,
    0.08060336858034134,
    0.023491283878684044,
    -0.0229543074965477,
    0.00885456707328558,
    -0.013888147659599781,
    -0.05000445991754532,
    0.12314298003911972,
    -0.03343741223216057,
    -0.002240188652649522,
    -0.0006048160721547902,
    0.05538015812635422,
    -0.0019339671125635505,
    -0.037670236080884933,
    -0.045511260628700256,
    -0.01577094756066799,
    0.09567394107580185,
    0.08281458914279938,
    -0.031661421060562134,
    -0.05427819490432739,
    0.00018836298841051757,
    -0.09838811308145523,
    0.022277947515249252,
    0.042745284736156464,
    -0.09686801582574844,
    -0.08435165137052536,
    -0.04752993583679199,
    -0.05218713358044624,
    0.04218132421374321,
    -0.004916139412671328,
    0.07914474606513977,
    -0.020054560154676437,
    0.013713481836020947,
    -0.009374279528856277,
    -0.02628183551132679,
    -0.005385060328990221,
    -0.06773708015680313,
    -0.03181297332048416,
    0.06831645965576172,
    -0.014983984641730785,
    0.017183229327201843,
    0.06089799851179123,
    -0.045905325561761856,
    -0.028331100940704346,
    -0.046302374452352524,
    0.05954647809267044,
    -0.133558988571167,
    -0.06183415278792381,
    0.021001726388931274,
    -0.12277738004922867,
    0.023005899041891098,
    -0.023317554965615273,
    0.02871951274573803,
    -0.12719301879405975,
    -0.052788861095905304,
    0.004927282687276602,
    0.0174105167388916,
    -0.023687617853283882,
    0.0005327456747181714,
    -0.017101453617215157,
    -0.01669209450483322,
    0.07148826867341995,
    -0.06510917097330093,
    -0.0022930416744202375,
    0.045376647263765335,
    -0.06259556114673615,
    -0.0025817144196480513,
    0.05291325971484184,
    0.06377614289522171,
    0.043061528354883194,
    -0.04965562745928764,
    0.0712258443236351,
    -0.043809469789266586,
    -0.024088740348815918,
    -0.009703298099339008,
    0.02322969399392605,
    0.0306535791605711,
    -0.03335036709904671,
    0.06316520273685455,
    -0.06611854583024979,
    0.01873164251446724,
    -0.014601858332753181,
    0.04598060995340347,
    -0.09520158916711807,
    0.02440406195819378,
    0.031619843095541,
    -0.007692102342844009,
    0.012650644406676292,
    0.058068327605724335,
    0.06025559455156326,
    -0.024025529623031616,
    0.0685572549700737,
    0.03350360691547394,
    -0.08823395520448685,
    0.05526415631175041,
    0.038522761315107346,
    5.612073047686597e-33,
    -0.0711897686123848,
    -0.03304627165198326,
    0.09379056841135025,
    0.020471910014748573,
    0.0014110507909208536,
    -0.030620092526078224,
    0.02238006331026554,
    -0.00800423976033926,
    -0.026757562533020973,
    0.0075395721942186356,
    -0.07731450349092484,
    0.01901889406144619,
    0.006451406981796026,
    0.061020247638225555,
    0.024129502475261688,
    -0.055575158447027206,
    0.022212430834770203,
    0.013083534315228462,
    0.06013942137360573,
    -0.032262172549963,
    -0.07472159713506699,
    -0.00421520322561264,
    0.011412717401981354,
    -0.004562067799270153,
    -0.06341858208179474,
    0.05547969415783882,
    0.08837930113077164,
    0.028623005375266075,
    -0.03808404505252838,
    0.008169328793883324,
    0.08992300927639008,
    0.028427854180336,
    -0.012266305275261402,
    -0.005958779249340296,
    -0.021304242312908173,
    0.03862383961677551,
    -0.05459298565983772,
    -0.02246745489537716,
    0.027814209461212158,
    -0.08070714771747589,
    0.02590107172727585,
    0.032837316393852234,
    0.0413433276116848,
    0.043027639389038086,
    -0.06347933411598206,
    0.0650346428155899,
    -0.06878101825714111,
    -0.0030483973678201437,
    0.10242907702922821,
    0.06446743756532669,
    -0.0016366662457585335,
    0.05583532899618149,
    0.01652119867503643,
    0.0909404382109642,
    0.03557874634861946,
    -0.020457180216908455,
    -0.039911337196826935,
    0.02255050092935562,
    -0.007143213879317045,
    0.08458831906318665,
    -0.005815468262881041,
    -0.04123903065919876,
    -0.03417614474892616,
    0.04257063567638397,
    -0.019431859254837036,
    0.025687038898468018,
    -0.03281860426068306,
    0.006916756741702557,
    -0.005765037145465612,
    0.0012853749794885516,
    -0.028725698590278625,
    -0.023281699046492577,
    0.05560929700732231,
    0.025727862492203712,
    0.012867513112723827,
    0.0011036947835236788,
    0.13129931688308716,
    0.02645384520292282,
    -0.06869146227836609,
    0.031031519174575806,
    -0.03173475340008736,
    0.032987918704748154,
    0.05579208955168724,
    -0.01218594890087843,
    -0.06029785796999931,
    0.07528261840343475,
    -0.111884705722332,
    0.011001892387866974,
    0.013112615793943405,
    -0.010046361945569515,
    0.011274241842329502,
    -0.022190473973751068,
    -0.05073923245072365,
    -0.031522419303655624,
    -0.06304178386926651,
    -5.457814026054142e-33,
    -0.034373365342617035,
    0.038418080657720566,
    -0.007031484041363001,
    0.034254252910614014,
    0.08199147135019302,
    0.007868417538702488,
    0.05021931231021881,
    0.09194318950176239,
    -0.02467569150030613,
    0.006631700787693262,
    -0.08682208508253098,
    -0.004167214967310429,
    0.06899136304855347,
    -0.0710785984992981,
    -0.12488678097724915,
    0.03798459842801094,
    0.11349224299192429,
    0.06102214753627777,
    0.032249338924884796,
    0.039853423833847046,
    -0.0658634677529335,
    0.05942695215344429,
    -0.003979049157351255,
    0.013851619325578213,
    -0.003352505387738347,
    0.02851814404129982,
    0.04253039509057999,
    0.0245189405977726,
    -0.046925731003284454,
    0.04508281499147415,
    0.11126624792814255,
    -0.17178843915462494,
    -0.0611342154443264,
    -0.08828409016132355,
    -0.003222907427698374,
    -0.09116414189338684,
    0.043425749987363815,
    -0.03538919612765312,
    -0.031227244064211845,
    0.049741048365831375,
    0.03127039596438408,
    0.006606715731322765,
    -0.04033764451742172,
    0.011985080316662788,
    0.01504815835505724,
    -0.03756211698055267,
    -0.016413267701864243,
    -0.043541330844163895,
    0.029193345457315445,
    -0.047089431434869766,
    0.006804646924138069,
    0.0173572339117527,
    -0.031124267727136612,
    -0.048294421285390854,
    0.015449807047843933,
    0.09007330238819122,
    0.028237376362085342,
    0.05916175991296768,
    0.05629749596118927,
    -0.01102473121136427,
    -0.009278536774218082,
    0.002312335418537259,
    0.03378387168049812,
    0.003729122458025813,
    0.005151350051164627,
    -0.016859596595168114,
    0.027867702767252922,
    -0.01357094943523407,
    -0.04963557422161102,
    0.0011594955576583743,
    0.06905006617307663,
    0.022743873298168182,
    -0.05993255600333214,
    -0.042975183576345444,
    -0.024294888600707054,
    0.023492982611060143,
    0.006469400133937597,
    -0.04551910609006882,
    -0.003950104117393494,
    0.0221202801913023,
    -0.018246706575155258,
    0.005416465923190117,
    -0.04694288223981857,
