{
  "id": 164,
  "vector": [
    0.009142992086708546,
    -0.07309366762638092,
    -0.021673452109098434,
    0.0062034339644014835,
    -0.017984885722398758,
    -0.013430284336209297,
    0.07015269249677658,
    0.04813549295067787,
    -0.013432532548904419,
    -0.07743722200393677,
    0.03836651146411896,
    -0.023855041712522507,
    0.0065280296839773655,
    -0.021123966202139854,
    0.023235488682985306,
    0.012312568724155426,
    -0.0007271575159393251,
    0.029673369601368904,
    -0.14479024708271027,
    -0.028829416260123253,
    0.05508137494325638,
    -0.09889073669910431,
    0.009970217943191528,
    0.06364990770816803,
    -0.019412342458963394,
    0.012383262626826763,
    0.011671475134789944,
    0.004725411534309387,
    0.014822419732809067,
    -0.10276592522859573,
    0.09068110585212708,
    0.0419461689889431,
    0.07149563729763031,
    -0.019148260354995728,
    0.01979418285191059,
    -0.0986977368593216,
    -0.014500308781862259,
    -0.03107106313109398,
    0.057704173028469086,
    -0.036150477826595306,
    0.07357074320316315,
    0.09067385643720627,
    0.0070968070067465305,
    0.10059210658073425,
    0.0034700389951467514,
    -0.019827157258987427,
    -0.07664746791124344,
    -0.004860677290707827,
    0.04592128470540047,
    0.027599411085247993,
    -0.04559580609202385,
    -0.0081322081387043,
    -0.09752589464187622,
    -0.0378582663834095,
    -0.0022602675016969442,
    -0.060441385954618454,
    0.02102961577475071,
    -0.015515019185841084,
    -0.053456198424100876,
    0.09745215624570847,
    0.06412887573242188,
    -0.038694873452186584,
    0.0017027596477419138,
    -0.010364589281380177,
    -0.01238058228045702,
    0.01965990848839283,
    -0.029781902208924294,
    0.005556362681090832,
    -0.03468872234225273,
    -0.020033683627843857,
    -0.02533320151269436,
    0.039684634655714035,
    0.044173840433359146,
    0.020976435393095016,
    -0.06144508346915245,
    -0.00631604203954339,
    0.0608849860727787,
    -0.049851663410663605,
    -0.11995051801204681,
    0.13111113011837006,
    -0.06746882200241089,
    0.05135181173682213,
    -0.06078887730836868,
    -0.015042310580611229,
    -0.013548970222473145,
    -0.00026536884251981974,
    -0.0743941217660904,
    -0.01825845241546631,
    0.0029192797373980284,
    0.04772515594959259,
    -0.07151075452566147,
    0.03219585493206978,
    0.022498391568660736,
    -0.05423910170793533,
    0.0116395503282547,
    0.011534586548805237,
    -0.04594308137893677,
    -0.027271199971437454,
    0.0704941377043724,
    0.04980773851275444,
    -0.02245285175740719,
    0.06946007907390594,
    0.06437759846448898,
    -0.055705390870571136,
    -0.033720362931489944,
    -0.02173686772584915,
    -0.022803863510489464,
    0.0017500135581940413,
    0.05362217128276825,
    0.10783927887678146,
    -0.004080233164131641,
    -0.04304026439785957,
    0.01011731754988432,
    0.054468076676130295,
    -0.009388730861246586,
    0.006365747656673193,
    0.07480261474847794,
    -0.028551874682307243,
    0.06950787454843521,
    0.009028461761772633,
    0.07144412398338318,
    -0.014602338895201683,
    -0.013940835371613503,
    -0.043291378766298294,
    -0.08873774111270905,
    0.01593134179711342,
    0.0868702307343483,
    4.782561581799849e-33,
    -0.080709308385849,
    -0.04296952858567238,
    0.010807815939188004,
    0.10992950946092606,
    0.09117240458726883,
    0.07030957192182541,
    0.05329505354166031,
    -0.023861758410930634,
    0.04591141268610954,
    0.04520212486386299,
    -0.09645994007587433,
    -0.019495777785778046,
    -0.0053762407042086124,
    0.0753333568572998,
    -0.05949489399790764,
    -0.09061875939369202,
    0.04991792514920235,
    0.07251258194446564,
    -0.07167055457830429,
    -0.06991727650165558,
    -0.040177859365940094,
    0.03674111142754555,
    -0.02750358171761036,
    0.018233930692076683,
    -0.06169835850596428,
    0.03507821634411812,
    -0.04744365066289902,
    0.00017041685350704938,
    0.05593988299369812,
    0.015485133044421673,
    0.04778185114264488,
    0.019787898287177086,
    -0.016122763976454735,
    0.056032635271549225,
    -0.0006802685675211251,
    -0.011278687044978142,
    -0.0688471719622612,
    -0.02312537282705307,
    0.11174331605434418,
    0.003148325951769948,
    0.0008128707995638251,
    0.03594202920794487,
    0.07201950252056122,
    0.04035600274801254,
    -0.12387385964393616,
    0.002800567774102092,
    0.03519246354699135,
    0.0014007969293743372,
    0.06986642628908157,
    0.013158087618649006,
    -0.08612876385450363,
    0.01886880211532116,
    0.016696598380804062,
    0.0356820747256279,
    0.07020588219165802,
    -0.0359593890607357,
    -0.07268945872783661,
    0.0471014529466629,
    0.02633303962647915,
    0.034103792160749435,
    -0.025272008031606674,
    0.04091060161590576,
    -0.028830451890826225,
    0.05050576850771904,
    0.003167870920151472,
    0.049993984401226044,
    -0.11371583491563797,
    0.01826920546591282,
    0.007617391645908356,
    0.03802946209907532,
    -0.03434700518846512,
    0.0490921288728714,
    -0.011737623251974583,
    -0.06305050104856491,
    0.03962082415819168,
    -0.01515311561524868,
    0.052876975387334824,
    0.03704633191227913,
    -0.017615269869565964,
    0.002761685289442539,
    -0.08736351132392883,
    0.01907031238079071,
    -0.014790358021855354,
    0.010682076215744019,
    -0.018750976771116257,
    0.049362584948539734,
    -0.045200247317552567,
    0.13203242421150208,
    0.03968075290322304,
    -0.02602686733007431,
    -0.05401436984539032,
    -0.038944877684116364,
    -0.015424569137394428,
    -0.041230879724025726,
    -0.027763521298766136,
    -5.208678283972928e-33,
    0.031048612669110298,
    0.03519754484295845,
    0.02879691682755947,
    0.023604506626725197,
    0.07649432122707367,
    -0.057348087430000305,
    -0.0378943495452404,
    0.10521618276834488,
    0.004704535007476807,
    -0.04315059259533882,
    -0.0731048583984375,
    0.0185554102063179,
    0.03062032349407673,
    -0.005476667545735836,
    -0.0706813633441925,
    0.04966443032026291,
    0.08092471957206726,
    0.02392505668103695,
    -0.0033854623325169086,
    -0.05920771509408951,
    -0.07924508303403854,
    0.05695575848221779,
    0.03149079531431198,
    0.026584984734654427,
    -0.010607355274260044,
    0.0032632723450660706,
    -0.011927912943065166,
    -0.10290974378585815,
    0.03572801128029823,
    0.10297063738107681,
    0.0374789834022522,
    -0.13658395409584045,
    0.04437224939465523,
    0.008356550708413124,
    -0.06658817082643509,
    -0.044805701822042465,
    0.034923795610666275,
    -0.011114108376204967,
    0.023330291733145714,
    -0.019404985010623932,
    0.023047085851430893,
    -0.05296722427010536,
    -0.0286721084266901,
    0.019745243713259697,
    0.018882105126976967,
    -0.002892143093049526,
    -0.034157730638980865,
    -0.06737399101257324,
    0.05071435868740082,
    0.039472781121730804,
    0.029654089361429214,
    0.038860663771629333,
    -0.07941343635320663,
    0.00566519983112812,
    0.008715412579476833,
    -0.01271415688097477,
    0.014867899008095264,
    -0.01905989646911621,
    -0.03895317018032074,
    -0.0700230747461319,
    -0.0359983891248703,
    -0.019774578511714935,
    -0.05844219774007797,
    -0.011228823103010654,
    0.022051595151424408,
    -0.03819766268134117,
    0.0035538768861442804,
    0.035107191652059555,
    -0.032635949552059174,
    -0.03212088719010353,
    0.020723389461636543,
    0.06640961766242981,
    0.012631234712898731,
    -0.006866412702947855,
    -0.013794107362627983,
    -0.06222207099199295,
    -0.02891147881746292,
    -0.04169374704360962,
    0.056595440953969955,
    0.08138933777809143,
    -0.03392697498202324,
    -0.032931286841630936,
    -0.009487204253673553,
