{
  "id": 203,
  "vector": [
    -0.05464838072657585,
    0.037138182669878006,
    0.032026518136262894,
    0.05179022625088692,
    -0.005012436769902706,
    -0.021258044987916946,
    0.035519301891326904,
    0.04257696121931076,
    -0.032045960426330566,
    0.042679861187934875,
    -0.02095857821404934,
    -0.05047297850251198,
    0.030318908393383026,
    -0.019152173772454262,
    -0.00034195202169939876,
    -0.08872013539075851,
    -0.009656045585870743,
    -0.07500483095645905,
    -0.026689438149333,
    -0.011640489101409912,
    0.057354774326086044,
    -0.11613123118877411,
    -0.020176390185952187,
    0.027150461450219154,
    0.05124497413635254,
    0.061691444367170334,
    -0.013073802925646305,
    0.03236104175448418,
    0.037949614226818085,
    -0.0601360984146595,
    0.0066443937830626965,
    0.12194938212633133,
    -0.025597043335437775,
    -0.012737019918859005,
    -0.03616409748792648,
    -0.017124516889452934,
    0.026849448680877686,
    0.045283202081918716,
    0.0959395095705986,
    -0.0718875378370285,
    -0.04845397174358368,
    -0.01508372463285923,
    0.043089188635349274,
    0.05371762812137604,
    -0.031098350882530212,
    -0.04169477894902229,
    -0.016886146739125252,
    0.007184259593486786,
    0.06322234869003296,
    -0.027761083096265793,
    -0.00048071896890178323,
    0.0037551529239863157,
    -0.06689170747995377,
    -0.004869979806244373,
    0.06198567524552345,
    0.02055489271879196,
    -0.00944710522890091,
    -0.013209402561187744,
    0.00522554200142622,
    0.07893034815788269,
    -0.014589335769414902,
    -0.0451836958527565,
    -0.0396784283220768,
    0.03310159966349602,
    0.0315236896276474,
    -0.02153707854449749,
    -0.09698810428380966,
    0.03243956342339516,
    0.0037316998932510614,
    0.05220343917608261,
    0.030604803934693336,
    0.055315885692834854,
    -0.02352166175842285,
    -0.0058550662361085415,
    0.03167187422513962,
    0.035144492983818054,
    0.07654828578233719,
    0.0129652488976717,
    -0.06408211588859558,
    0.08126667886972427,
    -0.10647527128458023,
    0.014751005917787552,
    0.0482325404882431,
    -0.021522358059883118,
    -0.1045348197221756,
    -0.04365526884794235,
    0.04951419681310654,
    -0.04831152781844139,
    -0.015341594815254211,
    -0.050003208220005035,
    -0.013737160712480545,
    0.11955709010362625,
    -0.0061068469658494,
    0.038651250302791595,
    -0.037831924855709076,
    0.04152103140950203,
    -0.0890863835811615,
    -0.005153344478458166,
    0.08460070937871933,
    0.029431505128741264,
    0.027214432135224342,
    0.02523559145629406,
    0.09620366990566254,
    0.004588408395648003,
    0.026420610025525093,
    -0.024130944162607193,
    -0.0066594406962394714,
    0.06638924032449722,
    0.0676465630531311,
    0.019929954782128334,
    0.039753492921590805,
    -0.09628382325172424,
    -0.04961139336228371,
    0.11671508848667145,
    0.007022532634437084,
    -0.028022581711411476,
    0.023007750511169434,
    -0.033167824149131775,
    0.00894977618008852,
    0.017827099189162254,
    0.020550498738884926,
    -0.010802538134157658,
    -0.06474270671606064,
    -0.07260864973068237,
    -0.08947497606277466,
    0.029584499076008797,
    0.03830915316939354,
    4.679889864437199e-33,
    -0.02504858747124672,
    0.04866552725434303,
    -0.016485407948493958,
    0.048481691628694534,
    0.0904388502240181,
    0.03689068183302879,
    -0.007673982996493578,
    0.01311573013663292,
    -0.03405136987566948,
    0.029963718727231026,
    -0.1251130998134613,
    0.05815182253718376,
    -0.09408069401979446,
    0.12450931966304779,
    -0.01635589636862278,
    -0.12264970690011978,
    -0.008763321675360203,
    0.04855714365839958,
    -0.06573078781366348,
    -0.017090126872062683,
    -0.040181372314691544,
    0.07430925965309143,
    0.049295634031295776,
    -0.02727838046848774,
    0.011157459579408169,
    0.02372826263308525,
    0.07537087053060532,
    -0.03667797893285751,
    -0.04138442873954773,
    0.010265080258250237,
    0.023401446640491486,
    0.02882615476846695,
    0.02891790121793747,
    0.010395337827503681,
    -0.04729515314102173,
    0.0026139430701732635,
    -0.026345621794462204,
    0.022208569571375847,
    0.022814961150288582,
    0.03180912137031555,
    0.00027725554537028074,
    0.10434146970510483,
    0.1359226405620575,
    0.043024301528930664,
    -0.07167369872331619,
    0.054704438894987106,
    -0.00545230507850647,
    0.062438782304525375,
    0.08134392648935318,
    0.05908115580677986,
    -0.042263202369213104,
    0.01647329144179821,
    -0.07061176747083664,
    0.06885284930467606,
    -0.032008130103349686,
    0.021880336105823517,
    0.020072780549526215,
    0.024397868663072586,
    0.04429500922560692,
    -0.0016885135555639863,
    -0.00037500786129385233,
    0.014059370383620262,
    -0.01830921322107315,
    0.07930983603000641,
    0.020315930247306824,
    0.0016539647476747632,
    -0.011297155171632767,
    -0.018950724974274635,
    0.07762797176837921,
    -0.04020947962999344,
    -0.018772868439555168,
    -0.02698614075779915,
    0.032399240881204605,
    0.002168681938201189,
    0.06344696879386902,
    -0.028167515993118286,
    0.023437362164258957,
    0.03774670138955116,
    -0.06650622934103012,
    0.04751921072602272,
    -0.058920979499816895,
    -0.01741890236735344,
    0.02739732526242733,
    -0.10114440321922302,
    -0.026364188641309738,
    0.045308806002140045,
    0.0007071862346492708,
    0.045957036316394806,
    0.012716763652861118,
    0.059411272406578064,
    -0.02554822713136673,
    0.030890829861164093,
    -0.005107880104333162,
    -0.023756349459290504,
    -0.060886938124895096,
    -4.2369184099832516e-33,
    0.10716990381479263,
    0.00735615286976099,
    0.025288382545113564,
    0.08522316068410873,
    0.0875731036067009,
    0.05361481010913849,
    0.0061180731281638145,
    0.038700856268405914,
    -0.013129445724189281,
    -0.006076856516301632,
    0.06453420221805573,
    0.009264886379241943,
    0.08070094138383865,
    0.04749872162938118,
    -0.12318191677331924,
    -0.00042865893919952214,
    0.062403712421655655,
    -0.029567807912826538,
    -0.055945586413145065,
    -0.038625020533800125,
    -0.016929322853684425,
    -0.003198261372745037,
    -0.11350876837968826,
    0.03373651206493378,
    0.03498920425772667,
    -0.047266777604818344,
    0.006004448048770428,
    -0.01011120155453682,
    -0.1391391158103943,
    0.03465024381875992,
    -0.0705711767077446,
    -0.08296115696430206,
    -0.034698136150836945,
    0.03885119780898094,
    0.07123948633670807,
    -0.07093212753534317,
    0.06983698904514313,
    0.024223221465945244,
    -0.021843209862709045,
    0.049023259431123734,
    0.04607744142413139,
    -0.06474743038415909,
    -0.0404004342854023,
    0.06020199880003929,
    0.03417019173502922,
    -0.10949324071407318,
    0.03891398757696152,
    -0.09516534954309464,
    -0.05483131483197212,
    0.08263875544071198,
    -0.002312613418325782,
    -0.07720720767974854,
    0.002948956098407507,
    -0.0027132586110383272,
    -0.007633299566805363,
    -0.03998589143157005,
    -0.016274116933345795,
    0.043707918375730515,
    -0.08719133585691452,
    0.03377673774957657,
    0.07464669644832611,
    -0.012713531032204628,
    -0.04986007884144783,
    0.010053455829620361,
    0.04109112545847893,
    -0.0335061140358448,
    -0.016063446179032326,
    -0.09040991216897964,
    -0.011501319706439972,
    -0.0268020611256361,
    0.0703866183757782,
    -0.0566762313246727,
    -0.046050406992435455,
    -0.07877317070960999,
    -0.01726316474378109,
    -0.010731540620326996,
    0.03262707218527794,
    -0.0037472823169082403,
    0.016021568328142166,
    -0.02832966297864914,
    0.002406917978078127,
    0.0626947358250618,
    0.012208936735987663,
