{
  "id": 560,
  "vector": [
    -0.017092036083340645,
    -0.008437932468950748,
    -0.057210106402635574,
    0.02967092953622341,
    -0.06744368374347687,
    -0.01840238831937313,
    0.04729556664824486,
    0.013280014507472515,
    -0.03898325189948082,
    0.027834774926304817,
    0.008775877766311169,
    -0.11163263022899628,
    -0.003130619414150715,
    0.026952499523758888,
    0.02237379178404808,
    0.02762974426150322,
    -0.040850140154361725,
    0.051679112017154694,
    -0.0665607750415802,
    -0.025087980553507805,
    -0.08214658498764038,
    -0.0021654183510690928,
    0.04230709373950958,
    0.038235507905483246,
    -0.011120235547423363,
    -0.006831309758126736,
    0.03357836976647377,
    -0.06514565646648407,
    0.021464841440320015,
    -0.023176109418272972,
    -0.011540987528860569,
    0.04436863958835602,
    0.1297401487827301,
    -0.021752992644906044,
    0.057942990213632584,
    -0.04897827282547951,
    -0.08393239229917526,
    -0.0010729441419243813,
    0.019873647019267082,
    -0.000708063249476254,
    0.03786540776491165,
    0.01400804053992033,
    -0.022718897089362144,
    0.03230644389986992,
    0.005602823104709387,
    0.0030912673100829124,
    -0.047108009457588196,
    0.035107169300317764,
    0.04530578851699829,
    -0.04108820855617523,
    -0.011668331921100616,
    -0.007109996862709522,
    -0.1342724710702896,
    -0.008292818441987038,
    -0.05267975106835365,
    -0.1038760095834732,
    -0.10217966139316559,
    0.0030949509236961603,
    -0.0015288570430129766,
    0.031486254185438156,
    0.027260640636086464,
    -0.025642605498433113,
    -0.006006763782352209,
    0.01728777587413788,
    0.010219462215900421,
    0.06622488051652908,
    -0.049097344279289246,
    -0.009864556603133678,
    -0.02488075941801071,
    0.07076095044612885,
    -0.051395099610090256,
    0.030982807278633118,
    0.023942776024341583,
    -0.03815426677465439,
    0.014514375478029251,
    -0.014677511528134346,
    0.14854401350021362,
    -0.0691315084695816,
    -0.009867611341178417,
    -0.014127577655017376,
    -0.1346966177225113,
    -0.007453738246113062,
    0.023104680702090263,
    0.018609801307320595,
    -0.01812543161213398,
    -0.049627698957920074,
    -0.018759731203317642,
    0.06611848622560501,
    0.00968294870108366,
    -0.058075036853551865,
    -0.08966248482465744,
    0.018945002928376198,
    0.03524157777428627,
    0.000843170506414026,
    -0.014031275175511837,
    -0.0069974991492927074,
    -0.04294425994157791,
    0.013057118281722069,
    0.020791077986359596,
    0.03163062408566475,
    0.04806574434041977,
    0.03984110802412033,
    0.09313591569662094,
    -0.02219337224960327,
    0.00019889944815076888,
    0.020263956859707832,
    -0.003790235845372081,
    -0.010921244509518147,
    0.007729245815426111,
    0.10073930025100708,
    -0.07335471361875534,
    -0.007003406528383493,
    -0.01446659117937088,
    -0.07644620537757874,
    -0.05300559103488922,
    -0.0010670643532648683,
    0.05652667209506035,
    0.0714476928114891,
    0.10003796964883804,
    0.0022204916458576918,
    0.049589354544878006,
    0.010361671447753906,
    0.09811240434646606,
    -0.05205940455198288,
    -0.10327859967947006,
    0.002672414295375347,
    0.024079063907265663,
    4.983912376494183e-33,
    -0.07827412337064743,
    0.01860218308866024,
    -0.04564490169286728,
    0.0623939149081707,
    0.03300453722476959,
    -0.056392550468444824,
    0.05446115508675575,
    -0.02958865649998188,
    0.03173922747373581,
    0.06948662549257278,
    -0.05599639564752579,
    0.03747927397489548,
    0.05131741240620613,
    0.08902747184038162,
    -0.01525053195655346,
    -0.038221221417188644,
    0.013453836552798748,
    -0.02107612043619156,
    0.02132120542228222,
    -0.06245224177837372,
    -0.08744729310274124,
    0.05090412124991417,
    0.017571385949850082,
    0.027201713994145393,
    -0.03376179188489914,
    -0.029687942937016487,
    0.015663420781493187,
    0.03417471796274185,
    -0.02678670920431614,
    -0.023408984765410423,
    0.07483555376529694,
    -0.0012714533368125558,
    0.03598793223500252,
    -0.028505120426416397,
    -0.04048517718911171,
    0.035249412059783936,
    -0.014584118500351906,
    0.020433979108929634,
    0.04303904250264168,
    0.04670872166752815,
    -0.018542161211371422,
    -0.0011987816542387009,
    0.016102872788906097,
    0.003958479966968298,
    -0.032199129462242126,
    0.028112782165408134,
    0.06057283654808998,
    0.02716279961168766,
    0.07714804261922836,
    -0.01765144243836403,
    -0.009832344949245453,
    0.004652090836316347,
    -0.03380919620394707,
    0.00539034279063344,
    0.026613332331180573,
    -0.13258208334445953,
    0.008945299312472343,
    0.060194406658411026,
    -0.00979985948652029,
    0.013141938485205173,
    0.0071718525141477585,
    -0.0756973996758461,
    0.038316771388053894,
    -0.01447291485965252,
    -0.03981166332960129,
    0.024445824325084686,
    -0.10809968411922455,
    -0.010100734420120716,
    -0.05992811173200607,
    0.014885933138430119,
    -0.01179529633373022,
    0.04417578876018524,
    0.06565152853727341,
    -0.1199083924293518,
    0.017680449411273003,
    -0.036964114755392075,
    0.061571747064590454,
    0.0390339121222496,
    -0.034331150352954865,
    -0.01595490798354149,
    0.0018251887522637844,
    -0.01307639665901661,
    0.017204638570547104,
    0.021472206339240074,
    -0.05389618128538132,
    0.06013062968850136,
    -0.03704452887177467,
    -0.04292309656739235,
    0.03323059156537056,
    -0.08131720125675201,
    -0.09546244144439697,
    0.006364695727825165,
    0.043429210782051086,
    -0.0411900132894516,
    -0.01405405905097723,
    -4.57533147864148e-33,
    -0.03101765364408493,
    0.07664310932159424,
    -0.09014740586280823,
    0.03850870206952095,
    0.0496211051940918,
    0.012092722579836845,
    0.06025630980730057,
    0.017564505338668823,
    -0.011138657107949257,
    -0.025589870288968086,
    -0.09930112212896347,
    -0.056836847215890884,
    0.048851948231458664,
    -0.023676812648773193,
    -0.055973540991544724,
    0.10194552689790726,
    0.040891826152801514,
    0.048263683915138245,
    0.012719055637717247,
    -0.05368965119123459,
    -0.08099673688411713,
    0.042938314378261566,
    -0.010159277357161045,
    0.018601231276988983,
    0.0013197744265198708,
    0.07198173552751541,
    0.08208448439836502,
    -0.048272863030433655,
    0.047760676592588425,
    0.05070476606488228,
    0.015202315524220467,
    -0.12146582454442978,
    -0.008028975687921047,
    0.0629088506102562,
    0.002388532040640712,
    0.010367169044911861,
    0.04858008772134781,
    0.023226315155625343,
    -0.051591794937849045,
    0.02912096120417118,
    -0.015337585471570492,
    -0.0456569641828537,
    0.03325791284441948,
    0.09977006167173386,
    0.003205186454579234,
    -0.022812776267528534,
    0.08160075545310974,
    -0.03406921774148941,
    -0.09209711849689484,
    0.019662480801343918,
    0.038390856236219406,
    -0.004891630727797747,
    -0.05769665166735649,
    0.03132259473204613,
    -0.007131513673812151,
    0.10124389082193375,
    -0.051127899438142776,
    -0.0459740087389946,
    0.07484295964241028,
    -0.11370021849870682,
    -0.031163344159722328,
    -0.02897038124501705,
    -0.032261647284030914,
    0.031050974503159523,
    0.07798296958208084,
    0.008003780618309975,
    -0.012052679434418678,
    0.020186930894851685,
    -0.06506139039993286,
    0.029981303960084915,
    0.02003403566777706,
    -0.006457727402448654,
    0.01821841299533844,
    -0.10454253852367401,
    -0.017201049253344536,
    0.06437081098556519,
    0.06029966101050377,
    -0.04891699180006981,
    0.056262485682964325,
    -0.008086618967354298,
    -0.04949396848678589,
    -0.0752931460738182,
