{
  "id": 42,
  "vector": [
    -0.0762690082192421,
    0.06884381175041199,
    -0.016549913212656975,
    0.06036420539021492,
    -0.0746082291007042,
    -0.062160346657037735,
    0.0940212607383728,
    0.12463783472776413,
    -0.0684196874499321,
    -0.03832364082336426,
    0.006239155773073435,
    -0.03157496079802513,
    0.028920521959662437,
    0.03086003102362156,
    -0.04699505493044853,
    0.0058367145247757435,
    0.0025321030989289284,
    0.033697471022605896,
    -0.11932395398616791,
    -0.05670442804694176,
    -0.014891598373651505,
    -0.021983563899993896,
    -0.03350785747170448,
    0.026218904182314873,
    0.07922308146953583,
    0.043234650045633316,
    0.007116174325346947,
    -0.03972194716334343,
    0.005473656114190817,
    -0.015818553045392036,
    0.02660433202981949,
    0.0823047086596489,
    0.018747961148619652,
    -0.022220849990844727,
    0.050078101456165314,
    0.027884824201464653,
    -0.024966055527329445,
    -0.10558895021677017,
    0.04950188100337982,
    -0.08648273348808289,
    -0.006220424082130194,
    0.056246317923069,
    0.04277530312538147,
    -0.006233663763850927,
    0.05402758717536926,
    -0.008886930532753468,
    -0.016591887921094894,
    0.059884972870349884,
    0.025880541652441025,
    -0.016969813033938408,
    -0.04246452450752258,
    -0.04732147976756096,
    -0.05808032676577568,
    -0.010678049176931381,
    0.08995752781629562,
    -0.018034934997558594,
    -0.010123752988874912,
    -0.04152509942650795,
    -0.03826101869344711,
    0.015325644984841347,
    -0.03823130950331688,
    0.019480526447296143,
    -0.02011246234178543,
    0.019828151911497116,
    -0.031047925353050232,
    0.07535183429718018,
    0.0015136838192120194,
    0.009595264680683613,
    -0.07814468443393707,
    0.08760785311460495,
    0.059455446898937225,
    0.010003218427300453,
    -0.015921343117952347,
    0.023774513974785805,
    0.00561623414978385,
    -0.06481567770242691,
    0.05263597145676613,
    -0.10580530017614365,
    -0.0470205582678318,
    0.07858936488628387,
    -0.04985414445400238,
    0.010530628263950348,
    0.06260549277067184,
    -0.10549482703208923,
    -0.05753949657082558,
    -0.01710248365998268,
    -0.002022951142862439,
    0.03089376911520958,
    -0.005147002171725035,
    -0.00562679348513484,
    -0.0521424226462841,
    0.013241995126008987,
    -0.023699000477790833,
    -0.0009316465584561229,
    -0.03495880216360092,
    0.014713301323354244,
    -0.027949757874011993,
    -0.02308540791273117,
    -0.01133287325501442,
    0.08935052156448364,
    0.05606093257665634,
    -0.014332189224660397,
    0.12919369339942932,
    -0.0394064262509346,
    0.007268297020345926,
    -0.012847470119595528,
    0.0953051969408989,
    -0.007820170372724533,
    0.008088566362857819,
    0.05693313479423523,
    -0.03334977477788925,
    0.011879084631800652,
    0.010412141680717468,
    -0.054267946630716324,
    -0.06303540617227554,
    0.0059383101761341095,
    0.055773090571165085,
    0.03179679065942764,
    0.016814449802041054,
    0.04706783965229988,
    0.05184796079993248,
    0.002928137546405196,
    0.053611870855093,
    -0.011897644028067589,
    -0.027254804968833923,
    0.01844002492725849,
    0.037139419466257095,
    4.2043311351845654e-33,
    -0.08693168312311172,
    -0.07897356152534485,
    0.029241083189845085,
    0.08098051697015762,
    0.049117594957351685,
    -0.012424178421497345,
    0.07172208279371262,
    -0.03478045389056206,
    0.05151533707976341,
    -0.01654697209596634,
    -0.08904927223920822,
    -0.01058279164135456,
    0.008505238220095634,
    0.13334758579730988,
    0.015011978335678577,
    -0.07835382223129272,
    -0.036745719611644745,
    0.06301169097423553,
    0.01806269958615303,
    -0.0105585977435112,
    -0.03491990640759468,
    -0.07530306279659271,
    0.06323648244142532,
    0.013396939262747765,
    -0.01938042789697647,
    0.05260482430458069,
    0.07410666346549988,
    0.0053822933696210384,
    -0.05217280611395836,
    0.03438170254230499,
    0.043966248631477356,
    0.06244417652487755,
    -0.013116889633238316,
    0.024866215884685516,
    -0.05880844593048096,
    0.05086115747690201,
    -0.049991004168987274,
    -0.040491193532943726,
    0.0052877566777169704,
    0.0067951008677482605,
    0.025082577019929886,
    0.029328210279345512,
    -0.002420542761683464,
    -0.0033719216007739305,
    -0.014574641361832619,
    0.023936325684189796,
    0.08328589051961899,
    0.027530066668987274,
    0.029064007103443146,
    -0.02251283824443817,
    0.015344154089689255,
    0.08146847039461136,
    0.0037072242703288794,
    0.07803450524806976,
    0.06409143656492233,
    -0.036823395639657974,
    0.016106124967336655,
    0.04733236879110336,
    0.007849626243114471,
    0.08799488842487335,
    0.030971819534897804,
    0.02902001328766346,
    0.000489491387270391,
    0.043196845799684525,
    -0.015202058479189873,
    0.09445277601480484,
    -0.07492362707853317,
    0.02911458909511566,
    0.0307486392557621,
    0.022441713139414787,
    0.038920797407627106,
    -0.07390689104795456,
    0.05944470688700676,
    -0.024837054312229156,
    0.03734618052840233,
    -0.011821677908301353,
    0.04290776327252388,
    0.05658664554357529,
    -0.06700888276100159,
    -0.02101062797009945,
    -0.08248550444841385,
    0.018490774556994438,
    0.06684787571430206,
    -0.04719570279121399,
    -0.032190460711717606,
    0.04521935060620308,
    -0.02073162980377674,
    0.06788592785596848,
    0.013220163993537426,
    0.04887815937399864,
    -0.04365655034780502,
    -0.04200425371527672,
    0.04271169379353523,
    -0.05339568108320236,
    -0.031890831887722015,
    -3.864332251178681e-33,
    0.017469685524702072,
    0.07479055225849152,
    -0.0006259091896936297,
    0.04070565849542618,
    0.036741677671670914,
    -0.07579746842384338,
    -0.012408366426825523,
    0.03702584654092789,
    0.01848081313073635,
    -0.0037361218128353357,
    -0.038565728813409805,
    -0.02732604369521141,
    0.013831845484673977,
    -0.09711109101772308,
    -0.05945888161659241,
    0.0894751027226448,
    0.02820233814418316,
    0.007700590882450342,
    0.001913436921313405,
    -0.08855073153972626,
    -0.08824252337217331,
    -0.01859143003821373,
    0.0480630062520504,
    0.014929800294339657,
    -0.0001647642202442512,
    -0.0353657528758049,
    0.055882252752780914,
    -0.08305232971906662,
    0.03842439502477646,
    0.009857101365923882,
    -0.019433870911598206,
    -0.14113584160804749,
    0.0037323033902794123,
    0.038889262825250626,
    -0.001563019584864378,
    0.02543504163622856,
    0.028793159872293472,
    0.03428703919053078,
    -0.01007202547043562,
    -0.0359310545027256,
    0.008338376879692078,
    0.047067757695913315,
    -0.05047237500548363,
    0.08562671393156052,
    -0.007375716231763363,
    -0.05647039785981178,
    -0.06537677347660065,
    -0.10519707202911377,
    0.016441384330391884,
    -0.056443292647600174,
    0.016776656731963158,
    -0.0009733495535328984,
    0.023319432511925697,
    -0.09019410610198975,
    -0.019581234082579613,
    0.036842335015535355,
    0.006968365516513586,
    -0.0024949493817985058,
    0.025482669472694397,
    -0.060296397656202316,
    -0.009187102317810059,
    -0.034326501190662384,
    0.0315394327044487,
    0.04974373057484627,
    0.09714704751968384,
    -0.045215506106615067,
    -0.06020011007785797,
    -0.03317214921116829,
    -0.0655985027551651,
    0.07191793620586395,
    0.056288838386535645,
    0.01593565195798874,
    -0.014397487044334412,
    0.027804944664239883,
    -0.013626785017549992,
    0.060435324907302856,
    0.05473717302083969,
    0.004984777886420488,
    0.08474224805831909,
    -0.05729762092232704,
    -0.04853447899222374,
    -0.05709750950336456,
    0.00564591446891427,
