{
  "id": 502,
  "vector": [
    0.007272341288626194,
    0.06213851645588875,
    0.006036949809640646,
    -0.010500244796276093,
    0.06484758853912354,
    -0.03408430889248848,
    0.09762167185544968,
    0.0469295009970665,
    -0.017682189121842384,
    -0.07998720556497574,
    0.03387933596968651,
    -0.018655385822057724,
    0.004800855182111263,
    0.05215594545006752,
    -0.07910038530826569,
    0.08763545751571655,
    0.03076481632888317,
    0.04600527510046959,
    -0.08542391657829285,
    0.08703579753637314,
    0.09034372866153717,
    0.03951890021562576,
    0.023142119869589806,
    0.02989351935684681,
    -0.05034574121236801,
    0.0950469896197319,
    -0.06257010996341705,
    0.028349673375487328,
    0.07467026263475418,
    -0.09597232192754745,
    0.1281547099351883,
    0.10507000237703323,
    -0.0348275825381279,
    -0.03884928673505783,
    0.10136763006448746,
    -0.07447583973407745,
    -0.04130490496754646,
    0.026166968047618866,
    0.054009392857551575,
    0.08223950862884521,
    -0.017116213217377663,
    0.11598166078329086,
    -0.0028648297302424908,
    -0.0017353622242808342,
    -0.04637066647410393,
    -0.013118942268192768,
    0.024037813767790794,
    0.01923142932355404,
    0.05401585251092911,
    -0.01731248013675213,
    0.042863860726356506,
    -0.09310565143823624,
    -0.07679032534360886,
    0.022496679797768593,
    0.05536014586687088,
    -0.13735198974609375,
    -0.0524447038769722,
    -0.009051313623785973,
    -0.07429135590791702,
    0.015108896419405937,
    -0.029013609513640404,
    -0.0020352124702185392,
    -0.06143321469426155,
    -0.008690742775797844,
    0.05602811649441719,
    -0.004144854377955198,
    -0.07667159289121628,
    -0.062084805220365524,
    0.006902974098920822,
    0.0036923557054251432,
    -0.017102306708693504,
    0.02683459408581257,
    0.027118917554616928,
    0.04663769528269768,
    -0.05575583502650261,
    0.0166876632720232,
    -0.00031895338906906545,
    -0.046060506254434586,
    0.03945724666118622,
    0.06385691463947296,
    -0.05521882325410843,
    -0.010699041187763214,
    -0.05456992983818054,
    -0.014305658638477325,
    0.03370130807161331,
    0.0072064390406012535,
    -0.06103502959012985,
    0.06164900213479996,
    0.04180891066789627,
    -0.02862520143389702,
    -0.024674199521541595,
    -0.013151003047823906,
    0.0359860397875309,
    -0.008793992921710014,
    -0.027065932750701904,
    0.02327808178961277,
    -0.03185137361288071,
    -0.04106609895825386,
    -0.031058548018336296,
    0.07594684511423111,
    -0.0008986857137642801,
    -0.08315166085958481,
    -0.0031287376768887043,
    -0.07048002630472183,
    -0.09143513441085815,
    -0.05117126926779747,
    0.030799925327301025,
    0.014374284073710442,
    0.05061744526028633,
    0.030870404094457626,
    -0.0867847353219986,
    -0.01020130142569542,
    -0.012514671310782433,
    0.025289513170719147,
    -0.003935412969440222,
    -0.09801815450191498,
    0.03659912571310997,
    -0.050295911729335785,
    0.04975979030132294,
    -0.11181184649467468,
    0.058461036533117294,
    0.0037326589226722717,
    -0.030611008405685425,
    -0.03510303050279617,
    -0.00016219106328208,
    0.06680766493082047,
    -0.002427691826596856,
    4.2813976468504284e-33,
    0.03654174134135246,
    0.06924974173307419,
    0.039244525134563446,
    0.0029737595468759537,
    -0.0033751220908015966,
    0.0005905184079892933,
    0.05360332131385803,
    -0.0007962720701470971,
    0.05621211975812912,
    0.01353678572922945,
    -0.059155747294425964,
    -0.040871068835258484,
    -0.05408405140042305,
    0.046423040330410004,
    0.025916803628206253,
    -0.08054512739181519,
    0.06673550605773926,
    0.04067119583487511,
    0.014228069223463535,
    -0.025116480886936188,
    -0.10155026614665985,
    0.01489257998764515,
    -0.06863059103488922,
    0.0467463918030262,
    -0.04807235673069954,
    0.07761993259191513,
    -0.06594759970903397,
    -0.018286215141415596,
    0.014512867666780949,
    0.027324968948960304,
    0.14355938136577606,
    0.09176737815141678,
    -0.06622214615345001,
    0.06602337956428528,
    -0.04565183445811272,
    0.01004700642079115,
    -0.08674408495426178,
    -0.03241267800331116,
    0.02351420372724533,
    -0.08438673615455627,
    -0.05238807201385498,
    -0.008913587778806686,
    0.03499925136566162,
    -0.015779446810483932,
    0.005866017658263445,
    -0.018055789172649384,
    -0.12103742361068726,
    0.07259460538625717,
    0.12111139297485352,
    -0.060267943888902664,
    -0.001850007800385356,
    0.04371120408177376,
    0.00207142299041152,
    0.039199985563755035,
    -0.005426031071692705,
    0.027463054284453392,
    -0.04559925198554993,
    -0.05743357166647911,
    0.010620379820466042,
    0.03286472707986832,
    -0.05107445642352104,
    0.00368446740321815,
    0.006661760620772839,
    0.03353540599346161,
    0.07280810177326202,
    -0.016311801970005035,
    -0.015578052029013634,
    0.02389557845890522,
    -0.03163427114486694,
    0.009383616037666798,
    -0.008233431726694107,
    0.024908216670155525,
    -0.004126101732254028,
    0.038833439350128174,
    -0.02329442836344242,
    -0.06707236170768738,
    0.10420694947242737,
    -0.023500801995396614,
    0.0203158650547266,
    0.06929318606853485,
    -0.02816956117749214,
    -0.018552526831626892,
    0.0540853813290596,
    -0.10447368025779724,
    -0.08097667247056961,
    -0.010110011324286461,
    0.06304815411567688,
    0.0075278934091329575,
    0.003978801891207695,
    0.04698031395673752,
    -0.05138196051120758,
    -0.07275472581386566,
    -0.04891304671764374,
    -0.000004850433924730169,
    -0.09818294644355774,
    -4.373848808174663e-33,
    -0.0005094397347420454,
    0.04179105907678604,
    -0.004650269169360399,
    -0.005219237878918648,
    -0.008544174022972584,
    0.08833594620227814,
    0.001919470145367086,
    0.04692772030830383,
    0.019396478310227394,
    0.02857186645269394,
    -0.07108154147863388,
    0.008106152527034283,
    0.01690460741519928,
    0.010429496876895428,
    -0.04900994896888733,
    0.07468020170927048,
    -0.03637532517313957,
    -0.016863403841853142,
    0.02801765501499176,
    -0.08168187737464905,
    -0.05790488049387932,
    0.029137704521417618,
    0.008947375230491161,
    0.007682096678763628,
    -0.0649743303656578,
    0.022069260478019714,
    0.07389314472675323,
    -0.03290699049830437,
    0.07020262628793716,
    0.016408970579504967,
    -0.015708956867456436,
    -0.06361670792102814,
    0.03553040698170662,
    0.02306251972913742,
    0.001249810098670423,
    -0.052034515887498856,
    0.0646231397986412,
    0.037214651703834534,
    0.008505948819220066,
    -0.04143170639872551,
    -0.024453187361359596,
    -0.02200315147638321,
    0.016330407932400703,
    0.005092247389256954,
    0.01161905750632286,
    -0.03441595658659935,
    0.025717444717884064,
    -0.07610785961151123,
    0.056846823543310165,
    -0.0012356924125924706,
    0.040709130465984344,
    0.016340769827365875,
    -0.04775397852063179,
    0.0370488315820694,
    0.034994229674339294,
    0.015841320157051086,
    -0.029982686042785645,
    -0.09541431069374084,
    0.05169715732336044,
    -0.04912976175546646,
    -0.00825098529458046,
    0.013177331537008286,
    -0.07124250382184982,
    0.034412555396556854,
    0.004095013719052076,
    0.011934730224311352,
    -0.029137395322322845,
    0.0014472500188276172,
    -0.053276773542165756,
    0.010837377049028873,
    -0.06784601509571075,
    0.008348554372787476,
    0.09861886501312256,
    -0.02054089494049549,
    -0.05642842501401901,
    -0.10337025672197342,
    0.03676970303058624,
    0.027372198179364204,
    0.006534856744110584,
    -0.03524387255311012,
    0.004037335980683565,
    -0.0008064844878390431,
    -0.01916930451989174,
