{
  "id": 450,
  "vector": [
    0.019788194447755814,
    0.05255082994699478,
    0.0033251361455768347,
    0.008701144717633724,
    -0.08761181682348251,
    0.07998260110616684,
    0.07816178351640701,
    0.005202580709010363,
    -0.04872393235564232,
    -0.01669461466372013,
    -0.022470835596323013,
    -0.11180681735277176,
    0.05409766361117363,
    -0.022573471069335938,
    -0.055486056953668594,
    -0.016449471935629845,
    -0.041727215051651,
    0.0645691454410553,
    -0.11865607649087906,
    -0.024589084088802338,
    -0.018276935443282127,
    -0.07170850783586502,
    -0.008361184038221836,
    0.05391376465559006,
    0.04697851091623306,
    0.019620036706328392,
    -0.023823199793696404,
    -0.049656204879283905,
    -0.01060862559825182,
    -0.06668122857809067,
    -0.043803803622722626,
    0.05947525426745415,
    -0.004917536862194538,
    0.060642093420028687,
    0.012175263836979866,
    -0.025807015597820282,
    -0.06148344278335571,
    0.07202330976724625,
    0.033776335418224335,
    0.017566930502653122,
    0.04850345104932785,
    -0.03258631005883217,
    -0.07990186661481857,
    0.03049406222999096,
    0.0076692551374435425,
    0.03461914509534836,
    -0.07734521478414536,
    -0.01702287420630455,
    0.03571792319417,
    -0.012638266198337078,
    0.012183213606476784,
    0.0006081272149458528,
    -0.07960765808820724,
    0.10095159709453583,
    0.06740659475326538,
    -0.09399694204330444,
    -0.07088412344455719,
    0.009422105737030506,
    0.004863600246608257,
    0.03426895663142204,
    -0.02675374038517475,
    -0.03451239690184593,
    -0.002656457247212529,
    0.04919617250561714,
    -0.015383580699563026,
    -0.0014472156763076782,
    -0.07498395442962646,
    0.023472847416996956,
    -0.057497549802064896,
    0.024015385657548904,
    -0.05706632137298584,
    0.06331155449151993,
    0.039828989654779434,
    -0.0011675544083118439,
    0.057715632021427155,
    0.015122683718800545,
    0.037232596427202225,
    -0.06643389910459518,
    -0.047092095017433167,
    0.03367439657449722,
    -0.0781777873635292,
    0.015460806898772717,
    -0.03415390104055405,
    -0.005365773569792509,
    -0.0762631893157959,
    -0.03132180497050285,
    0.0003826726460829377,
    -0.03316982090473175,
    0.008774098008871078,
    -0.0756206214427948,
    -0.0019299243576824665,
    0.025367574766278267,
    0.05590255931019783,
    -0.024974839761853218,
    -0.051755715161561966,
    -0.02574063278734684,
    0.007001677993685007,
    -0.01711983047425747,
    0.03682845085859299,
    0.06958162039518356,
    0.014018518850207329,
    0.0020752721466124058,
    0.10613810271024704,
    -0.05494346842169762,
    -0.004849595949053764,
    -0.10387299954891205,
    -0.01492021419107914,
    -0.04704746603965759,
    -0.023358497768640518,
    0.03904511034488678,
    -0.020389016717672348,
    -0.06507547944784164,
    -0.04419758543372154,
    0.005166671704500914,
    0.05686643719673157,
    -0.00863366574048996,
    0.06386180222034454,
    0.04007745906710625,
    0.02299785427749157,
    -0.002914207288995385,
    0.05529418960213661,
    0.024311957880854607,
    0.02916419319808483,
    0.052735015749931335,
    -0.10732558369636536,
    0.004875823389738798,
    0.057923104614019394,
    4.380302272160677e-33,
    -0.0556306317448616,
    0.007896587252616882,
    0.06748653203248978,
    0.09459337592124939,
    0.07905926555395126,
    -0.12624306976795197,
    0.0074187093414366245,
    -0.008726815693080425,
    0.06853671371936798,
    0.04166577383875847,
    -0.008851460181176662,
    0.04003638029098511,
    0.010111809708178043,
    0.0902845486998558,
    0.04791399836540222,
    -0.013118372298777103,
    -0.08663587272167206,
    -0.0419042706489563,
    0.04424717649817467,
    -0.03943047299981117,
    -0.0703301876783371,
    0.00943438895046711,
    0.040138907730579376,
    0.019343232735991478,
    -0.1384844034910202,
    -0.016264788806438446,
    0.015227672643959522,
    -0.031100193038582802,
    -0.05100032314658165,
    0.013094897381961346,
    0.08163551241159439,
    0.021177470684051514,
    0.06009742617607117,
    -0.004157864488661289,
    -0.09528937935829163,
    0.017637256532907486,
    0.022297024726867676,
    0.011429760605096817,
    0.043232452124357224,
    -0.03413742780685425,
    0.04034480080008507,
    -0.0007246178574860096,
    0.05733164772391319,
    0.013041638769209385,
    -0.0025975224561989307,
    -0.0007547323475591838,
    0.05198991671204567,
    -0.014355008490383625,
    0.08697668462991714,
    0.0629095658659935,
    0.03301713615655899,
    -0.03652641922235489,
    -0.012245546095073223,
    0.003937178291380405,
    0.08249691873788834,
    0.042240291833877563,
    0.016623685136437416,
    0.045844290405511856,
    0.021539581939578056,
    0.12638744711875916,
    0.04010836407542229,
    0.027439847588539124,
    0.016772307455539703,
    -0.001621706411242485,
    -0.03223348408937454,
    0.0007025955710560083,
    -0.013662757351994514,
    -0.009153543971478939,
    0.009769316762685776,
    -0.04446575790643692,
    -0.0570908822119236,
    0.03515145555138588,
    0.020432842895388603,
    -0.0249556303024292,
    0.016791822388768196,
    -0.054209958761930466,
    0.0904855877161026,
    0.025689225643873215,
    -0.07354259490966797,
    0.06374912708997726,
    0.011785658076405525,
    -0.02925756946206093,
    -0.006230740807950497,
    -0.027028763666749,
    -0.0626387819647789,
    -0.0022596530616283417,
    -0.0062603154219686985,
    -0.0166306234896183,
    -0.012131830677390099,
    0.026838673278689384,
    -0.051025379449129105,
    0.034498151391744614,
    -0.004335148725658655,
    -0.042700592428445816,
    -0.00008418643847107887,
    -5.508258896751742e-33,
    0.0846647247672081,
    0.015478234738111496,
    0.029326047748327255,
    0.05796697735786438,
    0.10060121864080429,
    0.024409471079707146,
    0.04146433621644974,
    0.03238149732351303,
    0.07596247643232346,
    0.03704949840903282,
    -0.1015707403421402,
    0.012960917316377163,
    0.08145398646593094,
    0.014514000155031681,
    -0.04007299616932869,
    0.060899894684553146,
    0.025827037170529366,
    0.04480926692485809,
    0.017566891387104988,
    0.002774289343506098,
    -0.10956308990716934,
    0.03389196842908859,
    -0.022589288651943207,
    0.08004492521286011,
    0.0038834649603813887,
    0.016263872385025024,
    0.06957118213176727,
    0.03853216394782066,
    0.04256787896156311,
    0.013451785780489445,
    0.10221681743860245,
    -0.17858342826366425,
    -0.04564971104264259,
    0.004339449107646942,
    -0.05113084986805916,
    -0.06351742893457413,
    0.020810773596167564,
    0.05072169378399849,
    -0.00964057631790638,
    -0.006276704836636782,
    0.022336680442094803,
    -0.07963521033525467,
    -0.03738957643508911,
    -0.020719939842820168,
    -0.04825253039598465,
    -0.06400007009506226,
    0.06959712505340576,
    -0.008457671850919724,
    0.0045486874878406525,
    -0.016219690442085266,
    0.045826882123947144,
    0.01736484281718731,
    -0.14981219172477722,
    0.0030072913505136967,
    -0.04133128002285957,
    0.05434698238968849,
    -0.006301254499703646,
    -0.011356022208929062,
    0.024841446429491043,
    -0.04543474689126015,
    -0.04658700153231621,
    0.01010060589760542,
    -0.03590932488441467,
    -0.05723622068762779,
    -0.0321875661611557,
    0.0009438099223189056,
    0.00930272787809372,
    -0.0690774917602539,
    -0.1031361073255539,
    0.007759965490549803,
    -0.006366383749991655,
    0.02194410003721714,
    -0.030699990689754486,
    -0.10989832133054733,
    -0.08592242002487183,
    -0.01798563078045845,
    -0.022872336208820343,
    0.0667443498969078,
    0.035158686339855194,
    0.0018085824558511376,
    -0.09186919778585434,
    -0.021122878417372704,
    -0.03175888955593109,
