{
  "id": 1021,
  "vector": [
    0.00634158356115222,
    0.03126246854662895,
    0.01742793433368206,
    0.04335519298911095,
    0.014900618232786655,
    -0.007254426833242178,
    0.07862511277198792,
    0.02302761934697628,
    0.016908830031752586,
    0.01169881597161293,
    0.05186860263347626,
    -0.08359966427087784,
    0.0014209420187398791,
    -0.1126570776104927,
    0.017777275294065475,
    -0.032233551144599915,
    -0.023692965507507324,
    0.022531164810061455,
    -0.14032472670078278,
    -0.0859544426202774,
    0.00821639597415924,
    -0.019369132816791534,
    0.002679419005289674,
    -0.030072158202528954,
    0.013465478084981441,
    0.06467332690954208,
    -0.005340476054698229,
    0.02465609461069107,
    0.02160518430173397,
    -0.02806631661951542,
    -0.0326157882809639,
    0.10373061895370483,
    -0.06595274060964584,
    0.04183986037969589,
    0.03554660454392433,
    0.013810812495648861,
    -0.14534644782543182,
    -0.043111637234687805,
    0.09862552583217621,
    0.05174294859170914,
    0.04253020137548447,
    -0.023631982505321503,
    0.08040204644203186,
    0.056536443531513214,
    -0.09074931591749191,
    -0.021270401775836945,
    -0.054419368505477905,
    0.07685841619968414,
    0.0018887037876993418,
    -0.07019519805908203,
    0.048267774283885956,
    0.004706077743321657,
    -0.12292195111513138,
    0.0251567754894495,
    0.033668965101242065,
    -0.08889733254909515,
    0.013817276805639267,
    -0.018432416021823883,
    -0.017000721767544746,
    0.08917006850242615,
    0.056517526507377625,
    0.0061592101119458675,
    -0.08374935388565063,
    -0.01981213688850403,
    -0.012235917150974274,
    0.05400601401925087,
    -0.03963808715343475,
    -0.04209431633353233,
    -0.013650667853653431,
    0.033703528344631195,
    -0.03349660709500313,
    0.07953792810440063,
    0.014416191726922989,
    0.019262129440903664,
    -0.09321252256631851,
    -0.0753617137670517,
    -0.00016611909086350352,
    -0.03361260145902634,
    0.006940140854567289,
    0.014648111537098885,
    -0.02034074440598488,
    0.040246836841106415,
    -0.025425083935260773,
    0.012189877219498158,
    -0.05110453441739082,
    -0.0434565469622612,
    -0.0029161497950553894,
    0.0231535155326128,
    0.054112765938043594,
    0.04274538904428482,
    0.03388971462845802,
    0.049788739532232285,
    -0.003416936146095395,
    -0.07019459456205368,
    -0.15574106574058533,
    0.055686574429273605,
    -0.056506238877773285,
    -0.050125595182180405,
    0.023616958409547806,
    -0.006505502853542566,
    0.057542089372873306,
    -0.0322377011179924,
    0.08161142468452454,
    -0.013111402280628681,
    -0.02259865589439869,
    0.018689773976802826,
    -0.009785523638129234,
    -0.011930507607758045,
    0.047655727714300156,
    0.006851349491626024,
    -0.09446559101343155,
    -0.007562696933746338,
    -0.0402601882815361,
    0.0004989371518604457,
    0.003545526647940278,
    -0.009991349652409554,
    0.08264864981174469,
    -0.019073596224188805,
    0.04037998244166374,
    -0.04879527539014816,
    0.031098365783691406,
    -0.008702077902853489,
    0.06644373387098312,
    0.0024366509169340134,
    -0.09266819059848785,
    0.0454048290848732,
    -0.0025252324994653463,
    6.252318535489433e-33,
    -0.0689372718334198,
    -0.03099668025970459,
    0.11192059516906738,
    0.08207596838474274,
    0.015558678656816483,
    -0.024386776611208916,
    -0.05280262976884842,
    -0.10454928874969482,
    -0.043246880173683167,
    0.01988327130675316,
    -0.07755711674690247,
    0.004205211065709591,
    -0.08450080454349518,
    -0.007266922853887081,
    0.0835193619132042,
    0.0072314003482460976,
    -0.03875351324677467,
    0.07036073505878448,
    -0.00539728719741106,
    -0.025230426341295242,
    -0.03306955844163895,
    0.03850802406668663,
    0.00012298075307626277,
    0.02460317686200142,
    -0.023907775059342384,
    0.08103465288877487,
    0.07565129548311234,
    -0.055841114372015,
    -0.0017520725959911942,
    0.018721751868724823,
    0.0695631206035614,
    -0.031357210129499435,
    -0.0027385123539716005,
    -0.04811142757534981,
    -0.0114816352725029,
    0.0050765215419232845,
    -0.007237293757498264,
    0.009836551733314991,
    -0.006540668662637472,
    -0.06259074062108994,
    0.012759377248585224,
    -0.011974170804023743,
    0.08379071950912476,
    0.11435285955667496,
    -0.06493561714887619,
    0.05486074462532997,
    -0.03191361203789711,
    -0.07817714661359787,
    0.10715874284505844,
    0.00148517987690866,
    0.020905233919620514,
    -0.003089383477345109,
    0.08135219663381577,
    0.009986814111471176,
    0.07714246213436127,
    0.050019826740026474,
    0.025861717760562897,
    0.1347852498292923,
    0.034118231385946274,
    0.0717722475528717,
    0.029965840280056,
    0.012188082560896873,
    -0.0038256843108683825,
    0.004483066964894533,
    0.07938637584447861,
    0.08340089023113251,
    -0.06665482372045517,
    -0.05658647418022156,
    0.01801619492471218,
    0.010956934653222561,
    -0.0017910166643559933,
    -0.009103352203965187,
    0.12735995650291443,
    0.036474015563726425,
    0.10258426517248154,
    -0.013483834452927113,
    0.07438914477825165,
    -0.03410205617547035,
    -0.05828702822327614,
    0.08970437198877335,
    -0.09258466213941574,
    -0.056136779487133026,
    0.08383584767580032,
    -0.12516823410987854,
    -0.05136968940496445,
    -0.05649707466363907,
    -0.03606521710753441,
    -0.011190812103450298,
    0.008728843182325363,
    0.0069316900335252285,
    0.0890592560172081,
    -0.007898427546024323,
    -0.028076395392417908,
    0.03332579508423805,
    -0.10204453021287918,
    -5.304458298361897e-33,
    -0.026712477207183838,
    0.016607290133833885,
    0.033813975751399994,
    0.014720148406922817,
    -0.0015472315717488527,
    -0.013691971078515053,
    -0.016713028773665428,
    0.026400702074170113,
    -0.05705969035625458,
    -0.01849486492574215,
    -0.025731641799211502,
    0.020141830667853355,
    -0.03422053903341293,
    -0.012155098840594292,
    -0.029077403247356415,
    0.014934167265892029,
    0.08925753831863403,
    0.03237960487604141,
    -0.017053894698619843,
    0.004630691837519407,
    -0.038168612867593765,
    -0.006933618802577257,
    0.03479472175240517,
    0.07689907401800156,
    -0.08140429854393005,
    0.002314886311069131,
    0.08007733523845673,
    -0.0006145686493255198,
    -0.02373923733830452,
    0.004049725364893675,
    0.09028719365596771,
    -0.058051031082868576,
    0.05397159606218338,
    0.0036400114186108112,
    -0.09703322499990463,
    -0.14425136148929596,
    0.07817293703556061,
    0.00946701131761074,
    -0.01356449630111456,
    0.045674316585063934,
    0.028081944212317467,
    -0.0338108129799366,
    0.032928716391325,
    -0.022633502259850502,
    -0.04299108311533928,
    -0.06695160269737244,
    0.008628482930362225,
    -0.05189758539199829,
    0.02698354981839657,
    -0.005020302254706621,
    0.054609090089797974,
    -0.0004529189318418503,
    -0.09992833435535431,
    0.004783030599355698,
    -0.006653874646872282,
    0.03147697448730469,
    -0.029321720823645592,
    0.03150554746389389,
    0.03277535364031792,
    -0.0007404531352221966,
    -0.008458180353045464,
    -0.04537401720881462,
    0.00978327076882124,
    -0.004433942958712578,
    0.03045796975493431,
    0.058638375252485275,
    -0.004594428930431604,
    0.03723417967557907,
    -0.04586448520421982,
    0.012803413905203342,
    -0.04206202179193497,
    0.02065611071884632,
    -0.06813351809978485,
    -0.05096517875790596,
    0.07206039875745773,
    0.04380068555474281,
    0.0340682752430439,
    0.004247321281582117,
    0.04737451672554016,
    0.03540157526731491,
    -0.08472829312086105,
    0.049546048045158386,
    -0.06566151231527328,
