{
  "id": 259,
  "vector": [
    0.03979632258415222,
    -0.0017709799576550722,
    -0.0808013528585434,
    -0.018748976290225983,
    -0.05726401135325432,
    0.034316424280405045,
    -0.03455667197704315,
    0.07723531872034073,
    0.004319202620536089,
    -0.0668247640132904,
    0.02488359622657299,
    -0.04948544129729271,
    -0.05771492421627045,
    0.033046871423721313,
    0.03749497979879379,
    -0.060817450284957886,
    -0.04276161268353462,
    0.00882385578006506,
    -0.1022023931145668,
    -0.059599533677101135,
    0.04548666998744011,
    -0.06443329900503159,
    0.006215522065758705,
    0.006384311709553003,
    0.03339565172791481,
    0.00545563455671072,
    -0.028472457081079483,
    -0.02824295498430729,
    -0.0060173203237354755,
    -0.05868435278534889,
    0.009743161499500275,
    0.08019658923149109,
    0.027973368763923645,
    0.017833668738603592,
    0.001110395067371428,
    -0.0706680417060852,
    -0.011041002348065376,
    0.02454911358654499,
    0.04769758880138397,
    0.023192884400486946,
    0.04659102112054825,
    -0.013430245220661163,
    0.045474208891391754,
    0.04008801653981209,
    -0.021260645240545273,
    0.030401065945625305,
    -0.10599682480096817,
    0.09224151074886322,
    0.09432585537433624,
    0.03496307134628296,
    -0.01270332932472229,
    0.01469000056385994,
    -0.08047197014093399,
    -0.0061150346882641315,
    0.08379664272069931,
    -0.07901400327682495,
    -0.027138084173202515,
    -0.03443591296672821,
    0.02320556715130806,
    0.04846645146608353,
    0.0017555257072672248,
    0.027321718633174896,
    0.022400107234716415,
    0.035732679069042206,
    0.01910604164004326,
    0.03018200956285,
    -0.11191216111183167,
    0.03180786222219467,
    -0.1389460414648056,
    0.060477614402770996,
    -0.06962677091360092,
    0.03030974604189396,
    0.020544566214084625,
    -0.051505133509635925,
    -0.027243711054325104,
    0.0026279559824615717,
    -0.02130555361509323,
    -0.08516912162303925,
    -0.06097223982214928,
    0.11139799654483795,
    -0.0881662368774414,
    0.01886136457324028,
    -0.07983848452568054,
    0.059598952531814575,
    -0.011227219365537167,
    -0.07886660099029541,
    -0.009410821832716465,
    0.040833041071891785,
    -0.03634745627641678,
    0.0024240193888545036,
    -0.03771335631608963,
    0.05088650435209274,
    0.09123900532722473,
    -0.05370588228106499,
    -0.12855643033981323,
    0.04195097088813782,
    -0.03801874816417694,
    -0.04695557802915573,
    0.1047346293926239,
    -0.03047526627779007,
    0.023084601387381554,
    -0.010035485029220581,
    0.15441536903381348,
    -0.045244913548231125,
    -0.0036763607058674097,
    -0.0275187399238348,
    0.009676443412899971,
    0.048279836773872375,
    0.10136938840150833,
    -0.00491674430668354,
    -0.04852142930030823,
    -0.004304076079279184,
    0.0306237805634737,
    0.0010188583983108401,
    -0.04277266934514046,
    -0.0029293771367520094,
    0.0006241276278160512,
    -0.0329049713909626,
    0.03336165472865105,
    0.023059668019413948,
    0.06326441466808319,
    0.035639986395835876,
    0.04841003194451332,
    0.00961071066558361,
    -0.07105731964111328,
    -0.040422793477773666,
    0.07548186928033829,
    6.0212824676750055e-33,
    -0.10676025599241257,
    -0.03661704808473587,
    0.06177065148949623,
    0.10045448690652847,
    0.027111031115055084,
    0.01576712727546692,
    0.035189755260944366,
    -0.033489715307950974,
    -0.0011161583242937922,
    0.06759066134691238,
    -0.011455528438091278,
    0.035958431661129,
    -0.026654087007045746,
    0.1376732736825943,
    -0.06079289689660072,
    -0.05063403770327568,
    0.06663674116134644,
    0.03553822264075279,
    0.00876526813954115,
    -0.06565675139427185,
    -0.023440802469849586,
    -0.02809680998325348,
    0.03674282506108284,
    0.005065327510237694,
    -0.021667277440428734,
    0.040649671107530594,
    0.014362701214849949,
    -0.00259691895917058,
    0.04431409016251564,
    0.013023881241679192,
    0.04308203607797623,
    0.04180093854665756,
    0.002904379041865468,
    -0.010320359840989113,
    0.01993132382631302,
    -0.02074381522834301,
    -0.021586813032627106,
    -0.004399219527840614,
    0.11430149525403976,
    -0.019542574882507324,
    -0.00780710531398654,
    0.0100241182371974,
    0.04002199321985245,
    0.02262098155915737,
    -0.017855072394013405,
    0.04672627151012421,
    0.014535713009536266,
    -0.0032917549833655357,
    0.04009965434670448,
    -0.006672040559351444,
    -0.09756108373403549,
    -0.007686275988817215,
    0.043911755084991455,
    0.04339782893657684,
    0.03524428978562355,
    -0.029194291681051254,
    -0.07286285609006882,
    0.07580636441707611,
    0.03674544021487236,
    0.024481046944856644,
    -0.02097850665450096,
    0.11345987766981125,
    -0.05228386074304581,
    0.022621700540184975,
    -0.018352093175053596,
    0.05254904180765152,
    -0.055370282381772995,
    -0.05703277140855789,
    0.018678253516554832,
    0.026134679093956947,
    -0.017930040135979652,
    -0.015859853476285934,
    0.024184638634324074,
    -0.0459003821015358,
    0.012358995154500008,
    0.016317397356033325,
    0.08226075023412704,
    0.013328556902706623,
    -0.05773082748055458,
    -0.08231053501367569,
    -0.06313438713550568,
    0.005193288903683424,
    0.027073584496974945,
    -0.012242499738931656,
    -0.02253555878996849,
    0.048774730414152145,
    -0.053855426609516144,
    0.0035824314691126347,
    -0.0263680312782526,
    -0.07496330142021179,
    -0.009895451366901398,
    -0.03030763752758503,
    -0.042840324342250824,
    -0.037095844745635986,
    0.020136861130595207,
    -5.807396862439075e-33,
    0.023102715611457825,
    0.03203066065907478,
    0.03814654424786568,
    0.024618444964289665,
    0.122848741710186,
    0.03715775907039642,
    0.05724622309207916,
    -0.02854488044977188,
    0.010656415484845638,
    -0.022467175498604774,
    -0.11764451116323471,
    -0.007486857008188963,
    0.02646583318710327,
    -0.025471605360507965,
    -0.02939927950501442,
    0.09952802956104279,
    0.09186053276062012,
    0.02436910569667816,
    0.01452438160777092,
    -0.04671277850866318,
    -0.09844835847616196,
    -0.00483494671061635,
    -0.056907303631305695,
    0.026882657781243324,
    0.06936392188072205,
    0.051164787262678146,
    0.0014492005575448275,
    -0.1457797735929489,
    -0.006617493461817503,
    0.026941761374473572,
    -0.01681559719145298,
    -0.1455371230840683,
    0.024226345121860504,
    -0.007268399000167847,
    -0.005455153062939644,
    -0.06675505638122559,
    0.031318824738264084,
    0.04998454079031944,
    0.03565970063209534,
    -0.009894809685647488,
    0.030626941472291946,
    -0.08196661621332169,
    0.006430226378142834,
    -0.008014237508177757,
    0.0700087770819664,
    0.01641101762652397,
    -0.011826066300272942,
    -0.06867745518684387,
    0.04907314479351044,
    0.056321337819099426,
    -0.03435781970620155,
    0.0746016800403595,
    -0.12835295498371124,
    -0.0021311647724360228,
    0.06472712010145187,
    0.015840427950024605,
    0.09230022132396698,
    -0.04340192303061485,
    -0.0437793992459774,
    -0.07677147537469864,
    -0.08983883261680603,
    -0.022106774151325226,
    0.01023526769131422,
    -0.028921542689204216,
    0.017959553748369217,
    -0.04181172698736191,
    0.01713138073682785,
    -0.012900595553219318,
    -0.05069398134946823,
    -0.006295213010162115,
    0.049924932420253754,
    0.07388890534639359,
    0.05101773515343666,
    -0.09818737208843231,
    -0.06322450190782547,
    -0.008296349085867405,
    -0.05505722016096115,
    -0.04076346755027771,
    0.027420934289693832,
    0.10361630469560623,
    -0.034345854073762894,
    -0.006589366588741541,
    -0.012272047810256481,
