{
  "id": 1056,
  "vector": [
    0.04286414012312889,
    0.011414353735744953,
    0.006218612194061279,
    -0.026418456807732582,
    -0.011388009414076805,
    0.033820878714323044,
    -0.05822351202368736,
    0.11071210354566574,
    -0.003397161141037941,
    -0.0714968740940094,
    0.017334261909127235,
    -0.012083133682608604,
    -0.03153914958238602,
    -0.005840314086526632,
    -0.06517726927995682,
    -0.04435235261917114,
    -0.07114823907613754,
    0.036111462861299515,
    -0.1163606345653534,
    0.06449400633573532,
    0.06022852659225464,
    -0.00891140941530466,
    0.028042761608958244,
    -0.0042984322644770145,
    -0.024594038724899292,
    0.04619189351797104,
    -0.026494506746530533,
    0.028687063604593277,
    0.09957809746265411,
    -0.023201562464237213,
    0.001240608748048544,
    0.08706929534673691,
    -0.02020888775587082,
    -0.003830804955214262,
    -0.04146004840731621,
    -0.05764327943325043,
    -0.04572964087128639,
    -0.056492432951927185,
    0.054682955145835876,
    0.03415649011731148,
    0.06184498593211174,
    0.001216755248606205,
    -0.013482715934515,
    0.08458270877599716,
    -0.028520694002509117,
    -0.007593436632305384,
    0.009564896114170551,
    0.09655172377824783,
    0.059463292360305786,
    -0.03515622764825821,
    0.020020578056573868,
    -0.0812353640794754,
    -0.022787675261497498,
    -0.0006243415409699082,
    0.03155452758073807,
    -0.08364207297563553,
    -0.010995185002684593,
    -0.08821020275354385,
    -0.014532314613461494,
    0.14628483355045319,
    0.0032615859527140856,
    0.07455689460039139,
    -0.06948535889387131,
    0.0077317557297647,
    -0.0166343841701746,
    0.07870980352163315,
    0.001823456259444356,
    0.012380707077682018,
    -0.02714420109987259,
    0.03403272107243538,
    -0.1463271528482437,
    0.0706246867775917,
    0.033830054104328156,
    0.11171022802591324,
    -0.045747626572847366,
    -0.04993012547492981,
    -0.03876638039946556,
    -0.08157454431056976,
    -0.06681464612483978,
    0.09092435240745544,
    -0.09163099527359009,
    -0.005215012468397617,
    -0.013463068753480911,
    0.04350272938609123,
    0.027790557593107224,
    0.025254493579268456,
    -0.022612527012825012,
    -0.04009316861629486,
    0.03192470967769623,
    -0.03197811543941498,
    -0.04815394803881645,
    -0.02012997306883335,
    0.003950493410229683,
    -0.10501272231340408,
    0.0194762721657753,
    0.10152736306190491,
    -0.000029685232220799662,
    -0.0725700631737709,
    0.054381854832172394,
    0.009026281535625458,
    0.018784521147608757,
    -0.0772458091378212,
    0.07696858048439026,
    -0.016952889040112495,
    0.01963989809155464,
    0.05115462839603424,
    -0.005988237913697958,
    0.034017641097307205,
    -0.03876114636659622,
    0.029637273401021957,
    -0.06733182072639465,
    -0.000152374996105209,
    -0.03354242071509361,
    -0.0232571791857481,
    -0.024754520505666733,
    -0.02049885131418705,
    0.042504508048295975,
    0.01885836012661457,
    0.021265428513288498,
    -0.03197258710861206,
    0.048015303909778595,
    0.00549797248095274,
    0.049031712114810944,
    -0.09160880744457245,
    -0.04578421264886856,
    -0.0372055247426033,
    0.09167823195457458,
    3.734641061478412e-33,
    -0.034893687814474106,
    0.0006249796715565026,
    0.04063638299703598,
    0.028262415900826454,
    -0.04345737770199776,
    0.08970367908477783,
    0.001502909930422902,
    -0.014648192562162876,
    0.02927907556295395,
    0.04691903665661812,
    -0.03424579277634621,
    0.004322298802435398,
    -0.008773578330874443,
    0.08989094197750092,
    0.03150267153978348,
    0.04058587923645973,
    0.07146365940570831,
    0.010678689926862717,
    -0.006844651885330677,
    -0.031292933970689774,
    0.029973113909363747,
    0.025711797177791595,
    0.05734190717339516,
    0.052182432264089584,
    -0.17006662487983704,
    0.0029338777530938387,
    0.01740175113081932,
    0.001154285972006619,
    0.08005648851394653,
    -0.0015095401322469115,
    0.052131012082099915,
    0.02681042067706585,
    0.010279616340994835,
    -0.0230238139629364,
    -0.05625031143426895,
    0.012308163568377495,
    -0.08957470208406448,
    -0.05116783827543259,
    0.055508870631456375,
    -0.02219507098197937,
    0.05176670104265213,
    0.052915606647729874,
    0.028956880792975426,
    0.0035275141708552837,
    -0.016505056992173195,
    0.058990366756916046,
    -0.04948978126049042,
    0.01334401872009039,
    0.08254136890172958,
    -0.040468648076057434,
    -0.003616796340793371,
    0.010454061441123486,
    -0.07119040936231613,
    0.04585940018296242,
    0.015879111364483833,
    -0.00028620209195651114,
    -0.05577893927693367,
    0.07360094785690308,
    -0.04690338298678398,
    0.11472970247268677,
    -0.04892607033252716,
    0.025251762941479683,
    0.013950538821518421,
    0.04802433028817177,
    0.0004282656009308994,
    0.033739492297172546,
    -0.05053339898586273,
    -0.028706250712275505,
    -0.012872295454144478,
    0.03228379413485527,
    -0.012399673461914062,
    0.050122834742069244,
    -0.03923654556274414,
    0.01682700216770172,
    0.06705064326524734,
    -0.022828765213489532,
    0.05415836349129677,
    0.03731797635555267,
    -0.006505489349365234,
    0.04397466406226158,
    -0.045772526413202286,
    0.012061980552971363,
    0.04854021966457367,
    0.05834396556019783,
    -0.016340471804142,
    -0.020662900060415268,
    -0.046968553215265274,
    0.0013471078127622604,
    -0.023983076214790344,
    -0.071940116584301,
    0.05789937824010849,
    -0.026145953685045242,
    0.030483737587928772,
    -0.08155060559511185,
    -0.05923711881041527,
    -4.5684397756677996e-33,
    0.07139410823583603,
    0.06773974001407623,
    0.01933171972632408,
    0.09549488127231598,
    0.05541788041591644,
    0.021306896582245827,
    0.008070144802331924,
    0.03271391615271568,
    -0.06435196846723557,
    -0.004780796822160482,
    -0.041215021163225174,
    -0.02744724601507187,
    -0.001294963643886149,
    -0.03408434987068176,
    -0.11630614101886749,
    0.10808828473091125,
    0.06567426770925522,
    -0.013028203509747982,
    -0.028041329234838486,
    -0.06614549458026886,
    -0.033923450857400894,
    0.05378204584121704,
    0.1138654500246048,
    0.030170170590281487,
    0.009838069789111614,
    -0.08000503480434418,
    0.04103277251124382,
    -0.010497809387743473,
    -0.048871755599975586,
    0.008432268165051937,
    0.052702631801366806,
    -0.06761933863162994,
    0.05295824259519577,
    -0.012180325575172901,
    -0.04498165473341942,
    -0.05877648666501045,
    0.08477608114480972,
    0.005483507644385099,
    0.06469834595918655,
    0.06255561858415604,
    0.06601286679506302,
    -0.025082258507609367,
    0.03396473079919815,
    -0.09972546249628067,
    -0.00618409039452672,
    0.04901108518242836,
    -0.10196353495121002,
    -0.07254725694656372,
    0.0019012360135093331,
    -0.039916183799505234,
    0.007149273529648781,
    0.015119234099984169,
    -0.05532849580049515,
    -0.0027879574336111546,
    0.015325041487812996,
    -0.00863422267138958,
    0.03216936066746712,
    -0.037978798151016235,
    0.03954743221402168,
    0.0492791086435318,
    -0.0427524708211422,
    0.03322118520736694,
    -0.07694493979215622,
    -0.0038949139416217804,
    -0.012131016701459885,
    -0.051202815026044846,
    0.03514590114355087,
    0.0021042563021183014,
    -0.06788889318704605,
    0.0018846670864149928,
    -0.012333088554441929,
    0.009531951509416103,
    0.06510072201490402,
    -0.04324894770979881,
    -0.0185224749147892,
    -0.021441103890538216,
    -0.010880573652684689,
    -0.09355535358190536,
    0.04757608845829964,
    0.035018883645534515,
    -0.006217396818101406,
    -0.05334733426570892,
    -0.01276977825909853,
