{
  "id": 412,
  "vector": [
    0.016000274568796158,
    0.07968469709157944,
    -0.040345557034015656,
    -0.015340874902904034,
    -0.03974633291363716,
    -0.03332637622952461,
    0.021588044241070747,
    0.03418930619955063,
    -0.008331217803061008,
    0.00343061494641006,
    -0.047480568289756775,
    -0.04303518682718277,
    0.03996077552437782,
    -0.03972815349698067,
    -0.0025800226721912622,
    0.04558620974421501,
    0.01901119202375412,
    0.026052135974168777,
    -0.06790757179260254,
    0.004732447676360607,
    -0.02210874669253826,
    -0.056443724781274796,
    0.015864623710513115,
    0.02247568592429161,
    -0.09094047546386719,
    -0.001374223968014121,
    -0.0243314690887928,
    0.03988213092088699,
    0.054605673998594284,
    -0.042180828750133514,
    0.008534092456102371,
    0.05290044844150543,
    -0.07737110555171967,
    0.03935302793979645,
    0.022403815761208534,
    -0.0687669888138771,
    -0.03935013338923454,
    -0.02137148752808571,
    -0.04007020220160484,
    0.00954457838088274,
    0.08246906101703644,
    0.04491787776350975,
    0.04734984412789345,
    0.03847212344408035,
    0.02362101525068283,
    0.08196006715297699,
    -0.027874765917658806,
    -0.0031577814370393753,
    0.026899538934230804,
    -0.04280299320816994,
    0.06286249309778214,
    -0.04214179888367653,
    -0.11628136783838272,
    0.0877138078212738,
    -0.0028330953791737556,
    -0.037760235369205475,
    -0.09381707012653351,
    -0.027871008962392807,
    0.056852176785469055,
    -0.05966806411743164,
    -0.05164457857608795,
    0.0231251772493124,
    -0.013141622766852379,
    0.022808142006397247,
    -0.009220054373145103,
    0.012723853811621666,
    -0.06992939859628677,
    -0.009059646166861057,
    -0.08003649860620499,
    0.019970539957284927,
    0.003800890641286969,
    0.03262229636311531,
    -0.007930923253297806,
    0.026122840121388435,
    -0.03099174238741398,
    0.005741289351135492,
    0.1107325404882431,
    -0.0896235927939415,
    -0.054721537977457047,
    0.00938435923308134,
    -0.12858761847019196,
    -0.028718940913677216,
    -0.05034468322992325,
    0.031606461852788925,
    -0.016564365476369858,
    0.01604096032679081,
    -0.025039726868271828,
    0.06859925389289856,
    -0.026593482121825218,
    -0.03536566346883774,
    0.03193486109375954,
    0.016041047871112823,
    0.012885816395282745,
    -0.03281102702021599,
    -0.04752671346068382,
    0.01075664907693863,
    0.03324761986732483,
    0.005358543712645769,
    0.009415378794074059,
    0.05084565654397011,
    0.03333034738898277,
    -0.023329852148890495,
    0.1299286186695099,
    -0.04799193516373634,
    -0.05063651129603386,
    0.008064714260399342,
    0.009474780410528183,
    0.04188894107937813,
    -0.043522875756025314,
    0.044551365077495575,
    -0.03105207346379757,
    -0.004497813526540995,
    -0.024786049500107765,
    -0.07461356371641159,
    -0.028962325304746628,
    -0.006876854691654444,
    0.02909470722079277,
    0.01418174896389246,
    -0.04868900775909424,
    -0.0454469695687294,
    0.06001083180308342,
    0.009014356881380081,
    0.021303590387105942,
    0.0006198929040692747,
    -0.12244901061058044,
    -0.04819685220718384,
    -0.0013611476169899106,
    1.906427758423125e-33,
    0.004098869394510984,
    -0.03551599010825157,
    0.11438818275928497,
    0.025059185922145844,
    0.02501818537712097,
    -0.07529465109109879,
    0.004821226932108402,
    0.005396749824285507,
    0.04053721949458122,
    0.10889596492052078,
    -0.08636315166950226,
    -0.008889488875865936,
    0.007945258170366287,
    0.04159482941031456,
    -0.010322315618395805,
    -0.07364027202129364,
    0.049984537065029144,
    -0.08578941226005554,
    -0.0294907595962286,
    -0.017829323187470436,
    -0.134122833609581,
    0.026430707424879074,
    0.0707344114780426,
    -0.03204154595732689,
    -0.0869971290230751,
    -0.01327244471758604,
    0.031350262463092804,
    -0.048647813498973846,
    -0.01591918244957924,
    0.015255202539265156,
    0.06444291770458221,
    -0.014324365183711052,
    -0.03993112966418266,
    0.05008804798126221,
    -0.05200633779168129,
    0.051425836980342865,
    -0.06103426218032837,
    -0.022941431030631065,
    -0.026150064542889595,
    -0.01009339652955532,
    0.06334439665079117,
    -0.04178977385163307,
    -0.010291865095496178,
    0.08725704252719879,
    0.02094651386141777,
    0.011697434820234776,
    0.12313570827245712,
    -0.032754164189100266,
    0.1415545493364334,
    0.03325040265917778,
    0.02786368876695633,
    0.048672597855329514,
    -0.044555582106113434,
    -0.034799445420503616,
    0.04471949487924576,
    -0.02047157660126686,
    0.0965006873011589,
    -0.025604693219065666,
    -0.09162228554487228,
    0.10604850947856903,
    0.04630635678768158,
    0.012011741288006306,
    -0.04427216947078705,
    0.011335962451994419,
    0.022520022466778755,
    0.09049861133098602,
    -0.028008826076984406,
    0.008161617442965508,
    -0.014886572025716305,
    -0.12336385250091553,
    -0.002809532219544053,
    -0.011849779635667801,
    0.061856016516685486,
    -0.04260144755244255,
    0.042572952806949615,
    0.046400781720876694,
    0.09294526278972626,
    -0.038481250405311584,
    0.03174659237265587,
    -0.01354906801134348,
    -0.02674245275557041,
    0.0026525533758103848,
    -0.03122529946267605,
    -0.05100339651107788,
    -0.0705985426902771,
    0.13522471487522125,
    -0.039849959313869476,
    0.02382003888487816,
    0.04289061948657036,
    0.03324926644563675,
    0.002210790291428566,
    -0.039828721433877945,
    0.06852518767118454,
    -0.026337962597608566,
    -0.11771927773952484,
    -2.9506923076425123e-33,
    -0.09993278980255127,
    -0.007756248116493225,
    -0.021830502897500992,
    0.06795276701450348,
    0.12443150579929352,
    0.008630435913801193,
    -0.0026749148964881897,
    0.03435736894607544,
    -0.004726594313979149,
    -0.01386872585862875,
    -0.015146557241678238,
    -0.03788943588733673,
    0.06386774033308029,
    0.0013103747041895986,
    0.03785967081785202,
    0.0856303721666336,
    -0.06740584969520569,
    0.07007933408021927,
    0.05982502922415733,
    -0.024028221145272255,
    -0.0059523386880755424,
    0.07693392783403397,
    0.03891000151634216,
    0.06393101811408997,
    -0.07504744082689285,
    0.05019965395331383,
    0.07159283757209778,
    -0.04721878841519356,
    0.07955688238143921,
    0.058859311044216156,
    -0.009695444256067276,
    -0.09010809659957886,
    0.046628210693597794,
    0.059894416481256485,
    -0.04000071436166763,
    -0.04351058974862099,
    0.04672668129205704,
    0.03793274983763695,
    -0.05240849032998085,
    0.007657064590603113,
    -0.06907974183559418,
    -0.04809929057955742,
    -0.005758707411587238,
    0.027877822518348694,
    -0.026087919250130653,
    -0.034149158746004105,
    -0.06317020952701569,
    0.026866484433412552,
    0.004447587300091982,
    0.0416882298886776,
    -0.004860110580921173,
    0.02953081578016281,
    -0.03873995319008827,
    0.014351238496601582,
    -0.011409122496843338,
    0.07488968968391418,
    -0.06720595806837082,
    0.04466848820447922,
    0.04875240474939346,
    0.004851123318076134,
    0.00008586324111092836,
    0.01587218977510929,
    -0.07316797971725464,
    -0.03359299525618553,
    0.0853552520275116,
    0.006192509084939957,
    -0.024439532309770584,
    -0.05866051837801933,
    -0.1677354872226715,
    0.0660010352730751,
    -0.041634947061538696,
    -0.011136207729578018,
    -0.05536617338657379,
    -0.11102423816919327,
    0.04749661311507225,
    -0.044536177068948746,
    0.0378502793610096,
    -0.06033351644873619,
    0.017472198233008385,
    0.0716610848903656,
    -0.12261121720075607,
    0.029101593419909477,
    0.057669706642627716,
