{
  "id": 980,
  "vector": [
    0.01465549599379301,
    -0.0020848880521953106,
    0.057665664702653885,
    0.026465095579624176,
    0.051776669919490814,
    -0.039884116500616074,
    0.06965658813714981,
    0.03234666958451271,
    -0.06956490129232407,
    0.002829865785315633,
    0.05388839170336723,
    -0.029613200575113297,
    -0.04670928418636322,
    -0.01775040291249752,
    -0.03532062843441963,
    0.04659377783536911,
    -0.03766569495201111,
    0.06666486710309982,
    -0.1407625824213028,
    0.025681184604763985,
    0.0786234512925148,
    -0.05619852617383003,
    0.017556896433234215,
    -0.014194800518453121,
    -0.011082560755312443,
    0.026078050956130028,
    0.06425415724515915,
    -0.04757723584771156,
    -0.032569531351327896,
    -0.07038027048110962,
    0.08491972833871841,
    0.09886565059423447,
    0.0023000435903668404,
    -0.030181774869561195,
    -0.010748771019279957,
    0.013852539472281933,
    0.03074994683265686,
    -0.052243322134017944,
    0.08945724368095398,
    0.010708990506827831,
    0.02517099864780903,
    -0.005694625899195671,
    -0.022880101576447487,
    -0.037681352347135544,
    -0.047375764697790146,
    -0.0873497724533081,
    0.007707993499934673,
    0.06268944591283798,
    0.0711793303489685,
    -0.017393985763192177,
    0.08797896653413773,
    -0.021587200462818146,
    -0.04094734787940979,
    -0.020268814638257027,
    -0.03384837880730629,
    -0.03604498505592346,
    -0.055361513048410416,
    0.007577106822282076,
    0.02595941722393036,
    0.026545275002717972,
    0.01877671480178833,
    0.01676565781235695,
    0.005971898324787617,
    0.024405809119343758,
    0.07894551008939743,
    0.03085104562342167,
    0.004321525804698467,
    0.02223242074251175,
    -0.06776636838912964,
    0.05730776861310005,
    -0.03716125711798668,
    0.044465553015470505,
    0.050877563655376434,
    0.012931321747601032,
    -0.003742018947377801,
    0.03191601485013962,
    0.03327706456184387,
    -0.14937612414360046,
    -0.017726263031363487,
    0.06931103020906448,
    -0.13854090869426727,
    -0.014090984128415585,
    -0.03398183733224869,
    0.016508910804986954,
    0.00950557366013527,
    -0.02290555089712143,
    -0.0031531471759080887,
    0.0008082696003839374,
    0.02368026040494442,
    -0.08570890128612518,
    -0.05606243759393692,
    0.027925193309783936,
    0.07670294493436813,
    -0.07966834306716919,
    -0.006294236984103918,
    0.013998011127114296,
    -0.033064402639865875,
    -0.003981586545705795,
    0.016162704676389694,
    0.04358132556080818,
    0.026206495240330696,
    0.02365938201546669,
    0.01780976727604866,
    -0.012472632341086864,
    0.05655183643102646,
    -0.035648807883262634,
    0.021394185721874237,
    0.03273937478661537,
    -0.02881225012242794,
    0.001678885193541646,
    0.025383155792951584,
    0.029009485617280006,
    0.0474533773958683,
    0.04984845593571663,
    -0.009427946992218494,
    0.03086422197520733,
    -0.0031782444566488266,
    -0.012351497076451778,
    -0.025246305391192436,
    0.03711964562535286,
    0.12165988236665726,
    -0.010227213613688946,
    -0.049387283623218536,
    0.0028062995988875628,
    -0.08294914662837982,
    0.014983602799475193,
    0.07182665914297104,
    5.0841229025597984e-33,
    -0.08010601252317429,
    0.0025590024888515472,
    0.06479451805353165,
    -0.030705571174621582,
    0.047763872891664505,
    -0.07947462797164917,
    0.06770239025354385,
    -0.007805532310158014,
    -0.030809329822659492,
    0.05548416078090668,
    -0.0001304134784732014,
    0.04985937476158142,
    -0.03253475949168205,
    0.02890096604824066,
    -0.03589451685547829,
    -0.07289287447929382,
    0.05070826783776283,
    0.07556210458278656,
    0.020926618948578835,
    -0.06982515752315521,
    -0.07466479390859604,
    -0.03431353718042374,
    -0.03420734032988548,
    -0.05019671469926834,
    -0.0826779380440712,
    0.028760014101862907,
    -0.04809492081403732,
    0.004330876749008894,
    0.04521820694208145,
    -0.00021978117001708597,
    0.10116611421108246,
    0.0362493097782135,
    0.030663514509797096,
    0.0762481689453125,
    -0.0693424716591835,
    -0.017734743654727936,
    -0.08863896876573563,
    0.007177914958447218,
    0.10235194116830826,
    -0.07475636154413223,
    -0.0226215161383152,
    0.03756314888596535,
    0.041652072221040726,
    0.0052796355448663235,
    -0.04193970933556557,
    0.031246311962604523,
    0.03250718116760254,
    0.005131112411618233,
    0.03027503564953804,
    0.045229777693748474,
    0.023138662800192833,
    -0.022415583953261375,
    -0.026134314015507698,
    0.029448922723531723,
    0.05739237740635872,
    -0.0419139638543129,
    -0.014843503013253212,
    0.005123588722199202,
    0.04688486084342003,
    0.0924667939543724,
    0.023745989426970482,
    0.06786401569843292,
    -0.03138591721653938,
    0.06354068964719772,
    -0.006328360177576542,
    -0.0136234350502491,
    -0.028628380969166756,
    0.07330533862113953,
    -0.03854602202773094,
    0.03188687562942505,
    0.011512437835335732,
    0.06771188229322433,
    -0.0498632974922657,
    -0.020577536895871162,
    0.026951801031827927,
    0.023173948749899864,
    0.11694735288619995,
    0.043134063482284546,
    -0.05043027549982071,
    -0.03941094130277634,
    -0.045162394642829895,
    -0.03816835209727287,
    -0.08429726213216782,
    -0.05447322502732277,
    -0.12555421888828278,
    0.08382626622915268,
    -0.05669109895825386,
    0.060925018042325974,
    -0.028643328696489334,
    -0.008173233829438686,
    0.039337724447250366,
    -0.036949992179870605,
    -0.036802973598241806,
    -0.1067114993929863,
    -0.11920386552810669,
    -4.097923549838209e-33,
    0.05222374573349953,
    0.10585980862379074,
    -0.05953836068511009,
    0.053669001907110214,
    0.043954890221357346,
    0.05246453732252121,
    0.13535653054714203,
    -0.01610596664249897,
    -0.037336960434913635,
    -0.009123538620769978,
    -0.06974384933710098,
    0.033704958856105804,
    -0.026921739801764488,
    0.007444100454449654,
    -0.04311581328511238,
    0.11023478955030441,
    0.1219203770160675,
    0.05074542760848999,
    -0.037223927676677704,
    -0.08691469579935074,
    -0.06661982089281082,
    0.0473417192697525,
    -0.003106206189841032,
    0.09283428639173508,
    -0.05020923539996147,
    -0.02188013680279255,
    0.036625687032938004,
    -0.017594777047634125,
    -0.03138744458556175,
    -0.018846988677978516,
    -0.0014786658575758338,
    -0.06902764737606049,
    0.0629417896270752,
    -0.011660280637443066,
    0.05000552535057068,
    -0.049061939120292664,
    0.04155001416802406,
    -0.04112030193209648,
    -0.008486265316605568,
    0.04932243749499321,
    -0.046194758266210556,
    -0.0689561665058136,
    -0.025310805067420006,
    0.001721903565339744,
    -0.03701282665133476,
    -0.030246037989854813,
    -0.033737439662218094,
    -0.08294039964675903,
    0.020760428160429,
    0.0119268037378788,
    0.016457093879580498,
    0.009866023436188698,
    -0.05709901824593544,
    -0.021462852135300636,
    -0.02100985310971737,
    0.10682177543640137,
    0.06459859013557434,
    -0.027097202837467194,
    0.017480162903666496,
    -0.03661826252937317,
    -0.0036840937100350857,
    0.040183816105127335,
    -0.017724188044667244,
    0.00427209259942174,
    -0.020681262016296387,
    -0.07197831571102142,
    -0.04584653675556183,
    -0.01808844693005085,
    -0.05279016122221947,
    -0.009000514633953571,
    0.05839153751730919,
    0.03889496996998787,
    0.07494284957647324,
    -0.1418973058462143,
    -0.10630263388156891,
    -0.07999087870121002,
    -0.00014633078535553068,
    -0.048427239060401917,
    0.07091356813907623,
    -0.013866441324353218,
    -0.049559786915779114,
    -0.015696391463279724,
    0.008417288772761822,
