{
  "id": 654,
  "vector": [
    0.03638824447989464,
    0.03199365362524986,
    -0.06016051024198532,
    0.010235782712697983,
    -0.05310676619410515,
    -0.02107229456305504,
    0.02811281569302082,
    0.10878181457519531,
    -0.0557447150349617,
    -0.050591591745615005,
    -0.01236517820507288,
    -0.015362308360636234,
    -0.02128024399280548,
    0.026689153164625168,
    -0.09411608427762985,
    -0.02055121585726738,
    -0.08065002411603928,
    0.05369792878627777,
    -0.08996658027172089,
    -0.0760604590177536,
    0.028662405908107758,
    -0.05832701176404953,
    -0.0015971699031069875,
    0.0507492870092392,
    -0.036610715091228485,
    0.04452512413263321,
    -0.019119741395115852,
    -0.03613641485571861,
    0.024874262511730194,
    0.005561064463108778,
    0.051668815314769745,
    0.06136215478181839,
    0.04260501638054848,
    -0.09527385979890823,
    0.009986232034862041,
    -0.04121626541018486,
    -0.040607307106256485,
    -0.009809054434299469,
    0.08714821189641953,
    -0.023175004869699478,
    0.0899990126490593,
    -0.017553463578224182,
    -0.00006570730329258367,
    0.09383836388587952,
    0.015191585756838322,
    0.015289019793272018,
    -0.10850661993026733,
    0.11782550066709518,
    0.018893837928771973,
    0.07207828760147095,
    -0.021883269771933556,
    -0.065455861389637,
    -0.12326650321483612,
    -0.03279478847980499,
    0.01583637110888958,
    -0.09183067828416824,
    0.011049220338463783,
    -0.0019600901287049055,
    -0.006859305314719677,
    0.054206036031246185,
    0.04348455369472504,
    0.05180828645825386,
    -0.029094744473695755,
    0.06241164728999138,
    0.013940146192908287,
    0.07309699058532715,
    -0.025270607322454453,
    -0.010377390310168266,
    -0.014959207735955715,
    0.0083460733294487,
    -0.01990034058690071,
    0.0020600606221705675,
    0.05425107851624489,
    -0.0700312927365303,
    -0.0613938644528389,
    -0.07588700950145721,
    0.017635440453886986,
    -0.03196410462260246,
    -0.04432079568505287,
    0.11723922938108444,
    -0.07224752008914948,
    -0.018875470384955406,
    -0.057042792439460754,
    -0.002072135917842388,
    -0.02243044599890709,
    -0.008339460007846355,
    -0.037319011986255646,
    -0.04719499126076698,
    0.047333478927612305,
    -0.0640658587217331,
    -0.08706334233283997,
    -0.005676986649632454,
    -0.05590185895562172,
    -0.08649489283561707,
    -0.06411723047494888,
    0.04096853360533714,
    0.00620332732796669,
    -0.07334569841623306,
    0.0479707308113575,
    0.01292008813470602,
    0.04447608441114426,
    -0.01978953182697296,
    0.05303249880671501,
    -0.08436298370361328,
    0.027247630059719086,
    0.008275858126580715,
    0.05187716707587242,
    -0.0010977615602314472,
    0.004357700701802969,
    0.008522736839950085,
    -0.10987686365842819,
    -0.015212464146316051,
    0.0163175817579031,
    0.04689713940024376,
    0.040732789784669876,
    0.06125054508447647,
    0.0348811000585556,
    0.011973542161285877,
    0.012108515948057175,
    0.05316741019487381,
    0.05214417725801468,
    0.05033174529671669,
    0.0167348925024271,
    -0.09633767604827881,
    -0.010266125202178955,
    -0.02345184236764908,
    0.049776867032051086,
    3.911518063788626e-33,
    -0.09131572395563126,
    -0.10841725021600723,
    0.03654401749372482,
    0.06139029189944267,
    0.022253302857279778,
    0.02941259928047657,
    0.040214963257312775,
    -0.027057768777012825,
    0.02287578396499157,
    0.06743818521499634,
    -0.014742446132004261,
    -0.08049778640270233,
    -0.02775484137237072,
    0.09250568598508835,
    -0.016556255519390106,
    -0.05654410272836685,
    0.07149774581193924,
    0.020924750715494156,
    -0.010389973409473896,
    -0.010519224219024181,
    0.00008343839726876467,
    -0.023134557530283928,
    -0.07076872885227203,
    0.020039202645421028,
    -0.02242947369813919,
    0.03478344902396202,
    0.03914237394928932,
    0.06122662127017975,
    0.009620094671845436,
    0.019145440310239792,
    0.05366259440779686,
    -0.0051554529927670956,
    -0.028054820373654366,
    -0.011826003901660442,
    -0.035627808421850204,
    -0.03345033898949623,
    0.06737052649259567,
    0.004643217194825411,
    0.07200340181589127,
    -0.06899280846118927,
    -0.012688964605331421,
    0.06166830658912659,
    0.08559800684452057,
    -0.04150981828570366,
    -0.07555203139781952,
    0.037963371723890305,
    -0.001695331186056137,
    -0.08661472797393799,
    0.052020106464624405,
    -0.010351771488785744,
    -0.06793901324272156,
    -0.02006925456225872,
    0.006250185891985893,
    0.11567001789808273,
    0.09298460930585861,
    -0.08272777497768402,
    -0.06478465348482132,
    0.07961998879909515,
    0.01646563597023487,
    0.0544908344745636,
    -0.08354654163122177,
    0.007542474661022425,
    0.03488842397928238,
    -0.00140357855707407,
    0.07603759318590164,
    0.06216297298669815,
    -0.054157111793756485,
    -0.0026092189364135265,
    0.02290344424545765,
    0.04040372744202614,
    -0.05398806184530258,
    0.03363867104053497,
    0.061177339404821396,
    -0.023997345939278603,
    0.07548578828573227,
    -0.003971881233155727,
    0.10450313985347748,
    0.07653339207172394,
    -0.03535545989871025,
    0.032674480229616165,
    -0.03484073653817177,
    0.0026906493585556746,
    0.04465519264340401,
    0.10418052226305008,
    0.013798239640891552,
    0.022326793521642685,
    -0.0333065427839756,
    0.0695025771856308,
    0.032658953219652176,
    0.013851083815097809,
    -0.02369905821979046,
    -0.06375999003648758,
    0.0020649831276386976,
    -0.05905381590127945,
    0.020321352407336235,
    -3.8289333408296215e-33,
    0.05687472224235535,
    0.09199249744415283,
    0.015163952484726906,
    0.03259213641285896,
    0.04724668338894844,
    -0.0016192334005609155,
    0.05812804028391838,
    0.0018378397217020392,
    0.058379512280225754,
    -0.04330482333898544,
    -0.06682229787111282,
    0.0494607575237751,
    -0.009002403356134892,
    -0.008532945066690445,
    -0.05653074383735657,
    0.08715929836034775,
    0.10047347098588943,
    -0.03904574736952782,
    0.012729830108582973,
    -0.05098463222384453,
    -0.08965639770030975,
    0.037653882056474686,
    0.009514303877949715,
    -0.060441046953201294,
    0.04405767843127251,
    0.0212398674339056,
    0.007684747688472271,
    -0.015213298611342907,
    0.013024327345192432,
    0.023900534957647324,
    -0.017985012382268906,
    -0.10054576396942139,
    0.04142627492547035,
    -0.004564672242850065,
    -0.045266442000865936,
    -0.013698321767151356,
    0.035097237676382065,
    0.08483236283063889,
    -0.05523526668548584,
    0.021595770493149757,
    0.05056747794151306,
    -0.047034915536642075,
    0.036759573966264725,
    -0.03160330653190613,
    0.01413017138838768,
    0.022955799475312233,
    0.010520599782466888,
    -0.14315693080425262,
    -0.030210886150598526,
    0.011915037408471107,
    0.02310953289270401,
    0.05025231093168259,
    -0.10881360620260239,
    0.06384340673685074,
    0.035708121955394745,
    0.03996656462550163,
    0.0929403305053711,
    -0.023972362279891968,
    -0.02587928995490074,
    -0.08914073556661606,
    0.013301580213010311,
    -0.007751645985990763,
    -0.07526343315839767,
    -0.02099224552512169,
    -0.021354738622903824,
    -0.03414208069443703,
    -0.062476590275764465,
    0.04402732849121094,
    0.03823615983128548,
    -0.045075103640556335,
    -0.00414152629673481,
    -0.03254520148038864,
    0.08612840622663498,
    0.03594794496893883,
    -0.025450672954320908,
    -0.019810063764452934,
    -0.06766407936811447,
    -0.04013581573963165,
    0.08354204893112183,
    0.02358539029955864,
    -0.048026714473962784,
    -0.006987852975726128,
    0.014176907017827034,
