{
  "id": 519,
  "vector": [
    -0.0003014518297277391,
    0.05513472855091095,
    0.005453539080917835,
    -0.04690941795706749,
    0.004204492550343275,
    -0.015774747356772423,
    0.08602479100227356,
    0.052246395498514175,
    -0.033465925604104996,
    0.03471554443240166,
    -0.02706793136894703,
    -0.04582967981696129,
    0.03858552500605583,
    -0.02290140464901924,
    -0.026032403111457825,
    -0.024126233533024788,
    0.003197384299710393,
    -0.019465595483779907,
    0.0010565409902483225,
    0.016795579344034195,
    -0.0071264212019741535,
    -0.07154769450426102,
    0.024323400110006332,
    0.010532692074775696,
    -0.042683448642492294,
    0.04894174262881279,
    -0.07383447885513306,
    -0.015250690281391144,
    0.05234118178486824,
    -0.011095535941421986,
    0.014959003776311874,
    0.060953982174396515,
    -0.0405329167842865,
    0.06894757598638535,
    0.008842678740620613,
    0.03904251381754875,
    -0.023208605125546455,
    -0.0027646555099636316,
    -0.017941724509000778,
    0.0295416209846735,
    0.04372083395719528,
    0.007477074861526489,
    -0.019890274852514267,
    0.06018947809934616,
    -0.013085396960377693,
    -0.05282316356897354,
    -0.08098170161247253,
    0.03636522591114044,
    0.035545457154512405,
    -0.02625347301363945,
    0.01650162599980831,
    0.005035033915191889,
    -0.08555230498313904,
    0.05326941981911659,
    0.04784306511282921,
    -0.05266892537474632,
    -0.1496104896068573,
    -0.02678937092423439,
    0.022403381764888763,
    -0.01049637608230114,
    0.00022691869526170194,
    -0.025174899026751518,
    -0.04474335536360741,
    -0.05950373411178589,
    0.09445811063051224,
    0.04532046243548393,
    -0.02509065717458725,
    -0.007438768167048693,
    -0.025965776294469833,
    0.04867130145430565,
    -0.03285577520728111,
    0.05878279730677605,
    0.003679849673062563,
    0.07043484598398209,
    -0.03308044746518135,
    -0.010469017550349236,
    0.08343923836946487,
    -0.040497951209545135,
    -0.02814619429409504,
    0.011555180884897709,
    -0.11093667149543762,
    0.02251598797738552,
    0.028230642899870872,
    0.04297395423054695,
    -0.023216726258397102,
    -0.05521177500486374,
    -0.05683416500687599,
    0.016730444505810738,
    -0.01118599995970726,
    -0.017026200890541077,
    -0.05673782899975777,
    -0.02616184763610363,
    0.06816430389881134,
    -0.022597363218665123,
    0.007430707104504108,
    -0.003928950056433678,
    -0.07535712420940399,
    0.044603776186704636,
    0.04960336908698082,
    0.05063016340136528,
    0.03429492190480232,
    0.0014963718131184578,
    0.07362545281648636,
    -0.04338956996798515,
    -0.04664239287376404,
    0.03020734153687954,
    -0.0011552381329238415,
    0.019592439755797386,
    -0.056377511471509933,
    0.07044334709644318,
    -0.0977090522646904,
    0.008844323456287384,
    -0.053288064897060394,
    -0.07843104749917984,
    -0.06256651133298874,
    0.007404249161481857,
    -0.008018762804567814,
    -0.002423366531729698,
    -0.016258634626865387,
    -0.09546277672052383,
    0.048644356429576874,
    0.004362469073385,
    0.07885434478521347,
    0.035506196320056915,
    -0.07819563895463943,
    -0.011608866043388844,
    0.05538097023963928,
    2.0700776942217036e-33,
    -0.05331882834434509,
    0.020684968680143356,
    0.04834505170583725,
    0.05379129946231842,
    0.0509912334382534,
    -0.07207604497671127,
    0.0835677981376648,
    -0.0023352147545665503,
    -0.011486693285405636,
    0.038344040513038635,
    -0.13716794550418854,
    0.027552494779229164,
    0.0019169790903106332,
    0.06690279394388199,
    0.015499318018555641,
    -0.06894049048423767,
    0.04734886437654495,
    0.01833544299006462,
    0.0441916286945343,
    -0.04054733365774155,
    -0.08384636044502258,
    0.02464878372848034,
    0.08064635843038559,
    0.0009205553797073662,
    -0.017617786303162575,
    -0.05867993086576462,
    -0.041071921586990356,
    -0.04704129695892334,
    -0.005540166515856981,
    0.0197724811732769,
    0.04282774031162262,
    0.022791747003793716,
    0.025732723996043205,
    0.010262584313750267,
    -0.003544863313436508,
    0.017488032579421997,
    -0.010243091732263565,
    -0.029326830059289932,
    0.067348413169384,
    -0.02314547821879387,
    0.01400114968419075,
    0.007208322174847126,
    0.024443969130516052,
    0.07846681773662567,
    -0.04348062351346016,
    0.04456157237291336,
    0.025970743969082832,
    -0.022709550336003304,
    0.07372082024812698,
    -0.014845691621303558,
    0.03201296925544739,
    0.016556784510612488,
    -0.10546525567770004,
    -0.025319630280137062,
    -0.05904589965939522,
    -0.06413732469081879,
    0.01236575748771429,
    0.0034492274280637503,
    -0.01753508672118187,
    0.10608140379190445,
    0.0518965870141983,
    -0.038006506860256195,
    0.009585613384842873,
    -0.013684215024113655,
    0.04159890115261078,
    0.06388752907514572,
    -0.053858544677495956,
    -0.009165672585368156,
    0.011611509136855602,
    -0.017389792948961258,
    -0.045797597616910934,
    0.009157790802419186,
    0.13706789910793304,
    -0.07438892871141434,
    0.09703350812196732,
    0.0267647672444582,
    0.021929943934082985,
    -0.011542363092303276,
    -0.010484576225280762,
    0.02878156490623951,
    -0.10946079343557358,
    -0.021548327058553696,
    0.0011595407268032432,
    -0.013107888400554657,
    -0.006040347274392843,
    0.0687066987156868,
    0.019286688417196274,
    -0.0003198061021976173,
    0.05710677057504654,
    0.03257380798459053,
    0.012759077362716198,
    -0.1231541857123375,
    0.05845051631331444,
    -0.06632141768932343,
    -0.06699775159358978,
    -2.8452455052569606e-33,
    -0.04128635674715042,
    0.07005497068166733,
    -0.07547404617071152,
    0.0569869726896286,
    0.031035589054226875,
    0.038116030395030975,
    0.0571017861366272,
    0.0629388764500618,
    -0.015132851898670197,
    0.025479692965745926,
    -0.009055872447788715,
    -0.027669962495565414,
    0.038876645267009735,
    -0.060797318816185,
    -0.07074404507875443,
    0.039491526782512665,
    0.03001016564667225,
    0.0402776263654232,
    0.0553630031645298,
    -0.061805445700883865,
    -0.027032217010855675,
    -0.022263431921601295,
    0.04808899760246277,
    0.00826169177889824,
    -0.002302579116076231,
    0.021419350057840347,
    0.11212793737649918,
    -0.07040832191705704,
    0.03938146308064461,
    0.037185560911893845,
    -0.006875143386423588,
    -0.07506242394447327,
    0.00158963561989367,
    0.03961138799786568,
    -0.025079311802983284,
    -0.028332600370049477,
    0.026097510010004044,
    0.050282761454582214,
    0.028621850535273552,
    -0.02960224449634552,
    -0.008904779329895973,
    -0.06331858038902283,
    -0.01660117693245411,
    0.07726343721151352,
    0.03741953521966934,
    -0.022451462224125862,
    -0.026776036247611046,
    -0.004054494667798281,
    -0.03994566574692726,
    0.02058493345975876,
    0.013203782960772514,
    0.034070175141096115,
    -0.007853386923670769,
    -0.020699147135019302,
    -0.045981623232364655,
    0.14148788154125214,
    -0.11347175389528275,
    0.07150775194168091,
    0.09689769148826599,
    -0.017381245270371437,
    0.05326838046312332,
    -0.05773673579096794,
    -0.071028932929039,
    -0.004188169725239277,
    0.08446371555328369,
    -0.05818178877234459,
    -0.030273500829935074,
    0.0006988272652961314,
    -0.05115675553679466,
    0.04178614914417267,
    0.011027438566088676,
    -0.011814475059509277,
    0.05634171888232231,
    -0.06108079478144646,
    0.051432229578495026,
    -0.01862446404993534,
    0.055889103561639786,
    -0.023247957229614258,
    0.049986112862825394,
    0.03434330224990845,
    -0.08690467476844788,
    0.07416058331727982,
    0.012979722581803799,
