{
  "id": 564,
  "vector": [
    0.014018788002431393,
    0.00925241969525814,
    -0.039889585226774216,
    0.02432006597518921,
    -0.04500092938542366,
    0.024556079879403114,
    0.04650285094976425,
    0.0684114471077919,
    -0.02264378033578396,
    0.05681799724698067,
    0.012198452837765217,
    -0.05731239169836044,
    -0.002679395955055952,
    0.05380185320973396,
    -0.0053344895131886005,
    0.017701933160424232,
    -0.0754217728972435,
    0.046207454055547714,
    -0.07048741728067398,
    -0.02454867772758007,
    -0.07841850072145462,
    -0.006170456763356924,
    0.003988324198871851,
    0.049786750227212906,
    -0.0068434360437095165,
    0.012754697352647781,
    0.024983340874314308,
    -0.04074117913842201,
    -0.021310551092028618,
    -0.018661879003047943,
    -0.04291999340057373,
    0.0359925851225853,
    0.09177740663290024,
    -0.03761489689350128,
    -0.003142256522551179,
    -0.012044243514537811,
    -0.05510447919368744,
    0.0071656773798167706,
    0.024866895750164986,
    -0.03442790359258652,
    0.02981509454548359,
    -0.010572209022939205,
    -0.033547837287187576,
    0.05013973265886307,
    0.03305082023143768,
    -0.020173778757452965,
    -0.0600869357585907,
    0.03393460810184479,
    0.03247765079140663,
    0.025223271921277046,
    -0.04125820845365524,
    -0.016035376116633415,
    -0.11675340682268143,
    -0.018282080069184303,
    -0.026427585631608963,
    -0.10867012292146683,
    -0.06859762221574783,
    -0.03721075877547264,
    0.013428114354610443,
    0.044056620448827744,
    -0.007674382533878088,
    -0.053833335638046265,
    0.0071209450252354145,
    0.014809340238571167,
    -0.03171650692820549,
    0.05986124277114868,
    -0.02059433050453663,
    0.01489270944148302,
    -0.03665929660201073,
    0.04314929619431496,
    -0.0517583042383194,
    0.03530442714691162,
    0.07878227531909943,
    -0.027038296684622765,
    0.009168840944766998,
    -0.017616407945752144,
    0.0699242427945137,
    -0.04930281639099121,
    0.007975517772138119,
    -0.022594762966036797,
    -0.1215018630027771,
    -0.015575413592159748,
    -0.022530367597937584,
    0.02835829369723797,
    0.002786192111670971,
    -0.016674214974045753,
    0.020494846627116203,
    0.030559584498405457,
    0.01593160256743431,
    -0.05728372186422348,
    -0.0897320806980133,
    0.009821292944252491,
    0.057946108281612396,
    0.03767692670226097,
    -0.008225583471357822,
    -0.05353527516126633,
    -0.10995765775442123,
    0.02848474308848381,
    0.01515375729650259,
    0.023351997137069702,
    0.019246499985456467,
    0.0073769837617874146,
    0.07569945603609085,
    -0.007154459599405527,
    0.009548669680953026,
    0.004802841693162918,
    0.0004636366793420166,
    0.0028629289008677006,
    0.006149658467620611,
    0.07450180500745773,
    -0.08088405430316925,
    0.009671353735029697,
    -0.0463901087641716,
    -0.0525580532848835,
    -0.02137775532901287,
    0.01535083819180727,
    0.03385408967733383,
    0.06325056403875351,
    0.08312401175498962,
    0.025702405720949173,
    0.06905028223991394,
    0.04002363607287407,
    0.09150609374046326,
    -0.025585416704416275,
    -0.10216227918863297,
    -0.022364119067788124,
    0.055206768214702606,
    6.645356826630373e-33,
    -0.10622360557317734,
    0.024397829547524452,
    0.011907035484910011,
    0.10920970141887665,
    0.032925575971603394,
    -0.02391587756574154,
    0.028213491663336754,
    0.01025392860174179,
    0.03737567365169525,
    0.05245551839470863,
    -0.03787511587142944,
    0.05959796905517578,
    0.056581031531095505,
    0.11783166229724884,
    -0.02142735943198204,
    -0.04251503944396973,
    0.02199784852564335,
    -0.006992921233177185,
    0.020213617011904716,
    -0.04676111415028572,
    -0.09558877348899841,
    0.06006518006324768,
    0.029845107346773148,
    0.060705654323101044,
    -0.030161084607243538,
    0.02541217766702175,
    -0.005641084164381027,
    0.025198886170983315,
    -0.06850413978099823,
    -0.006093988660722971,
    0.07086267322301865,
    -0.026359835639595985,
    0.03641599789261818,
    -0.06524202972650528,
    0.04243902117013931,
    0.05438690260052681,
    0.01670149154961109,
    0.010092494077980518,
    0.014066697098314762,
    0.06691748648881912,
    -0.04249896854162216,
    -0.03587573021650314,
    -0.005425499752163887,
    0.038111839443445206,
    -0.0432770773768425,
    0.02405088022351265,
    0.04575109854340553,
    0.040264543145895004,
    0.030965115875005722,
    -0.006610852666199207,
    -0.04522213339805603,
    0.009033262729644775,
    -0.04445911571383476,
    -0.003042034339159727,
    0.03897415101528168,
    -0.10462537407875061,
    -0.027428552508354187,
    0.07030128687620163,
    -0.006719069089740515,
    0.03995518758893013,
    0.022323323413729668,
    -0.07633689045906067,
    0.006733722519129515,
    -0.01971498504281044,
    -0.03427064046263695,
    0.04168137535452843,
    -0.08770003914833069,
    -0.03937893360853195,
    -0.03911510109901428,
    0.029209282249212265,
    0.03435979411005974,
    0.04887058213353157,
    0.045314885675907135,
    -0.06586620956659317,
    -0.004554872866719961,
    -0.01588282734155655,
    0.029796741902828217,
    0.06337567418813705,
    -0.07474754750728607,
    0.004615426994860172,
    -0.028459949418902397,
    -0.029038826003670692,
    -0.03076193667948246,
    0.0016723235603421926,
    -0.055455662310123444,
    0.08757738769054413,
    0.017106452956795692,
    -0.039901990443468094,
    0.025302911177277565,
    -0.03920479491353035,
    -0.034170012921094894,
    0.010723588056862354,
    0.06260800361633301,
    -0.050046179443597794,
    -0.020680656656622887,
    -6.3759886227196e-33,
    -0.03598036617040634,
    0.04941469058394432,
    -0.07067237794399261,
    0.05233485624194145,
    -0.0006439568242058158,
    0.005289637949317694,
    0.059882473200559616,
    -0.0004036677710246295,
    -0.016485659405589104,
    -0.0112922927364707,
    -0.0805402547121048,
    -0.025113042443990707,
    0.009944263845682144,
    -0.020162004977464676,
    -0.13067753612995148,
    0.13338828086853027,
    0.04835454747080803,
    0.017240623012185097,
    0.06432157009840012,
    -0.08294713497161865,
    -0.07767798006534576,
    0.040412481874227524,
    0.016426602378487587,
    0.03903333842754364,
    0.0055129085667431355,
    0.07762925326824188,
    0.0683126449584961,
    -0.04796938970685005,
    0.03188348561525345,
    0.03800848871469498,
    0.006544727832078934,
    -0.14273664355278015,
    0.01022358238697052,
    0.03434111177921295,
    -0.011656307615339756,
    0.02535868063569069,
    0.05247509479522705,
    0.017551252618432045,
    -0.0430619940161705,
    0.032745227217674255,
    -0.06501581519842148,
    -0.03926077485084534,
    0.0049789780750870705,
    0.01858164742588997,
    -0.03233024477958679,
    -0.016586510464549065,
    0.07901523262262344,
    -0.025679921731352806,
    -0.0581725537776947,
    0.012962709181010723,
    0.052096471190452576,
    0.00010478446347406134,
    -0.09213722497224808,
    -0.029420703649520874,
    -0.03422795608639717,
    0.07359202206134796,
    -0.07457243651151657,
    -0.01151110790669918,
    0.08913582563400269,
    -0.09830422699451447,
    0.0030495119281113148,
    -0.029902363196015358,
    -0.020985882729291916,
    -0.007835217751562595,
    0.0688818097114563,
    -0.043914780020713806,
    -0.004952559247612953,
    -0.005182348191738129,
    -0.06594324111938477,
    0.025244997814297676,
    -0.009582570753991604,
    -0.010017190128564835,
    0.033412329852581024,
    -0.0766560435295105,
    -0.06912705302238464,
    0.053890254348516464,
    0.05204712599515915,
    -0.06284329295158386,
    0.0677453801035881,
    -0.005254966672509909,
    -0.09251419454813004,
    -0.10701000690460205,
    0.043614864349365234,
