{
  "id": 897,
  "vector": [
    -0.030406933277845383,
    -0.005706262309104204,
    -0.039360787719488144,
    0.04891207441687584,
    -0.04961419105529785,
    -0.03825334832072258,
    0.10390271246433258,
    0.048139430582523346,
    -0.0596499964594841,
    0.020840518176555634,
    0.06874559819698334,
    -0.028347793966531754,
    -0.012419668957591057,
    -0.07523389160633087,
    0.024231312796473503,
    -0.05512627586722374,
    0.01689326763153076,
    0.010181069374084473,
    -0.1210472509264946,
    -0.07604247331619263,
    0.014727051369845867,
    -0.013674468733370304,
    0.010426821187138557,
    0.016318058595061302,
    0.028707368299365044,
    -0.005803301930427551,
    0.014042803086340427,
    0.011756923981010914,
    -0.06019969284534454,
    -0.004623385611921549,
    -0.016342097893357277,
    0.10304883122444153,
    -0.013817601837217808,
    0.03005191497504711,
    0.04426509141921997,
    0.017760019749403,
    -0.08462902158498764,
    -0.10226918756961823,
    0.08427788317203522,
    0.015529549680650234,
    0.03466310352087021,
    -0.033075615763664246,
    0.06826489418745041,
    0.03539386764168739,
    -0.043534208089113235,
    -0.0038188686594367027,
    -0.05973360314965248,
    0.0853613093495369,
    -0.019197339192032814,
    -0.04952806606888771,
    0.007014466915279627,
    0.022954052314162254,
    -0.08004432171583176,
    -0.02578704059123993,
    0.06738414615392685,
    -0.021601587533950806,
    -0.07172985374927521,
    0.017614230513572693,
    -0.03401869162917137,
    0.06518211960792542,
    -0.016486896201968193,
    -0.019838308915495872,
    -0.03821343183517456,
    -0.006634259130805731,
    -0.016498710960149765,
    0.02672022022306919,
    -0.059048157185316086,
    -0.030539389699697495,
    0.003957435954362154,
    0.07400314509868622,
    -0.034527312964200974,
    0.05325557664036751,
    -0.019065573811531067,
    0.030638225376605988,
    -0.06018718332052231,
    -0.034233998507261276,
    0.08358481526374817,
    -0.08853792399168015,
    -0.013636862859129906,
    -0.0008344892412424088,
    -0.006611180026084185,
    -0.017439113929867744,
    -0.02852087840437889,
    0.005900832824409008,
    0.022185126319527626,
    -0.05528236925601959,
    0.008314264938235283,
    0.043218787759542465,
    0.004555245395749807,
    0.028544511646032333,
    0.04770758002996445,
    0.042843226343393326,
    -0.0005316646420396864,
    0.04476885497570038,
    -0.1527843028306961,
    0.039973706007003784,
    0.047379206866025925,
    -0.11916268616914749,
    -0.002115042647346854,
    0.002910302020609379,
    0.028565725311636925,
    -0.06884296238422394,
    0.06491231918334961,
    -0.06910333037376404,
    -0.03477693721652031,
    0.015611914917826653,
    0.0314154326915741,
    -0.041422903537750244,
    -0.008787435479462147,
    0.06894058734178543,
    -0.09943857043981552,
    -0.0013585180277004838,
    -0.019243406131863594,
    -0.06509695202112198,
    -0.010021180845797062,
    -0.0036726081743836403,
    0.06576648354530334,
    0.01085824053734541,
    0.06691969931125641,
    -0.05347035080194473,
    -0.01754912920296192,
    0.05144163593649864,
    0.08616846799850464,
    0.012966820038855076,
    -0.08215486258268356,
    0.031669747084379196,
    -0.01382912416011095,
    5.092483606130022e-33,
    -0.09321776032447815,
    0.012115768156945705,
    -0.01587611623108387,
    0.05202512443065643,
    0.048025019466876984,
    -0.033509764820337296,
    0.01994604617357254,
    -0.01669004186987877,
    -0.00903626624494791,
    0.016179276630282402,
    -0.12800812721252441,
    -0.006923670880496502,
    -0.02378859929740429,
    0.1408880054950714,
    -0.008776441216468811,
    -0.019652053713798523,
    -0.04586566239595413,
    0.04599335417151451,
    0.013477950356900692,
    -0.006406295578926802,
    -0.11191242933273315,
    0.031809963285923004,
    0.08069856464862823,
    0.012857405468821526,
    -0.029155727475881577,
    0.026419607922434807,
    0.021312221884727478,
    -0.0008300471235997975,
    0.00905038882046938,
    0.03789352625608444,
    0.10651463270187378,
    0.04845365136861801,
    -0.021575214341282845,
    -0.004097973927855492,
    -0.0341731533408165,
    0.04525128751993179,
    0.0031962941866368055,
    -0.01561780460178852,
    -0.004142052493989468,
    0.034384820610284805,
    0.017617350444197655,
    0.01014321856200695,
    0.05609816685318947,
    0.041877005249261856,
    -0.06088075414299965,
    0.06236951798200607,
    0.033787842839956284,
    0.007637472823262215,
    0.042097557336091995,
    0.00021444055892061442,
    -0.04125945642590523,
    -0.0028658933006227016,
    0.008025791496038437,
    0.04594317451119423,
    0.027080273255705833,
    -0.022194065153598785,
    0.0692318007349968,
    0.050545524805784225,
    0.06422528624534607,
    0.06486380845308304,
    -0.04344887658953667,
    -0.008959132246673107,
    -0.012364489957690239,
    -0.05555519834160805,
    -0.0015523831825703382,
    0.052754294127225876,
    -0.10599984973669052,
    -0.09069480746984482,
    -0.009083857759833336,
    0.011877731420099735,
    0.08202581852674484,
    0.0006578137399628758,
    0.1137508749961853,
    -0.03763056918978691,
    0.05150940269231796,
    -0.0013792458921670914,
    0.034983888268470764,
    0.052243899554014206,
    -0.0291689895093441,
    0.08407260477542877,
    -0.05640723183751106,
    0.015691488981246948,
    0.07907067239284515,
    -0.07516700774431229,
    -0.0717567428946495,
    -0.03862253576517105,
    -0.0707785114645958,
    0.030254647135734558,
    0.056668005883693695,
    0.037650708109140396,
    -0.021229447796940804,
    -0.05566070228815079,
    0.030184460803866386,
    -0.03504684567451477,
    -0.06268017739057541,
    -4.301644802359373e-33,
    -0.01851641573011875,
    0.11196000128984451,
    -0.06081455200910568,
    0.14458872377872467,
    -0.002186120254918933,
    -0.051640771329402924,
    0.025965986773371696,
    -0.006624884903430939,
    0.0340956412255764,
    -0.026083197444677353,
    0.01737460494041443,
    -0.04514213278889656,
    0.0027298962231725454,
    -0.07399921864271164,
    -0.008271614089608192,
    0.04405681788921356,
    0.02374539151787758,
    0.05790536478161812,
    -0.01843930594623089,
    -0.05240035429596901,
    -0.10485932230949402,
    -0.015474132262170315,
    -0.006423622835427523,
    0.09671708196401596,
    -0.02259739674627781,
    -0.027601012960076332,
    0.03266721963882446,
    -0.02284102328121662,
    -0.01687725819647312,
    0.014187082648277283,
    0.048295021057128906,
    -0.13897691667079926,
    -0.0059629930183291435,
    0.041885606944561005,
    -0.011135868728160858,
    -0.03306082263588905,
    0.05336396396160126,
    0.03927667811512947,
    0.007789510767906904,
    0.05843397229909897,
    0.08478023111820221,
    -0.0011417665518820286,
    -0.0053769368678331375,
    0.042867261916399,
    0.007788493297994137,
    -0.0498630627989769,
    -0.009672650136053562,
    -0.07874190807342529,
    -0.016089998185634613,
    0.028997205197811127,
    0.09113788604736328,
    0.020634198561310768,
    -0.037726957350969315,
    -0.024818116798996925,
    0.031667523086071014,
    0.08349407464265823,
    -0.032360803335905075,
    0.005691892001777887,
    0.021454880014061928,
    -0.09190455824136734,
    -0.013564147986471653,
    -0.11213603615760803,
    -0.04605691879987717,
    0.042361047118902206,
    0.06596694886684418,
    0.03618829697370529,
    -0.02816750481724739,
    -0.026670586317777634,
    0.03140438348054886,
    0.017959482967853546,
    -0.03018355928361416,
    -0.05066319927573204,
    -0.002752211643382907,
    -0.03859074413776398,
    0.013242887333035469,
    -0.01048206351697445,
    -0.004553234204649925,
    0.013097570277750492,
    0.10365457087755203,
    0.02207515388727188,
    -0.06940137594938278,
    -0.030206134542822838,
