{
  "id": 812,
  "vector": [
    0.004688635468482971,
    0.00854094885289669,
    -0.09601660072803497,
    -0.00427608285099268,
    -0.020899698138237,
    0.02885487861931324,
    0.05054358392953873,
    0.053471650928258896,
    -0.006292348261922598,
    -0.01498088426887989,
    0.038106534630060196,
    -0.019603580236434937,
    -0.051887016743421555,
    0.027004513889551163,
    -0.07510597258806229,
    -0.0002181392628699541,
    -0.07770106941461563,
    0.050371237099170685,
    -0.07360547035932541,
    -0.02870478294789791,
    -0.03197183459997177,
    -0.014446339569985867,
    -0.0008781366632319987,
    0.07928315550088882,
    0.0018903737654909492,
    0.041138146072626114,
    -0.01949780434370041,
    -0.022663744166493416,
    0.016719989478588104,
    -0.025528619065880775,
    0.011507709510624409,
    -0.034888267517089844,
    0.011763893999159336,
    -0.02754335291683674,
    0.07893707603216171,
    -0.0215831957757473,
    -0.014871569350361824,
    -0.03025118261575699,
    0.06253237277269363,
    0.0015376280061900616,
    0.014697307720780373,
    0.004203237127512693,
    -0.02619820274412632,
    0.12584860622882843,
    0.043592970818281174,
    0.024836193770170212,
    -0.032417379319667816,
    0.05702238529920578,
    0.022811438888311386,
    0.046518370509147644,
    0.051051340997219086,
    -0.050443463027477264,
    -0.07181894779205322,
    0.016075434163212776,
    -0.0008548140758648515,
    -0.06698514521121979,
    -0.04349495470523834,
    0.08494129031896591,
    0.031571727246046066,
    0.055613551288843155,
    -0.03545599803328514,
    -0.057496268302202225,
    -0.04583895206451416,
    0.07143094390630722,
    -0.019384443759918213,
    0.06697998195886612,
    -0.08775193989276886,
    -0.011494425125420094,
    -0.10659249871969223,
    0.006700967904180288,
    0.014551975764334202,
    -0.009253242053091526,
    -0.0005804038373753428,
    -0.04441651701927185,
    -0.04275747761130333,
    -0.06167319416999817,
    0.014453683979809284,
    -0.061960477381944656,
    -0.049243442714214325,
    0.1429937183856964,
    -0.010770183987915516,
    0.06413336098194122,
    -0.062059447169303894,
    -0.006414458155632019,
    0.08153285831212997,
    -0.04118640348315239,
    0.012658309191465378,
    -0.058894988149404526,
    0.01957990787923336,
    -0.028868597000837326,
    -0.06325578689575195,
    -0.004932122770696878,
    0.01464666984975338,
    -0.061982039362192154,
    -0.05503125861287117,
    0.09051597863435745,
    0.006698202807456255,
    -0.03497643768787384,
    0.05507682263851166,
    0.03471523895859718,
    0.03464638069272041,
    0.02638929709792137,
    0.031249307096004486,
    -0.0706314742565155,
    -0.017560269683599472,
    0.016252610832452774,
    -0.009668556042015553,
    0.032520003616809845,
    -0.014018966816365719,
    0.050495561212301254,
    -0.06182233244180679,
    -0.009772341698408127,
    -0.007334625348448753,
    -0.025833772495388985,
    0.0653873011469841,
    0.010246972553431988,
    -0.019426513463258743,
    -0.000910922244656831,
    0.054631300270557404,
    -0.0056977588683366776,
    0.07624771445989609,
    -0.0036088237538933754,
    0.03079707734286785,
    -0.05926274135708809,
    -0.0898413434624672,
    -0.0491633303463459,
    0.07727202028036118,
    4.597568525681176e-33,
    -0.08306506276130676,
    -0.05756028741598129,
    0.017497120425105095,
    0.0327407568693161,
    0.041312891989946365,
    0.033504318445920944,
    0.014961804263293743,
    0.017699476331472397,
    0.028769267722964287,
    0.02457529678940773,
    -0.014389234595000744,
    0.0539756715297699,
    0.01147506758570671,
    0.08575933426618576,
    -0.055232223123311996,
    -0.04578293859958649,
    0.07328116148710251,
    0.06619755178689957,
    0.053164042532444,
    -0.07721585780382156,
    -0.07650385797023773,
    0.05912869796156883,
    0.034527238458395004,
    -0.008605058304965496,
    -0.09957364946603775,
    0.05342165380716324,
    0.07625136524438858,
    0.0254217442125082,
    0.034661706537008286,
    0.017671817913651466,
    0.11744559556245804,
    0.04893908649682999,
    -0.028482530266046524,
    0.05188290774822235,
    -0.07798867672681808,
    0.044393718242645264,
    0.01928376965224743,
    -0.007654054090380669,
    0.05030591040849686,
    -0.038116272538900375,
    0.01152923796325922,
    0.11003394424915314,
    0.004688053857535124,
    -0.013423333875834942,
    -0.05628981813788414,
    -0.0076920036226511,
    -0.01460025180131197,
    -0.12376915663480759,
    0.00432737497612834,
    0.016250353306531906,
    -0.12272588908672333,
    0.01065231766551733,
    -0.04067093878984451,
    0.10472530871629715,
    0.08077609539031982,
    -0.05669154226779938,
    -0.07624636590480804,
    0.041343607008457184,
    0.054542478173971176,
    0.0479816198348999,
    -0.05138874426484108,
    -0.01790977269411087,
    0.06342795491218567,
    -0.029763350263237953,
    -0.012792744673788548,
    0.032893575727939606,
    -0.0724533274769783,
    0.025259001180529594,
    0.006136537995189428,
    0.006497520953416824,
    -0.0031667384319007397,
    0.07376259565353394,
    0.009746733121573925,
    -0.1019064337015152,
    0.026564205065369606,
    -0.010495899245142937,
    0.06003975495696068,
    0.0628867819905281,
    -0.020670030266046524,
    -0.00026810355484485626,
    -0.13919895887374878,
    0.0009832375217229128,
    0.05493515729904175,
    0.11672808229923248,
    -0.05778542160987854,
    -0.061521757394075394,
    -0.0708351582288742,
    0.07403118908405304,
    -0.002578851068392396,
    -0.04009336605668068,
    0.004625731613487005,
    -0.019863823428750038,
    0.011845629662275314,
    -0.043542731553316116,
    0.027314502745866776,
    -4.429205041206792e-33,
    0.07311256974935532,
    0.06176402047276497,
    0.010715247131884098,
    -0.015059308148920536,
    0.0016452890122309327,
    -0.038229718804359436,
    0.0011795161990448833,
    0.0002747881517279893,
    -0.0015251539880409837,
    0.006426692474633455,
    -0.11077620834112167,
    0.011545504443347454,
    -0.01609397679567337,
    0.029856519773602486,
    -0.04017246514558792,
    0.03027334436774254,
    0.0627424418926239,
    -0.0232388973236084,
    0.00947100855410099,
    -0.10853509604930878,
    -0.08223289251327515,
    0.0859115794301033,
    0.016456428915262222,
    -0.004377599805593491,
    0.007129152771085501,
    0.0436217300593853,
    -0.0682133287191391,
    -0.05268901214003563,
    0.11507698148488998,
    0.041261035948991776,
    0.051857445389032364,
    -0.06532292068004608,
    -0.013438818976283073,
    0.04528277739882469,
    -0.03992503508925438,
    -0.019579999148845673,
    0.10727754980325699,
    0.09709218889474869,
    -0.04140660539269447,
    0.004981921520084143,
    0.17067863047122955,
    -0.07337832450866699,
    -0.04169980064034462,
    -0.07414458692073822,
    0.05442659556865692,
    0.03447585925459862,
    0.006283826660364866,
    -0.06364894658327103,
    0.054425232112407684,
    0.02412385866045952,
    -0.012122058309614658,
    -0.05190413072705269,
    -0.11046860367059708,
    0.011330883018672466,
    0.043351929634809494,
    -0.03028082847595215,
    0.055247869342565536,
    -0.014003444463014603,
    -0.007235576864331961,
    -0.08349692076444626,
    -0.006740841083228588,
    0.0008867955766618252,
    -0.036878395825624466,
    0.01073536742478609,
    -0.09272623062133789,
    -0.006802095100283623,
    -0.034607794135808945,
    0.03472106158733368,
    0.03655518591403961,
    0.005316344555467367,
    0.007205804344266653,
    0.07545211166143417,
    0.056623391807079315,
    -0.03263048082590103,
    -0.1237725168466568,
    0.0036484296433627605,
    0.015866894274950027,
    -0.04373658820986748,
    0.08111722767353058,
    -0.010066880844533443,
    -0.04150867462158203,
    -0.04710238426923752,
    -0.04489772394299507,
