{
  "id": 136,
  "vector": [
    -0.04957805201411247,
    0.040107958018779755,
    0.04969901964068413,
    -0.02164413407444954,
    -0.03119850717484951,
    -0.015179505571722984,
    0.03423934802412987,
    0.07815918326377869,
    -0.031260695308446884,
    -0.01428239792585373,
    -0.015676040202379227,
    -0.02792195789515972,
    0.024636011570692062,
    0.022459616884589195,
    -0.013751302845776081,
    0.00725603336468339,
    -0.011086637154221535,
    -0.017974572256207466,
    -0.07894318550825119,
    0.005995751358568668,
    0.014213469810783863,
    -0.02227391116321087,
    -0.027720721438527107,
    -0.06904814392328262,
    -0.05998753383755684,
    0.014258984476327896,
    0.021643443033099174,
    -0.04842860624194145,
    0.00796727929264307,
    0.007837943732738495,
    0.06615599989891052,
    0.03235510364174843,
    0.09112973511219025,
    0.01510824728757143,
    -0.04935777187347412,
    -0.1011560708284378,
    0.00924023985862732,
    -0.052057988941669464,
    0.05519077554345131,
    0.05341696739196777,
    0.04728361964225769,
    0.016492456197738647,
    -0.041753724217414856,
    0.0039019579999148846,
    -0.020664675161242485,
    -0.011630203574895859,
    0.09182290732860565,
    0.03122076950967312,
    0.04804904758930206,
    -0.018408555537462234,
    0.0868896022439003,
    0.006835509557276964,
    -0.10282002389431,
    0.05279247835278511,
    -0.00022334577806759626,
    -0.07316078245639801,
    -0.0912867933511734,
    -0.027525022625923157,
    0.017657343298196793,
    0.02847137488424778,
    -0.019853277131915092,
    0.02658885158598423,
    -0.031048724427819252,
    0.020733965560793877,
    0.03183281049132347,
    0.0900755524635315,
    -0.0067809573374688625,
    0.005619802046567202,
    -0.03852376341819763,
    0.0010163293918594718,
    -0.05382055789232254,
    0.02853485569357872,
    0.022096794098615646,
    0.0633210688829422,
    -0.00228500971570611,
    0.003215344622731209,
    0.08373832702636719,
    -0.06412090361118317,
    -0.054099567234516144,
    -0.06337115913629532,
    -0.13597744703292847,
    -0.05298242345452309,
    -0.04397208243608475,
    0.00730109540745616,
    -0.0036955461837351322,
    0.010489183478057384,
    -0.03468947857618332,
    0.04402197152376175,
    0.06152549758553505,
    -0.02054712176322937,
    -0.052655622363090515,
    0.014454519376158714,
    -0.004981511738151312,
    -0.003407337237149477,
    0.03617009148001671,
    0.04744487628340721,
    -0.03525662049651146,
    0.0653994083404541,
    0.02327984757721424,
    0.07098069041967392,
    0.02249983698129654,
    0.03989047929644585,
    0.11313962191343307,
    -0.053830813616514206,
    0.011135244742035866,
    -0.04156427085399628,
    0.033712662756443024,
    0.05777985230088234,
    0.021019551903009415,
    0.05006396025419235,
    -0.06840746849775314,
    -0.02880447916686535,
    -0.010802008211612701,
    -0.026624584570527077,
    -0.06926512718200684,
    -0.10781966894865036,
    0.09983757883310318,
    0.014293644577264786,
    0.0059568374417722225,
    -0.029287973418831825,
    0.0844053402543068,
    -0.05720861628651619,
    0.0006359996623359621,
    -0.039824966341257095,
    -0.1590513288974762,
    -0.006196510512381792,
    0.08855070173740387,
    5.327515987395261e-33,
    -0.07972970604896545,
    -0.04168497025966644,
    -0.00929248332977295,
    -0.04692452773451805,
    0.03211605176329613,
    0.008159276098012924,
    0.03417767211794853,
    0.022729819640517235,
    0.03289216384291649,
    0.03302615508437157,
    -0.009327655658125877,
    0.04122661054134369,
    -0.062339648604393005,
    0.10919167101383209,
    0.02660772204399109,
    0.015542800538241863,
    0.02211059257388115,
    -0.013677333481609821,
    0.05266644433140755,
    -0.11568313091993332,
    -0.06818769127130508,
    0.08200542628765106,
    0.031256936490535736,
    0.06999708712100983,
    -0.08357854187488556,
    0.005070303101092577,
    0.025455182418227196,
    0.04046957939863205,
    -0.01037687249481678,
    0.008376814424991608,
    0.03309647738933563,
    -0.042576804757118225,
    0.05816733092069626,
    -0.014121916145086288,
    -0.07652155309915543,
    0.04534069076180458,
    -0.0984804779291153,
    -0.06715250760316849,
    0.05511424317955971,
    -0.051327284425497055,
    -0.04832356050610542,
    0.005206961650401354,
    0.023567166179418564,
    0.07355718314647675,
    -0.054366517812013626,
    0.061632316559553146,
    -0.0168723426759243,
    0.022562695667147636,
    0.010965834371745586,
    -0.009818486869335175,
    -0.013944984413683414,
    0.07026758790016174,
    -0.08791015297174454,
    0.05774037539958954,
    0.010577114298939705,
    -0.050457663834095,
    0.023332495242357254,
    0.027755172923207283,
    -0.02658100612461567,
    0.06855030357837677,
    -0.025120140984654427,
    0.05110567808151245,
    -0.0003733013290911913,
    0.07044097036123276,
    -0.03251053765416145,
    0.009358284994959831,
    -0.02014586143195629,
    0.0699431449174881,
    -0.001466931658796966,
    -0.04282291233539581,
    -0.015080220997333527,
    0.014162360690534115,
    0.011532462202012539,
    -0.02424398623406887,
    0.013091429136693478,
    0.010950020514428616,
    0.11985170096158981,
    -0.010755286552011967,
    -0.027471838518977165,
    0.055139027535915375,
    -0.03641815111041069,
    -0.01130994688719511,
    -0.0249415785074234,
    0.016647284850478172,
    -0.042798466980457306,
    0.07996644824743271,
    0.046320997178554535,
    0.00699702650308609,
    -0.06230728328227997,
    -0.06006390601396561,
    -0.003818303346633911,
    -0.009975161403417587,
    -0.010863698087632656,
    -0.011753121390938759,
    -0.030316606163978577,
    -5.586786694832471e-33,
    -0.031180711463093758,
    -0.009849004447460175,
    -0.028345368802547455,
    0.059123896062374115,
    0.07567131519317627,
    0.07471853494644165,
    0.042029913514852524,
    0.09085029363632202,
    -0.047080185264348984,
    0.021880311891436577,
    -0.023243876174092293,
    -0.044824108481407166,
    0.032281480729579926,
    -0.004369640257209539,
    -0.06596476584672928,
    0.09125173836946487,
    0.04013790935277939,
    0.03893360495567322,
    -0.009377584792673588,
    -0.032560549676418304,
    0.06898253411054611,
    0.11494200676679611,
    0.009933450259268284,
    0.07857824862003326,
    -0.014753163792192936,
    0.005173038225620985,
    -0.005532741546630859,
    0.0603092759847641,
    -0.062001872807741165,
    -0.00794213730841875,
    -0.01928417943418026,
    -0.07813204824924469,
    0.07019791752099991,
    -0.051898859441280365,
    -0.01984201930463314,
    -0.02930578589439392,
    0.13375604152679443,
    -0.014305555261671543,
    -0.02175922691822052,
    0.0050802696496248245,
    0.040919866412878036,
    -0.06745539605617523,
    0.010801448486745358,
    0.011045158840715885,
    -0.050603024661540985,
    0.03409794345498085,
    -0.01673920266330242,
    -0.06773548573255539,
    0.0016072515863925219,
    -0.016146840527653694,
    0.019108006730675697,
    0.07977961003780365,
    -0.05088934302330017,
    -0.0050354148261249065,
    0.018467821180820465,
    0.04680753871798515,
    0.004134102258831263,
    0.06308174878358841,
    -0.01811758242547512,
    -0.029378563165664673,
    -0.04400439187884331,
    0.018019020557403564,
    -0.019770288839936256,
    0.024710863828659058,
    0.05874642729759216,
    -0.007168480195105076,
    0.07914960384368896,
    -0.06618279963731766,
    -0.11313765496015549,
    0.001458149985410273,
    0.026721563190221786,
    -0.04840290918946266,
    0.047465015202760696,
    -0.09280506521463394,
    -0.045488156378269196,
    -0.009759335778653622,
    0.027646247297525406,
    -0.07518552243709564,
    0.002542442176491022,
    0.029372332617640495,
    -0.04016304761171341,
    -0.046258240938186646,
    0.10953212529420853,
