{
  "id": 410,
  "vector": [
    0.011818545870482922,
    0.08997438848018646,
    -0.01523834653198719,
    -0.01796085573732853,
    -0.01882193796336651,
    -0.023562489077448845,
    0.09420773386955261,
    -0.00899794977158308,
    0.03458266705274582,
    -0.005578610114753246,
    -0.035640064626932144,
    -0.023680076003074646,
    0.050834376364946365,
    -0.05779678747057915,
    0.020138906314969063,
    0.0378742478787899,
    -0.012334940023720264,
    -0.010621712543070316,
    -0.015217465348541737,
    -0.014272899366915226,
    -0.061871983110904694,
    -0.058086495846509933,
    -0.0023085796274244785,
    0.026638496667146683,
    -0.14843988418579102,
    0.039841312915086746,
    -0.01342153362929821,
    0.05809010937809944,
    0.05341446027159691,
    -0.03125965967774391,
    0.001811800990253687,
    0.04246324300765991,
    -0.09103415161371231,
    0.05518278479576111,
    0.018378660082817078,
    -0.049859363585710526,
    -0.03838440403342247,
    0.0436774305999279,
    -0.056087933480739594,
    0.011275764554738998,
    0.08769918978214264,
    0.006416685413569212,
    0.06539081037044525,
    0.05672566592693329,
    0.02040361985564232,
    0.0701688602566719,
    0.0034216393250972033,
    -0.004492258653044701,
    0.013740738853812218,
    -0.03150024265050888,
    0.03635648638010025,
    -0.0795423611998558,
    -0.06233306974172592,
    0.0447051078081131,
    -0.002544485731050372,
    0.005477461963891983,
    -0.0664525106549263,
    -0.010051228106021881,
    0.07200296968221664,
    -0.0732329860329628,
    -0.014799891971051693,
    0.033287081867456436,
    -0.010802039876580238,
    0.028934380039572716,
    0.011939411982893944,
    -0.012100528925657272,
    -0.006523697637021542,
    -0.0642472356557846,
    -0.08142802864313126,
    0.0051115406677126884,
    0.016668271273374557,
    0.026261497288942337,
    0.024422189220786095,
    0.0036014304496347904,
    -0.03740032762289047,
    -0.00434785196557641,
    0.11890708655118942,
    -0.05305483564734459,
    -0.03909621760249138,
    0.028124568983912468,
    -0.10221322625875473,
    -0.007372600957751274,
    -0.04422738030552864,
    0.0541069433093071,
    0.02046886645257473,
    0.07037518918514252,
    -0.04048367589712143,
    0.04663087800145149,
    -0.056941766291856766,
    -0.04083224758505821,
    0.03018837235867977,
    0.03973347693681717,
    0.022754546254873276,
    -0.05858941748738289,
    -0.035567548125982285,
    -0.024096358567476273,
    -0.010562012903392315,
    -0.02340756356716156,
    0.02171032689511776,
    0.05163732171058655,
    0.05421148240566254,
    -0.015404479578137398,
    0.10896643996238708,
    -0.061882276087999344,
    -0.007795177865773439,
    0.013297858648002148,
    -0.020786533132195473,
    0.04101904481649399,
    -0.01838107220828533,
    0.05285613238811493,
    -0.016598325222730637,
    -0.026621118187904358,
    -0.010442585684359074,
    -0.04756762832403183,
    -0.05980059504508972,
    0.025572948157787323,
    -0.0473792664706707,
    0.017717113718390465,
    -0.0501137338578701,
    -0.034767985343933105,
    0.04621824249625206,
    -0.04280470684170723,
    -0.017934981733560562,
    -0.006543308030813932,
    -0.11634645611047745,
    -0.06393691152334213,
    0.01050343457609415,
    4.778791826518059e-34,
    0.021288810297846794,
    -0.056078143417835236,
    0.0926184132695198,
    -0.008163988590240479,
    0.04126143082976341,
    -0.0526844821870327,
    0.02612615004181862,
    -0.014666687697172165,
    -0.03573526442050934,
    0.09456086158752441,
    -0.039696238934993744,
    0.008983118459582329,
    -0.0025496070738881826,
    0.03004758246243,
    -0.028638778254389763,
    -0.05335154011845589,
    0.027940819039940834,
    -0.07859490811824799,
    -0.06739626079797745,
    -0.0012972899712622166,
    -0.11334364861249924,
    0.06564661115407944,
    0.02158448100090027,
    -0.04484269767999649,
    -0.052886463701725006,
    -0.016691481694579124,
    0.02227611467242241,
    -0.03437848016619682,
    0.004863586742430925,
    0.004399409051984549,
    -0.008817288093268871,
    0.019129445776343346,
    -0.043266359716653824,
    0.041009046137332916,
    -0.014283822849392891,
    0.00037336861714720726,
    -0.037641655653715134,
    -0.008273843675851822,
    -0.05617630481719971,
    0.018510600551962852,
    -0.03167213499546051,
    -0.017550168558955193,
    0.003940284717828035,
    0.054809343069791794,
    0.006669196300208569,
    0.03630556911230087,
    0.09730532020330429,
    0.011319715529680252,
    0.1201855018734932,
    0.004404932260513306,
    0.02376641519367695,
    0.02088220790028572,
    -0.016800656914711,
    -0.10848822444677353,
    -0.02753070369362831,
    -0.008324362337589264,
    0.11967428028583527,
    -0.005215605720877647,
    -0.11040368676185608,
    0.06197370961308479,
    0.0036642393097281456,
    -0.02462056651711464,
    -0.016663648188114166,
    -0.018953220918774605,
    0.03692322596907616,
    0.08004608005285263,
    -0.03931514918804169,
    -0.052297648042440414,
    0.03288586065173149,
    -0.14286863803863525,
    0.006714991759508848,
    0.02043423242866993,
    0.06032119691371918,
    -0.08960560709238052,
    0.028766470029950142,
    0.037695471197366714,
    0.04159391298890114,
    -0.03682437539100647,
    0.056549981236457825,
    -0.048453439027071,
    -0.08578652888536453,
    -0.04548805207014084,
    -0.023648979142308235,
    -0.07417041063308716,
    -0.05987326800823212,
    0.12666289508342743,
    -0.0172251109033823,
    0.035973574966192245,
    0.0304969921708107,
    0.000992447487078607,
    0.01678980328142643,
    -0.00929324608296156,
    0.06719712167978287,
    -0.03452620282769203,
    -0.11482126265764236,
    -1.9287935588284343e-33,
    -0.1355125457048416,
    -0.005181413143873215,
    -0.029234925284981728,
    0.06850887835025787,
    0.1371903419494629,
    -0.0002663542691152543,
    0.007180869113653898,
    0.044170498847961426,
    -0.04705993831157684,
    0.01269568596035242,
    0.03605932369828224,
    -0.020825304090976715,
    0.012478743679821491,
    0.016926664859056473,
    0.03572044521570206,
    0.09996409714221954,
    -0.04211483150720596,
    0.07989832013845444,
    0.02899632789194584,
    0.01863078586757183,
    -0.00909461360424757,
    0.02926354669034481,
    0.040713466703891754,
    0.07566482573747635,
    -0.09080574661493301,
    0.0851254016160965,
    0.09989948570728302,
    -0.030052457004785538,
    0.05552760511636734,
    0.04760762304067612,
    -0.041396692395210266,
    -0.06655724346637726,
    -0.00003454355100984685,
    0.03673134371638298,
    -0.0205051489174366,
    -0.025728020817041397,
    0.008757593110203743,
    -0.062099624425172806,
    -0.06330260634422302,
    0.02809303253889084,
    -0.045388586819171906,
    -0.046658989042043686,
    -0.011992298066616058,
    0.09110599756240845,
    -0.024113040417432785,
    -0.022761432453989983,
    -0.041221652179956436,
    0.10697825253009796,
    0.004533908795565367,
    0.017407063394784927,
    -0.043946269899606705,
    0.03272506967186928,
    0.011039472185075283,
    0.01686849258840084,
    0.0021918362472206354,
    0.08439339697360992,
    -0.09612765908241272,
    0.04983681067824364,
    0.04882624372839928,
    0.056824419647455215,
    0.04163265973329544,
    0.024549150839447975,
    -0.08704690635204315,
    -0.021459363400936127,
    0.07745081186294556,
    -0.03283574804663658,
    0.024342238903045654,
    -0.05484142526984215,
    -0.17097248136997223,
    0.07842548191547394,
    0.0006646538968198001,
    0.01877969317138195,
    -0.018506813794374466,
    -0.11259263008832932,
    0.10060766339302063,
    -0.05901295691728592,
    0.05369723215699196,
    -0.0735921636223793,
    -0.002848520176485181,
    0.07603128999471664,
    -0.0778743326663971,
    0.034391820430755615,
    0.0598439946770668,
