{
  "id": 308,
  "vector": [
    -0.01758791320025921,
    0.06699090451002121,
    -0.0002419876545900479,
    -0.03709545359015465,
    -0.018481511622667313,
    -0.00325927441008389,
    0.01695821061730385,
    0.06935159116983414,
    -0.05240446701645851,
    0.012479200027883053,
    -0.018610278144478798,
    -0.07484946399927139,
    -0.022501427680253983,
    0.059222783893346786,
    -0.028157487511634827,
    0.07139094918966293,
    -0.10902650654315948,
    0.08443711698055267,
    -0.1427469551563263,
    -0.060451656579971313,
    0.039432112127542496,
    -0.0033785284031182528,
    0.07804262638092041,
    0.05115687847137451,
    -0.07367715239524841,
    0.010159493423998356,
    -0.014353427104651928,
    -0.06203191727399826,
    0.03726011514663696,
    -0.07966210693120956,
    0.08986062556505203,
    -0.0028864326886832714,
    0.11851498484611511,
    -0.04385216161608696,
    0.04427920654416084,
    -0.08836442232131958,
    0.0037045651115477085,
    -0.06405305117368698,
    0.09219193458557129,
    0.01125854067504406,
    0.025093143805861473,
    0.0745239406824112,
    -0.04454032704234123,
    0.03194928914308548,
    -0.015622088685631752,
    -0.019183391705155373,
    -0.00714451028034091,
    0.07347135990858078,
    -0.026772841811180115,
    -0.02767651155591011,
    0.12395551055669785,
    -0.04119141027331352,
    -0.12402999401092529,
    0.01731935515999794,
    0.02868681773543358,
    -0.07906375080347061,
    -0.03527845814824104,
    -0.006662447936832905,
    0.01176756713539362,
    0.06883452832698822,
    0.09818559885025024,
    -0.030674757435917854,
    -0.03154420480132103,
    0.012483634985983372,
    -0.02978547476232052,
    0.07232379913330078,
    -0.0058864145539700985,
    -0.008550039492547512,
    -0.040317364037036896,
    0.04165985435247421,
    -0.02376307174563408,
    0.0038572344928979874,
    0.04267212375998497,
    0.04042097553610802,
    -0.0036466873716562986,
    -0.0013857673620805144,
    0.06829149276018143,
    -0.12916497886180878,
    -0.1155288964509964,
    0.09654697775840759,
    -0.13318078219890594,
    -0.02169644646346569,
    -0.03577607870101929,
    0.022913919761776924,
    0.031015953049063683,
    -0.02496088296175003,
    -0.04090437293052673,
    0.007282725535333157,
    -0.012617744505405426,
    0.008414028212428093,
    -0.022997219115495682,
    -0.016383327543735504,
    0.03181195631623268,
    -0.05241277813911438,
    -0.017616398632526398,
    0.022872596979141235,
    0.008908882737159729,
    0.0038885963149368763,
    0.057165440171957016,
    0.03944024443626404,
    -0.06867749243974686,
    -0.006413303315639496,
    0.04125237464904785,
    -0.09680017083883286,
    0.003736448474228382,
    0.029026292264461517,
    0.029012039303779602,
    0.05241722986102104,
    0.044791385531425476,
    -0.010137481614947319,
    -0.046137869358062744,
    -0.050726063549518585,
    0.01762753538787365,
    -0.021350791677832603,
    0.015335666947066784,
    -0.03148150444030762,
    0.09928715974092484,
    0.01647327095270157,
    -0.008949633687734604,
    0.10254084318876266,
    0.1173325702548027,
    -0.012213037349283695,
    -0.0019445650978013873,
    -0.06279096752405167,
    -0.10374139994382858,
    -0.012535776011645794,
    0.04824545234441757,
    5.711254648853258e-33,
    -0.05241284891963005,
    -0.004295069724321365,
    -0.04808375611901283,
    0.010557020083069801,
    0.0455920584499836,
    0.07812659442424774,
    0.05098641291260719,
    0.02759440802037716,
    -0.012219644151628017,
    -0.009487544186413288,
    -0.00596329290419817,
    0.019226420670747757,
    -0.019027704373002052,
    0.08736273646354675,
    -0.045292310416698456,
    -0.026279091835021973,
    0.04948825761675835,
    0.030755503103137016,
    -0.02049659565091133,
    -0.08539523184299469,
    -0.047306206077337265,
    0.030929340049624443,
    -0.02140025980770588,
    -0.015515700913965702,
    -0.03148406744003296,
    -0.007769465912133455,
    0.02866179868578911,
    0.00508369505405426,
    0.024159332737326622,
    0.017790844663977623,
    0.08961234986782074,
    0.043127961456775665,
    -0.0077386461198329926,
    0.07015170902013779,
    -0.07775476574897766,
    -0.00542458426207304,
    -0.03864578157663345,
    0.0026847803965210915,
    0.09251866489648819,
    -0.09900539368391037,
    0.023883692920207977,
    0.08832979202270508,
    0.02037426270544529,
    0.0191491786390543,
    0.014707036316394806,
    0.025230273604393005,
    -0.00891256332397461,
    0.01681113801896572,
    0.09805892407894135,
    -0.020566090941429138,
    0.004988544154912233,
    0.059515293687582016,
    -0.07397118955850601,
    0.03474001586437225,
    0.05700748786330223,
    -0.023852514103055,
    -0.00974454078823328,
    0.01712767966091633,
    0.06721227616071701,
    0.07265642285346985,
    0.0605338029563427,
    0.14737394452095032,
    0.006447406951338053,
    0.03151484951376915,
    0.06912212073802948,
    0.013291924260556698,
    -0.03152885660529137,
    0.011257916688919067,
    -0.026055771857500076,
    -0.10437513887882233,
    -0.010212262161076069,
    0.04780074208974838,
    -0.020949799567461014,
    -0.055200912058353424,
    -0.021589500829577446,
    0.010071402415633202,
    0.12914198637008667,
    0.015853434801101685,
    -0.021097427234053612,
    0.0013726275647059083,
    -0.08108075708150864,
    0.028823886066675186,
    -0.013235371559858322,
    -0.009069050662219524,
    -0.06299718469381332,
    0.024842536076903343,
    -0.00822284072637558,
    0.0663069412112236,
    -0.015828995034098625,
    -0.04736427962779999,
    0.07634652405977249,
    -0.08830180764198303,
    -0.052279822528362274,
    -0.09627248346805573,
    -0.02796577475965023,
    -5.7259306958232746e-33,
    0.022977789863944054,
    0.03285868465900421,
    -0.045772090554237366,
    0.034779489040374756,
    0.059164877980947495,
    0.010122534818947315,
    -0.004667805042117834,
    0.07703511416912079,
    0.01564500480890274,
    0.03407862037420273,
    -0.030109433457255363,
    -0.00561239430680871,
    0.002975685056298971,
    -0.020670510828495026,
    -0.016751877963542938,
    0.04726887121796608,
    0.08997908979654312,
    0.04037889093160629,
    -0.010199747048318386,
    -0.06257778406143188,
    -0.05761779472231865,
    0.11747031658887863,
    -0.04976245388388634,
    0.014849318191409111,
    -0.043913379311561584,
    0.045012302696704865,
    -0.04028748720884323,
    -0.06092475354671478,
    0.05380496010184288,
    0.03611250966787338,
    -0.05194823816418648,
    -0.06663766503334045,
    -0.015514150261878967,
    -0.003934663720428944,
    -0.04140749201178551,
    -0.04725462570786476,
    0.007202612701803446,
    0.007527597714215517,
    0.012560593895614147,
    -0.051553815603256226,
    0.08199955523014069,
    -0.050132814794778824,
    -0.062452904880046844,
    -0.041453924030065536,
    -0.010720319114625454,
    0.019825099036097527,
    -0.02308911830186844,
    -0.04185367748141289,
    0.02482077106833458,
    0.01901651918888092,
    0.020438803359866142,
    0.03714466840028763,
    -0.1104784682393074,
    -0.00967683456838131,
    0.0400603823363781,
    0.024169303476810455,
    0.006901009939610958,
    -0.05461534485220909,
    0.009402025490999222,
    0.024457203224301338,
    -0.0030567392241209745,
    0.04925796762108803,
    -0.02460615336894989,
    0.019978787750005722,
    -0.06033049523830414,
    -0.026122823357582092,
    -0.012175199575722218,
    0.026365429162979126,
    0.008705870248377323,
    -0.024947742000222206,
    0.03913967311382294,
    0.08450499922037125,
    0.039666153490543365,
    -0.05059432610869408,
    -0.09862515330314636,
    -0.017968235537409782,
    -0.05585446208715439,
    -0.08151070773601532,
    -0.015092519111931324,
    0.06246813386678696,
    -0.07240376621484756,
    -0.021686600521206856,
