{
  "id": 679,
  "vector": [
    0.02085607871413231,
    0.019585777074098587,
    -0.017817320302128792,
    0.11559398472309113,
    -0.04465581849217415,
    0.009705916978418827,
    0.027701251208782196,
    0.08648299425840378,
    -0.05531398952007294,
    0.015023993328213692,
    0.03794195130467415,
    -0.09536274522542953,
    -0.061485111713409424,
    -0.013794166035950184,
    0.007598494179546833,
    -0.061987023800611496,
    -0.020420074462890625,
    0.0018074255203828216,
    -0.09789784252643585,
    -0.03477592393755913,
    0.0529511384665966,
    -0.05754590407013893,
    -0.04428140074014664,
    0.010349157266318798,
    0.027169663459062576,
    0.008727003820240498,
    0.07357791066169739,
    -0.08305718004703522,
    0.025878245010972023,
    -0.02691090665757656,
    0.02403249405324459,
    0.023896487429738045,
    0.1091102585196495,
    -0.0016791297821328044,
    -0.00640213442966342,
    0.005583760794252157,
    -0.04871618375182152,
    -0.032548606395721436,
    0.01235970575362444,
    -0.028094062581658363,
    0.0068418593145906925,
    -0.018537480384111404,
    0.018254507333040237,
    -0.04935888573527336,
    0.007670081686228514,
    -0.03256559744477272,
    -0.03234104812145233,
    0.07056882232427597,
    0.005367244128137827,
    0.02722540870308876,
    -0.022038262337446213,
    0.010833746753633022,
    -0.10273317247629166,
    0.00723010441288352,
    0.03394748270511627,
    -0.1199948638677597,
    -0.06513702869415283,
    -0.0628153458237648,
    0.05739447474479675,
    0.047690775245428085,
    -0.01574356108903885,
    0.0007421131012961268,
    -0.06985151022672653,
    0.02040630578994751,
    -0.023259028792381287,
    0.006359710358083248,
    -0.043315187096595764,
    0.006657449062913656,
    -0.037030547857284546,
    0.07973730564117432,
    0.018775489181280136,
    0.08143248409032822,
    0.09922552108764648,
    -0.05902128294110298,
    0.0015076197450980544,
    -0.043277569115161896,
    0.062254052609205246,
    -0.06083493307232857,
    -0.00415075896307826,
    0.017657943069934845,
    -0.04441816732287407,
    -0.019340885803103447,
    0.05723455920815468,
    0.046973638236522675,
    0.0017449576407670975,
    0.007686873432248831,
    -0.01740328036248684,
    0.008156967349350452,
    0.010511238127946854,
    -0.1157512366771698,
    -0.020765921100974083,
    0.010638969019055367,
    -0.027184735983610153,
    0.040006041526794434,
    -0.029210956767201424,
    -0.00026223817258141935,
    0.0155112873762846,
    -0.09934594482183456,
    0.012197220697999,
    0.033307772129774094,
    0.05515008419752121,
    0.00485375989228487,
    0.09302074462175369,
    -0.022771384567022324,
    -0.048280827701091766,
    0.009547539986670017,
    -0.014015206135809422,
    0.0073600634932518005,
    0.03171282634139061,
    0.04242316633462906,
    -0.06875641644001007,
    0.0368787944316864,
    0.023738861083984375,
    -0.02944476157426834,
    -0.036157216876745224,
    0.05399804934859276,
    -0.00948677584528923,
    0.002753688720986247,
    0.08933866024017334,
    0.027044910937547684,
    0.014167876914143562,
    0.040664248168468475,
    0.09178534150123596,
    -0.02671118825674057,
    -0.038267217576503754,
    -0.04460126534104347,
    0.034576840698719025,
    5.3024548151777145e-33,
    -0.08084802329540253,
    -0.03244950994849205,
    -0.0205452311784029,
    0.01776457019150257,
    0.07222595065832138,
    -0.02007823996245861,
    0.03325163200497627,
    -0.049688007682561874,
    0.03259690850973129,
    0.038439396768808365,
    0.013289522379636765,
    0.039506617933511734,
    -0.01743239350616932,
    0.05046042799949646,
    0.013516424223780632,
    0.0042153275571763515,
    0.03647955507040024,
    0.013321837410330772,
    0.04917266219854355,
    -0.08601221442222595,
    -0.06639786064624786,
    -0.019644292071461678,
    0.031256090849637985,
    0.003333906875923276,
    -0.051126956939697266,
    0.04544096067547798,
    0.06709723174571991,
    0.013491770252585411,
    -0.031254805624485016,
    0.019241543486714363,
    0.08550214022397995,
    0.04049290344119072,
    0.02630886435508728,
    -0.01654399186372757,
    -0.03729088604450226,
    0.06843245774507523,
    -0.016650771722197533,
    0.006423864513635635,
    -0.060593705624341965,
    -0.03530741482973099,
    0.05632399022579193,
    0.07908137142658234,
    0.0422007255256176,
    -0.019464539363980293,
    -0.028154991567134857,
    0.013537799008190632,
    0.07574503123760223,
    -0.04002290219068527,
    0.06778152287006378,
    0.07430335879325867,
    -0.06272880733013153,
    0.04150250181555748,
    -0.058125607669353485,
    0.010075090453028679,
    0.015749013051390648,
    -0.12017760425806046,
    -0.008481837809085846,
    0.08169356733560562,
    0.05559290573000908,
    0.017582252621650696,
    0.059538327157497406,
    -0.07767949253320694,
    -0.05688820406794548,
    -0.0086806770414114,
    -0.07055070996284485,
    -0.009755023755133152,
    -0.11899157613515854,
    -0.07062539458274841,
    -0.005869817920029163,
    -0.01750803180038929,
    -0.036945488303899765,
    0.06351056694984436,
    0.07320583611726761,
    -0.022103048861026764,
    -0.030184580013155937,
    0.002455288777127862,
    0.06785150617361069,
    0.13640233874320984,
    -0.029995352029800415,
    0.020116200670599937,
    -0.0246474277228117,
    0.00541755510494113,
    0.00495010195299983,
    -0.0012117180740460753,
    -0.0030584174674004316,
    0.05467333272099495,
    -0.03764497488737106,
    -0.053554318845272064,
    -0.004474824294447899,
    -0.03120320476591587,
    -0.0804796889424324,
    0.0006467733182944357,
    -0.002022224711254239,
    -0.05926268547773361,
    -0.025773411616683006,
    -5.087732772242777e-33,
    -0.0019666238222271204,
    0.07212099432945251,
    -0.04435650631785393,
    0.06492665410041809,
    0.0531737245619297,
    0.017543496564030647,
    0.06738084554672241,
    0.03524124622344971,
    0.06637132912874222,
    -0.07478545606136322,
    -0.03901761770248413,
    0.049887049943208694,
    0.057398878037929535,
    -0.014244835823774338,
    0.018729059025645256,
    0.08378028869628906,
    0.08360237628221512,
    0.04811844974756241,
    0.003264924045652151,
    -0.06922436505556107,
    -0.06372283399105072,
    0.1342913657426834,
    -0.005405823700129986,
    0.048438478261232376,
    0.03830030560493469,
    0.02166089601814747,
    0.0455942377448082,
    -0.028483228757977486,
    0.014342688024044037,
    0.007988100871443748,
    0.05423220247030258,
    -0.10579967498779297,
    -0.015373297035694122,
    0.034230977296829224,
    -0.09795580804347992,
    -0.07365886121988297,
    0.08095556497573853,
    0.07025850564241409,
    -0.021507063880562782,
    0.11536388844251633,
    0.015271066688001156,
    -0.023662129417061806,
    0.009344737976789474,
    0.016408147290349007,
    0.005990256555378437,
    -0.03498354181647301,
    0.039809372276067734,
    -0.07986991107463837,
    -0.02110269106924534,
    -0.026982052251696587,
    0.060400333255529404,
    -0.05615608021616936,
    -0.10839805006980896,
    -0.08298996090888977,
    0.04210129380226135,
    0.06056031212210655,
    -0.0009793374920263886,
    0.002112489426508546,
    0.03960961848497391,
    -0.16439898312091827,
    -0.029983703047037125,
    0.05545538663864136,
    0.014170864596962929,
    -0.03821924701333046,
    0.015615122392773628,
    0.05339909717440605,
    -0.03003903664648533,
    -0.08191197365522385,
    0.014588971622288227,
    0.015543850138783455,
    0.005391304846853018,
    0.013621813617646694,
    -0.04383634403347969,
    -0.05318974703550339,
    -0.04631797969341278,
    -0.029528899118304253,
    0.043462470173835754,
    0.05006106570363045,
    0.06100044399499893,
    -0.010250162333250046,
    -0.05970475450158119,
    -0.010546933859586716,
    0.048036426305770874,
