{
  "id": 99,
  "vector": [
    -0.03701464459300041,
    -0.03718425706028938,
    0.05158189684152603,
    -0.02980673313140869,
    -0.0035190973430871964,
    -0.012624846771359444,
    0.06746505945920944,
    0.04120558127760887,
    0.009937451221048832,
    -0.06288430094718933,
    -0.0350799635052681,
    -0.09158120304346085,
    0.00891643576323986,
    -0.00663405517116189,
    -0.07288043200969696,
    -0.08437739312648773,
    -0.015010449104011059,
    -0.03613593801856041,
    -0.10882022231817245,
    -0.012121148407459259,
    0.00827933382242918,
    -0.022156648337841034,
    -0.03166872635483742,
    -0.06789562851190567,
    -0.034816958010196686,
    0.11319144815206528,
    -0.04748964309692383,
    -0.02753138355910778,
    0.09438813477754593,
    -0.07946974784135818,
    0.050525255501270294,
    0.0737031027674675,
    0.007991764694452286,
    0.05423441529273987,
    0.02424277737736702,
    0.029071159660816193,
    -0.03689209744334221,
    -0.03495728597044945,
    0.017128344625234604,
    -0.06848376989364624,
    0.08742666244506836,
    0.01122240349650383,
    0.060698579996824265,
    0.057474128901958466,
    -0.023062676191329956,
    0.012910094112157822,
    -0.005009157117456198,
    0.011216526851058006,
    0.013560185208916664,
    -0.06115478649735451,
    0.034644756466150284,
    -0.026884712278842926,
    -0.09557126462459564,
    0.03517591953277588,
    0.04512631148099899,
    -0.05481862276792526,
    0.028602275997400284,
    -0.02867729961872101,
    0.0025477376766502857,
    0.02581842988729477,
    0.023259572684764862,
    0.005638137459754944,
    -0.025678925216197968,
    0.01901853270828724,
    0.00524117099121213,
    0.05940891429781914,
    -0.023646414279937744,
    0.0714605450630188,
    -0.08787034451961517,
    0.07968132197856903,
    -0.05249210074543953,
    0.10196924954652786,
    0.04796069115400314,
    0.036484479904174805,
    0.026531405746936798,
    -0.023233450949192047,
    0.08842931687831879,
    -0.1138547733426094,
    -0.08633099496364594,
    -0.0015447851037606597,
    -0.032531894743442535,
    0.07562699913978577,
    0.01894967071712017,
    0.04306388646364212,
    0.012916083447635174,
    0.05499795451760292,
    -0.044679999351501465,
    0.001756697311066091,
    -0.013255417346954346,
    -0.07123798877000809,
    -0.00257976190187037,
    0.04615682736039162,
    0.0515354685485363,
    -0.03406234458088875,
    0.006505916360765696,
    0.04502175375819206,
    -0.06786998361349106,
    -0.05172106251120567,
    0.04232371598482132,
    0.014297879301011562,
    0.04934873431921005,
    0.09604786336421967,
    0.05796504765748978,
    -0.052389174699783325,
    -0.027697093784809113,
    0.00608078995719552,
    -0.026950489729642868,
    0.03363759070634842,
    -0.00727500393986702,
    0.047751154750585556,
    -0.00861282367259264,
    0.009760419838130474,
    -0.08656097203493118,
    0.0015475935069844127,
    -0.004421590361744165,
    -0.022888241335749626,
    0.046184517443180084,
    0.009200560860335827,
    -0.05984931066632271,
    -0.04177067428827286,
    0.06654435396194458,
    -0.03158419951796532,
    -0.03708614408969879,
    -0.053729601204395294,
    -0.09785673767328262,
    0.00185442587826401,
    0.056047357618808746,
    5.104860092276242e-33,
    -0.02584472857415676,
    0.008139093406498432,
    0.01491429004818201,
    0.003037576097995043,
    0.08803705126047134,
    -0.009959645569324493,
    0.11289798468351364,
    0.06065710261464119,
    0.007673298008739948,
    0.07763179391622543,
    -0.006367008667439222,
    -0.029330769553780556,
    -0.09131063520908356,
    0.10648336261510849,
    0.024850402027368546,
    0.04085318744182587,
    -0.042082689702510834,
    0.03379514068365097,
    -0.022730661556124687,
    -0.08619508892297745,
    0.003890478517860174,
    0.039986174553632736,
    0.009801629930734634,
    0.0721696987748146,
    -0.02063002437353134,
    -0.05346512421965599,
    -0.006743822246789932,
    -0.056792858988046646,
    0.05484139546751976,
    -0.03585885092616081,
    0.03394161909818649,
    -0.012427191250026226,
    0.027905086055397987,
    0.06732692569494247,
    -0.0898308977484703,
    -0.015837155282497406,
    -0.12536993622779846,
    0.004426796920597553,
    0.09196700155735016,
    -0.013202509842813015,
    0.054973307996988297,
    0.04257473722100258,
    0.05101242661476135,
    0.007049550302326679,
    -0.009738205932080746,
    -0.027969233691692352,
    0.005917537957429886,
    0.06138034909963608,
    0.10954350978136063,
    0.022011835128068924,
    0.01810608059167862,
    0.048793260008096695,
    -0.048687081784009933,
    -0.039532922208309174,
    -0.03199603036046028,
    -0.009537115693092346,
    -0.05771200358867645,
    0.03422129899263382,
    -0.02778787538409233,
    0.019794302061200142,
    0.05016179010272026,
    0.003829851048067212,
    -0.01108095608651638,
    0.07056883722543716,
    -0.0016417367151007056,
    0.09145591408014297,
    -0.03610117360949516,
    -0.038076553493738174,
    0.045650556683540344,
    -0.01137148030102253,
    -0.04116927832365036,
    -0.036203887313604355,
    -0.0561523362994194,
    0.003826191881671548,
    0.02767017111182213,
    -0.024407105520367622,
    0.04340669885277748,
    -0.012741070240736008,
    -0.03981364890933037,
    0.04752424359321594,
    -0.0907803475856781,
    0.03551400825381279,
    -0.040140002965927124,
    -0.049929652363061905,
    -0.13208840787410736,
    0.012634326703846455,
    0.04922384023666382,
    0.026041580364108086,
    0.024364206939935684,
    -0.0045590088702738285,
    0.024970324710011482,
    -0.04470707103610039,
    -0.04770195111632347,
    -0.05681551992893219,
    -0.11322084069252014,
    -4.7840022970635754e-33,
    0.03836837038397789,
    -0.007876584306359291,
    -0.05260675027966499,
    0.06587578356266022,
    0.04371284320950508,
    -0.08066751062870026,
    0.02769029699265957,
    0.10912518203258514,
    -0.017689839005470276,
    -0.027824360877275467,
    -0.019433574751019478,
    0.05286622419953346,
    0.01376331876963377,
    -0.03472888469696045,
    -0.09750887006521225,
    0.0626382827758789,
    0.07475165277719498,
    0.08902477473020554,
    0.012019623070955276,
    -0.0888991579413414,
    -0.023567210882902145,
    0.04264010861515999,
    0.12497095763683319,
    0.07824301719665527,
    0.010896725580096245,
    0.013069464825093746,
    0.07392663508653641,
    -0.04366987943649292,
    0.008542881347239017,
    -0.015306757763028145,
    0.03631589561700821,
    -0.057724036276340485,
    0.04780972748994827,
    -0.008335673250257969,
    -0.04535127431154251,
    -0.0236625038087368,
    0.10754960775375366,
    -0.029172057285904884,
    -0.03291194140911102,
    0.0032527795992791653,
    0.05120387673377991,
    -0.023458827286958694,
    0.012951870448887348,
    0.08279132097959518,
    -0.0343831330537796,
    -0.05529148876667023,
    -0.04341087490320206,
    -0.03462377190589905,
    0.042927954345941544,
    0.03675217181444168,
    0.023727523162961006,
    -0.011596744880080223,
    -0.0495397113263607,
    -0.01841980218887329,
    0.02696686051785946,
    0.10929910838603973,
    0.00948383379727602,
    -0.003133186371996999,
    -0.024661419913172722,
    -0.03024885058403015,
    0.04904288426041603,
    0.01734938658773899,
    -0.0734700933098793,
    -0.009496319107711315,
    0.07457420974969864,
    -0.0237281434237957,
    0.0713983029127121,
    0.014407040551304817,
    -0.044449884444475174,
    0.026587678119540215,
    0.03147328644990921,
    0.04212578758597374,
    0.013903327286243439,
    -0.08348236978054047,
    -0.06559167057275772,
    -0.08763778209686279,
    0.04582194611430168,
    0.00788560975342989,
    0.017224958166480064,
    -0.040653303265571594,
    -0.02899344265460968,
    0.0016626805299893022,
    0.005579277873039246,
    0.07096509635448456,
