{
  "id": 730,
  "vector": [
    -0.07366273552179337,
    -0.002862584311515093,
    -0.00557663245126605,
    0.10423003137111664,
    -0.020303787663578987,
    -0.06465700268745422,
    0.07700694352388382,
    0.08374221622943878,
    -0.05461364984512329,
    0.020253246650099754,
    0.05891592428088188,
    -0.06769479066133499,
    -0.12145790457725525,
    0.036049339920282364,
    0.0027200807817280293,
    0.02667967416346073,
    -0.017424991354346275,
    0.046083129942417145,
    -0.09211309999227524,
    -0.006571216508746147,
    0.04653558507561684,
    -0.12005098909139633,
    -0.01112443394958973,
    0.013582573272287846,
    -0.01952666975557804,
    0.003817011136561632,
    -0.005818631034344435,
    -0.04209274798631668,
    0.035919446498155594,
    -0.06925296783447266,
    -0.04782692715525627,
    0.008034289814531803,
    0.09876715391874313,
    0.028635019436478615,
    -0.004648369271308184,
    0.005058375187218189,
    0.047427404671907425,
    -0.03181954845786095,
    -0.00009321678226115182,
    -0.01968538388609886,
    -0.037792544811964035,
    0.05746276304125786,
    -0.037792596966028214,
    0.08582816272974014,
    -0.008852165192365646,
    -0.03791482374072075,
    0.019029637798666954,
    0.08788246661424637,
    0.04395826905965805,
    0.05609264224767685,
    0.03607427701354027,
    -0.007392317522317171,
    -0.14931516349315643,
    -0.014337791129946709,
    -0.007483426481485367,
    -0.04824649542570114,
    -0.068654365837574,
    -0.04274050518870354,
    0.08766519278287888,
    0.026346417143940926,
    -0.015303194522857666,
    -0.01982152834534645,
    -0.004312658216804266,
    0.10266998410224915,
    0.059868842363357544,
    0.0058856988325715065,
    -0.03012607805430889,
    -0.02055433765053749,
    -0.06812187284231186,
    0.018996072933077812,
    0.027318451553583145,
    -0.005817578174173832,
    0.03179837763309479,
    -0.023771896958351135,
    -0.04563262313604355,
    -0.003548302920535207,
    0.03184919431805611,
    -0.05657175928354263,
    -0.04456479102373123,
    0.059534553438425064,
    -0.05784642696380615,
    -0.032270945608615875,
    -0.048079948872327805,
    -0.007974432781338692,
    0.018807552754878998,
    -0.04444192349910736,
    -0.058970339596271515,
    0.037604063749313354,
    -0.013810823671519756,
    -0.07790574431419373,
    -0.01827850379049778,
    0.05357753485441208,
    0.027056124061346054,
    0.04091576114296913,
    -0.061199065297842026,
    0.06284773349761963,
    0.017071783542633057,
    -0.06660066545009613,
    -0.06306914240121841,
    0.06832318753004074,
    0.06806956231594086,
    -0.028421135619282722,
    0.07887867838144302,
    0.007116957101970911,
    -0.02608397789299488,
    0.0005802034283988178,
    -0.047974374145269394,
    0.007413564715534449,
    0.030273018404841423,
    0.09770956635475159,
    -0.09145870804786682,
    0.002677369397133589,
    -0.026575660333037376,
    -0.005080668721348047,
    -0.045995257794857025,
    0.00736722256988287,
    -0.010356924496591091,
    0.0903802439570427,
    0.07301901280879974,
    0.06368143111467361,
    0.01760885864496231,
    -0.008736159652471542,
    0.06867916882038116,
    -0.03605978563427925,
    -0.08314010500907898,
    -0.0018041760195046663,
    0.07180280983448029,
    3.2773392288619865e-33,
    -0.043175291270017624,
    -0.001162252388894558,
    -0.029947921633720398,
    -0.0320524200797081,
    0.0385042242705822,
    -0.08432827144861221,
    0.09006856381893158,
    -0.012938966043293476,
    -0.05169704556465149,
    0.07644041627645493,
    -0.00018114472914021462,
    0.04532560333609581,
    -0.016000090166926384,
    0.10488027334213257,
    0.035126250237226486,
    -0.029134050011634827,
    0.03575616702437401,
    0.0007786789792589843,
    0.11582449823617935,
    -0.05547124519944191,
    -0.04993722587823868,
    0.025734657421708107,
    0.019230153411626816,
    0.002402266953140497,
    -0.018613707274198532,
    0.00809961836785078,
    -0.033599596470594406,
    0.023857751861214638,
    -0.004613804630935192,
    0.0073238094337284565,
    0.03003380075097084,
    -0.02507510595023632,
    -0.03631961718201637,
    -0.07739098370075226,
    -0.011529892683029175,
    0.018182873725891113,
    0.0018162511987611651,
    -0.03206523507833481,
    0.06974222511053085,
    -0.03493282198905945,
    -0.12738682329654694,
    -0.006308162584900856,
    -0.02525966241955757,
    -0.049710582941770554,
    -0.040410201996564865,
    0.004006462637335062,
    0.008133679628372192,
    -0.033113449811935425,
    0.07403383404016495,
    0.04137243703007698,
    -0.07153830677270889,
    -0.02089325711131096,
    -0.0647582933306694,
    0.022223301231861115,
    -0.029697271063923836,
    -0.032378941774368286,
    0.06769412755966187,
    0.079215869307518,
    0.028566304594278336,
    0.03523849695920944,
    0.03759445995092392,
    -0.014922010712325573,
    0.009982726536691189,
    -0.040149345993995667,
    -0.04683472588658333,
    -0.020506689324975014,
    -0.03160902485251427,
    -0.006968140136450529,
    0.0006321141845546663,
    -0.04417140409350395,
    -0.020528949797153473,
    0.035202544182538986,
    0.04702497273683548,
    -0.006833952851593494,
    0.0030010018963366747,
    -0.011571450158953667,
    0.04690653830766678,
    0.10576894134283066,
    -0.044053055346012115,
    0.08008012920618057,
    -0.08175496011972427,
    0.05159492418169975,
    0.007812402676790953,
    0.03788696974515915,
    -0.03175482153892517,
    0.09617487341165543,
    -0.00550844706594944,
    0.08333470672369003,
    0.007132026366889477,
    0.011774295940995216,
    -0.03906277194619179,
    0.041968923062086105,
    -0.04251878336071968,
    -0.09398249536752701,
    -0.0005338570917956531,
    -4.0265982260501586e-33,
    -0.06881213933229446,
    0.06230570003390312,
    -0.020324120298027992,
    0.05589644983410835,
    0.008692368865013123,
    0.04831168055534363,
    0.021251004189252853,
    0.06449916958808899,
    0.05662721395492554,
    -0.00312719214707613,
    -0.07923432439565659,
    0.08262132853269577,
    0.0735456645488739,
    -0.00979501474648714,
    -0.04646330699324608,
    0.02510773576796055,
    -0.06277832388877869,
    0.044752564281225204,
    0.014044596813619137,
    -0.050690971314907074,
    -0.009891737252473831,
    0.08363783359527588,
    0.011454819701611996,
    0.08248142898082733,
    0.0861729308962822,
    -0.03751711919903755,
    0.007878821343183517,
    0.07751860469579697,
    0.0452626533806324,
    0.05692574381828308,
    0.1038464680314064,
    -0.051812876015901566,
    -0.01728128083050251,
    -0.05700508877635002,
    -0.006856882479041815,
    -0.07658272981643677,
    0.06116487458348274,
    0.10140351206064224,
    -0.019605251029133797,
    0.06976114213466644,
    0.00915147177875042,
    -0.06365767121315002,
    0.008754816837608814,
    0.0174715556204319,
    -0.027365313842892647,
    -0.001864433754235506,
    0.05606311187148094,
    -0.015261031687259674,
    0.008915740065276623,
    -0.027006125077605247,
    0.06540078669786453,
    0.07795940339565277,
    -0.0799097940325737,
    -0.00542897405102849,
    0.021911010146141052,
    0.002207418205216527,
    -0.07038165628910065,
    -0.002984036225825548,
    0.02688622660934925,
    -0.13569772243499756,
    -0.004309535026550293,
    -0.010473559610545635,
    -0.024303577840328217,
    -0.007264112122356892,
    0.04569362848997116,
    0.017813371494412422,
    -0.049690861254930496,
    -0.03484219312667847,
    -0.04778333753347397,
    -0.023025859147310257,
    0.06925322115421295,
    -0.020005447790026665,
    -0.012128914706408978,
    -0.07660398632287979,
    -0.005483277142047882,
    0.01634368859231472,
    0.06779870390892029,
    0.00030450112535618246,
    0.0817822813987732,
    0.0047623286955058575,
    -0.08355658501386642,
    0.11948750913143158,
