{
  "id": 988,
  "vector": [
    -0.004079204984009266,
    0.009863577783107758,
    0.05214652046561241,
    -0.023414084687829018,
    0.06061409413814545,
    -0.05959834158420563,
    0.08119478076696396,
    0.06945323944091797,
    -0.07374512404203415,
    -0.010402224026620388,
    0.04798870533704758,
    -0.008033857680857182,
    -0.008500451222062111,
    0.03228018805384636,
    -0.04629618301987648,
    0.028674641624093056,
    -0.052868228405714035,
    0.06620101630687714,
    -0.10598667711019516,
    0.01358841173350811,
    0.08260229974985123,
    -0.06544072180986404,
    -0.00211358186788857,
    -0.010833602398633957,
    -0.0498339980840683,
    0.08209273219108582,
    0.0024653144646435976,
    -0.07686474174261093,
    -0.049263231456279755,
    -0.03423696756362915,
    0.07123244553804398,
    0.08035247027873993,
    0.006042161490768194,
    -0.049094006419181824,
    0.00579883111640811,
    -0.012394335120916367,
    -0.029560675844550133,
    -0.04628260061144829,
    0.1275264024734497,
    -0.030347980558872223,
    -0.006806023418903351,
    0.01711983047425747,
    0.0012655691243708134,
    0.01691242679953575,
    -0.04922717437148094,
    -0.04292893782258034,
    0.0055204350501298904,
    0.021504122763872147,
    0.06457357108592987,
    0.013674036599695683,
    0.0780743733048439,
    0.016706636175513268,
    -0.018634816631674767,
    -0.05123887583613396,
    -0.025983452796936035,
    -0.05190117657184601,
    0.012156684882938862,
    -0.000010798417861224152,
    -0.02243887260556221,
    0.04165826365351677,
    0.0290309377014637,
    -0.014321967959403992,
    -0.0014716765144839883,
    -0.010617757216095924,
    0.06116596236824989,
    0.03392050042748451,
    -0.00047346577048301697,
    0.0640278235077858,
    -0.05050119757652283,
    0.08066727221012115,
    -0.020095722749829292,
    0.08808597922325134,
    0.042697079479694366,
    0.015335510484874249,
    0.0663510262966156,
    0.041774455457925797,
    0.05731324478983879,
    -0.12678663432598114,
    -0.037535250186920166,
    0.11804646253585815,
    -0.13241347670555115,
    -0.016781775280833244,
    -0.0013249574694782495,
    -0.011923300102353096,
    -0.02534620091319084,
    -0.020076315850019455,
    -0.005334979388862848,
    0.0017571569187566638,
    0.004325424786657095,
    -0.042725011706352234,
    -0.06341298669576645,
    0.058979589492082596,
    0.019453244283795357,
    -0.04794859141111374,
    -0.035565149039030075,
    0.00013238484098110348,
    -0.023825963959097862,
    -0.042280249297618866,
    0.04741038754582405,
    0.027453651651740074,
    0.011795722879469395,
    0.0034792565274983644,
    0.06147278845310211,
    -0.04631677642464638,
    0.013813803903758526,
    -0.07048261910676956,
    0.016545411199331284,
    -0.046127110719680786,
    0.011519448831677437,
    0.011754472739994526,
    0.007054580841213465,
    0.03890029340982437,
    0.04894760996103287,
    0.03466121852397919,
    -0.02328343130648136,
    0.020871635526418686,
    -0.0018754482734948397,
    0.0018296684138476849,
    -0.005802359897643328,
    0.013330191373825073,
    0.06425110995769501,
    -0.010617239400744438,
    -0.06622668355703354,
    -0.044364333152770996,
    -0.046951353549957275,
    0.01720336265861988,
    0.025266436859965324,
    5.709707771755973e-33,
    -0.09312310814857483,
    -0.006219587754458189,
    0.07215423136949539,
    0.019680654630064964,
    0.06252419203519821,
    -0.032036785036325455,
    0.05346520245075226,
    -0.0021151683758944273,
    0.0688139945268631,
    0.06864994764328003,
    -0.011697808280587196,
    -0.019807137548923492,
    -0.06196289509534836,
    0.00480030057951808,
    -0.06905538588762283,
    -0.052924126386642456,
    0.04369921609759331,
    0.049703557044267654,
    0.004428944084793329,
    -0.10511679947376251,
    -0.012636736035346985,
    -0.022141361609101295,
    -0.045354925096035004,
    -0.045240893959999084,
    -0.011760871857404709,
    -0.013598959892988205,
    0.01083758007735014,
    0.008747223764657974,
    0.05047028139233589,
    0.014109903946518898,
    0.10540157556533813,
    0.023479916155338287,
    0.014401904307305813,
    0.05990564450621605,
    -0.046918708831071854,
    -0.04250408709049225,
    -0.11279412358999252,
    0.01934947445988655,
    0.05053048953413963,
    -0.05475727096199989,
    0.008041804656386375,
    0.028305241838097572,
    0.0812373161315918,
    -0.0022175279445946217,
    -0.04667103290557861,
    0.018278172239661217,
    0.06931276619434357,
    0.02052065171301365,
    0.02568867802619934,
    0.07020185887813568,
    0.007273721508681774,
    0.008833845146000385,
    -0.06533399224281311,
    0.021019570529460907,
    0.051174089312553406,
    -0.05400717258453369,
    -0.0643872544169426,
    -0.03838454186916351,
    0.008100483566522598,
    0.07501062005758286,
    0.02565949223935604,
    0.06079278513789177,
    -0.02036953531205654,
    0.03205130994319916,
    0.03424113243818283,
    0.006806049961596727,
    -0.04462951049208641,
    0.045192260295152664,
    0.016873205080628395,
    0.06846125423908234,
    0.023680588230490685,
    0.05176262930035591,
    -0.015057764016091824,
    -0.03301480412483215,
    0.008332261815667152,
    0.0011462392285466194,
    0.09593302756547928,
    0.07534290105104446,
    -0.037628401070833206,
    -0.06966472417116165,
    -0.05404094234108925,
    -0.020873988047242165,
    -0.05631482973694801,
    -0.0362945981323719,
    -0.09898301213979721,
    0.04156557470560074,
    -0.01692216470837593,
    0.10210421681404114,
    0.010760649107396603,
    -0.009580143727362156,
    -0.004168656188994646,
    -0.11676431447267532,
    -0.048642825335264206,
    -0.048171259462833405,
    -0.0880521759390831,
    -4.439187559639166e-33,
    0.03746622055768967,
    0.07014917582273483,
    -0.014510407112538815,
    0.0194915272295475,
    0.055962935090065,
    -0.01901310868561268,
    0.1203717440366745,
    0.060651808977127075,
    0.03090549074113369,
    -0.0017686494393274188,
    -0.08878365904092789,
    0.050434768199920654,
    -0.014755140990018845,
    0.026271119713783264,
    -0.07934299111366272,
    0.14008821547031403,
    0.08548648655414581,
    0.005640403367578983,
    -0.032915957272052765,
    -0.08286875486373901,
    -0.0950397178530693,
    0.06768640875816345,
    0.03533581271767616,
    0.14132899045944214,
    -0.03893313929438591,
    -0.04120233654975891,
    0.02050667814910412,
    -0.019952351227402687,
    0.025802472606301308,
    -0.012827710248529911,
    0.007168374489992857,
    -0.056536830961704254,
    0.07223972678184509,
    0.01235099695622921,
    0.03582537919282913,
    -0.10435472428798676,
    0.02398846484720707,
    0.006059470120817423,
    0.027552539482712746,
    0.02989908494055271,
    -0.017371222376823425,
    -0.09093321114778519,
    -0.02918841503560543,
    0.042031701654195786,
    -0.03341404348611832,
    -0.03084692172706127,
    -0.04545345902442932,
    -0.11309898644685745,
    0.04934927448630333,
    0.004599579144269228,
    -0.027737218886613846,
    0.022464001551270485,
    -0.022570716217160225,
    -0.07591766119003296,
    0.020618706941604614,
    0.11140494793653488,
    0.039771080017089844,
    -0.04039512574672699,
    -0.011988922953605652,
    -0.053258877247571945,
    -0.008362075313925743,
    0.010918872430920601,
    -0.006512987427413464,
    0.00571493711322546,
    -0.025413284078240395,
    -0.0598209910094738,
    -0.061592381447553635,
    -0.05202065408229828,
    -0.03135804831981659,
    0.011867589317262173,
    0.011844024062156677,
    0.09982630610466003,
    0.015690820291638374,
    -0.09998386353254318,
    -0.12022716552019119,
    -0.11488590389490128,
    0.00917088147252798,
    -0.03256266191601753,
    0.08155392855405807,
    0.014919251203536987,
    -0.03246957063674927,
    -0.024085598066449165,
