{
  "id": 161,
  "vector": [
    0.017176637426018715,
    -0.06337153166532516,
    -0.015824396163225174,
    -0.010043629445135593,
    -0.04597874730825424,
    0.008979164063930511,
    0.03923517465591431,
    0.045772116631269455,
    -0.038387231528759,
    -0.03709988668560982,
    0.05454662814736366,
    -0.06478780508041382,
    0.00003417214975343086,
    -0.03206561133265495,
    0.04611395671963692,
    -0.016420351341366768,
    0.0009321575053036213,
    0.01742982678115368,
    -0.12420359253883362,
    -0.0427749902009964,
    0.06739840656518936,
    -0.06286798417568207,
    -0.019866012036800385,
    0.07566187530755997,
    -0.021265890449285507,
    0.030186567455530167,
    0.020416537299752235,
    0.000994934351183474,
    0.028991147875785828,
    -0.0773923322558403,
    0.06965363770723343,
    0.05144460126757622,
    0.06532514095306396,
    0.00791007187217474,
    0.015284190885722637,
    -0.05126839503645897,
    -0.06169799342751503,
    -0.04203013330698013,
    0.09342033416032791,
    -0.07175090909004211,
    0.10982569307088852,
    0.060022130608558655,
    0.037095338106155396,
    0.055382974445819855,
    0.002928812988102436,
    -0.023055801168084145,
    -0.06702406704425812,
    0.02373594231903553,
    0.059003811329603195,
    0.009350421838462353,
    -0.06867904216051102,
    -0.038243867456912994,
    -0.09556733816862106,
    -0.03680867329239845,
    0.013475989922881126,
    -0.07314366847276688,
    0.0611066073179245,
    -0.014626977033913136,
    -0.033024806529283524,
    0.08387017250061035,
    0.029528416693210602,
    -0.029708296060562134,
    -0.013928493484854698,
    -4.2939043964906887e-7,
    0.013153329491615295,
    -0.0055361054837703705,
    -0.03498898446559906,
    -0.0063867708668112755,
    -0.02305547147989273,
    -0.0054374267347157,
    -0.012351303361356258,
    0.02983405441045761,
    0.03521313518285751,
    -0.0228232741355896,
    -0.124430350959301,
    -0.023752892389893532,
    0.050946738570928574,
    -0.06270279735326767,
    -0.1402798444032669,
    0.12382481247186661,
    -0.06683289259672165,
    0.040106821805238724,
    -0.01881740428507328,
    -0.004478442948311567,
    -0.04139670729637146,
    -0.024491962045431137,
    -0.06957300752401352,
    0.004444408230483532,
    -0.01486991997808218,
    -0.016367902979254723,
    -0.03578611835837364,
    0.03168816491961479,
    0.007296494673937559,
    -0.01909596286714077,
    -0.012748350389301777,
    0.028062209486961365,
    -0.037064485251903534,
    -0.043102677911520004,
    0.0594106949865818,
    0.039166972041130066,
    -0.019029323011636734,
    0.057512979954481125,
    0.05700782313942909,
    -0.05897733196616173,
    -0.03690028563141823,
    -0.00604681670665741,
    -0.01752954162657261,
    0.011885597370564938,
    0.08096317201852798,
    0.09126763790845871,
    -0.024442298337817192,
    -0.03339714556932449,
    -0.014516058377921581,
    0.08197949826717377,
    -0.034957677125930786,
    -0.019841838628053665,
    0.08512422442436218,
    -0.01521886046975851,
    0.07919870316982269,
    0.017391908913850784,
    0.06944569945335388,
    -0.024312961846590042,
    0.046200547367334366,
    -0.09170328080654144,
    -0.09541841596364975,
    0.015972880646586418,
    0.054855238646268845,
    4.892566914543691e-33,
    -0.0889684334397316,
    -0.07455381751060486,
    0.030384304001927376,
    0.1047663688659668,
    0.10213898122310638,
    0.06265650689601898,
    0.04673299565911293,
    -0.019143614917993546,
    0.021706873551011086,
    0.01862400211393833,
    -0.0896337553858757,
    -0.035854827612638474,
    0.0001849749096436426,
    0.09431160986423492,
    -0.049398552626371384,
    -0.08061335235834122,
    0.036789923906326294,
    0.060324911028146744,
    -0.02472243644297123,
    -0.08442988991737366,
    -0.05254500359296799,
    0.022024672478437424,
    -0.012009656056761742,
    0.00040814350359141827,
    -0.06509574502706528,
    0.03453386574983597,
    -0.007544820196926594,
    -0.0055848415940999985,
    0.039541877806186676,
    0.0206412672996521,
    0.05625337362289429,
    0.033986371010541916,
    -0.023951178416609764,
    0.02574131265282631,
    -0.003677955362945795,
    0.011376805603504181,
    -0.07927126437425613,
    -0.020869087427854538,
    0.09301789849996567,
    -0.01817869208753109,
    -0.008099383674561977,
    0.014589253813028336,
    0.07783389836549759,
    -0.019270190969109535,
    -0.12500594556331635,
    0.02385915070772171,
    0.02047104202210903,
    -0.00882473774254322,
    0.06200734153389931,
    0.04165774583816528,
    -0.043018512427806854,
    0.029050813987851143,
    0.014928053133189678,
    0.029054807499051094,
    0.05592123046517372,
    -0.03817440941929817,
    -0.07362420111894608,
    0.02867327444255352,
    0.01853329688310623,
    0.05089582875370979,
    0.008477707393467426,
    0.0037702496629208326,
    -0.02819090522825718,
    0.047918301075696945,
    0.02171103097498417,
    0.05227707698941231,
    -0.08072769641876221,
    0.0041739740408957005,
    0.029872875660657883,
    0.03326128423213959,
    -0.05140802264213562,
    0.05772964656352997,
    -0.00036769648431800306,
    -0.03137059137225151,
    0.03194017335772514,
    -0.017991190776228905,
    0.02882198989391327,
    0.06135968118906021,
    -0.03999362140893936,
    0.03459836542606354,
    -0.06517037749290466,
    0.03133693337440491,
    0.010542242787778378,
    -0.02509225718677044,
    -0.005780826788395643,
    0.050148800015449524,
    -0.07334548979997635,
    0.12316469848155975,
    0.051764778792858124,
    -0.04116097092628479,
    -0.05240800604224205,
    -0.0398365780711174,
    -0.005082372575998306,
    -0.019218508154153824,
    -0.023677781224250793,
    -5.8004669558989926e-33,
    0.004313348326832056,
    0.042316734790802,
    0.02463049814105034,
    0.04402093216776848,
    0.05837500840425491,
    -0.06155666336417198,
    -0.009287962689995766,
    0.11766047030687332,
    0.005731347482651472,
    -0.013410599902272224,
    -0.062049783766269684,
    0.04244735464453697,
    0.04770630598068237,
    -0.043023739010095596,
    -0.08005768805742264,
    0.07010037451982498,
    0.05619978532195091,
    -0.007557719014585018,
    -0.0002991036744788289,
    -0.07104707509279251,
    -0.030143728479743004,
    0.06172984838485718,
    0.02089281938970089,
    0.02080121636390686,
    -0.00888332910835743,
    -0.006340517196804285,
    -0.01273271068930626,
    -0.0904424712061882,
    0.03627904877066612,
    0.08837941288948059,
    0.04831079766154289,
    -0.13733874261379242,
    0.02371896244585514,
    0.017427099868655205,
    -0.07994792610406876,
    -0.07639409601688385,
    -0.0004118748183827847,
    0.006875826511532068,
    0.07241657376289368,
    0.02396291308104992,
    0.03820214048027992,
    -0.0021022134460508823,
    0.009620997123420238,
    -0.00201325467787683,
    0.004845418035984039,
    -0.027197135612368584,
    -0.006313913036137819,
    -0.08178328722715378,
    0.04493163898587227,
    0.036193519830703735,
    0.002648924244567752,
    0.023938816040754318,
    -0.09205295890569687,
    -0.0004870831035077572,
    0.030399896204471588,
    -0.014130835421383381,
    0.01438521221280098,
    0.005807417444884777,
    -0.030331389978528023,
    -0.09858471900224686,
    -0.05583744868636131,
    -0.022462936118245125,
    -0.06713853031396866,
    -0.009723636321723461,
    0.02160724624991417,
    0.007955730892717838,
    -0.007734472397714853,
    0.009961872361600399,
    -0.010538439266383648,
    -0.027194110676646233,
    0.023897992447018623,
    0.055241622030735016,
    0.011159617453813553,
    -0.004669861868023872,
    -0.060123372822999954,
    -0.04327385127544403,
    -0.06928075850009918,
    -0.04212943837046623,
    0.06051257997751236,
    0.04798970744013786,
    0.011158346198499203,
    -0.02126188389956951,
