{
  "id": 591,
  "vector": [
    -0.004801268223673105,
    0.021844668313860893,
    -0.007250698283314705,
    0.08168693631887436,
    -0.025747092440724373,
    0.03580991178750992,
    0.08158282935619354,
    0.09394990652799606,
    -0.04318647086620331,
    -0.018420223146677017,
    0.12235980480909348,
    -0.1169668585062027,
    0.015633685514330864,
    -0.03207990527153015,
    -0.020171886309981346,
    -0.00016827254148665816,
    -0.012224257923662663,
    0.02578946016728878,
    -0.13765184581279755,
    -0.09193913638591766,
    0.0455935113132,
    -0.04760970175266266,
    -0.03795536980032921,
    0.021800413727760315,
    -0.013604903593659401,
    0.03488335758447647,
    0.005241286009550095,
    -0.06824179738759995,
    -0.003976074513047934,
    -0.06064961105585098,
    -0.009490491822361946,
    0.08253633230924606,
    0.11167584359645844,
    0.015878882259130478,
    0.011693424545228481,
    -0.019556907936930656,
    0.002489450853317976,
    -0.03001238778233528,
    0.08119097352027893,
    -0.005032978020608425,
    0.01582699827849865,
    -0.040316782891750336,
    0.06802239269018173,
    -0.030164605006575584,
    0.00257597747258842,
    -0.023831797763705254,
    -0.011103336699306965,
    0.01741557940840721,
    0.02171233296394348,
    0.011017385870218277,
    0.05428452789783478,
    0.052293453365564346,
    -0.11523313075304031,
    0.050041135400533676,
    0.056874316185712814,
    -0.05273851379752159,
    -0.008099433034658432,
    0.014831986278295517,
    -0.043730229139328,
    0.04295039549469948,
    -0.0757555291056633,
    0.0027415407821536064,
    -0.05399687960743904,
    -0.009033164009451866,
    -0.05069021135568619,
    0.039675917476415634,
    -0.07060248404741287,
    -0.04686734452843666,
    0.03715589642524719,
    -0.018760615959763527,
    -0.008846219629049301,
    0.05023053660988808,
    0.018391812220215797,
    0.0012459707213565707,
    -0.027845535427331924,
    0.005837215576320887,
    0.08997310698032379,
    -0.033493176102638245,
    -0.059800319373607635,
    -0.01683327555656433,
    -0.0736100971698761,
    -0.023223519325256348,
    0.009057825431227684,
    -0.027649514377117157,
    -0.014662595465779305,
    0.016867797821760178,
    -0.042704902589321136,
    0.01601349748671055,
    0.03631628304719925,
    -0.05777374655008316,
    -0.004270832519978285,
    0.04342786222696304,
    0.017680499702692032,
    0.064957395195961,
    -0.07399723678827286,
    0.02376422844827175,
    -0.07944729179143906,
    -0.07931771874427795,
    -0.03949718922376633,
    0.018767591565847397,
    0.05787266790866852,
    0.004449049010872841,
    0.13363678753376007,
    -0.03023585118353367,
    -0.0470438227057457,
    -0.05936754494905472,
    0.023947415873408318,
    -0.04193299263715744,
    -0.010514028370380402,
    0.04726535081863403,
    -0.03910573199391365,
    -0.042166173458099365,
    -0.05363394692540169,
    0.007899572141468525,
    -0.020937228575348854,
    0.0520937442779541,
    0.059747643768787384,
    -0.0017163865268230438,
    -0.014872304163873196,
    -0.01311312336474657,
    0.05829295516014099,
    0.004881993867456913,
    0.04995177313685417,
    -0.030748505145311356,
    -0.1460619866847992,
    0.019990000873804092,
    -0.0015909805661067367,
    8.08096089398277e-33,
    -0.10604709386825562,
    0.02767970599234104,
    0.015218538232147694,
    0.02556828409433365,
    -0.05205715820193291,
    -0.07926062494516373,
    0.046062130481004715,
    -0.10251394659280777,
    0.09457764774560928,
    0.02479707822203636,
    -0.05768439546227455,
    -0.011613964103162289,
    -0.021967768669128418,
    0.05971158295869827,
    0.029866673052310944,
    -0.004679241217672825,
    -0.04739401489496231,
    -0.019288647919893265,
    0.054931920021772385,
    0.029863649979233742,
    -0.04564914479851723,
    0.050140053033828735,
    0.004686236381530762,
    -0.08976834267377853,
    -0.02553374320268631,
    -0.01404801569879055,
    0.08036801964044571,
    -0.06756105273962021,
    -0.01394933182746172,
    0.001137148356065154,
    0.07361071556806564,
    -0.00016116815095301718,
    0.06177443638443947,
    -0.017319252714514732,
    -0.06457091867923737,
    -0.014275992289185524,
    -0.008330179378390312,
    -0.009875757619738579,
    0.05870644375681877,
    0.062185004353523254,
    0.028825903311371803,
    0.06149084493517876,
    0.06075451895594597,
    0.05140432342886925,
    0.016580045223236084,
    0.04489290714263916,
    0.08068861067295074,
    -0.020362988114356995,
    0.06693810224533081,
    0.025958692654967308,
    -0.02038082852959633,
    0.00984974391758442,
    0.0022361273877322674,
    0.0828358456492424,
    0.10374733805656433,
    -0.03090650960803032,
    -0.0009121226612478495,
    0.005502981133759022,
    0.016140054911375046,
    0.041596122086048126,
    0.012618428096175194,
    0.0025010809767991304,
    -0.011317187920212746,
    0.023437773808836937,
    0.001482816762290895,
    0.030502619221806526,
    -0.12120191007852554,
    -0.04989967495203018,
    -0.03828679770231247,
    -0.005947356577962637,
    -0.031656231731176376,
    -0.06839263439178467,
    0.05016569793224335,
    -0.041822150349617004,
    -0.01806432567536831,
    -0.0779898390173912,
    0.061142947524785995,
    0.06083635240793228,
    -0.05940118059515953,
    0.06230864301323891,
    -0.01702609658241272,
    0.04764048755168915,
    0.029467971995472908,
    -0.018652858212590218,
    -0.078414686024189,
    0.10164403170347214,
    -0.04397440701723099,
    0.01705850474536419,
    0.053459588438272476,
    -0.013225676491856575,
    -0.011851055547595024,
    0.023137368261814117,
    -0.0038056238554418087,
    -0.034425489604473114,
    -0.003421627450734377,
    -6.245507280410388e-33,
    0.0183076374232769,
    0.10042639821767807,
    -0.024187518283724785,
    0.07187039405107498,
    0.07543683797121048,
    -0.024524809792637825,
    0.005501471925526857,
    0.046032145619392395,
    0.07986576855182648,
    0.008477144874632359,
    -0.10306258499622345,
    0.04468712583184242,
    0.004913566168397665,
    -0.044114939868450165,
    -0.025251735001802444,
    0.06943026930093765,
    0.06026174873113632,
    0.052156705409288406,
    -0.007514584343880415,
    0.005705260671675205,
    -0.10268376022577286,
    0.06169528886675835,
    0.0391000397503376,
    0.04136551171541214,
    -0.01870730146765709,
    0.03791544586420059,
    0.0430104024708271,
    -0.017087219282984734,
    0.028116777539253235,
    -0.043094880878925323,
    0.07677480578422546,
    -0.1472863107919693,
    0.0064038923010230064,
    0.015370666049420834,
    -0.05434989929199219,
    -0.044091276824474335,
    0.0514843724668026,
    0.014425882138311863,
    0.024095220491290092,
    0.056790322065353394,
    0.02233387902379036,
    -0.024545801803469658,
    0.056009888648986816,
    -0.018831826746463776,
    -0.07952064275741577,
    -0.050911251455545425,
    0.023120637983083725,
    -0.03641026094555855,
    -0.02462906576693058,
    -0.03124469704926014,
    -0.012225842103362083,
    0.00551888532936573,
    -0.1031266376376152,
    -0.0412343367934227,
    -0.029027709737420082,
    0.04092952609062195,
    0.02118472196161747,
    0.1054847314953804,
    0.00646349648013711,
    -0.11030975729227066,
    -0.027432750910520554,
    -0.019528545439243317,
    -0.017854757606983185,
    -0.05331619828939438,
    0.005896203685551882,
    0.0574701651930809,
    0.036808282136917114,
    -0.020908351987600327,
    -0.014014264568686485,
    0.0724356397986412,
    -0.03398922085762024,
    0.001385627780109644,
    0.020069623365998268,
    -0.057420067489147186,
    -0.002118039410561323,
    0.013140926137566566,
    -0.039334990084171295,
    0.055819448083639145,
    0.09363514930009842,
    -0.0013794819824397564,
    -0.07648832350969315,
    -0.010613782331347466,
    -0.024066762998700142,
