{
  "id": 534,
  "vector": [
    0.02636164240539074,
    0.01598655991256237,
    -0.004315146245062351,
    0.05652739107608795,
    -0.014665341936051846,
    -0.05400736257433891,
    0.011323682963848114,
    0.049720317125320435,
    0.039891812950372696,
    -0.02571875788271427,
    0.0037277392111718655,
    -0.05034216120839119,
    -0.013901211321353912,
    -0.03174151852726936,
    -0.05055556818842888,
    -0.12065251916646957,
    -0.04057066887617111,
    -0.040603429079055786,
    0.009616081602871418,
    0.01934482529759407,
    0.04750698804855347,
    -0.0681626945734024,
    0.030802177265286446,
    0.022809987887740135,
    0.025511281564831734,
    0.047969233244657516,
    -0.00043888765503652394,
    -0.03763292357325554,
    0.009833252057433128,
    -0.027844104915857315,
    -0.023728644475340843,
    0.0773162990808487,
    0.056707605719566345,
    -0.001109074568375945,
    0.009844161570072174,
    -0.055671628564596176,
    0.021448548883199692,
    0.01772288978099823,
    0.06794765591621399,
    0.03484498709440231,
    0.0033760382793843746,
    -0.038459472358226776,
    -0.011972615495324135,
    -0.013116694986820221,
    0.011555825360119343,
    -0.0813661739230156,
    -0.07850968837738037,
    0.023378554731607437,
    0.018524538725614548,
    -0.013580668717622757,
    0.026779161766171455,
    -0.04369095712900162,
    -0.05362667888402939,
    0.025670986622571945,
    0.1270817667245865,
    -0.1235397458076477,
    -0.1121581494808197,
    0.022946612909436226,
    0.035612210631370544,
    0.06452436000108719,
    -0.0019711183849722147,
    -0.01992989517748356,
    -0.07169464230537415,
    0.006815003231167793,
    0.004965030588209629,
    -0.015348280780017376,
    -0.09081337600946426,
    -0.014637138694524765,
    -0.03571482002735138,
    0.03496629372239113,
    -0.062301479279994965,
    0.0727408155798912,
    0.0414605513215065,
    -0.04717448726296425,
    -0.020494641736149788,
    -0.014769511297345161,
    0.048241905868053436,
    -0.0037551282439380884,
    -0.027433129027485847,
    0.008191711269319057,
    -0.023090790957212448,
    -0.029671937227249146,
    0.008688583970069885,
    0.02432633936405182,
    -0.023036791011691093,
    -0.009853052906692028,
    0.041064247488975525,
    -0.022260766476392746,
    0.02937493473291397,
    -0.08730898052453995,
    -0.007163423579186201,
    0.07059131562709808,
    -0.029123933985829353,
    0.07315080612897873,
    -0.06557460874319077,
    0.0378887802362442,
    -0.07349284738302231,
    -0.011941971257328987,
    0.06994275748729706,
    0.060831133276224136,
    0.07546265423297882,
    0.05499826744198799,
    0.13100634515285492,
    -0.00025640634703449905,
    0.04942421615123749,
    0.0442003458738327,
    -0.03094048798084259,
    0.07063981890678406,
    0.03776625916361809,
    0.009784177877008915,
    0.0363248772919178,
    -0.03998175263404846,
    -0.04236873984336853,
    0.05269632115960121,
    -0.019923971965909004,
    0.04592534527182579,
    -0.01510610431432724,
    -0.027648383751511574,
    0.07674332708120346,
    0.0023177473340183496,
    0.005804159678518772,
    -0.04584619030356407,
    -0.01388260442763567,
    -0.0663582906126976,
    -0.10940331965684891,
    0.03599756956100464,
    0.029397692531347275,
    3.6005582983518675e-33,
    -0.008289593271911144,
    0.0013869188260287046,
    -0.013610959984362125,
    0.042134545743465424,
    0.09191223978996277,
    0.0062262569554150105,
    -0.009354798123240471,
    -0.015404523350298405,
    -0.027281686663627625,
    -0.0006474512629210949,
    -0.08503562211990356,
    0.07507959753274918,
    -0.04330345615744591,
    0.05954674631357193,
    0.04324064776301384,
    -0.06088363379240036,
    -0.03403801470994949,
    0.04591066762804985,
    0.07973098009824753,
    -0.09870486706495285,
    -0.030604436993598938,
    0.07974130660295486,
    0.0575728677213192,
    0.008824356831610203,
    -0.03980112075805664,
    0.06174243241548538,
    0.041438210755586624,
    -0.018582044169306755,
    -0.04019715264439583,
    -0.006276611238718033,
    0.07297623157501221,
    0.011179343797266483,
    0.010292933322489262,
    -0.005089121870696545,
    -0.10145414620637894,
    0.018410785123705864,
    0.059132132679224014,
    -0.03289945051074028,
    0.010045265778899193,
    0.010267335921525955,
    -0.010296927765011787,
    0.11843585968017578,
    0.08606410771608353,
    -0.007342126220464706,
    -0.09964527189731598,
    0.04449855163693428,
    0.046084966510534286,
    -0.015472637489438057,
    0.09055978059768677,
    0.05635113641619682,
    -0.0461641326546669,
    0.0027921036817133427,
    -0.03901410847902298,
    0.039841584861278534,
    0.010477464646100998,
    -0.015066592954099178,
    -0.0031426360365003347,
    0.07795783877372742,
    0.15159545838832855,
    0.03988710790872574,
    0.00360408634878695,
    -0.025898991152644157,
    -0.02159680426120758,
    0.10020183026790619,
    0.008389029651880264,
    0.09763775765895844,
    -0.0494433231651783,
    -0.01444606576114893,
    0.05051092058420181,
    0.0018279472133144736,
    -0.06465113162994385,
    0.003388129873201251,
    -0.01604762114584446,
    -0.008526256307959557,
    0.07864542305469513,
    -0.03447224199771881,
    0.013331388123333454,
    0.03846956044435501,
    -0.05521748960018158,
    0.06826746463775635,
    -0.04076525568962097,
    0.03179029002785683,
    -0.011297361925244331,
    -0.022945545613765717,
    -0.05338174104690552,
    0.07760469615459442,
    0.015490250661969185,
    -0.02500157430768013,
    -0.011765880510210991,
    0.010734708979725838,
    -0.029207905754446983,
    0.017008895054459572,
    0.014197521843016148,
    -0.04890069365501404,
    -0.03171064332127571,
    -4.485641994357709e-33,
    0.05078450217843056,
    0.06519640982151031,
    0.007535978686064482,
    0.03251882642507553,
    0.0175266545265913,
    0.05631735920906067,
    0.059790659695863724,
    0.07335252314805984,
    -0.00712121557444334,
    -0.0536501407623291,
    0.01491768378764391,
    0.06246713176369667,
    0.0997370257973671,
    0.04374248534440994,
    -0.06992169469594955,
    0.03129063919186592,
    0.004528789781033993,
    -0.023539230227470398,
    -0.06498300284147263,
    -0.07414925843477249,
    0.040898554027080536,
    0.062211230397224426,
    -0.06811317056417465,
    0.05958133563399315,
    -0.05306433141231537,
    0.018819335848093033,
    0.026798734441399574,
    -0.07941985130310059,
    -0.10986388474702835,
    -0.023159075528383255,
    0.005363357253372669,
    -0.09544368833303452,
    0.031214430928230286,
    0.08659074455499649,
    -0.0335371159017086,
    -0.04573222994804382,
    0.08257149159908295,
    0.03946414962410927,
    -0.0070709423162043095,
    0.09130388498306274,
    -0.009357630275189877,
    -0.031712669879198074,
    0.04340390861034393,
    0.047196537256240845,
    -0.014361199922859669,
    -0.06334991008043289,
    0.006593538913875818,
    -0.07020652294158936,
    -0.011402769945561886,
    0.03313324600458145,
    -0.03104419633746147,
    -0.05112190544605255,
    -0.09401573240756989,
    -0.0032508322037756443,
    -0.010894868522882462,
    -0.01566481962800026,
    0.026424942538142204,
    0.06849788129329681,
    -0.05816349387168884,
    -0.0028760498389601707,
    -0.01705777272582054,
    -0.004330943804234266,
    -0.02038964442908764,
    -0.024368008598685265,
    0.03796103224158287,
    0.030383994802832603,
    -0.05908748507499695,
    -0.08975845575332642,
    0.01564839854836464,
    0.01721474714577198,
    0.056901589035987854,
    -0.041799139231443405,
    -0.05908963084220886,
    -0.09037689119577408,
    -0.035932738333940506,
    -0.05274271219968796,
    0.04811275005340576,
    0.03207191452383995,
    0.00315615045838058,
    0.011889475397765636,
    0.01618221402168274,
    -0.001160919084213674,
    0.03532133623957634,
