{
  "id": 406,
  "vector": [
    -0.04314810037612915,
    0.06428535282611847,
    -0.01652873493731022,
    -0.023146430030465126,
    -0.06842990964651108,
    0.02114318497478962,
    0.048603832721710205,
    0.04401920363306999,
    0.0030236574821174145,
    0.07792569696903229,
    -0.011919090524315834,
    -0.08021465688943863,
    0.07580225169658661,
    0.0931055098772049,
    -0.03776763007044792,
    -0.007618461269885302,
    -0.03616572171449661,
    0.0674452930688858,
    -0.10086888819932938,
    0.06960103660821915,
    -0.02077396959066391,
    -0.01657549850642681,
    0.018073324114084244,
    0.04120588302612305,
    -0.0330929160118103,
    0.017192421481013298,
    -0.019748764112591743,
    -0.028648395091295242,
    -0.04424801096320152,
    -0.03387748450040817,
    0.029721040278673172,
    0.05917198210954666,
    0.02171272784471512,
    0.08033481985330582,
    0.05599256232380867,
    -0.07582641392946243,
    -0.051248617470264435,
    -0.008740953169763088,
    0.07820258289575577,
    -0.005781000480055809,
    0.0283888541162014,
    -0.02590472623705864,
    0.05434485524892807,
    -0.014566812664270401,
    0.051139429211616516,
    -0.016506008803844452,
    -0.09004606306552887,
    0.014369554817676544,
    -0.00935102254152298,
    -0.053229283541440964,
    0.01744961552321911,
    -0.018878649920225143,
    -0.11813350766897202,
    0.007211462128907442,
    0.01026273611932993,
    -0.1219995766878128,
    -0.011310017667710781,
    -0.000038721591408830136,
    -0.03538757935166359,
    0.018459605053067207,
    -0.029558686539530754,
    -0.008124284446239471,
    -0.054226990789175034,
    0.03035684861242771,
    -0.07170364260673523,
    0.11934096366167068,
    -0.04265723004937172,
    0.02518445998430252,
    -0.08411063253879547,
    0.06013953313231468,
    -0.07699283957481384,
    0.07570205628871918,
    0.024068715050816536,
    -0.007852168753743172,
    0.029681028798222542,
    -0.07362856715917587,
    0.05445004627108574,
    -0.024839136749505997,
    -0.10823962092399597,
    -0.0177061278373003,
    -0.07568951696157455,
    -0.05831516906619072,
    -0.028806135058403015,
    0.07936491072177887,
    -0.07918711751699448,
    -0.006205220241099596,
    -0.02404557727277279,
    0.004855998791754246,
    0.0027563562616705894,
    -0.01515135820955038,
    -0.004689453635364771,
    0.03961046040058136,
    0.05296460911631584,
    0.02275899611413479,
    -0.0962333083152771,
    0.011266456916928291,
    0.004924205597490072,
    -0.01956861838698387,
    0.05573716759681702,
    0.011991515755653381,
    -0.007012207992374897,
    0.012136152945458889,
    0.1980147659778595,
    -0.042823076248168945,
    0.018540184944868088,
    -0.06284690648317337,
    0.01946251653134823,
    -0.050287503749132156,
    0.003984169103205204,
    -0.0030553606338799,
    -0.025295473635196686,
    -0.03631830960512161,
    -0.054907530546188354,
    0.04213909059762955,
    -0.025184622034430504,
    -0.019086748361587524,
    0.07198743522167206,
    -0.008109023794531822,
    0.010136346332728863,
    -0.006134993862360716,
    0.019409477710723877,
    0.037359580397605896,
    0.05746980383992195,
    -0.05343107506632805,
    -0.10851974785327911,
    0.031555380672216415,
    -0.0013869162648916245,
    3.5073640041927226e-33,
    -0.0303360503166914,
    0.06386225670576096,
    0.07446596771478653,
    0.11975923180580139,
    0.024780306965112686,
    -0.037170663475990295,
    0.011233169585466385,
    -0.05443304777145386,
    0.127533420920372,
    -0.0030366242863237858,
    -0.0695650726556778,
    0.03486902639269829,
    0.035441529005765915,
    0.1106502115726471,
    -0.021366028115153313,
    -0.002522791735827923,
    -0.06254710257053375,
    -0.024132734164595604,
    0.029791081324219704,
    0.047562409192323685,
    -0.05946393683552742,
    -0.0035718337167054415,
    0.08349909633398056,
    -0.042045652866363525,
    -0.0715976282954216,
    0.02768675610423088,
    -0.006316913291811943,
    -0.0006155176088213921,
    -0.051791079342365265,
    0.030649928376078606,
    0.06816177070140839,
    0.030409764498472214,
    0.015481566078960896,
    -0.04389384388923645,
    -0.014021490700542927,
    0.07399482280015945,
    0.04250997677445412,
    -0.03296002373099327,
    0.01676035299897194,
    0.03730620816349983,
    -0.04320076107978821,
    -0.03843815252184868,
    0.04694944620132446,
    0.04394281655550003,
    0.009989759884774685,
    0.002557246945798397,
    0.04144493117928505,
    0.007854298688471317,
    0.16027149558067322,
    0.02325192093849182,
    -0.007075666915625334,
    0.0015968075022101402,
    -0.0711786225438118,
    -0.047384001314640045,
    0.02268318459391594,
    -0.04272454231977463,
    0.03329204395413399,
    0.02305055595934391,
    -0.01758567988872528,
    0.07144605368375778,
    0.04617181047797203,
    0.010188519954681396,
    -0.024448633193969727,
    -0.009648386389017105,
    0.001158850616775453,
    -0.0153715955093503,
    -0.02343556098639965,
    -0.009286036714911461,
    -0.023324022069573402,
    -0.03925647959113121,
    0.0546594113111496,
    -0.05108451843261719,
    0.11170544475317001,
    -0.05077248066663742,
    0.0931830108165741,
    0.04494694992899895,
    0.071512870490551,
    0.04563051089644432,
    0.0011552722426131368,
    0.03818397969007492,
    0.02208423614501953,
    -0.03768564760684967,
    0.005362611263990402,
    -0.08881667256355286,
    0.01322318334132433,
    0.048957712948322296,
    0.03570745512843132,
    0.05601879209280014,
    -0.027483699843287468,
    -0.013526753522455692,
    0.034458983689546585,
    0.036814797669649124,
    0.05627112090587616,
    -0.05296396091580391,
    -0.05785154551267624,
    -4.534502519075591e-33,
    -0.016836518421769142,
    0.06859605014324188,
    -0.06263606995344162,
    0.10890235751867294,
    0.018201729282736778,
    0.033973611891269684,
    0.02591300755739212,
    0.03247123956680298,
    0.06824400275945663,
    0.010293632745742798,
    -0.01434820145368576,
    -0.04470226913690567,
    0.09874140471220016,
    -0.03976472467184067,
    0.002444821409881115,
    0.04352947324514389,
    -0.04098937660455704,
    -0.08367740362882614,
    -0.027809303253889084,
    -0.007228123024106026,
    -0.07847920805215836,
    -0.024203147739171982,
    0.03840063884854317,
    0.0834910124540329,
    -0.022101517766714096,
    0.026139559224247932,
    -0.01671917550265789,
    -0.020611237734556198,
    0.07183602452278137,
    -0.004924223758280277,
    0.004634282551705837,
    -0.17160823941230774,
    -0.0035670700017362833,
    0.018402576446533203,
    -0.020907215774059296,
    -0.05164569616317749,
    0.050561752170324326,
    0.06465625762939453,
    -0.01301763765513897,
    -0.02059251442551613,
    -0.04185282811522484,
    -0.10260792076587677,
    -0.00042882232810370624,
    -0.011375503614544868,
    -0.026219842955470085,
    -0.020495858043432236,
    -0.05143691226840019,
    -0.0578317791223526,
    0.007054434157907963,
    -0.0001131119133788161,
    0.02748757414519787,
    0.07192229479551315,
    -0.041089978069067,
    -0.0443444587290287,
    -0.06211314722895622,
    0.05985676869750023,
    -0.028852231800556183,
    0.018394719809293747,
    0.0012813282664865255,
    0.01797592081129551,
    -0.07882217317819595,
    0.05330559238791466,
    -0.028377538546919823,
    0.004281229339540005,
    -0.012117952108383179,
    -0.004348250105977058,
    -0.09523949772119522,
    -0.09064718335866928,
    -0.12179722636938095,
    0.06971762329339981,
    -0.0807780846953392,
    0.011553783901035786,
    -0.020647356286644936,
    -0.10781243443489075,
    -0.004689262714236975,
    0.01219361461699009,
    -0.0812406986951828,
    -0.0286822821944952,
    0.058356720954179764,
    -0.0025947021786123514,
    -0.05668118596076965,
    0.024165421724319458,
    -0.0048076859675347805,
