{
  "id": 447,
  "vector": [
    0.0075763436034321785,
    -0.020226188004016876,
    -0.017594164237380028,
    -0.00552789680659771,
    -0.03631765395402908,
    0.039779629558324814,
    -0.024801013991236687,
    0.051916759461164474,
    0.019071495160460472,
    -0.00002465636862325482,
    -0.05323250964283943,
    -0.10870397090911865,
    -0.010750106535851955,
    0.012609103694558144,
    -0.03878719359636307,
    -0.01964920572936535,
    -0.0048173051327466965,
    -0.06522596627473831,
    -0.043723106384277344,
    0.10591364651918411,
    0.038377705961465836,
    -0.008694161660969257,
    0.023364771157503128,
    0.02116653323173523,
    0.007328959181904793,
    0.10527548938989639,
    -0.05018332600593567,
    0.046273961663246155,
    0.09800247102975845,
    -0.021691909059882164,
    0.06779792904853821,
    0.006346471607685089,
    -0.002825928619131446,
    0.022366054356098175,
    0.041677460074424744,
    0.06977645307779312,
    -0.002455239649862051,
    0.045914869755506516,
    -0.024859417229890823,
    -0.03816986083984375,
    -0.016754448413848877,
    0.04675234854221344,
    0.0675659254193306,
    0.04639841243624687,
    0.03066420927643776,
    -0.003901856951415539,
    0.01542360708117485,
    -0.006255714222788811,
    0.032058753073215485,
    -0.09428133815526962,
    0.055527254939079285,
    -0.07459286600351334,
    -0.11974657326936722,
    0.037550587207078934,
    0.05193573236465454,
    -0.12604957818984985,
    -0.046326056122779846,
    -0.03053293563425541,
    0.02068578638136387,
    0.0012491279048845172,
    -0.030712561681866646,
    0.01778358593583107,
    0.05547352135181427,
    0.019573837518692017,
    0.013394639827311039,
    0.05162164941430092,
    -0.12703187763690948,
    -0.014466822147369385,
    -0.024298036471009254,
    0.04446500539779663,
    0.05403923988342285,
    -0.009280520491302013,
    -0.01870054379105568,
    -0.005575489718466997,
    0.006708748638629913,
    -0.07104967534542084,
    0.035659417510032654,
    -0.007698386907577515,
    0.0038029972929507494,
    0.004194734152406454,
    -0.04880028963088989,
    0.058659203350543976,
    -0.016983291134238243,
    -0.04742717370390892,
    -0.06291576474905014,
    -0.025602053850889206,
    0.01093900017440319,
    0.03084130957722664,
    0.009210600517690182,
    -0.0767350122332573,
    0.04738060384988785,
    0.004712387453764677,
    0.031928885728120804,
    0.01730632595717907,
    -0.023198556154966354,
    0.010160776786506176,
    -0.14481182396411896,
    -0.031242957338690758,
    0.03370136395096779,
    0.02331518568098545,
    0.02533903904259205,
    -0.030702468007802963,
    0.027786675840616226,
    0.07436191290616989,
    -0.049424998462200165,
    0.045495811849832535,
    -0.0239255428314209,
    0.07051489502191544,
    -0.03984460234642029,
    -0.027280408889055252,
    -0.02866770140826702,
    -0.025675641372799873,
    -0.06340634822845459,
    0.029631510376930237,
    0.040367260575294495,
    -0.06522251665592194,
    -0.00013574947661254555,
    -0.033557552844285965,
    -0.007259052712470293,
    -0.0057712337002158165,
    0.04017392545938492,
    -0.016831619665026665,
    0.03882578760385513,
    -0.009562664665281773,
    -0.06441893428564072,
    0.046409301459789276,
    0.06785528361797333,
    6.30029192931443e-33,
    0.01445198617875576,
    0.048630598932504654,
    0.013675708323717117,
    -0.09793156385421753,
    0.06482376903295517,
    -0.11246596276760101,
    0.0565754659473896,
    0.024919232353568077,
    0.039378196001052856,
    0.11464762687683105,
    -0.019571568816900253,
    0.0110054025426507,
    0.01587413251399994,
    0.041693732142448425,
    -0.012842414900660515,
    -0.037439897656440735,
    0.011174140498042107,
    0.02857099659740925,
    0.08537186682224274,
    -0.004637503530830145,
    -0.010820917785167694,
    0.05992402508854866,
    0.12006454914808273,
    0.03210918605327606,
    -0.039755046367645264,
    -0.04165561869740486,
    0.02857150509953499,
    -0.04951844736933708,
    -0.05196559801697731,
    -0.009494457393884659,
    0.05648212507367134,
    -0.06926003098487854,
    -0.023004382848739624,
    -0.04996418207883835,
    -0.062100090086460114,
    -0.03511551767587662,
    -0.0444873571395874,
    -0.034342098981142044,
    0.00983505230396986,
    0.023914169520139694,
    -0.01910901814699173,
    -0.0711798444390297,
    -0.018171481788158417,
    -0.010410894639790058,
    -0.02460458129644394,
    -0.020119505003094673,
    -0.0328155942261219,
    0.01795928366482258,
    0.09876997023820877,
    -0.044831231236457825,
    0.0003229159628972411,
    0.05169812962412834,
    0.032788414508104324,
    0.04720916226506233,
    0.006386636756360531,
    -0.01322353258728981,
    0.029576227068901062,
    -0.003440306056290865,
    0.023805061355233192,
    0.013015137054026127,
    -0.013064904138445854,
    -0.02285168319940567,
    -0.04988692328333855,
    -0.0036715404130518436,
    -0.08020555973052979,
    -0.09075888246297836,
    -0.05121694877743721,
    -0.06116948276758194,
    -0.0036046199966222048,
    -0.11185972392559052,
    0.008964723907411098,
    -0.05082416161894798,
    0.014989468269050121,
    0.010854980908334255,
    0.043182726949453354,
    -0.06340562552213669,
    -0.042950890958309174,
    -0.025286084040999413,
    -0.07437356561422348,
    0.1644393354654312,
    -0.08057153970003128,
    0.004792492836713791,
    -0.0014497542288154364,
    -0.08985450863838196,
    -0.04122056066989899,
    0.013977298513054848,
    0.10768352448940277,
    -0.05533678084611893,
    -0.048204343765974045,
    -0.07215538620948792,
    -0.0762583538889885,
    -0.010128438472747803,
    0.009795211255550385,
    -0.0413520485162735,
    0.011712566018104553,
    -6.701922349475911e-33,
    0.03660733625292778,
    0.007161951158195734,
    -0.043375130742788315,
    -0.04613032564520836,
    0.025121722370386124,
    0.04453341290354729,
    -0.055509116500616074,
    0.12321042269468307,
    -0.03305595740675926,
    0.057981062680482864,
    -0.010369651950895786,
    -0.02040243335068226,
    0.06722724437713623,
    -0.034260716289281845,
    0.018715495243668556,
    0.04440009593963623,
    0.006062634754925966,
    0.0026734331622719765,
    -0.03580740466713905,
    -0.06929469853639603,
    0.02721525728702545,
    -0.021219972521066666,
    -0.01706191524863243,
    0.08218079805374146,
    0.014729461632668972,
    -0.014907337725162506,
    0.017418909817934036,
    -0.08779934793710709,
    -0.0160225760191679,
    0.06096469238400459,
    -0.04099545627832413,
    -0.1267472803592682,
    -0.0873536765575409,
    0.07341205328702927,
    -0.0077361310832202435,
    -0.13331401348114014,
    0.11173417419195175,
    -0.010382819920778275,
    0.0007238059188239276,
    -0.037209589034318924,
    0.07973036915063858,
    0.10607512295246124,
    0.028257492929697037,
    0.0474761538207531,
    -0.031632307916879654,
    0.013078560121357441,
    -0.06027383357286453,
    0.07284730672836304,
    0.04249631240963936,
    -0.029738008975982666,
    0.009097956120967865,
    0.11505407094955444,
    -0.015190273523330688,
    -0.03884649649262428,
    0.00900565180927515,
    -0.018690286204218864,
    -0.005448783282190561,
    0.008675412274897099,
    0.03365126997232437,
    0.05128403753042221,
    -0.002585730981081724,
    -0.08782535046339035,
    -0.0666789785027504,
    0.025357691571116447,
    0.09149503707885742,
    -0.009380549192428589,
    0.02422819472849369,
    -0.04216300696134567,
    -0.07378999143838882,
    0.021271059289574623,
    -0.007130993530154228,
    -0.016331491991877556,
    -0.03408178314566612,
    0.018659863620996475,
    0.0271488968282938,
    0.037431638687849045,
    0.03228083252906799,
    0.01590355858206749,
    0.10489273816347122,
    0.05108087137341499,
    0.07334085553884506,
    -0.04710487276315689,
