{
  "id": 944,
  "vector": [
    0.03406539186835289,
    -0.03324996307492256,
    -0.009035238064825535,
    -0.01785399205982685,
    0.06247974932193756,
    0.042017120867967606,
    0.07866305112838745,
    0.11199526488780975,
    -0.020540999248623848,
    -0.05626235157251358,
    -0.03677689656615257,
    -0.02120293863117695,
    -0.0044057355262339115,
    -0.01557626947760582,
    -0.059233203530311584,
    0.02157890796661377,
    -0.034851547330617905,
    -0.005289624910801649,
    -0.08862815797328949,
    -0.04806450381875038,
    0.0217429306358099,
    -0.10229905694723129,
    0.02027452364563942,
    0.04360652714967728,
    -0.08257883042097092,
    0.06427266448736191,
    -0.025088753551244736,
    -0.003894287161529064,
    0.01502822246402502,
    -0.0459003783762455,
    0.04197210446000099,
    0.024355094879865646,
    0.02307821251451969,
    -0.03602902963757515,
    0.0361628495156765,
    -0.0663502961397171,
    0.004343113861978054,
    -0.05288742482662201,
    0.03974885493516922,
    -0.021276002749800682,
    0.05214913561940193,
    0.015411550179123878,
    -0.01705503650009632,
    0.07763844728469849,
    0.004670507274568081,
    -0.0012634630547836423,
    0.028337592259049416,
    0.06964614987373352,
    -0.075335294008255,
    -0.008068236522376537,
    0.038526371121406555,
    -0.05616462603211403,
    -0.10058297216892242,
    -0.06020208075642586,
    0.05909797549247742,
    -0.026680201292037964,
    0.031565383076667786,
    -0.06728935986757278,
    0.027412062510848045,
    0.07468755543231964,
    -0.004483915865421295,
    -0.000376670592231676,
    -0.0032645154278725386,
    0.057643599808216095,
    0.030198823660612106,
    0.07873599976301193,
    -0.03731823340058327,
    0.0020868948195129633,
    -0.05849868059158325,
    -0.015877246856689453,
    0.012400539591908455,
    0.03480833023786545,
    0.054701000452041626,
    0.040201492607593536,
    -0.019827106967568398,
    0.014776811935007572,
    0.05912049114704132,
    -0.04209994524717331,
    -0.07800694555044174,
    0.09225229918956757,
    -0.08620842546224594,
    0.014919925481081009,
    -0.05687505006790161,
    0.0643806904554367,
    0.10319292545318604,
    -0.030074099078774452,
    0.02381329983472824,
    0.0014771446585655212,
    -0.10162899643182755,
    -0.015463857911527157,
    -0.02825385145843029,
    0.015214712359011173,
    -0.035339921712875366,
    -0.06114254146814346,
    -0.02522420510649681,
    0.016531093046069145,
    -0.024065669625997543,
    -0.05991173908114433,
    0.04781024903059006,
    -0.02210100367665291,
    0.07409515231847763,
    -0.06192588433623314,
    0.04281464219093323,
    -0.06995215266942978,
    -0.08649303019046783,
    -0.016709402203559875,
    0.04179418087005615,
    0.03863115981221199,
    0.023650871589779854,
    0.02848714031279087,
    -0.06527754664421082,
    -0.05180807411670685,
    0.038252051919698715,
    -0.027464747428894043,
    -0.055731214582920074,
    0.018518762663006783,
    0.05038303881883621,
    -0.03188728168606758,
    0.058911874890327454,
    0.0011075609363615513,
    0.060700610280036926,
    -0.0009858577977865934,
    0.08817622810602188,
    -0.07510995119810104,
    -0.07069799304008484,
    -0.01746048405766487,
    0.09165006130933762,
    3.7536932535113486e-33,
    -0.06098233163356781,
    -0.04534848779439926,
    -0.006950102746486664,
    0.0633568987250328,
    0.06458698958158493,
    0.020801041275262833,
    0.0024399373214691877,
    -0.06751693040132523,
    -0.004876586142927408,
    0.06753125786781311,
    -0.024832190945744514,
    0.0836358368396759,
    -0.03320036083459854,
    0.06953231245279312,
    -0.06503359228372574,
    -0.025921566411852837,
    0.09704498946666718,
    0.011610276997089386,
    -0.0471002459526062,
    -0.08379225432872772,
    -0.08334469795227051,
    0.03747410699725151,
    0.01710904762148857,
    0.047743670642375946,
    -0.07971630245447159,
    0.05717066302895546,
    -0.06566570699214935,
    0.07316280156373978,
    0.06776279956102371,
    0.011323608458042145,
    0.07912014424800873,
    0.013540550135076046,
    0.04057033732533455,
    0.06282036751508713,
    -0.09978741407394409,
    0.029022185131907463,
    0.023497767746448517,
    -0.06985145807266235,
    0.12897196412086487,
    -0.0378548726439476,
    -0.014258323237299919,
    0.11402181535959244,
    0.1143135130405426,
    0.032183680683374405,
    -0.10752452164888382,
    0.1040646880865097,
    -0.00803414173424244,
    -0.1194395124912262,
    0.061131082475185394,
    -0.02520952746272087,
    -0.10463942587375641,
    -0.027043284848332405,
    0.004733046516776085,
    0.015278413891792297,
    0.05206109583377838,
    -0.0001707871415419504,
    -0.05781691148877144,
    0.0870070829987526,
    0.04409574344754219,
    0.034217435866594315,
    -0.032085057348012924,
    0.035304903984069824,
    0.008092171512544155,
    -0.003912349231541157,
    0.07406763732433319,
    0.062411949038505554,
    -0.061284832656383514,
    -0.039031971246004105,
    0.007160800974816084,
    0.013183447532355785,
    -0.01074330322444439,
    0.13887840509414673,
    0.07741864025592804,
    -0.06963754445314407,
    0.07610876113176346,
    0.014428275637328625,
    0.08207263797521591,
    0.013895501382648945,
    0.01777026057243347,
    0.05395692586898804,
    -0.03934725746512413,
    -0.009419827722012997,
    0.031263213604688644,
    -0.02261086367070675,
    -0.03852501139044762,
    -0.00749253062531352,
    -0.049659181386232376,
    0.04508483409881592,
    -0.03734223172068596,
    -0.027768269181251526,
    0.003744676010683179,
    -0.033925652503967285,
    0.012304496020078659,
    -0.07019275426864624,
    -0.09495655447244644,
    -3.738217135698804e-33,
    -0.05884326994419098,
    0.06657970696687698,
    0.0024522128514945507,
    0.04077063500881195,
    0.03361870348453522,
    0.044860322028398514,
    0.01657373644411564,
    0.046259667724370956,
    0.020249823108315468,
    0.0010770835215225816,
    0.013807060196995735,
    -0.018717065453529358,
    0.026608329266309738,
    0.01774645783007145,
    -0.11855047196149826,
    0.034023236483335495,
    0.0845603495836258,
    0.03276916220784187,
    0.0030220691114664078,
    -0.14057457447052002,
    -0.10081923753023148,
    0.0595945306122303,
    -0.006187365856021643,
    -0.0016669082688167691,
    -0.011077901348471642,
    0.029231615364551544,
    -0.01892159879207611,
    -0.04143180325627327,
    0.04629794508218765,
    0.009868831373751163,
    0.05954257398843765,
    -0.07916124910116196,
    0.015977727249264717,
    0.04755997657775879,
    -0.08457397669553757,
    -0.05513463169336319,
    0.06527762860059738,
    0.016988033428788185,
    -0.034888893365859985,
    0.08873271197080612,
    0.03242792934179306,
    -0.08241607993841171,
    0.038490768522024155,
    -0.07260263711214066,
    0.014002061448991299,
    -0.024909382686018944,
    -0.06457244604825974,
    -0.06051037460565567,
    0.0593261793255806,
    -0.030939392745494843,
    -0.000027195043003303,
    0.040338680148124695,
    -0.051253631711006165,
    -0.005637232679873705,
    0.05514516308903694,
    0.03530597314238548,
    0.021840941160917282,
    0.01312066987156868,
    0.004039488732814789,
    -0.007428371347486973,
    0.012852376326918602,
    0.008181385695934296,
    -0.07752935588359833,
    0.01106186117976904,
    -0.03314745053648949,
    -0.014070014469325542,
    -0.09213196486234665,
    -0.060776811093091965,
    -0.03532335162162781,
    -0.04336430877447128,
    0.013038204982876778,
    0.01047262642532587,
    -0.00022481866471935064,
    -0.018743718042969704,
    -0.0032294364646077156,
    -0.04104667529463768,
    -0.0021193702705204487,
    -0.0332951620221138,
    0.04164735600352287,
    -0.022010212764143944,
    -0.028303969651460648,
    -0.031018506735563278,
    0.014663768000900745,
