{
  "id": 132,
  "vector": [
    -0.05417776107788086,
    -0.056360017508268356,
    -0.02936672978103161,
    0.03754681348800659,
    -0.02912706322968006,
    0.03526663780212402,
    0.02462909370660782,
    0.10408231616020203,
    0.0031828798819333315,
    -0.05623643845319748,
    0.05891309678554535,
    -0.039783038198947906,
    -0.02355348691344261,
    -0.03358334302902222,
    0.010969412513077259,
    -0.027599040418863297,
    -0.04854638874530792,
    0.020747175440192223,
    -0.08878546953201294,
    -0.10127917677164078,
    0.024794986471533775,
    -0.03131714090704918,
    0.022361306473612785,
    0.025055352598428726,
    -0.03033141791820526,
    0.03837791457772255,
    -0.020016612485051155,
    -0.03916553780436516,
    0.015612250193953514,
    -0.07275407761335373,
    0.02769157849252224,
    0.06802450120449066,
    0.06025681272149086,
    -0.06307467818260193,
    0.049824558198451996,
    0.022768551483750343,
    -0.04115549102425575,
    -0.0759410485625267,
    0.11402963101863861,
    -0.022885628044605255,
    0.008602212183177471,
    -0.01368388719856739,
    0.0748586505651474,
    0.02359040640294552,
    0.036835089325904846,
    -0.0040036640129983425,
    -0.053478922694921494,
    0.05505746230483055,
    0.03728807345032692,
    -0.08283031731843948,
    -0.05592995882034302,
    0.008046855218708515,
    -0.03296983987092972,
    0.0518048033118248,
    0.08997098356485367,
    -0.043668948113918304,
    -0.03628094121813774,
    -0.006998480763286352,
    0.0074035776779055595,
    0.1077728271484375,
    -0.026978418231010437,
    0.0395590215921402,
    -0.018483426421880722,
    -0.04360184818506241,
    -0.0058142440393567085,
    0.04442025348544121,
    -0.053686853498220444,
    -0.06461644917726517,
    -0.012379370629787445,
    0.06348122656345367,
    0.02309742383658886,
    0.034097641706466675,
    0.0005556352552957833,
    0.053174424916505814,
    -0.043324243277311325,
    -0.06846808642148972,
    0.045520395040512085,
    -0.09825213253498077,
    -0.040808793157339096,
    0.05602668970823288,
    -0.07193483412265778,
    -0.024223625659942627,
    -0.0010405373759567738,
    0.03588560223579407,
    0.0021341675892472267,
    -0.030710494145751,
    0.022424381226301193,
    0.027732793241739273,
    0.0020670301746577024,
    -0.008067309856414795,
    -0.10963838547468185,
    0.016813810914754868,
    0.008298252709209919,
    -0.04979294165968895,
    0.020066402852535248,
    0.0643610805273056,
    -0.03448277711868286,
    -0.040247902274131775,
    0.03227199241518974,
    0.04224838316440582,
    0.07060666382312775,
    -0.06050407141447067,
    -0.011342859826982021,
    -0.07992631942033768,
    -0.019636888056993484,
    0.05650236830115318,
    0.029249493032693863,
    0.09076569229364395,
    0.004887424409389496,
    0.06846804171800613,
    -0.0582202784717083,
    0.00857454165816307,
    -0.062355708330869675,
    -0.03876349702477455,
    -0.02304709143936634,
    -0.057783231139183044,
    0.10270793735980988,
    -0.0010739860590547323,
    0.05210983753204346,
    0.02763267233967781,
    0.09043416380882263,
    0.044919997453689575,
    0.07286034524440765,
    -0.00246866955421865,
    -0.10795606672763824,
    -0.02668100781738758,
    0.048066332936286926,
    5.9588053102707855e-33,
    -0.05611686781048775,
    -0.06058182194828987,
    0.024632977321743965,
    -0.04291204735636711,
    0.048311058431863785,
    -0.016365325078368187,
    0.02098200097680092,
    -0.016568360850214958,
    0.003852955996990204,
    -0.02599184401333332,
    -0.07729415595531464,
    -0.0009001024882309139,
    -0.01286928541958332,
    0.09181610494852066,
    -0.04507501795887947,
    -0.12699535489082336,
    0.051840100437402725,
    0.058808255940675735,
    0.06574103981256485,
    -0.053387317806482315,
    -0.06292665749788284,
    0.0633903369307518,
    0.06211242079734802,
    0.06270286440849304,
    -0.11191769689321518,
    0.023402810096740723,
    -0.0113523555919528,
    0.03184974938631058,
    -0.0642094686627388,
    0.030620809644460678,
    0.02365119941532612,
    -0.020285263657569885,
    0.040645916014909744,
    0.0030671802815049887,
    -0.04410777986049652,
    -0.023933429270982742,
    -0.035113539546728134,
    -0.03596017137169838,
    0.03004569187760353,
    0.033141862601041794,
    0.023522965610027313,
    0.07415521144866943,
    0.038808565586805344,
    0.017499975860118866,
    -0.11334475874900818,
    0.10951706022024155,
    0.02466205321252346,
    -0.023901768028736115,
    0.07395544648170471,
    0.03501465171575546,
    -0.05532390996813774,
    0.018713541328907013,
    -0.023175304755568504,
    0.01361128594726324,
    0.08858509361743927,
    -0.021285194903612137,
    -0.03382786363363266,
    0.021307408809661865,
    0.058432307094335556,
    0.015096341259777546,
    -0.0000983438003459014,
    0.058119796216487885,
    0.021397851407527924,
    0.0252077616751194,
    -0.001720086787827313,
    0.027345534414052963,
    -0.08086257427930832,
    0.008981030434370041,
    0.006455748807638884,
    -0.05987343192100525,
    -0.04540875181555748,
    0.030682552605867386,
    0.06466829031705856,
    -0.060693852603435516,
    0.07825402915477753,
    -0.041301317512989044,
    0.010822121053934097,
    0.004794165026396513,
    -0.047920528799295425,
    0.11163973808288574,
    -0.08445888012647629,
    -0.01958373561501503,
    0.007705686613917351,
    0.025501331314444542,
    -0.02708684839308262,
    0.056783873587846756,
    -0.07839521765708923,
    0.008978525176644325,
    -0.013761407695710659,
    -0.015768645331263542,
    0.006821011658757925,
    -0.07649485021829605,
    -0.0037553731817752123,
    -0.044817809015512466,
    -0.013202640227973461,
    -5.77899544955527e-33,
    -0.002437862567603588,
    0.07022040337324142,
    0.022066371515393257,
    0.04923923686146736,
    0.03322596848011017,
    -0.048085302114486694,
    -0.0024619842879474163,
    0.06350553035736084,
    0.05252191796898842,
    0.0230671726167202,
    -0.05232550576329231,
    -0.0379139669239521,
    -0.018378866836428642,
    -0.07840757071971893,
    -0.08540678769350052,
    0.05896274372935295,
    0.06024017930030823,
    0.06728599220514297,
    0.035327691584825516,
    -0.0015570579562336206,
    -0.0470501184463501,
    0.004901411477476358,
    -0.03281671553850174,
    0.11300130933523178,
    -0.0034360585268586874,
    0.04040022939443588,
    0.07445938885211945,
    -0.029957402497529984,
    -0.008634843863546848,
    0.026824763044714928,
    0.010656526312232018,
    -0.2013900876045227,
    -0.02560868300497532,
    0.020165996626019478,
    -0.003298132913187146,
    -0.033254727721214294,
    0.05417469143867493,
    0.025051971897482872,
    0.014163379557430744,
    -0.007996667176485062,
    0.06869225203990936,
    0.01599753275513649,
    0.007769385818392038,
    0.004885009024292231,
    -0.016303934156894684,
    -0.04295660927891731,
    0.016939355060458183,
    -0.0400971993803978,
    -0.016178177669644356,
    -0.022921906784176826,
    -0.009467077441513538,
    0.06062836945056915,
    -0.06450008600950241,
    -0.0406600683927536,
    -0.004622312728315592,
    -0.020334022119641304,
    0.026971867308020592,
    0.10133661329746246,
    0.06433353573083878,
    0.04469044506549835,
    0.025822222232818604,
    -0.05588535964488983,
    -0.06003446877002716,
    0.029886195436120033,
    0.0288745928555727,
    0.003611935069784522,
    -0.03272217512130737,
    -0.022376690059900284,
    0.010857999324798584,
    0.03085811622440815,
    0.05750517174601555,
    -0.003068226622417569,
    0.02687475085258484,
    0.03852715715765953,
    -0.010156375356018543,
    -0.04524824768304825,
    0.012057305313646793,
    -0.009615154936909676,
    0.07013194262981415,
    0.02103092335164547,
    0.026758136227726936,
    -0.07756848633289337,
    -0.03865286707878113,
