{
  "id": 915,
  "vector": [
    -0.023916784673929214,
    0.03726331517100334,
    -0.056303974241018295,
    0.011673777364194393,
    -0.059263940900564194,
    0.011928403750061989,
    0.06958114355802536,
    0.055880509316921234,
    0.0006913939723744988,
    0.023893145844340324,
    0.07273596525192261,
    -0.076298289000988,
    -0.04845217615365982,
    -0.0725025087594986,
    0.03144930675625801,
    -0.05738282948732376,
    -0.02701929211616516,
    0.06357527524232864,
    -0.1561664193868637,
    -0.08931184560060501,
    0.009346374310553074,
    -0.03804529085755348,
    0.021943224593997,
    -0.017901135608553886,
    0.01743161864578724,
    0.08006498217582703,
    0.01940549910068512,
    0.039772436022758484,
    0.008957285434007645,
    -0.008184380829334259,
    0.02162422239780426,
    0.07675230503082275,
    -0.03808598220348358,
    0.027334533631801605,
    0.0332002155482769,
    -0.005473416764289141,
    -0.09952115267515182,
    -0.04103700816631317,
    0.09546639770269394,
    0.015071576461195946,
    0.034202348440885544,
    -0.04287911579012871,
    0.08613549172878265,
    0.018408838659524918,
    -0.07244526594877243,
    -0.03928827494382858,
    -0.07202333956956863,
    0.09901237487792969,
    0.0034930086694657803,
    -0.025785528123378754,
    0.03888625279068947,
    0.031236326321959496,
    -0.055624596774578094,
    -0.020814312621951103,
    0.010947071015834808,
    -0.07116378098726273,
    -0.010324560105800629,
    -0.030902007594704628,
    -0.016136139631271362,
    0.04352100193500519,
    -0.009481086395680904,
    0.045541271567344666,
    -0.05971275269985199,
    0.009351054206490517,
    -0.01900090090930462,
    0.012875573709607124,
    -0.009649508632719517,
    -0.035224467515945435,
    -0.0005625049816444516,
    0.07026173174381256,
    -0.039451103657484055,
    0.04440043121576309,
    0.009045534767210484,
    -0.018857469782233238,
    -0.029592234641313553,
    -0.030493658035993576,
    0.03702205419540405,
    -0.06796853989362717,
    -0.019913416355848312,
    -0.027596086263656616,
    0.0080269705504179,
    0.0176728293299675,
    -0.04021676257252693,
    0.00777863897383213,
    -0.07453781366348267,
    -0.04149070009589195,
    0.018070783466100693,
    0.04550996050238609,
    0.06332876533269882,
    0.034071821719408035,
    0.034729696810245514,
    0.03510468453168869,
    -0.0003860355063807219,
    -0.03633959963917732,
    -0.11363162100315094,
    0.09538353979587555,
    -0.04621443524956703,
    -0.0413455031812191,
    0.02629869244992733,
    -0.025281043723225594,
    0.0521935410797596,
    -0.04244696721434593,
    0.06846005469560623,
    -0.05764864757657051,
    -0.011659301817417145,
    -0.02581137791275978,
    0.009145240299403667,
    -0.013075784780085087,
    0.02161072939634323,
    0.04242568463087082,
    -0.10257166624069214,
    -0.024929625913500786,
    0.01143333688378334,
    -0.053237225860357285,
    -0.006771115120500326,
    -0.008506118319928646,
    0.07426953315734863,
    -0.03668922185897827,
    0.04748426377773285,
    -0.049122512340545654,
    0.04305368661880493,
    -0.018210770562291145,
    0.06549260020256042,
    0.019883880391716957,
    -0.08766978979110718,
    0.04458312690258026,
    -0.013844622299075127,
    7.433029877177464e-33,
    -0.09708631783723831,
    -0.04013542830944061,
    0.10336634516716003,
    0.04218647629022598,
    0.031619515269994736,
    -0.02037283591926098,
    -0.03757696598768234,
    -0.08787260204553604,
    -0.06325832009315491,
    0.012490170076489449,
    -0.02964450977742672,
    0.03411666303873062,
    -0.08504843711853027,
    0.0614154227077961,
    0.021668314933776855,
    0.005879930220544338,
    0.019469212740659714,
    0.09975391626358032,
    -0.02951766550540924,
    -0.016832726076245308,
    -0.0787951871752739,
    0.069440558552742,
    0.03801495581865311,
    0.06979915499687195,
    -0.021296339109539986,
    0.11873803287744522,
    0.08317042142152786,
    -0.005756984930485487,
    -0.04298717901110649,
    0.008757606148719788,
    0.1473717987537384,
    0.0018771563190966845,
    -0.0250302255153656,
    -0.01911049149930477,
    -0.055141642689704895,
    0.014648130163550377,
    -0.03820193186402321,
    -0.0016651293262839317,
    -0.015538500621914864,
    -0.03971031680703163,
    -0.03491920605301857,
    -0.044269416481256485,
    0.07132090628147125,
    0.11086612939834595,
    -0.05186052247881889,
    0.03109019063413143,
    -0.014992033131420612,
    -0.04110759124159813,
    0.040951646864414215,
    0.002416454255580902,
    -0.03372881934046745,
    0.0260358527302742,
    0.00957293901592493,
    0.07814022898674011,
    0.08679774403572083,
    -0.002379409968852997,
    -0.00062840391183272,
    0.13048790395259857,
    0.05462821573019028,
    0.013979299925267696,
    -0.035902101546525955,
    0.03417576104402542,
    -0.046086911112070084,
    0.026190578937530518,
    0.03697999194264412,
    0.018924830481410027,
    -0.07455319911241531,
    -0.05947089195251465,
    -0.014307153411209583,
    0.052124813199043274,
    0.019559545442461967,
    -0.032160837203264236,
    0.08192873746156693,
    0.006745549850165844,
    0.08942842483520508,
    0.01617048680782318,
    0.10093332082033157,
    0.024125896394252777,
    -0.07929414510726929,
    0.07469291239976883,
    -0.10331781208515167,
    -0.013186910189688206,
    0.07439784705638885,
    -0.09716556966304779,
    -0.03884809464216232,
    -0.07550497353076935,
    -0.10113351047039032,
    0.01691354624927044,
    -0.003167864168062806,
    -0.0032826769165694714,
    0.052313800901174545,
    -0.012247485108673573,
    -0.023764703422784805,
    0.025039123371243477,
    -0.09545241296291351,
    -7.089962585573949e-33,
    -0.01717432215809822,
    0.07629143446683884,
    -0.009963404387235641,
    0.06127238646149635,
    0.02094329707324505,
    -0.03303647041320801,
    -0.025586435571312904,
    0.001285939710214734,
    -0.012988779693841934,
    -0.06842680275440216,
    -0.059492532163858414,
    -0.05730058252811432,
    -0.009706593118607998,
    -0.0362786240875721,
    -0.029324935749173164,
    0.05393397808074951,
    0.08926387131214142,
    0.04719702899456024,
    -0.006998601835221052,
    0.022081557661294937,
    -0.07006090134382248,
    0.07389985024929047,
    -0.008961208164691925,
    0.09899424016475677,
    -0.06744267046451569,
    -0.0549534410238266,
    0.059540215879678726,
    -0.034326791763305664,
    -0.07641986757516861,
    0.02001371420919895,
    0.06461893767118454,
    -0.07729129493236542,
    0.026352521032094955,
    0.03747440129518509,
    -0.10212628543376923,
    -0.12330781668424606,
    0.08686795085668564,
    0.036859672516584396,
    0.009244902990758419,
    0.04294133931398392,
    0.0899784043431282,
    -0.041402071714401245,
    0.019398603588342667,
    -0.02190794050693512,
    -0.027434254065155983,
    -0.061149150133132935,
    -0.006678357254713774,
    -0.1142418310046196,
    0.009688731282949448,
    0.020141692832112312,
    0.04314792901277542,
    0.016933053731918335,
    -0.04924631491303444,
    -0.04194819554686546,
    0.03869104012846947,
    0.052377648651599884,
    -0.04406499117612839,
    0.02844003587961197,
    0.00846543163061142,
    0.0013006426161155105,
    0.0022151037119328976,
    -0.07448382675647736,
    0.008067818358540535,
    0.06326016038656235,
    0.014462476596236229,
    0.05312522128224373,
    -0.010540597140789032,
    -0.003620709525421262,
    0.025268424302339554,
    -0.02380511909723282,
    0.020545028150081635,
    0.06844290345907211,
    -0.05244627967476845,
    -0.024860139936208725,
    0.052469633519649506,
    0.0010673354845494032,
    0.018013665452599525,
    -0.013570016250014305,
    0.07743122428655624,
    0.01888580434024334,
    -0.08220220357179642,
    0.02264363132417202,
    -0.060135141015052795,
