{
  "id": 867,
  "vector": [
    -0.023674272000789642,
    0.05190909281373024,
    0.03210816532373428,
    0.02750200591981411,
    -0.054061371833086014,
    0.013712658546864986,
    0.05000431835651398,
    0.08094797283411026,
    -0.017379585653543472,
    0.013517173007130623,
    -0.031399138271808624,
    -0.0944647565484047,
    0.03400546312332153,
    0.1022379994392395,
    -0.03733760118484497,
    -0.025780165567994118,
    -0.0379214845597744,
    0.041901253163814545,
    -0.11574015766382217,
    0.02317599579691887,
    0.01917867176234722,
    0.01796703413128853,
    0.04780546575784683,
    0.04508060961961746,
    -0.034571874886751175,
    0.041021525859832764,
    0.017017360776662827,
    -0.05838458612561226,
    0.0260175671428442,
    -0.034414198249578476,
    0.06895236670970917,
    0.02703835628926754,
    0.052513282746076584,
    0.07310037314891815,
    0.060627833008766174,
    -0.06737378984689713,
    -0.00968263391405344,
    0.0009064379264600575,
    0.06741815060377121,
    -0.01029431913048029,
    0.04320043325424194,
    -0.031136974692344666,
    0.0187622532248497,
    -0.007472939323633909,
    0.014883728697896004,
    0.018089933320879936,
    -0.016423825174570084,
    0.01830783300101757,
    -0.019306078553199768,
    -0.039021085947752,
    0.061140239238739014,
    -0.03765946999192238,
    -0.16052183508872986,
    0.049072571098804474,
    0.07924889773130417,
    -0.12174379825592041,
    -0.0196133591234684,
    -0.04119155555963516,
    -0.056829072535037994,
    -0.027484789490699768,
    -0.05437459796667099,
    0.023498117923736572,
    -0.05219920352101326,
    0.0412834957242012,
    -0.05743356794118881,
    0.12891653180122375,
    -0.07847592979669571,
    -0.004064112901687622,
    -0.04898273944854736,
    0.027190469205379486,
    -0.0360746867954731,
    0.06911110132932663,
    0.042730312794446945,
    -0.02974294126033783,
    -0.01937333680689335,
    0.0006112566334195435,
    0.05767006427049637,
    -0.029210396111011505,
    -0.0730598196387291,
    -0.007546562701463699,
    -0.0737956240773201,
    -0.019894352182745934,
    -0.025663647800683975,
    0.03222288563847542,
    -0.05671565234661102,
    -0.02606773003935814,
    -0.0038668944034725428,
    -0.0019468957325443625,
    -0.010387781076133251,
    -0.062412310391664505,
    -0.04931207746267319,
    0.034934092313051224,
    0.08597395569086075,
    -0.022164035588502884,
    -0.02641107328236103,
    -0.010924234986305237,
    -0.017083175480365753,
    0.024176090955734253,
    0.066683329641819,
    0.028851106762886047,
    0.009909071028232574,
    -0.012326635420322418,
    0.1600159853696823,
    -0.020688477903604507,
    -0.0016478064935654402,
    -0.06988275051116943,
    0.014959822408854961,
    -0.006593864411115646,
    0.02512183226644993,
    -0.0035389719996601343,
    -0.028018973767757416,
    -0.03185361251235008,
    -0.05016453564167023,
    0.007886270061135292,
    -0.05271890386939049,
    -0.037709012627601624,
    0.06883008778095245,
    -0.01518437173217535,
    0.01182463113218546,
    -0.02352549508213997,
    0.032556649297475815,
    -0.02330021746456623,
    0.08457289636135101,
    -0.000023701100872131065,
    -0.11760721355676651,
    0.030882546678185463,
    0.04859056696295738,
    3.943631100085152e-33,
    -0.05985310673713684,
    0.013479982502758503,
    0.021105343475937843,
    0.07048267871141434,
    0.03347206488251686,
    -0.025210591033101082,
    0.05678648129105568,
    -0.05021341145038605,
    0.12995857000350952,
    0.023836199194192886,
    -0.06315235048532486,
    0.060412533581256866,
    0.022934963926672935,
    0.1283879578113556,
    0.035953979939222336,
    -0.00710658822208643,
    -0.06143966689705849,
    0.019149456173181534,
    0.048906948417425156,
    -0.009183187037706375,
    -0.0735379308462143,
    0.01171913743019104,
    0.0957571491599083,
    -0.015461308881640434,
    -0.0389103926718235,
    0.03017817996442318,
    -0.02337913028895855,
    -0.017250750213861465,
    -0.024020763114094734,
    -0.011759227141737938,
    0.06934084743261337,
    0.048716314136981964,
    0.04491690546274185,
    -0.03375396504998207,
    -0.0425523966550827,
    0.04791690409183502,
    0.006045703310519457,
    -0.03308543190360069,
    -0.0014638332650065422,
    0.010079357773065567,
    0.0323946438729763,
    -0.043500665575265884,
    0.04093994200229645,
    0.03413528949022293,
    0.0648566409945488,
    -0.03204585984349251,
    -0.001628979342058301,
    -0.03378170728683472,
    0.12236472964286804,
    0.004192947875708342,
    0.0013497642939910293,
    -0.0007409067475236952,
    -0.08662954717874527,
    -0.02435995079576969,
    0.017464643344283104,
    -0.09577638655900955,
    0.01813352108001709,
    0.05483830347657204,
    0.028354903683066368,
    0.03274546563625336,
    0.028727900236845016,
    0.01196903083473444,
    -0.03742367774248123,
    -0.026027318090200424,
    -0.008679691702127457,
    0.017237061634659767,
    -0.04747792333364487,
    0.009975834749639034,
    0.005400312133133411,
    -0.0506521500647068,
    0.016691070050001144,
    -0.04987800121307373,
    0.010162768885493279,
    -0.028575867414474487,
    0.036086130887269974,
    0.006136907730251551,
    0.08460736274719238,
    -0.002421658020466566,
    -0.03220723569393158,
    0.058026812970638275,
    0.0034651763271540403,
    0.024208348244428635,
    0.018406223505735397,
    -0.06563273817300797,
    -0.018087292090058327,
    0.06562548130750656,
    0.04419172555208206,
    0.02897498942911625,
    -0.04678025841712952,
    -0.046081673353910446,
    0.008693992160260677,
    0.03133584186434746,
    -0.013827832415699959,
    -0.05817924812436104,
    0.013418697752058506,
    -5.101126428344443e-33,
    0.012024042196571827,
    0.01099422201514244,
    -0.03413363918662071,
    0.07422264665365219,
    0.05666165053844452,
    0.02914872020483017,
    0.0016686152666807175,
    0.06129613146185875,
    0.07429449260234833,
    0.020215105265378952,
    -0.10606987029314041,
    0.0009616045281291008,
    0.13244031369686127,
    -0.027723519131541252,
    0.0014401854714378715,
    0.028367191553115845,
    0.02449137717485428,
    0.022167501971125603,
    0.02672368846833706,
    0.0038931486196815968,
    -0.07536784559488297,
    -0.0016491524875164032,
    0.06153739616274834,
    0.020010828971862793,
    -0.0379762202501297,
    0.0174145195633173,
    0.024629440158605576,
    -0.08634696155786514,
    0.10558312386274338,
    -0.008476913906633854,
    0.015352258458733559,
    -0.10341585427522659,
    -0.02853986993432045,
    0.07737260311841965,
    -0.04532739892601967,
    -0.03890623524785042,
    0.053998082876205444,
    0.05136014148592949,
    -0.013112334534525871,
    -0.031181804835796356,
    -0.012852052226662636,
    -0.09489932656288147,
    0.02096450887620449,
    -0.0006374113145284355,
    -0.08081226050853729,
    -0.05474145710468292,
    -0.014654500409960747,
    -0.03323371335864067,
    -0.052327658981084824,
    0.024097386747598648,
    0.08263406902551651,
    0.01913725584745407,
    -0.09441319853067398,
    -0.053483396768569946,
    -0.04560335725545883,
    0.07924261689186096,
    -0.03696645796298981,
    -0.006330492440611124,
    0.04524156451225281,
    -0.031956251710653305,
    -0.034568578004837036,
    0.07334256172180176,
    -0.028775067999958992,
    -0.04062896594405174,
    -0.02146383561193943,
    0.0005527370376512408,
    -0.06290865689516068,
    -0.06912337988615036,
    -0.12063829600811005,
    0.05035462602972984,
    -0.02667851746082306,
    -0.00657283142209053,
    -0.031003912910819054,
    -0.08387044817209244,
    0.013189309276640415,
    -0.009132374078035355,
    -0.050357311964035034,
    0.0646660253405571,
    0.08667416870594025,
    0.04513469338417053,
    -0.10376713424921036,
    -0.014215829782187939,
    0.013226660899817944,
