{
  "id": 299,
  "vector": [
    -0.014221864752471447,
    0.06202707067131996,
    -0.0510469526052475,
    0.030968723818659782,
    -0.004318485502153635,
    -0.035835497081279755,
    0.048634473234415054,
    0.08814731240272522,
    0.009697724133729935,
    -0.005466653499752283,
    -0.00024347167345695198,
    -0.06205456703901291,
    -0.015503467991948128,
    -0.053963154554367065,
    0.05099824070930481,
    -0.03943393751978874,
    0.030793145298957825,
    0.015143170021474361,
    -0.041982680559158325,
    -0.018306324258446693,
    0.016975749284029007,
    -0.09272245317697525,
    0.009076487272977829,
    0.0035911533050239086,
    0.05200754851102829,
    0.05322796851396561,
    0.012304061092436314,
    0.019540607929229736,
    -0.003852758789435029,
    -0.07170543819665909,
    0.011845091357827187,
    0.1178022250533104,
    -0.04242289066314697,
    0.0045186360366642475,
    0.05439118295907974,
    -0.013949360698461533,
    0.008531556464731693,
    -0.08132050931453705,
    0.020141514018177986,
    -0.006734394934028387,
    0.016320420429110527,
    -0.060409415513277054,
    0.027467984706163406,
    -0.047365862876176834,
    -0.056782886385917664,
    -0.024195624515414238,
    0.006621447391808033,
    0.09207069128751755,
    0.03889472410082817,
    -0.04321906715631485,
    0.035715602338314056,
    0.05144217237830162,
    -0.07463286817073822,
    0.04857133328914642,
    0.08237297832965851,
    0.009607281535863876,
    -0.11631060391664505,
    -0.014262730255723,
    -0.0016127937706187367,
    0.07712262123823166,
    -0.02864750288426876,
    0.01930680312216282,
    -0.04991314187645912,
    0.06020902469754219,
    0.07820697128772736,
    0.012336374260485172,
    -0.040330223739147186,
    -0.03425395488739014,
    -0.07027646899223328,
    0.019206946715712547,
    -0.10770096629858017,
    0.038509026169776917,
    0.01825498230755329,
    0.009590533562004566,
    -0.00014740195183549076,
    -0.0061517138965427876,
    0.020713241770863533,
    -0.037927113473415375,
    0.017144888639450073,
    -0.022969547659158707,
    -0.02141411043703556,
    0.07263251394033432,
    0.0918412059545517,
    0.09105434268712997,
    -0.03361373394727707,
    -0.06714296340942383,
    0.03760233893990517,
    0.08299282938241959,
    0.006999428849667311,
    -0.025626858696341515,
    0.00030899245757609606,
    0.10313743352890015,
    0.05025703087449074,
    0.07774987816810608,
    -0.1188109889626503,
    0.020866267383098602,
    -0.00011770718992920592,
    -0.008836719207465649,
    0.02046680450439453,
    0.031591951847076416,
    -0.004110685084015131,
    0.007043653167784214,
    0.07356860488653183,
    -0.01669827289879322,
    -0.022146500647068024,
    -0.02464108355343342,
    -0.004241224378347397,
    -0.017509538680315018,
    0.05978091061115265,
    0.039721500128507614,
    0.014345891773700714,
    0.035456303507089615,
    -0.054945606738328934,
    -0.058720871806144714,
    0.00778702087700367,
    0.07221253216266632,
    0.028849909082055092,
    -0.051267798990011215,
    -0.039037495851516724,
    -0.03875593841075897,
    -0.010622791945934296,
    -0.024713577702641487,
    0.004283907823264599,
    0.028131768107414246,
    -0.04289068654179573,
    0.026540713384747505,
    0.0058081974275410175,
    3.13641141519381e-33,
    -0.10445324331521988,
    0.060939889401197433,
    0.012154891155660152,
    0.024159586057066917,
    0.0019087649416178465,
    -0.06740986555814743,
    0.03245005011558533,
    -0.014786569401621819,
    -0.03527949005365372,
    0.03526092693209648,
    -0.061000991612672806,
    0.10489264875650406,
    -0.03793897479772568,
    0.1400333195924759,
    -0.011229965835809708,
    -0.06680966913700104,
    0.02037241868674755,
    0.001255378476344049,
    0.04948846623301506,
    -0.018107062205672264,
    -0.08277636021375656,
    -0.05830620229244232,
    0.07257306575775146,
    0.008825200609862804,
    -0.024040792137384415,
    0.06642205268144608,
    0.0559854730963707,
    -0.0003334174689371139,
    0.0005065392469987273,
    0.026824569329619408,
    0.14222300052642822,
    -0.030495837330818176,
    -0.01824694126844406,
    0.02105308137834072,
    0.0027866645250469446,
    -0.014531418681144714,
    -0.011390989646315575,
    0.02983403205871582,
    0.05252673104405403,
    -0.002188628539443016,
    -0.021545086055994034,
    0.10791141539812088,
    0.05141308903694153,
    0.009328732267022133,
    -0.07620695233345032,
    0.040128812193870544,
    0.015478100627660751,
    0.030720258131623268,
    0.03843662142753601,
    0.015218714252114296,
    0.02095015160739422,
    0.06032279133796692,
    0.009958954527974129,
    0.044153738766908646,
    0.016572127118706703,
    -0.01408738549798727,
    0.039322808384895325,
    0.0011129439808428288,
    -0.011571438983082771,
    0.04423406720161438,
    -0.055724576115608215,
    0.006105481181293726,
    -0.09246259182691574,
    0.08409004658460617,
    -0.023769734427332878,
    0.07262791693210602,
    -0.05867432802915573,
    -0.015058995224535465,
    -0.017633331939578056,
    -0.028681281954050064,
    -0.016629502177238464,
    -0.006301126908510923,
    0.1127525120973587,
    -0.02560284547507763,
    0.018451634794473648,
    -0.0538630411028862,
    0.054717157036066055,
    0.0760071724653244,
    -0.022092774510383606,
    0.010076518170535564,
    0.057265181094408035,
    -0.037892699241638184,
    0.05257513001561165,
    -0.1215081587433815,
    -0.14065474271774292,
    -0.023623982444405556,
    -0.03254985064268112,
    0.03820144385099411,
    -0.012590845115482807,
    0.010601217858493328,
    0.023800572380423546,
    -0.010738881304860115,
    0.08189713954925537,
    -0.021578418090939522,
    -0.07096780836582184,
    -2.698889111739893e-33,
    0.01641320064663887,
    0.08278494328260422,
    -0.09819824248552322,
    0.08038270473480225,
    0.07019228488206863,
    0.055355269461870193,
    0.11245719343423843,
    0.01232771947979927,
    0.03019622154533863,
    -0.0020578508265316486,
    0.06036633253097534,
    0.021644070744514465,
    -0.0050787474028766155,
    0.02169104479253292,
    -0.03803344815969467,
    -0.0054699513129889965,
    -0.03493843600153923,
    0.13031837344169617,
    -0.06683024019002914,
    -0.12515631318092346,
    -0.07147827744483948,
    0.027479471638798714,
    0.021001817658543587,
    0.010715559124946594,
    0.03365844860672951,
    0.033854421228170395,
    0.05248286575078964,
    0.01866517774760723,
    -0.06254599988460541,
    0.020827092230319977,
    -0.008548615500330925,
    -0.06402439624071121,
    0.012375646270811558,
    -0.015313745476305485,
    0.02951561100780964,
    -0.047231536358594894,
    0.04764174669981003,
    -0.03306124731898308,
    -0.00859445333480835,
    0.019534874707460403,
    -0.01846265234053135,
    -0.01438109204173088,
    -0.027185503393411636,
    -0.051528364419937134,
    -0.02217760868370533,
    -0.015118192881345749,
    -0.027797425165772438,
    0.02098684199154377,
    0.056781429797410965,
    0.00791862327605486,
    -0.046864282339811325,
    0.0128174452111125,
    -0.031561996787786484,
    -0.016628291457891464,
    -0.08607228845357895,
    0.09650322049856186,
    0.020914707332849503,
    0.05390213429927826,
    -0.0238187275826931,
    -0.06369034945964813,
    -0.029498808085918427,
    -0.021320898085832596,
    0.07418709248304367,
    -0.025044461712241173,
    0.09015210717916489,
    -0.018016153946518898,
    -0.0637616291642189,
    -0.07076411694288254,
    0.018598081544041634,
    0.06500164419412613,
    0.06257826089859009,
    -0.03404170274734497,
    0.08116506785154343,
    -0.08168629556894302,
    0.013660513795912266,
    0.005732955411076546,
    0.0070120226591825485,
    -0.004740000236779451,
    -0.02128433622419834,
    -0.010209143161773682,
    -0.06653166562318802,
    0.02229558303952217,
