{
  "id": 1046,
  "vector": [
    -0.014978823252022266,
    -0.010906824842095375,
    0.03957675024867058,
    -0.006043347995728254,
    -0.050774116069078445,
    0.013680299744009972,
    -0.00637038191780448,
    0.10737914592027664,
    0.011296098120510578,
    0.03659280017018318,
    -0.0059344470500946045,
    -0.05492294952273369,
    0.01929534412920475,
    0.04532690718770027,
    -0.0231078639626503,
    0.005964070558547974,
    -0.07335573434829712,
    0.014683341607451439,
    -0.030904967337846756,
    0.061833664774894714,
    0.03741991147398949,
    0.0019182589603587985,
    -0.0020428041461855173,
    -0.04195534065365791,
    0.005200928542762995,
    0.04402156546711922,
    -0.061320237815380096,
    -0.026918666437268257,
    0.03593505546450615,
    -0.01237317081540823,
    -0.006817826069891453,
    0.022552356123924255,
    0.04206440597772598,
    -0.02080194652080536,
    0.04409715160727501,
    -0.07054194808006287,
    -0.11728158593177795,
    0.05553692206740379,
    -0.008403620682656765,
    0.00786284264177084,
    0.011331139132380486,
    -0.02122444286942482,
    -0.06118152663111687,
    0.029876139014959335,
    -0.008792038075625896,
    -0.037134625017642975,
    -0.024045638740062714,
    0.02451533079147339,
    0.027998030185699463,
    0.008185284212231636,
    -0.02174987457692623,
    -0.038882702589035034,
    -0.15139202773571014,
    -0.018796788528561592,
    -0.06563543528318405,
    -0.06888318061828613,
    -0.04353514686226845,
    -0.009604264050722122,
    -0.015571463853120804,
    0.052515506744384766,
    -0.00673363683745265,
    -0.08129673451185226,
    0.011388059705495834,
    -0.008568188175559044,
    -0.09324876964092255,
    0.07827281951904297,
    -0.05245346948504448,
    -0.01716664806008339,
    -0.02911762148141861,
    0.09464116394519806,
    -0.026575133204460144,
    0.07505393028259277,
    0.011016595177352428,
    0.01568140834569931,
    -0.060501180589199066,
    -0.05943408980965614,
    0.07246962934732437,
    -0.05932155251502991,
    0.02225830964744091,
    -0.06330745667219162,
    -0.032014261931180954,
    -0.0417458675801754,
    0.004719172604382038,
    0.052145835012197495,
    -0.07219184190034866,
    -0.039476655423641205,
    -0.013519140891730785,
    -0.002374116098508239,
    -0.034104738384485245,
    -0.006423543207347393,
    -0.005092871841043234,
    -0.024052729830145836,
    0.009132715873420238,
    0.0462321899831295,
    0.02457343228161335,
    0.020801853388547897,
    -0.010074454359710217,
    0.0459795817732811,
    0.06576261669397354,
    -0.006658313330262899,
    -0.0018767131259664893,
    -0.04502016305923462,
    0.10891778767108917,
    -0.02839651145040989,
    -0.02909889630973339,
    -0.0476541668176651,
    -0.018707238137722015,
    -0.025853607803583145,
    -0.028811460360884666,
    -0.03499464690685272,
    -0.08365289866924286,
    0.03687644749879837,
    0.029138559475541115,
    0.005684213247150183,
    -0.02486700937151909,
    -0.018916336819529533,
    0.02576453797519207,
    -0.01272381842136383,
    0.07109477370977402,
    -0.036330319941043854,
    0.03292045369744301,
    -0.024520019069314003,
    0.11440502107143402,
    0.014607655815780163,
    -0.003939823247492313,
    -0.042582470923662186,
    -0.02028832770884037,
    5.023752451437443e-33,
    -0.05176466330885887,
    0.03882601484656334,
    -0.013379232957959175,
    0.141643688082695,
    0.0028774566017091274,
    0.021519159898161888,
    0.04456844553351402,
    0.03510143607854843,
    0.007556084077805281,
    0.07327409833669662,
    -0.0986260250210762,
    0.06234156712889671,
    0.029066311195492744,
    0.1375093311071396,
    -0.048385098576545715,
    0.006636410020291805,
    0.017631681635975838,
    0.013283827342092991,
    0.011620772071182728,
    -0.056925226002931595,
    -0.019171781837940216,
    0.06940346211194992,
    0.057639651000499725,
    0.0013876986922696233,
    -0.09298083186149597,
    0.03322353586554527,
    0.018959250301122665,
    -0.026929227635264397,
    -0.014227008447051048,
    0.0015376557130366564,
    0.06770679354667664,
    -0.053335484117269516,
    0.11200546473264694,
    -0.05672510340809822,
    0.00747442152351141,
    0.10273393243551254,
    -0.06264274567365646,
    -0.026941588148474693,
    0.005426764953881502,
    0.01379189733415842,
    0.04489380493760109,
    0.09470836818218231,
    -0.0036579971201717854,
    0.0012950038071721792,
    -0.009912989102303982,
    0.06575969606637955,
    -0.0022542430087924004,
    0.01795670948922634,
    0.03779429569840431,
    -0.0222134031355381,
    0.05037433281540871,
    0.029631389304995537,
    -0.07294012606143951,
    -0.02899778075516224,
    -0.011395109817385674,
    -0.07389456033706665,
    -0.04954450577497482,
    0.06649506092071533,
    -0.04033763334155083,
    0.10988391935825348,
    0.06858163326978683,
    -0.015024087391793728,
    0.04324271157383919,
    -0.04858359321951866,
    0.014678382314741611,
    -0.013005871325731277,
    -0.12185400724411011,
    -0.03160060942173004,
    -0.1053684800863266,
    -0.016411393880844116,
    0.07067324966192245,
    0.0954463854432106,
    0.07403198629617691,
    -0.17105799913406372,
    0.07509887218475342,
    0.010591684840619564,
    0.08700267225503922,
    0.07281000912189484,
    -0.05337214842438698,
    0.020670324563980103,
    -0.09321087598800659,
    0.045057497918605804,
    -0.024345124140381813,
    -0.03478945419192314,
    0.04671172425150871,
    0.045678943395614624,
    -0.05157224088907242,
    -0.0059579163789749146,
    0.010473011061549187,
    0.03966689854860306,
    -0.003974664490669966,
    -0.0687580332159996,
    -0.03444225341081619,
    0.013487128540873528,
    -0.016558915376663208,
    -4.971137691636622e-33,
    -0.0851745754480362,
    0.02671186253428459,
    -0.06527215987443924,
    0.08559810370206833,
    0.0526462160050869,
    0.06884688138961792,
    -0.0050165955908596516,
    0.1456371396780014,
    0.05482440069317818,
    0.004163933917880058,
    0.02605823054909706,
    -0.015458018518984318,
    0.04806610941886902,
    -0.017339451238512993,
    -0.03716764226555824,
    -0.005893256515264511,
    -0.04688474163413048,
    -0.08031366765499115,
    -0.05133136361837387,
    -0.011941901408135891,
    -0.14558923244476318,
    0.024489862844347954,
    0.08052918314933777,
    0.1193736344575882,
    0.05866871774196625,
    0.07440987229347229,
    -0.024049531668424606,
    -0.0600871741771698,
    -0.012821357697248459,
    -0.0064845927990973,
    0.0543326810002327,
    -0.10243405401706696,
    -0.03775506839156151,
    0.08138403296470642,
    -0.03841599076986313,
    0.01090343575924635,
    -0.0004798422160092741,
    0.04901823773980141,
    -0.011325163766741753,
    -0.022925937548279762,
    -0.0051251621916890144,
    -0.0651843249797821,
    0.012815941125154495,
    -0.031183457002043724,
    -0.022896431386470795,
    -0.03705057129263878,
    -0.01984616369009018,
    -0.10339471697807312,
    -0.0061242589727044106,
    0.008768724277615547,
    -0.006407902576029301,
    -0.006605552043765783,
    -0.04260271042585373,
    -0.049342233687639236,
    -0.011912199668586254,
    0.06196444481611252,
    -0.06701520085334778,
    0.015622766688466072,
    0.023292794823646545,
    -0.006938934791833162,
    -0.010155555792152882,
    -0.020001672208309174,
    -0.06617069989442825,
    0.03324594721198082,
    0.0004634079523384571,
    0.03019706718623638,
    -0.03741588816046715,
    -0.06591993570327759,
    -0.04173824191093445,
    0.04975932464003563,
    0.021189067512750626,
    0.0800529345870018,
    -0.1312851756811142,
    0.003250466426834464,
    0.030694670975208282,
    0.04305918142199516,
    0.002832120982930064,
    -0.035015325993299484,
    -0.00430306326597929,
    0.008596815168857574,
    -0.06522035598754883,
    -0.06173216551542282,
