{
  "id": 589,
  "vector": [
    -0.017733082175254822,
    0.054564062505960464,
    -0.013093177229166031,
    0.09403938800096512,
    -0.08832968026399612,
    0.03358956053853035,
    0.07409892231225967,
    0.04712885245680809,
    -0.026794757694005966,
    0.02014162205159664,
    0.07590581476688385,
    -0.07381046563386917,
    0.055927034467458725,
    -0.045331574976444244,
    -0.024744607508182526,
    -0.036068420857191086,
    0.036435388028621674,
    0.04610734060406685,
    -0.16880154609680176,
    -0.06670486927032471,
    0.07427770644426346,
    -0.06696047633886337,
    0.001617485424503684,
    -0.03043195977807045,
    0.0003630196151789278,
    0.062063951045274734,
    -0.02353334054350853,
    -0.05309746041893959,
    -0.015880655497312546,
    -0.06407789885997772,
    -0.026814071461558342,
    0.10067249834537506,
    0.09418945759534836,
    -0.015991615131497383,
    -0.03932199254631996,
    -0.013022475875914097,
    0.031410813331604004,
    -0.019359052181243896,
    0.12626248598098755,
    0.019231831654906273,
    0.0030537780839949846,
    -0.04103701561689377,
    0.03932417556643486,
    -0.008857451379299164,
    0.02867511659860611,
    -0.0659136101603508,
    -0.01797543279826641,
    0.0443817675113678,
    0.036021679639816284,
    0.017442284151911736,
    0.013465596362948418,
    0.02129402942955494,
    -0.06686051934957504,
    -0.024259010329842567,
    0.054787762463092804,
    -0.06245490908622742,
    -0.05252262204885483,
    0.03572552278637886,
    0.04095759242773056,
    0.03286629915237427,
    0.03466237708926201,
    -0.014529610984027386,
    -0.01734589785337448,
    0.05889732390642166,
    0.0002005531860049814,
    -0.00024650973500683904,
    -0.04851853474974632,
    -0.02515668421983719,
    -0.012792268767952919,
    -0.03908122330904007,
    -0.008652260527014732,
    0.07975485175848007,
    -0.02329811453819275,
    -0.05805779993534088,
    -0.06159098818898201,
    0.05915708839893341,
    0.08591483533382416,
    -0.021643443033099174,
    -0.03249117359519005,
    0.01771809160709381,
    -0.0801088958978653,
    -0.0493328720331192,
    -0.006329112220555544,
    -0.030552539974451065,
    -0.02732458896934986,
    0.010766994208097458,
    -0.00364851881749928,
    0.02903839386999607,
    0.02679138444364071,
    -0.0062324851751327515,
    -0.017444605007767677,
    -0.038659460842609406,
    0.07885685563087463,
    0.06117403879761696,
    -0.10649476200342178,
    -0.028406253084540367,
    -0.03496698662638664,
    -0.04020893946290016,
    -0.028382539749145508,
    0.0375194251537323,
    0.06529221683740616,
    -0.03407561779022217,
    0.16356103122234344,
    -0.03399210423231125,
    0.007326238788664341,
    0.006726899184286594,
    -0.009402318857610226,
    -0.022776419296860695,
    0.024904029443860054,
    0.05416339263319969,
    -0.03998144343495369,
    -0.032196469604969025,
    -0.0574936605989933,
    0.031863801181316376,
    -0.0043557449243962765,
    0.05106553062796593,
    0.02830134890973568,
    0.04359961301088333,
    0.05405937880277634,
    0.002169471699744463,
    0.08341541141271591,
    -0.05612482503056526,
    0.05741512402892113,
    -0.054997511208057404,
    -0.10127788037061691,
    0.06639479100704193,
    -0.014145378954708576,
    7.320862736854063e-33,
    -0.09494441002607346,
    0.007170731667429209,
    0.029945462942123413,
    0.01987316831946373,
    0.04395218566060066,
    -0.06273077428340912,
    0.0023467589635401964,
    -0.041878197342157364,
    0.011391104198992252,
    0.00847915094345808,
    -0.05297726392745972,
    0.06186893954873085,
    0.01898525469005108,
    0.05692565068602562,
    -0.017983024939894676,
    -0.03596619889140129,
    -0.06789357960224152,
    -0.008078872226178646,
    0.06253241747617722,
    -0.04061976447701454,
    -0.014120711013674736,
    0.034334760159254074,
    0.0072134570218622684,
    -0.022763507440686226,
    -0.07033824920654297,
    -0.042219601571559906,
    0.06406963616609573,
    -0.0570647306740284,
    -0.10246489197015762,
    0.027644528076052666,
    0.06272491067647934,
    -0.0008831461891531944,
    0.07347656786441803,
    -0.002591473748907447,
    -0.05960143357515335,
    -0.025378568097949028,
    0.04071488231420517,
    -0.020311331376433372,
    0.07396908849477768,
    -0.053769782185554504,
    -0.05949237197637558,
    -0.0066942148841917515,
    0.0011095345253124833,
    0.029550395905971527,
    -0.06154827028512955,
    0.04036113619804382,
    0.11908925324678421,
    -0.03331470489501953,
    0.06083504855632782,
    0.06501321494579315,
    -0.051882851868867874,
    0.0004497780173551291,
    0.002330512972548604,
    0.05030675604939461,
    0.10779532790184021,
    -0.022822866216301918,
    0.026403270661830902,
    0.0883578360080719,
    0.03146496042609215,
    0.042346082627773285,
    -0.02031967230141163,
    0.037722859531641006,
    0.01525159366428852,
    0.05790385603904724,
    -0.010339174419641495,
    -0.024584336206316948,
    -0.10549404472112656,
    -0.04445631802082062,
    -0.0009945081546902657,
    0.008391675539314747,
    0.029116835445165634,
    0.01740245521068573,
    0.09792498499155045,
    -0.07675248384475708,
    0.03288482129573822,
    -0.041345033794641495,
    0.03309644013643265,
    0.0678415521979332,
    -0.058347299695014954,
    0.06594185531139374,
    -0.011398264206945896,
    0.04662099853157997,
    -0.03380537033081055,
    -0.05177577584981918,
    -0.02004181779921055,
    0.10989972203969955,
    -0.029007311910390854,
    -0.01988573558628559,
    0.028983836993575096,
    0.02892121486365795,
    0.0028695191722363234,
    -0.001978660933673382,
    -0.03758511319756508,
    -0.08532889932394028,
    0.014927605167031288,
    -5.9230956286027276e-33,
    0.03547079488635063,
    0.11971396952867508,
    0.018767517060041428,
    0.07794730365276337,
    0.07814422994852066,
    -0.04944099858403206,
    0.046843983232975006,
    0.02703709714114666,
    0.045447710901498795,
    -0.06527850776910782,
    -0.07780275493860245,
    0.049741506576538086,
    0.03916817158460617,
    -0.02334785647690296,
    -0.04214690253138542,
    0.008435219526290894,
    0.06637667119503021,
    -0.011302673257887363,
    -0.012694990262389183,
    -0.047908611595630646,
    -0.07100910693407059,
    -0.01837189309298992,
    -0.030999407172203064,
    0.062193114310503006,
    0.006686898414045572,
    0.017992136999964714,
    -0.0009825436864048243,
    0.019838253036141396,
    -0.014872954227030277,
    0.0025528527330607176,
    0.07948911935091019,
    -0.10716473311185837,
    0.0019023158820345998,
    -0.03788606449961662,
    -0.08469128608703613,
    -0.06382597982883453,
    0.007827108725905418,
    0.061961546540260315,
    0.07238924503326416,
    0.01043656561523676,
    0.015075366012752056,
    -0.06010579317808151,
    -0.007714518345892429,
    0.00394804123789072,
    -0.0601850301027298,
    -0.04243305325508118,
    0.009556672535836697,
    -0.06430699676275253,
    0.020937815308570862,
    -0.010280734859406948,
    0.00031494779977947474,
    0.04236419498920441,
    -0.0998801440000534,
    -0.0017043479019775987,
    -0.01741105131804943,
    0.06591551005840302,
    -0.026826296001672745,
    0.09024807065725327,
    0.012506126426160336,
    -0.020956113934516907,
    -0.02086937054991722,
    -0.05282054468989372,
    0.03441759943962097,
    -0.0037858313880860806,
    0.01446867361664772,
    0.026366718113422394,
    0.033182185143232346,
    -0.015574436634778976,
    0.010039228945970535,
    0.016730183735489845,
    0.03956577554345131,
    0.014025530777871609,
    0.004742985125631094,
    -0.08502402901649475,
    0.005613057874143124,
    -0.040041059255599976,
    -0.03515025973320007,
    -0.008570696227252483,
    0.0346149206161499,
    -0.058161474764347076,
    -0.07434223592281342,
    0.004388516303151846,
