{
  "id": 187,
  "vector": [
    -0.05257897451519966,
    0.08402799069881439,
    0.036489855498075485,
    0.05470820143818855,
    -0.00796734169125557,
    -0.03362853080034256,
    0.048747241497039795,
    0.042856615036726,
    -0.02570265717804432,
    0.03857211023569107,
    -0.033640194684267044,
    -0.0799136832356453,
    0.05268658697605133,
    0.007357656490057707,
    0.002719153417274356,
    -0.07125110924243927,
    -0.004517410881817341,
    -0.05457114800810814,
    -0.022147653624415398,
    -0.025804974138736725,
    0.06996072083711624,
    -0.1204860731959343,
    -0.030445493757724762,
    0.037019748240709305,
    0.06543949246406555,
    0.05057240277528763,
    -0.024031808599829674,
    0.04994633048772812,
    0.020113060250878334,
    -0.04628555476665497,
    -0.030336594209074974,
    0.07663091272115707,
    0.03142153471708298,
    -0.008741213008761406,
    -0.05864506959915161,
    -0.05492638424038887,
    -0.04228852316737175,
    0.0348670557141304,
    0.09094635397195816,
    -0.015474733896553516,
    -0.010165565647184849,
    -0.03127117082476616,
    0.04256700351834297,
    0.06074804440140724,
    -0.06334181129932404,
    -0.0519254170358181,
    -0.02892928384244442,
    0.010487981140613556,
    0.026273658499121666,
    -0.0395096056163311,
    -0.0026750382967293262,
    0.044754642993211746,
    -0.09303224831819534,
    0.029599448665976524,
    0.05034973844885826,
    0.032714031636714935,
    0.003713980782777071,
    0.001537405070848763,
    0.02307555079460144,
    0.08397842198610306,
    -0.06455767154693604,
    -0.014193138107657433,
    -0.04698099195957184,
    -0.0014814338646829128,
    0.02622394822537899,
    -0.023152712732553482,
    -0.0508546456694603,
    0.025226587429642677,
    0.0034226917196065187,
    0.00443293945863843,
    0.04182292893528938,
    0.014028424397110939,
    0.009078984148800373,
    -0.03203185275197029,
    0.04668194055557251,
    0.01201811246573925,
    0.10792893171310425,
    0.03099067322909832,
    -0.07323692739009857,
    0.04215362295508385,
    -0.09694867581129074,
    0.022480517625808716,
    0.04625248536467552,
    -0.012080089189112186,
    -0.1322074979543686,
    -0.013210178352892399,
    0.039304960519075394,
    -0.012493324466049671,
    0.01771111600100994,
    -0.10464968532323837,
    -0.056833021342754364,
    0.11221735924482346,
    -0.020097611472010612,
    0.035797785967588425,
    0.01973477564752102,
    0.015074693597853184,
    -0.06162228062748909,
    0.0008301401394419372,
    0.07458092272281647,
    0.005035150796175003,
    0.011200240813195705,
    -0.00012931115634273738,
    0.12459282577037811,
    0.004371405113488436,
    -0.002729022642597556,
    0.0006063012406229973,
    0.013124383985996246,
    0.05383265018463135,
    0.08472401648759842,
    0.04419722780585289,
    0.03241307660937309,
    -0.05286319553852081,
    -0.05791885405778885,
    0.11484816670417786,
    0.01527645718306303,
    -0.0621534064412117,
    0.07396166771650314,
    0.010169305838644505,
    0.018426062539219856,
    -0.01341873500496149,
    0.02699989266693592,
    -0.05083216726779938,
    -0.061191409826278687,
    -0.0718379020690918,
    -0.08256395161151886,
    0.01569807529449463,
    0.05504792556166649,
    5.202336124608257e-33,
    -0.03641321882605553,
    -0.006522549316287041,
    -0.025274544954299927,
    0.06334389746189117,
    0.039436303079128265,
    0.022852381691336632,
    -0.010550939477980137,
    0.013020722195506096,
    -0.009279577061533928,
    0.04117686673998833,
    -0.1294771134853363,
    0.07747524231672287,
    -0.09854896366596222,
    0.09798310697078705,
    -0.047647349536418915,
    -0.10870027542114258,
    -0.03787299618124962,
    0.044484782963991165,
    -0.048158198595047,
    -0.014692727476358414,
    -0.04756161570549011,
    0.0952356830239296,
    -0.0007349539664573967,
    -0.026488550007343292,
    0.013359328731894493,
    -0.037077490240335464,
    0.028081288561224937,
    -0.08830899000167847,
    -0.016296392306685448,
    0.004609299823641777,
    0.04260316863656044,
    -0.0018262236844748259,
    0.01995382271707058,
    0.0031099298503249884,
    -0.02860417030751705,
    -0.023229679092764854,
    -0.02054993063211441,
    0.04032427445054054,
    -0.0057292417623102665,
    -0.012776264920830727,
    -0.07179411500692368,
    0.09774050116539001,
    0.16124577820301056,
    -0.002063004532828927,
    -0.10586144030094147,
    0.06035812571644783,
    0.03246942535042763,
    0.05729794129729271,
    0.0873936340212822,
    0.07013139873743057,
    -0.022717228159308434,
    0.022128747776150703,
    -0.0732930600643158,
    0.037245672196149826,
    -0.016718002036213875,
    0.06600260734558105,
    0.007178294938057661,
    -0.0028138691559433937,
    0.049954093992710114,
    0.012054182589054108,
    0.003124963492155075,
    -0.004493046086281538,
    -0.019285937771201134,
    0.046923451125621796,
    0.06456997245550156,
    -0.016041303053498268,
    -0.06822145730257034,
    -0.029533008113503456,
    0.11356411129236221,
    -0.011685581877827644,
    -0.0022599815856665373,
    -0.0031553935259580612,
    0.03794143348932266,
    0.001912834239192307,
    0.035775814205408096,
    -0.04373108968138695,
    0.029452402144670486,
    0.046800196170806885,
    -0.07650035619735718,
    0.0561663880944252,
    0.00881131924688816,
    -0.08188526332378387,
    0.025097448378801346,
    -0.1000029668211937,
    -0.03173327073454857,
    0.06688755750656128,
    0.00456570228561759,
    0.036506056785583496,
    -0.03152130916714668,
    0.05051315948367119,
    -0.05972427502274513,
    0.014663449488580227,
    0.03573249280452728,
    -0.02965324930846691,
    -0.06827709823846817,
    -4.4038474240076476e-33,
    0.09486541152000427,
    -0.023992564529180527,
    -0.026227334514260292,
    0.09007854014635086,
    0.10200192034244537,
    0.08071746677160263,
    0.023799095302820206,
    0.05071321129798889,
    -0.0556713305413723,
    0.01477731578052044,
    0.05266944319009781,
    0.03717717155814171,
    0.05577182024717331,
    0.026667363941669464,
    -0.1128624975681305,
    0.05337461456656456,
    0.054694995284080505,
    -0.030451392754912376,
    -0.08813164383172989,
    -0.004507899284362793,
    -0.0350019633769989,
    -0.0016928763361647725,
    -0.11002087593078613,
    0.046354204416275024,
    0.03690764680504799,
    -0.025059569627046585,
    0.013267235830426216,
    0.02339627780020237,
    -0.10800419002771378,
    0.04814746230840683,
    -0.07131487876176834,
    -0.06410280615091324,
    -0.015465585514903069,
    0.0012300119269639254,
    0.05223875492811203,
    -0.08375097811222076,
    0.08269094675779343,
    0.014471203088760376,
    -0.03612127900123596,
    -0.0218151044100523,
    -0.0021090328227728605,
    -0.08431009203195572,
    -0.012252372689545155,
    0.05659350007772446,
    0.032549694180488586,
    -0.0345957987010479,
    0.05604897812008858,
    -0.06792829930782318,
    -0.04802130162715912,
    0.0738174244761467,
    -0.0048049697652459145,
    -0.06131041795015335,
    -0.020618176087737083,
    -0.01855846494436264,
    -0.005786779802292585,
    -0.04602518677711487,
    -0.010484457947313786,
    0.05157201737165451,
    -0.06738997250795364,
    -0.0013638974633067846,
    0.07528071105480194,
    -0.0073137348517775536,
    -0.03272469341754913,
    0.001667320728302002,
    0.027078645303845406,
    -0.015202409587800503,
    -0.01995701529085636,
    -0.07119502872228622,
    -0.015873322263360023,
    -0.016159415245056152,
    0.08211022615432739,
    -0.038771141320466995,
    0.009203897789120674,
    -0.10351576656103134,
    -0.03084050677716732,
    -0.006845778785645962,
    0.06181066483259201,
    -0.013206247240304947,
    0.01979246735572815,
    -0.03971987962722778,
    -0.0019441399490460753,
    0.04871055483818054,
    0.00887039490044117,
