{
  "id": 158,
  "vector": [
    -0.04595836251974106,
    0.07738921791315079,
    0.030193611979484558,
    0.024430343881249428,
    -0.07331527024507523,
    -0.023712608963251114,
    0.04438033327460289,
    0.02522842399775982,
    -0.03408415615558624,
    -0.005371969658881426,
    0.06684395670890808,
    -0.10226792097091675,
    0.03231830149888992,
    0.01777476817369461,
    -0.008271242491900921,
    0.0316181443631649,
    -0.0684673935174942,
    0.014749659225344658,
    -0.048987604677677155,
    0.04040350392460823,
    -0.061634328216314316,
    -0.07790015637874603,
    -0.026311175897717476,
    0.00655351672321558,
    -0.06760185211896896,
    0.04837031662464142,
    -0.03041670471429825,
    -0.04806966707110405,
    0.03031466156244278,
    -0.05811154097318649,
    0.03637917339801788,
    0.12394080311059952,
    0.016150394454598427,
    0.022835103794932365,
    0.11864729225635529,
    0.0037549783010035753,
    -0.07741344720125198,
    0.02299310266971588,
    0.12183603644371033,
    -0.017519064247608185,
    0.029774021357297897,
    0.02497223950922489,
    0.05330166220664978,
    0.01382659375667572,
    0.03975474834442139,
    -0.05409976467490196,
    -0.06172553449869156,
    0.026350511237978935,
    -0.03582455590367317,
    0.014335541054606438,
    0.04584074020385742,
    0.04402228072285652,
    -0.058933358639478683,
    0.03740803152322769,
    0.05825991928577423,
    -0.1330772191286087,
    -0.017366429790854454,
    -0.019656531512737274,
    -0.03851429745554924,
    0.045377690345048904,
    -0.04690074548125267,
    -0.052773021161556244,
    -0.04888542369008064,
    -0.07855720072984695,
    -0.09404619038105011,
    0.027127349749207497,
    0.0025324823800474405,
    -0.013814777135848999,
    -0.07519596070051193,
    0.023056836798787117,
    -0.037799589335918427,
    0.02915232814848423,
    -0.017393289133906364,
    -0.011739322915673256,
    -0.030350493267178535,
    -0.06876429170370102,
    0.06372842937707901,
    -0.04235207661986351,
    -0.07312878966331482,
    -0.05205416679382324,
    -0.06514289975166321,
    0.0014833678724244237,
    0.024720100685954094,
    0.012321124784648418,
    -0.02224498800933361,
    -0.050258226692676544,
    0.02595464326441288,
    0.03159559518098831,
    0.04292071983218193,
    -0.01843714341521263,
    -0.041040316224098206,
    0.035771191120147705,
    -0.022002732381224632,
    0.04165082052350044,
    -0.047086335718631744,
    0.03178876265883446,
    -0.03470740094780922,
    0.009177368134260178,
    0.08329468965530396,
    0.030728787183761597,
    0.06244214251637459,
    0.009979826398193836,
    0.09531461447477341,
    -0.0034940598998218775,
    -0.03188224509358406,
    -0.013835682533681393,
    -0.007891484536230564,
    -0.0380905382335186,
    -0.021731024608016014,
    -0.0029520015232264996,
    -0.024710003286600113,
    0.023673532530665398,
    0.02214069291949272,
    -0.00994756817817688,
    0.012076674960553646,
    0.01158275455236435,
    0.04187975451350212,
    0.027025585994124413,
    0.05628518760204315,
    -0.08391822129487991,
    0.04323523864150047,
    0.01482499297708273,
    0.09255412220954895,
    -0.005088976118713617,
    -0.048871103674173355,
    -0.0011423761025071144,
    0.028973624110221863,
    5.8510936608789854e-33,
    0.015383390709757805,
    -0.03337029367685318,
    -0.019612014293670654,
    0.06688176095485687,
    0.042450033128261566,
    -0.03576749935746193,
    0.056178461760282516,
    -0.02494482323527336,
    0.10274654626846313,
    0.025303440168499947,
    -0.010205584578216076,
    -0.03282530605792999,
    0.009264513850212097,
    0.01739754155278206,
    0.03749213367700577,
    -0.010446367785334587,
    -0.03539459407329559,
    0.008284446783363819,
    0.06311272084712982,
    -0.015490487217903137,
    -0.06954747438430786,
    -0.06368349492549896,
    0.06512521952390671,
    -0.05113903060555458,
    -0.06700746715068817,
    0.04955637827515602,
    -0.005035645328462124,
    0.056634631007909775,
    0.02335626818239689,
    -0.013214853592216969,
    0.09368922561407089,
    -0.08566871285438538,
    0.039948925375938416,
    0.0009174742153845727,
    0.06216573342680931,
    0.08390790969133377,
    -0.04513825476169586,
    -0.013776124455034733,
    0.04091208055615425,
    -0.021843906491994858,
    0.04033271223306656,
    0.00754420505836606,
    0.033781133592128754,
    -0.037682514637708664,
    -0.045896802097558975,
    0.09801995754241943,
    0.058441221714019775,
    -0.018381647765636444,
    0.18216721713542938,
    -0.0017433000029996037,
    -0.004409959074109793,
    -0.0019245725125074387,
    -0.0014955151127651334,
    -0.09633927047252655,
    -0.02474863827228546,
    0.027067089453339577,
    -0.030753429979085922,
    -0.026998376473784447,
    -0.002765512326732278,
    0.08546564728021622,
    0.054367635399103165,
    -0.0524313859641552,
    0.02671591192483902,
    -0.05255710706114769,
    0.04346291720867157,
    0.02054215408861637,
    -0.055340901017189026,
    0.01637609302997589,
    0.04172997176647186,
    -0.047120820730924606,
    -0.006275078747421503,
    0.035513438284397125,
    0.09212425351142883,
    -0.10021110624074936,
    0.07936839759349823,
    -0.012218000367283821,
    0.1373666375875473,
    0.051115430891513824,
    0.006548804230988026,
    0.03300345316529274,
    -0.025197269394993782,
    0.011578444391489029,
    0.01656433567404747,
    -0.1378827691078186,
    -0.022806363180279732,
    0.07277336716651917,
    -0.026407575234770775,
    0.041321564465761185,
    -0.01797318272292614,
    -0.008897545747458935,
    -0.05041662976145744,
    -0.0019748848862946033,
    -0.02115573175251484,
    -0.018095064908266068,
    -0.023658351972699165,
    -6.589194645283962e-33,
    -0.015041430480778217,
    0.040760260075330734,
    -0.014342132955789566,
    -0.007027887273579836,
    0.07053345441818237,
    -0.013736581429839134,
    -0.035652268677949905,
    0.12313750386238098,
    0.05323309451341629,
    -0.003708746051415801,
    -0.05782272666692734,
    0.019473711028695107,
    0.03140571713447571,
    -0.021723084151744843,
    -0.01605835370719433,
    0.01847757212817669,
    0.016332585364580154,
    -0.007786688860505819,
    -0.012691622599959373,
    -0.01169968768954277,
    -0.05637255683541298,
    0.03887021914124489,
    -0.01958087831735611,
    0.09201447665691376,
    -0.03470814228057861,
    0.03627144545316696,
    0.028459137305617332,
    -0.027853786945343018,
    0.1390870213508606,
    0.02657468244433403,
    0.0961114913225174,
    -0.14650841057300568,
    -0.04975344240665436,
    0.00893393624573946,
    -0.022102169692516327,
    -0.06393764913082123,
    0.052276577800512314,
    0.03838968649506569,
    -0.01761147752404213,
    -0.00895710289478302,
    -0.027583831921219826,
    -0.02101120911538601,
    0.008038626983761787,
    -0.0008132106740958989,
    -0.00860815029591322,
    0.041098978370428085,
    -0.05996208265423775,
    -0.01936545968055725,
    -0.017301348969340324,
    -0.02627185545861721,
    -0.04075716435909271,
    0.018148886039853096,
    -0.11053784191608429,
    -0.03545888885855675,
    -0.04820089042186737,
    0.045343734323978424,
    -0.04283398389816284,
    0.04470277950167656,
    0.045819755643606186,
    -0.07405047863721848,
    -0.05397172272205353,
    -0.046482134610414505,
    -0.04444592446088791,
    -0.050913676619529724,
    -0.06839066743850708,
    0.061831288039684296,
    -0.015025845728814602,
    -0.12461255490779877,
    -0.09636924415826797,
    0.08775622397661209,
    -0.03901006281375885,
    0.0012697684578597546,
    -0.10044153034687042,
    -0.07937982678413391,
    -0.06168781965970993,
    -0.005237768404185772,
    0.01781446859240532,
    -0.018005620688199997,
    0.09087880700826645,
    -0.046974893659353256,
    -0.00266049662604928,
    -0.00970639567822218,
