{
  "id": 603,
  "vector": [
    -0.014186849817633629,
    0.07393129169940948,
    -0.008631191216409206,
    0.0012449679197743535,
    -0.0201648510992527,
    -0.023471493273973465,
    0.09788259118795395,
    0.1145831048488617,
    -0.04178457334637642,
    0.07458292692899704,
    -0.0036138640716671944,
    -0.10737404972314835,
    -0.029411358758807182,
    -0.041723158210515976,
    0.03335612267255783,
    -0.0439470112323761,
    -0.03645238280296326,
    0.00417611189186573,
    -0.047249894589185715,
    -0.01951921544969082,
    0.044079530984163284,
    -0.05693374574184418,
    0.053873538970947266,
    0.023935431614518166,
    0.012494421564042568,
    0.04523896053433418,
    0.013460357673466206,
    0.01775999553501606,
    0.004678817931562662,
    -0.0667647048830986,
    0.027665920555591583,
    0.06625059247016907,
    0.03275831416249275,
    -0.050953835248947144,
    0.05126626417040825,
    -0.0304733756929636,
    -0.02630537562072277,
    0.00606974633410573,
    -0.004345576278865337,
    -0.07943718135356903,
    0.018936902284622192,
    0.03049647994339466,
    0.01317693293094635,
    -0.07742123305797577,
    0.01733330264687538,
    -0.00829557329416275,
    0.06448085606098175,
    0.07921486347913742,
    -0.025584643706679344,
    -0.03510439395904541,
    0.10581319034099579,
    0.07596197724342346,
    -0.11010473966598511,
    0.01642802357673645,
    0.08994311839342117,
    -0.0363922193646431,
    -0.06585647165775299,
    -0.012993058189749718,
    0.007087721023708582,
    0.04033763334155083,
    -0.033694006502628326,
    0.028198644518852234,
    -0.10011298209428787,
    0.055905792862176895,
    0.02706650085747242,
    -0.040013521909713745,
    0.014190622605383396,
    -0.02379164844751358,
    -0.025094108656048775,
    0.049979180097579956,
    -0.0029297706205397844,
    -0.005350260995328426,
    0.012653625570237637,
    -0.03030216135084629,
    0.06316748261451721,
    0.01428992673754692,
    0.09527252614498138,
    -0.058256685733795166,
    -0.015515349805355072,
    -0.07399195432662964,
    -0.06936761736869812,
    -0.020124292001128197,
    0.013373221270740032,
    0.02498423308134079,
    -0.004089065827429295,
    -0.049828000366687775,
    0.023786846548318863,
    0.017185743898153305,
    0.08158428966999054,
    -0.06117142364382744,
    0.027987074106931686,
    -0.010290651582181454,
    -0.005710687953978777,
    0.08814314752817154,
    -0.089529849588871,
    0.031590644270181656,
    -0.0485190749168396,
    -0.012246621772646904,
    0.02702508680522442,
    0.07084068655967712,
    -0.003950279671698809,
    -0.020676013082265854,
    0.18759730458259583,
    -0.05411112308502197,
    -0.013167012482881546,
    -0.016052866354584694,
    0.10643494874238968,
    0.04942416399717331,
    0.0729459896683693,
    0.034433603286743164,
    -0.05763182416558266,
    -0.00854386668652296,
    -0.04164169728755951,
    -0.004747344180941582,
    0.04207432642579079,
    0.009494718164205551,
    0.06175269931554794,
    -0.03352450951933861,
    0.08831994235515594,
    0.00962238758802414,
    0.010987967252731323,
    -0.0090028690174222,
    0.006712017580866814,
    0.022384777665138245,
    -0.10019880533218384,
    0.006249244324862957,
    -0.018864216282963753,
    6.164573759672304e-33,
    -0.09378290176391602,
    -0.0052298386581242085,
    0.051724955439567566,
    0.009672926738858223,
    -0.013068978674709797,
    0.00814084056764841,
    0.03143943101167679,
    -0.02566213719546795,
    0.031222352758049965,
    0.05910852551460266,
    -0.0308988057076931,
    0.048720020800828934,
    0.03504112735390663,
    0.15270307660102844,
    -0.022537803277373314,
    -0.05313776060938835,
    -0.03455672785639763,
    -0.03250730037689209,
    0.1278378814458847,
    -0.031546805053949356,
    -0.047293663024902344,
    0.02490244247019291,
    0.0008467448642477393,
    -0.010307217948138714,
    -0.015396878123283386,
    -0.002537765307351947,
    0.03395051881670952,
    0.03432799503207207,
    -0.047893159091472626,
    0.03852882608771324,
    0.15331219136714935,
    -0.06404945254325867,
    0.02638840489089489,
    -0.058840520679950714,
    -0.06467653810977936,
    -0.0037562642246484756,
    0.004377226810902357,
    0.024714969098567963,
    -0.0065571763552725315,
    0.007350225932896137,
    0.04130532592535019,
    0.010892948135733604,
    0.023322824388742447,
    0.02419348992407322,
    -0.021731598302721977,
    0.013624799437820911,
    0.03454085439443588,
    0.02602573111653328,
    0.08529992401599884,
    0.058363523334264755,
    0.005118906032294035,
    0.01889956369996071,
    -0.054992955178022385,
    0.0737399235367775,
    0.04942341521382332,
    0.010593683458864689,
    0.02560923434793949,
    0.01968817599117756,
    0.07989643514156342,
    -0.02384265698492527,
    0.047936998307704926,
    0.06833977997303009,
    -0.04522952064871788,
    0.010710525326430798,
    0.011407753452658653,
    0.0007503447122871876,
    -0.007928170263767242,
    0.03609739989042282,
    -0.04681010544300079,
    -0.041232407093048096,
    -0.05042674019932747,
    0.0022518334444612265,
    0.04410134628415108,
    -0.0611053965985775,
    0.03289877623319626,
    -0.05726882815361023,
    0.002655624644830823,
    0.08483391255140305,
    0.0036725406534969807,
    0.13928844034671783,
    -0.008705015294253826,
    -0.010630655102431774,
    0.0025466326624155045,
    -0.05773955583572388,
    -0.10355953127145767,
    0.004751970060169697,
    -0.025459980592131615,
    0.05349588021636009,
    -0.029390700161457062,
    0.0376456119120121,
    0.062411628663539886,
    0.03134160861372948,
    0.01056358590722084,
    0.002199209528043866,
    -0.031036797910928726,
    -4.812245385552004e-33,
    -0.028075383976101875,
    0.06042490527033806,
    -0.03149556741118431,
    0.06264983862638474,
    0.05021259933710098,
    -0.0098614152520895,
    0.06247461959719658,
    0.03340635821223259,
    0.03963976725935936,
    -0.036735039204359055,
    -0.029029950499534607,
    -0.0526789128780365,
    0.08634737133979797,
    0.015430465340614319,
    -0.020501865074038506,
    0.035587143152952194,
    -0.07883994281291962,
    0.07011185586452484,
    0.025248989462852478,
    -0.03392942249774933,
    -0.055383630096912384,
    0.04390052333474159,
    0.03329939395189285,
    0.04735008254647255,
    -0.0025762184523046017,
    0.0037606966216117144,
    0.027213145047426224,
    0.032992444932460785,
    -0.05161052197217941,
    -0.015445313416421413,
    0.014510753564536572,
    -0.11198898404836655,
    0.00907543022185564,
    0.07901917397975922,
    -0.07216373085975647,
    -0.08912298828363419,
    0.03357163071632385,
    0.03330652043223381,
    -0.058001238852739334,
    -0.024089524522423744,
    0.0225535836070776,
    0.05742575228214264,
    0.012833060696721077,
    -0.03609637916088104,
    -0.05021752417087555,
    0.024018263444304466,
    0.09029027819633484,
    -0.07001384347677231,
    -0.022126806899905205,
    0.04310529679059982,
    0.011943737044930458,
    0.02944204770028591,
    -0.10976433008909225,
    -0.06363758444786072,
    -0.011639303527772427,
    0.06816794723272324,
    -0.021565286442637444,
    0.05387907102704048,
    -0.02261563204228878,
    0.010927130468189716,
    -0.013953296467661858,
    -0.030896063894033432,
    0.02664320357143879,
    0.007633081637322903,
    0.08301785588264465,
    0.06758270412683487,
    -0.06436876207590103,
    0.010519308969378471,
    -0.03145164996385574,
    0.05549660697579384,
    -0.014001489616930485,
    -0.039645686745643616,
    -0.04659949988126755,
    -0.09066174924373627,
    -0.0894991084933281,
    0.0658872053027153,
    0.04044942930340767,
    -0.006880648899823427,
    0.022908316925168037,
    -0.07536841183900833,
    -0.03586781024932861,
    -0.08559753000736237,
    -0.02260725013911724,
    0.05863947421312332,
