{
  "id": 257,
  "vector": [
    0.00831889919936657,
    0.04317318648099899,
    -0.0638207197189331,
    -0.016342831775546074,
    -0.07911212742328644,
    0.024299999698996544,
    -0.037170130759477615,
    0.09342005103826523,
    0.02358725294470787,
    -0.061518117785453796,
    0.043901026248931885,
    0.014950612559914589,
    -0.028462206944823265,
    0.05121469497680664,
    -0.019045040011405945,
    -0.04341445118188858,
    0.0051010069437325,
    0.04791582375764847,
    -0.09892404079437256,
    -0.02433166466653347,
    0.07399804890155792,
    -0.07277645170688629,
    0.0327964648604393,
    0.013937694951891899,
    0.0018917963607236743,
    0.06956136226654053,
    -0.003837381722405553,
    -0.02235778421163559,
    0.0007830054964870214,
    -0.02550952509045601,
    0.014230228960514069,
    0.05050025135278702,
    0.044438958168029785,
    -0.014449198730289936,
    0.0016562966629862785,
    -0.09529183804988861,
    -0.008855592459440231,
    -0.0178692564368248,
    0.08194057643413544,
    0.022771166637539864,
    0.026213306933641434,
    0.029969878494739532,
    0.033487603068351746,
    0.07343629002571106,
    0.07957356423139572,
    -0.009971915744245052,
    -0.05512089654803276,
    0.05875318497419357,
    0.07415515929460526,
    0.05784601345658302,
    -0.032553497701883316,
    0.031117647886276245,
    -0.0966692566871643,
    0.007559496443718672,
    0.08279895782470703,
    -0.10947881639003754,
    -0.034143585711717606,
    -0.03646159917116165,
    0.018736883997917175,
    0.11534489691257477,
    -0.019562706351280212,
    0.0215286947786808,
    -0.005132597405463457,
    0.07528810203075409,
    -0.029790746048092842,
    0.01089557446539402,
    -0.07627049833536148,
    0.018241440877318382,
    -0.1344178318977356,
    0.06279151141643524,
    -0.05778687819838524,
    0.030742362141609192,
    0.05033005028963089,
    0.009054936468601227,
    -0.04716070368885994,
    -0.03645642101764679,
    -0.03202681615948677,
    -0.09199463576078415,
    -0.07410546392202377,
    0.09745946526527405,
    -0.1282254010438919,
    0.00859715137630701,
    -0.037548284977674484,
    0.061374031007289886,
    0.01348202582448721,
    -0.04955477640032768,
    -0.012144636362791061,
    0.06632544845342636,
    -0.028527332469820976,
    -0.031481217592954636,
    -0.0457778126001358,
    0.021366331726312637,
    0.05984874814748764,
    0.0010948473354801536,
    -0.09115486592054367,
    0.018988417461514473,
    0.013689333572983742,
    -0.03809896484017372,
    0.05731303617358208,
    0.0019201574614271522,
    0.04695330932736397,
    -0.020960230380296707,
    0.12660686671733856,
    -0.10422103852033615,
    -0.04381897300481796,
    0.004965655039995909,
    0.020947901532053947,
    0.03179803490638733,
    0.07935059815645218,
    0.03330617770552635,
    -0.046149495989084244,
    0.009867845103144646,
    -0.05399653688073158,
    -0.04910678789019585,
    -0.027148287743330002,
    -0.007921390235424042,
    0.02078367955982685,
    -0.02162080630660057,
    0.002128226449713111,
    0.029866831377148628,
    0.07841883599758148,
    0.025918196886777878,
    0.004812261555343866,
    0.0036397066432982683,
    -0.06764090806245804,
    -0.05050213262438774,
    0.058109913021326065,
    7.294968065673386e-33,
    -0.10115843266248703,
    -0.0748542994260788,
    0.01970001496374607,
    0.08848495781421661,
    0.03235611692070961,
    -0.0008841005619615316,
    0.05232870951294899,
    -0.04353145509958267,
    0.008304201997816563,
    0.08173799514770508,
    -0.039779502898454666,
    0.05091467127203941,
    -0.03383580967783928,
    0.13531732559204102,
    -0.02847575768828392,
    -0.05184038728475571,
    0.03685500845313072,
    0.044627897441387177,
    0.02376287616789341,
    -0.09556138515472412,
    -0.027734050527215004,
    -0.028208255767822266,
    0.05196502059698105,
    0.020602675154805183,
    -0.0616254098713398,
    0.10156649351119995,
    0.010862670838832855,
    -0.01485438272356987,
    0.03945804759860039,
    0.032907288521528244,
    0.06097712367773056,
    0.00048028709716163576,
    -0.04113094508647919,
    -0.04600098356604576,
    -0.028434794396162033,
    0.014116100035607815,
    -0.0044931164011359215,
    -0.03441344574093819,
    0.1025228425860405,
    -0.06437993049621582,
    -0.02510993555188179,
    0.04238544777035713,
    0.0334167405962944,
    -0.004222714342176914,
    -0.03655612841248512,
    0.06460704654455185,
    0.037029366940259933,
    0.007581181358546019,
    0.09239663183689117,
    -0.0002127375191776082,
    -0.08901525288820267,
    -0.01264298614114523,
    0.047288622707128525,
    0.05462329089641571,
    0.00016800113371573389,
    -0.017969826236367226,
    -0.04451659694314003,
    0.04938942566514015,
    0.010528204962611198,
    0.057401806116104126,
    -0.010784120298922062,
    0.05973054841160774,
    -0.0258830264210701,
    0.06014733016490936,
    -0.014304516837000847,
    0.04320450499653816,
    -0.049657437950372696,
    -0.038947269320487976,
    -0.002171359723433852,
    0.03829098120331764,
    -0.025899425148963928,
    0.0450182668864727,
    0.04292277991771698,
    -0.06089380010962486,
    0.02874685823917389,
    -0.009959187358617783,
    0.08603622764348984,
    0.027216048911213875,
    -0.0755893737077713,
    -0.035852279514074326,
    -0.08663128316402435,
    -0.019801346585154533,
    -0.013617285527288914,
    -0.0003188964328728616,
    -0.016634374856948853,
    0.09077252447605133,
    -0.043098267167806625,
    0.030071452260017395,
    -0.01622902974486351,
    -0.021317176520824432,
    -0.043847016990184784,
    -0.029502587392926216,
    -0.005332276225090027,
    -0.027138248085975647,
    0.00296018342487514,
    -7.254666976539414e-33,
    -0.000010166287211177405,
    0.031635481864213943,
    0.025950325652956963,
    0.04315020516514778,
    0.0897488221526146,
    0.03257889673113823,
    0.02102179452776909,
    0.00855169165879488,
    0.0026038780342787504,
    -0.03490389883518219,
    -0.10705294460058212,
    -0.01133425347507,
    0.030283600091934204,
    -0.011067456565797329,
    -0.0697077214717865,
    0.08051878958940506,
    0.0532001368701458,
    0.053919341415166855,
    -0.028179122135043144,
    -0.09592075645923615,
    -0.06827674061059952,
    0.05692629888653755,
    0.011519171297550201,
    0.0008179445285350084,
    0.07294327765703201,
    0.04177036136388779,
    -0.00038955334457568824,
    -0.09414849430322647,
    0.013653515838086605,
    0.08015570044517517,
    -0.03612038493156433,
    -0.15418346226215363,
    -0.026127636432647705,
    -0.00007672489300603047,
    -0.025882801041007042,
    -0.03524855524301529,
    0.03808606415987015,
    0.058128610253334045,
    0.010045197792351246,
    -0.007610747124999762,
    0.05108218640089035,
    -0.04122787341475487,
    0.007853797636926174,
    -0.025671549141407013,
    0.036586944013834,
    0.02037944830954075,
    -0.000834205886349082,
    -0.060723721981048584,
    0.07596806436777115,
    0.04427531361579895,
    -0.03795420378446579,
    0.11185609549283981,
    -0.10716939717531204,
    -0.014891368336975574,
    0.05208490043878555,
    0.03864637762308121,
    0.01271592453122139,
    -0.049431439489126205,
    -0.05998228117823601,
    -0.07968395948410034,
    -0.11142992228269577,
    0.014966316521167755,
    -0.020582279190421104,
    0.00181102124042809,
    0.03174624964594841,
    -0.022438716143369675,
    -0.027062369510531425,
    -0.01880103163421154,
    -0.06353628635406494,
    0.007976225577294827,
    -0.0009947688085958362,
    0.03637172654271126,
    0.04563684016466141,
    -0.041197244077920914,
    -0.07924925535917282,
    -0.017961561679840088,
    -0.054537881165742874,
    -0.04420804604887962,
    0.021449992433190346,
    0.0732266753911972,
    0.01677795499563217,
    -0.013570175506174564,
    0.012007969431579113,
