{
  "id": 585,
  "vector": [
    -0.01673790253698826,
    -0.007161989342421293,
    0.0024512149393558502,
    0.02720789611339569,
    -0.0228625126183033,
    0.05288524180650711,
    0.09389440715312958,
    0.058561913669109344,
    -0.010852223262190819,
    -0.012115292251110077,
    -0.017299480736255646,
    -0.07774581015110016,
    0.025413548573851585,
    -0.06862773001194,
    -0.0036634718999266624,
    0.03848222643136978,
    0.0416175052523613,
    0.017974555492401123,
    -0.146664097905159,
    -0.025754503905773163,
    0.06592091917991638,
    -0.03322400525212288,
    0.04906086251139641,
    -0.021610457450151443,
    -0.047876376658678055,
    0.07378848642110825,
    0.036101698875427246,
    -0.04287220910191536,
    0.006341113708913326,
    -0.003638856578618288,
    -0.06681335717439651,
    0.01907069981098175,
    -0.022995634004473686,
    -0.035734858363866806,
    0.04450945556163788,
    -0.06547237187623978,
    -0.04748892784118652,
    0.004688495770096779,
    0.05296476185321808,
    -0.007949798367917538,
    0.02828463539481163,
    0.05542823299765587,
    0.03217426687479019,
    0.0025733071379363537,
    -0.08753097057342529,
    -0.06684236973524094,
    -0.014086722396314144,
    0.04338875040411949,
    0.00550661189481616,
    -0.020803650841116905,
    0.013586203567683697,
    0.06026839837431908,
    -0.1278175413608551,
    -0.004389302339404821,
    0.09953577071428299,
    -0.09051274508237839,
    -0.02468794584274292,
    -0.027845162898302078,
    -0.0224466472864151,
    0.05519275739789009,
    -0.049961186945438385,
    -0.019128108397126198,
    -0.006422048434615135,
    0.03955835476517677,
    0.05100557580590248,
    0.022851265966892242,
    -0.02478816732764244,
    -0.007826033979654312,
    -0.043744657188653946,
    0.03388553857803345,
    -0.05203447490930557,
    0.05778132751584053,
    0.01988990791141987,
    0.06727439910173416,
    0.006496842484921217,
    -0.030021587386727333,
    0.027474913746118546,
    -0.04441145062446594,
    -0.029566191136837006,
    -0.029711345210671425,
    -0.06615585088729858,
    -0.04514757916331291,
    -0.023844851180911064,
    0.018758900463581085,
    0.01817016862332821,
    -0.05950358882546425,
    0.007064443081617355,
    0.06980454921722412,
    0.005353518761694431,
    -0.01442688051611185,
    -0.016356363892555237,
    0.012319023720920086,
    -0.0050755697302520275,
    -0.04811441898345947,
    -0.08944924920797348,
    0.02747930958867073,
    -0.06663065403699875,
    -0.09045644849538803,
    0.06095631793141365,
    0.006743208039551973,
    0.10395430773496628,
    -0.04760336875915527,
    0.11079777032136917,
    -0.08200962841510773,
    -0.0034210330341011286,
    -0.010366708971560001,
    -0.03621503710746765,
    0.07454100251197815,
    0.07573943585157394,
    0.05373688042163849,
    -0.02001630887389183,
    -0.020479746162891388,
    -0.030280591920018196,
    -0.02495281584560871,
    -0.0013128280406817794,
    0.0368381068110466,
    0.05808885022997856,
    -0.03588602691888809,
    0.06953825056552887,
    -0.06445696204900742,
    0.0717586800456047,
    -0.03141830489039421,
    0.056849610060453415,
    -0.063414566218853,
    -0.10898838937282562,
    0.05549173057079315,
    -0.02112124301493168,
    2.496575330032846e-33,
    -0.038494933396577835,
    -0.04920068383216858,
    0.12136565148830414,
    0.012871681712567806,
    -0.04872220382094383,
    0.008124466985464096,
    0.026763705536723137,
    -0.041403383016586304,
    0.02675899676978588,
    0.018802447244524956,
    -0.03129243105649948,
    0.07577140629291534,
    -0.01724618673324585,
    0.05383977293968201,
    -0.008891604840755463,
    -0.0665915235877037,
    -0.006466901395469904,
    0.01944837160408497,
    -0.0016655244398862123,
    0.01980574056506157,
    -0.04612147435545921,
    0.07514489442110062,
    0.00004169727981206961,
    0.0384402796626091,
    -0.05756271257996559,
    -0.0026755272410809994,
    0.07757972180843353,
    0.005494646728038788,
    0.02171141467988491,
    -0.017105786129832268,
    0.0880407840013504,
    0.0029688857030123472,
    -0.03819825500249863,
    -0.06022043898701668,
    -0.03893101215362549,
    -0.007369479164481163,
    -0.04267384856939316,
    -0.016976632177829742,
    0.03963185474276543,
    -0.06493430584669113,
    0.047489676624536514,
    0.0018127092625945807,
    0.015179408714175224,
    0.03283808007836342,
    -0.03494054824113846,
    0.04013090208172798,
    0.052331700921058655,
    -0.03937683254480362,
    0.06323777884244919,
    -0.014273646287620068,
    0.013866455294191837,
    -0.03610920161008835,
    0.05953467637300491,
    0.030018238350749016,
    0.056613739579916,
    -0.0057691107504069805,
    0.007529520895332098,
    0.06935243308544159,
    -0.021759014576673508,
    0.09170709550380707,
    0.004177043680101633,
    0.034196920692920685,
    -0.013977479189634323,
    0.05509469285607338,
    -0.009291714057326317,
    -0.021301887929439545,
    -0.07308412343263626,
    0.010052109137177467,
    -0.017011908814311028,
    -0.01879935897886753,
    -0.0032418391201645136,
    -0.007958048023283482,
    0.13236898183822632,
    -0.046173349022865295,
    0.03368851915001869,
    -0.011258170939981937,
    0.06685125082731247,
    0.06433332711458206,
    -0.06765841692686081,
    0.04777875915169716,
    -0.0006288150907494128,
    -0.009137535467743874,
    0.05062737315893173,
    -0.02187306433916092,
    -0.10323448479175568,
    0.04582015052437782,
    -0.06543269753456116,
    -0.022247878834605217,
    0.027581941336393356,
    -0.02116657793521881,
    0.03526579588651657,
    -0.00982771534472704,
    -0.044120900332927704,
    0.023250330239534378,
    -0.17491514980793,
    -3.61522295772036e-33,
    -0.01568065956234932,
    0.0802244246006012,
    0.04177233204245567,
    0.07658074051141739,
    0.10526693612337112,
    -0.02471351809799671,
    0.11562851071357727,
    0.057891976088285446,
    0.03514019399881363,
    -0.062467630952596664,
    -0.034750957041978836,
    0.03395436331629753,
    0.07836923748254776,
    -0.011269129812717438,
    -0.0886550024151802,
    0.08594612777233124,
    0.03139248862862587,
    0.07334274798631668,
    -0.0095199104398489,
    -0.03336131572723389,
    -0.10428431630134583,
    0.0790456086397171,
    0.07659591734409332,
    0.09683709591627121,
    -0.013381789438426495,
    0.0005100393900647759,
    0.055030085146427155,
    0.003669251222163439,
    -0.05640372261404991,
    -0.02269711159169674,
    0.060193680226802826,
    -0.09399737417697906,
    0.03008914738893509,
    0.019473638385534286,
    -0.035634174942970276,
    -0.12209832668304443,
    0.10147427022457123,
    -0.05060259625315666,
    -0.03319069370627403,
    0.08319409191608429,
    -0.05830128490924835,
    -0.020683404058218002,
    0.027850782498717308,
    0.025348711758852005,
    -0.02503843791782856,
    -0.040284663438797,
    -0.004938543774187565,
    -0.03562496602535248,
    -0.02829441986978054,
    0.01903347857296467,
    -0.04994375631213188,
    0.015432129614055157,
    -0.05114980414509773,
    -0.050572991371154785,
    -0.02518193982541561,
    -0.006492359563708305,
    -0.004252042155712843,
    0.07670038193464279,
    0.05474062263965607,
    0.08606086671352386,
    -0.012913497164845467,
    -0.00304148206487298,
    0.03472946211695671,
    0.03957828879356384,
    0.028979400172829628,
    -0.00942301657050848,
    0.00337536190636456,
    -0.06839928776025772,
    -0.04416997358202934,
    -0.0047087217681109905,
    0.07688556611537933,
    0.0248047336935997,
    -0.01903941109776497,
    -0.031860191375017166,
    0.10242565721273422,
    0.06276188790798187,
    0.05533849820494652,
    -0.05900272727012634,
    -0.04490962252020836,
    0.054681237787008286,
    -0.04382609948515892,
    0.04201561212539673,
    -0.019202684983611107,
    0.08942513912916183,
