{
  "id": 274,
  "vector": [
    0.02288941852748394,
    0.007588584441691637,
    -0.04514278471469879,
    0.0395711325109005,
    -0.05838422849774361,
    0.035735584795475006,
    0.0119082722812891,
    0.06033363193273544,
    0.030081532895565033,
    -0.10265935212373734,
    0.023742077872157097,
    -0.020745661109685898,
    -0.027599485591053963,
    0.04386653006076813,
    0.012630936689674854,
    -0.028820358216762543,
    -0.002892119577154517,
    0.015990206971764565,
    -0.0993572324514389,
    0.02413562312722206,
    0.023193923756480217,
    -0.052808694541454315,
    -0.019999878481030464,
    0.033796437084674835,
    0.03322480618953705,
    -0.02353069745004177,
    0.039249107241630554,
    -0.045663829892873764,
    -0.04615510255098343,
    -0.07578236609697342,
    0.014297351241111755,
    0.014455909840762615,
    0.052623458206653595,
    0.013796187937259674,
    0.004821204114705324,
    -0.06199244037270546,
    0.028204411268234253,
    -0.04150441661477089,
    0.12960077822208405,
    -0.002568159718066454,
    0.06772834062576294,
    0.06388526409864426,
    0.06736154109239578,
    0.07527318596839905,
    -0.028466342017054558,
    0.009561790153384209,
    -0.05926932021975517,
    0.06956632435321808,
    0.04455560818314552,
    -0.015996158123016357,
    -0.06386401504278183,
    -0.026746563613414764,
    -0.10352659225463867,
    -0.011132935993373394,
    0.09527985751628876,
    -0.09539257735013962,
    0.010064942762255669,
    -0.0580935962498188,
    0.006236848887056112,
    0.03700441122055054,
    0.02379702962934971,
    -0.014499623328447342,
    0.024884922429919243,
    0.03723866865038872,
    -0.03712419420480728,
    -0.014849232509732246,
    -0.0948028564453125,
    0.0647369995713234,
    -0.09490276128053665,
    0.02209700271487236,
    -0.06388260424137115,
    0.07362396270036697,
    0.00006134522118372843,
    -0.045740216970443726,
    -0.07390548288822174,
    -0.045536331832408905,
    -0.011303124018013477,
    -0.04714873060584068,
    -0.041866037994623184,
    0.10569044202566147,
    -0.08957459777593613,
    0.006252633407711983,
    -0.10567466914653778,
    0.07359398156404495,
    0.016474438831210136,
    -0.025943029671907425,
    0.042712438851594925,
    0.029637467116117477,
    -0.06230258569121361,
    0.011835909448564053,
    -0.0774977058172226,
    0.03349320590496063,
    0.06372638791799545,
    -0.042519327253103256,
    -0.09021008014678955,
    -0.003411650424823165,
    -0.010867933742702007,
    -0.032545920461416245,
    0.07592210918664932,
    -0.0316796600818634,
    0.02725854143500328,
    0.015122166834771633,
    0.18133006989955902,
    -0.12668076157569885,
    -0.043536316603422165,
    0.03115817718207836,
    -0.030268920585513115,
    0.02021212689578533,
    0.09852665662765503,
    0.04214591905474663,
    -0.025979086756706238,
    -0.03809451311826706,
    -0.06291338801383972,
    0.02690158411860466,
    -0.01848563365638256,
    0.005275193136185408,
    0.040714606642723083,
    0.01842842809855938,
    0.025696611031889915,
    0.04829418659210205,
    0.06482794135808945,
    0.006046589929610491,
    0.057689908891916275,
    -0.018105804920196533,
    -0.09126710891723633,
    0.004360945429652929,
    0.05007273331284523,
    2.637234433039264e-33,
    -0.06947433203458786,
    -0.03731897473335266,
    -0.0068755075335502625,
    0.08571020513772964,
    0.054498061537742615,
    -0.0023838214110583067,
    0.002832594560459256,
    -0.027177752926945686,
    0.06495130807161331,
    0.05816192924976349,
    -0.0734533965587616,
    0.017669659107923508,
    -0.02469199150800705,
    0.0563688725233078,
    -0.04847611486911774,
    -0.06431782990694046,
    0.017344053834676743,
    -0.007442618254572153,
    0.009789450094103813,
    -0.08574196696281433,
    -0.0710979625582695,
    -0.030660783872008324,
    -0.029725082218647003,
    0.00037720476393587887,
    -0.1348746120929718,
    0.007577097974717617,
    0.030146924778819084,
    -0.004494573455303907,
    0.05654384568333626,
    0.003938807640224695,
    0.08143782615661621,
    0.022673897445201874,
    -0.03979114070534706,
    0.015484493225812912,
    0.03635530173778534,
    -0.04008365795016289,
    0.004396315664052963,
    -0.016735084354877472,
    0.11753256618976593,
    -0.039336252957582474,
    0.03939000144600868,
    0.027500871568918228,
    0.07381687313318253,
    0.04730316251516342,
    -0.04712788388133049,
    0.017140785232186317,
    0.018546821549534798,
    0.0136518320068717,
    0.09815867245197296,
    0.037333063781261444,
    -0.10273884981870651,
    0.017371350899338722,
    0.03895724564790726,
    -0.005250503774732351,
    0.046534474939107895,
    -0.06128081679344177,
    -0.062280941754579544,
    0.061832766979932785,
    -0.007075406610965729,
    0.06490589678287506,
    -0.020759472623467445,
    0.08081109076738358,
    -0.02208854630589485,
    0.003580561140552163,
    -0.05841788649559021,
    0.07127000391483307,
    -0.07545027881860733,
    -0.05394198000431061,
    0.008761594071984291,
    -0.06066427752375603,
    0.008474312722682953,
    -0.018528277054429054,
    0.04315900057554245,
    -0.028128471225500107,
    0.019147038459777832,
    0.0022042295895516872,
    0.11908731609582901,
    0.019976625218987465,
    -0.0452435202896595,
    -0.001526672625914216,
    -0.10663378238677979,
    -0.009432924911379814,
    0.0002118498960044235,
    0.0130491117015481,
    -0.04356575012207031,
    0.05105147883296013,
    -0.019590826705098152,
    0.0010756799019873142,
    0.013623855076730251,
    -0.025632603093981743,
    -0.004814120475202799,
    -0.019914953038096428,
    -0.01390717551112175,
    -0.029297059401869774,
    0.0055242786183953285,
    -3.602692555282579e-33,
    0.01840372197329998,
    -0.03505963832139969,
    0.05440593510866165,
    -0.021701250225305557,
    0.07775956392288208,
    -0.0019753454253077507,
    0.024462172761559486,
    0.011907052248716354,
    0.02287200652062893,
    -0.03983362764120102,
    -0.0973438173532486,
    0.03242627903819084,
    0.007211714517325163,
    0.019715983420610428,
    -0.04322504997253418,
    0.13397528231143951,
    0.07312411814928055,
    0.014630691148340702,
    -0.009958918206393719,
    -0.0840664803981781,
    -0.05271698907017708,
    0.035964235663414,
    -0.022370420396327972,
    0.05655878782272339,
    0.04614879563450813,
    0.05259773135185242,
    0.035289790481328964,
    -0.06494054943323135,
    0.055388953536748886,
    0.07114103436470032,
    0.06789617985486984,
    -0.14017754793167114,
    0.0013212563935667276,
    0.008365062065422535,
    -0.08308104425668716,
    -0.03569991514086723,
    0.06392864137887955,
    -0.020879212766885757,
    0.030942164361476898,
    0.04466383159160614,
    0.03252290561795235,
    -0.035848114639520645,
    -0.022943424060940742,
    0.029766827821731567,
    0.039105743169784546,
    -0.006580356042832136,
    0.03080112673342228,
    -0.07992950826883316,
    0.008843744173645973,
    0.046058882027864456,
    -0.006746974308043718,
    0.05293026566505432,
    -0.10179006308317184,
    0.012733923271298409,
    0.01696002297103405,
    0.047818880528211594,
    0.06479093432426453,
    0.027738455682992935,
    -0.00227430765517056,
    -0.1076323390007019,
    -0.07504288852214813,
    0.0013027909444645047,
    -0.012253607623279095,
    -0.040110837668180466,
    -0.02756544202566147,
    -0.029769698157906532,
    0.00900417659431696,
    -0.03048590011894703,
    -0.03627412021160126,
    0.0265287347137928,
    0.0455503985285759,
    0.08234236389398575,
    0.014489167369902134,
    -0.07385795563459396,
    -0.06267703324556351,
    0.020504141226410866,
    -0.03915023431181908,
    -0.07332724332809448,
    -0.016495201736688614,
    0.017230307683348656,
    -0.011525718495249748,
    0.017741117626428604,
    -0.05782045051455498,
