{
  "id": 288,
  "vector": [
    0.03140419349074364,
    -0.022679969668388367,
    -0.07240608334541321,
    -0.006044639274477959,
    -0.03364181891083717,
    0.012317938730120659,
    0.0007832464179955423,
    0.08457139134407043,
    0.005963342264294624,
    -0.061905473470687866,
    0.019487712532281876,
    -0.040489573031663895,
    -0.032414618879556656,
    0.018617793917655945,
    0.004472402390092611,
    -0.027398116886615753,
    -0.0011959780240431428,
    -0.004936794750392437,
    -0.10872463881969452,
    -0.02610144019126892,
    0.02103067934513092,
    -0.1007651686668396,
    0.026786167174577713,
    0.0124648567289114,
    0.01423253957182169,
    -0.004897440318018198,
    0.0014709741808474064,
    -0.0018519437871873379,
    0.008946903049945831,
    -0.08781103044748306,
    0.009641462005674839,
    0.05543241277337074,
    0.021444303914904594,
    -0.028641492128372192,
    0.023908453062176704,
    -0.10602986812591553,
    0.02833651565015316,
    -0.024667242541909218,
    0.11689804494380951,
    -0.007968359626829624,
    0.08068025857210159,
    0.03832268714904785,
    0.06310964375734329,
    0.08524611592292786,
    -0.024147363379597664,
    -0.023320630192756653,
    -0.05046718940138817,
    0.07876879721879959,
    0.07178010046482086,
    0.016737213358283043,
    0.0011206987546756864,
    0.03806339576840401,
    -0.10559630393981934,
    -0.022558771073818207,
    0.032475754618644714,
    -0.06644781678915024,
    -0.029508128762245178,
    0.0011427364079281688,
    0.005313612520694733,
    0.06641038507223129,
    0.022061705589294434,
    0.017268938943743706,
    0.03765211999416351,
    0.04013651981949806,
    -0.03353235870599747,
    -0.0003086284559685737,
    -0.1019163578748703,
    0.056311942636966705,
    -0.08357302844524384,
    0.04043326899409294,
    -0.05041055753827095,
    0.04625844210386276,
    -0.026299957185983658,
    -0.015941930934786797,
    -0.04846617579460144,
    0.008215042762458324,
    0.033681388944387436,
    -0.054593611508607864,
    -0.05673200637102127,
    0.12136874347925186,
    -0.13013294339179993,
    0.0384025014936924,
    -0.0631391629576683,
    0.04557768628001213,
    0.0241797287017107,
    -0.04852687567472458,
    0.01258959248661995,
    0.053186818957328796,
    -0.07261353731155396,
    -0.04466840252280235,
    -0.05456715077161789,
    0.030790865421295166,
    0.08112175017595291,
    -0.06389307230710983,
    -0.09766485542058945,
    0.015154818072915077,
    0.03133983537554741,
    -0.01878989301621914,
    0.06662146747112274,
    -0.012748335488140583,
    -0.0030355830676853657,
    0.022128187119960785,
    0.1030493751168251,
    -0.09654547274112701,
    -0.05753212049603462,
    0.01717284880578518,
    -0.03734048083424568,
    0.010723652318120003,
    0.06456271559000015,
    -0.015163082629442215,
    -0.037601932883262634,
    -0.007355166599154472,
    -0.045156076550483704,
    0.03125741705298424,
    0.009369856677949429,
    -0.025559570640325546,
    0.02553587220609188,
    -0.005531024187803268,
    0.031705014407634735,
    0.042215220630168915,
    0.06515706330537796,
    0.023007279261946678,
    0.0023689791560173035,
    -0.030983617529273033,
    -0.0882967934012413,
    -0.020914720371365547,
    0.08988142013549805,
    3.9081377828460426e-33,
    -0.12162285298109055,
    -0.0592835508286953,
    0.012103344313800335,
    0.05831262469291687,
    0.0651661604642868,
    -0.02978365309536457,
    0.04136693850159645,
    -0.00988690834492445,
    0.019441545009613037,
    0.10703655332326889,
    -0.023143207654356956,
    -0.0023185673635452986,
    -0.013341551646590233,
    0.04434085637331009,
    -0.06713242083787918,
    -0.08698815852403641,
    0.047739386558532715,
    -0.005509204231202602,
    -0.03108356148004532,
    -0.11553321033716202,
    -0.07715054601430893,
    -0.0026845517568290234,
    0.002049175091087818,
    -0.006636358331888914,
    -0.08750174939632416,
    0.025264151394367218,
    0.022723129019141197,
    0.014400503598153591,
    0.06956766545772552,
    0.02913711778819561,
    0.058986514806747437,
    0.006627060007303953,
    -0.01101435162127018,
    0.004615980666130781,
    -0.036039989441633224,
    -0.04827096685767174,
    -0.004686064552515745,
    -0.035558030009269714,
    0.17418187856674194,
    -0.034889593720436096,
    -0.011498378589749336,
    0.054956160485744476,
    0.08623633533716202,
    0.042909927666187286,
    -0.08633353561162949,
    0.02895721048116684,
    0.05109837278723717,
    -0.0013611720642074943,
    0.09805735945701599,
    -0.02056237868964672,
    -0.10145983844995499,
    0.005577520467340946,
    0.10121574252843857,
    0.0021670544520020485,
    0.08377940207719803,
    -0.013068370521068573,
    -0.06843717396259308,
    0.023381102830171585,
    -0.023476479575037956,
    0.051451586186885834,
    0.03903733566403389,
    0.05331437662243843,
    -0.07232396304607391,
    0.024730363860726357,
    -0.023455150425434113,
    0.0828532725572586,
    -0.04507282003760338,
    -0.05333650857210159,
    0.049192074686288834,
    -0.015564793720841408,
    -0.025625353679060936,
    0.03427119925618172,
    -0.00660970201715827,
    -0.03150986135005951,
    0.0724341943860054,
    0.0036028155591338873,
    0.11932539194822311,
    0.050047554075717926,
    -0.037082258611917496,
    -0.029057949781417847,
    -0.10100379586219788,
    0.01663786731660366,
    0.04166603088378906,
    0.02327009290456772,
    0.001493975636549294,
    0.04058832302689552,
    -0.07112511247396469,
    0.03680966794490814,
    -0.013651064597070217,
    -0.018902409821748734,
    -0.019507979974150658,
    0.0026636365801095963,
    -0.01665654592216015,
    -0.02116192877292633,
    -0.007681022398173809,
    -4.3563431258970265e-33,
    0.012070564553141594,
    0.050885409116744995,
    0.019599081948399544,
    -0.01838894933462143,
    0.04729452729225159,
    0.04374497011303902,
    0.05922418087720871,
    0.008206148631870747,
    0.02766411378979683,
    -0.0322909839451313,
    -0.0794331505894661,
    0.02391989715397358,
    0.002122364705428481,
    -0.045842260122299194,
    -0.06673187017440796,
    0.09956607222557068,
    0.06839821487665176,
    0.01671888679265976,
    -0.012113070115447044,
    -0.09695673733949661,
    -0.09294690936803818,
    0.05017462000250816,
    -0.026438040658831596,
    0.003818622324615717,
    0.03936642408370972,
    -0.0020202617160975933,
    0.021341610699892044,
    -0.08948157727718353,
    0.03630557283759117,
    0.07930425554513931,
    0.04690733924508095,
    -0.14581744372844696,
    0.023413540795445442,
    -0.012178191915154457,
    -0.05672387406229973,
    -0.08922431617975235,
    0.07451838999986649,
    -0.02249504067003727,
    0.0160223376005888,
    0.04781831428408623,
    0.07366835325956345,
    -0.046068452298641205,
    0.0058001866564154625,
    -0.007357842288911343,
    0.050540901720523834,
    -0.02462724968791008,
    -0.006169428583234549,
    -0.059225212782621384,
    0.01329360343515873,
    0.06055271998047829,
    -0.009682594798505306,
    0.051898807287216187,
    -0.08304811269044876,
    -0.008217412047088146,
    0.03008078970015049,
    0.07323163002729416,
    0.06850425153970718,
    -0.027772879227995872,
    -0.015050851739943027,
    -0.08728372305631638,
    -0.0634465217590332,
    -0.0038206849712878466,
    -0.050494659692049026,
    -0.0068500470370054245,
    0.03047874942421913,
    -0.009734476916491985,
    -0.04120231047272682,
    -0.01587509550154209,
    -0.03532952815294266,
    0.025841355323791504,
    0.08007457852363586,
    0.05450958386063576,
    0.03306356444954872,
    -0.05403311178088188,
    -0.05929233506321907,
    0.00789247453212738,
    -0.0661511942744255,
    -0.06346691399812698,
    0.03849737346172333,
    0.043201349675655365,
    -0.053084105253219604,
    0.0038441321812570095,
