{
  "id": 437,
  "vector": [
    -0.07150491327047348,
    0.01571897231042385,
    -0.021796271204948425,
    -0.026905033737421036,
    -0.07794693857431412,
    -0.014605450443923473,
    0.0708838403224945,
    0.05241049826145172,
    -0.05084282532334328,
    -0.05828044191002846,
    0.02319483831524849,
    -0.028038637712597847,
    -0.01434530969709158,
    0.032659001648426056,
    -0.03107173554599285,
    -0.03549013286828995,
    0.024392833933234215,
    0.0554003044962883,
    -0.11145174503326416,
    -0.014011143706738949,
    0.0012623011134564877,
    -0.0120706083253026,
    0.015274010598659515,
    0.042406417429447174,
    0.04137139022350311,
    0.02618313953280449,
    -0.025274217128753662,
    0.006608511321246624,
    0.0020606080070137978,
    -0.055456724017858505,
    -0.03469124436378479,
    0.013231861405074596,
    0.024985695257782936,
    0.012597429566085339,
    0.06318880617618561,
    -0.03150738403201103,
    -0.04590824618935585,
    -0.04698025435209274,
    0.12255364656448364,
    -0.029424462467432022,
    0.009620251134037971,
    0.0006161156925372779,
    0.009887754917144775,
    0.026108531281352043,
    0.009822625666856766,
    -0.027380142360925674,
    -0.09124457836151123,
    0.037798747420310974,
    0.08076055347919464,
    -0.05554947629570961,
    0.04706761613488197,
    0.007783560082316399,
    -0.03182554990053177,
    -0.099726103246212,
    0.07280252873897552,
    -0.06595949083566666,
    -0.07228831946849823,
    0.006561859045177698,
    0.007230836898088455,
    0.04549682140350342,
    0.0573025643825531,
    -0.017326535657048225,
    -0.01972460001707077,
    0.01717320643365383,
    -0.0008018544176593423,
    0.006757211405783892,
    -0.07570994645357132,
    0.0390268974006176,
    -0.0948915109038353,
    0.029305703938007355,
    -0.0008191648521460593,
    0.03619411960244179,
    -0.055129874497652054,
    -0.031865548342466354,
    0.013423428870737553,
    -0.038993798196315765,
    0.06717614829540253,
    -0.12127967178821564,
    -0.060157980769872665,
    0.031951628625392914,
    -0.03515632450580597,
    0.02915104664862156,
    -0.06127864867448807,
    -0.001450744573958218,
    -0.004207868594676256,
    -0.03619123250246048,
    -0.0016366861527785659,
    0.0347042977809906,
    0.015446043573319912,
    0.014908678829669952,
    -0.06633387506008148,
    -0.023406153544783592,
    0.05007956176996231,
    0.02901083417236805,
    -0.08727507293224335,
    -0.009051772765815258,
    0.0011716005392372608,
    -0.04418041557073593,
    0.01939697004854679,
    0.0245759729295969,
    0.039914313703775406,
    0.028234748169779778,
    0.1335073709487915,
    -0.1079363152384758,
    -0.036706991493701935,
    -0.0013901054626330733,
    -0.01493573747575283,
    -0.009586850181221962,
    0.03193441405892372,
    0.04740002378821373,
    -0.04435117915272713,
    0.007980715483427048,
    -0.02606668882071972,
    -0.0198042131960392,
    -0.030633531510829926,
    -0.032367363572120667,
    0.04687390848994255,
    -0.036181770265102386,
    0.02990359626710415,
    0.030854342505335808,
    0.04447059705853462,
    0.037279024720191956,
    0.025843698531389236,
    0.030568214133381844,
    -0.0491919182240963,
    0.06440883129835129,
    0.05917457118630409,
    4.801526346440443e-33,
    -0.032259903848171234,
    0.0007530659204348922,
    0.020023006945848465,
    0.020734338089823723,
    0.06161068379878998,
    -0.041365597397089005,
    0.0725640058517456,
    -0.0072534396313130856,
    0.027401970699429512,
    -0.027666199952363968,
    -0.06145647168159485,
    -0.018211085349321365,
    0.030994875356554985,
    0.10465992242097855,
    -0.062019672244787216,
    -0.034800026565790176,
    -0.00019901061023119837,
    0.07580327242612839,
    -0.00879967212677002,
    0.017891298979520798,
    -0.06360097974538803,
    0.027671461924910545,
    -0.0003822274156846106,
    0.029954498633742332,
    -0.09085406363010406,
    -0.043178535997867584,
    -0.06580280512571335,
    0.010718600824475288,
    -0.022084075957536697,
    0.023711245507001877,
    0.07144492864608765,
    -0.006682302802801132,
    0.022341042757034302,
    0.05047076940536499,
    -0.05262802913784981,
    -0.04408467188477516,
    0.005880381911993027,
    -0.053935181349515915,
    0.10820496082305908,
    -0.05125565081834793,
    0.026544494554400444,
    0.03276034817099571,
    0.00590522401034832,
    0.04403112083673477,
    -0.07456433773040771,
    -0.0011525319423526525,
    0.09547141194343567,
    0.08659891784191132,
    0.04096273332834244,
    0.026417158544063568,
    -0.02497052401304245,
    0.05819062888622284,
    -0.006266094744205475,
    0.016406795009970665,
    0.019518984481692314,
    0.008251551538705826,
    0.02608448453247547,
    0.0016528710257261992,
    0.07785192877054214,
    0.07122892886400223,
    -0.032530754804611206,
    0.12452374398708344,
    -0.005683468654751778,
    0.021543586626648903,
    0.03324195370078087,
    0.033188480883836746,
    -0.0918726697564125,
    -0.012502153404057026,
    -0.015570297837257385,
    0.02781284786760807,
    0.04615478962659836,
    -0.03947368636727333,
    0.024954846128821373,
    0.0019993747118860483,
    0.059861715883016586,
    -0.015604071319103241,
    0.00015124835772439837,
    0.038760360330343246,
    -0.050831589847803116,
    0.07082285732030869,
    -0.08710864186286926,
    0.010915042832493782,
    0.015753766521811485,
    -0.10075747966766357,
    -0.07118077576160431,
    0.026833944022655487,
    -0.017226453870534897,
    0.02881195954978466,
    0.03829358518123627,
    0.047101594507694244,
    0.017775462940335274,
    -0.016439195722341537,
    -0.01047875452786684,
    -0.10062168538570404,
    0.00496431440114975,
    -5.317751670101759e-33,
    0.07473424077033997,
    0.07579907029867172,
    -0.021133312955498695,
    0.007862593978643417,
    0.040382590144872665,
    -0.08719997853040695,
    -0.03771616891026497,
    0.045906536281108856,
    0.03816740959882736,
    -0.03794587776064873,
    -0.011015312746167183,
    -0.05191909149289131,
    0.04555719345808029,
    -0.07365591078996658,
    -0.07915408909320831,
    0.08133400976657867,
    0.010786430910229683,
    0.10089857876300812,
    -0.029018692672252655,
    -0.1109427958726883,
    -0.07409337908029556,
    -0.019698530435562134,
    -0.016188504174351692,
    0.11137755960226059,
    -0.014739101752638817,
    -0.016998156905174255,
    -0.01708216406404972,
    -0.06690220534801483,
    0.006675609853118658,
    0.06654532253742218,
    0.0128891970962286,
    -0.15091601014137268,
    0.029826277866959572,
    0.046810366213321686,
    0.008848940953612328,
    -0.02351919747889042,
    0.049581874161958694,
    0.04763031750917435,
    0.016475418582558632,
    -0.019364632666110992,
    0.021061673760414124,
    0.01638297736644745,
    -0.0004676684329751879,
    0.09468725323677063,
    -0.005631829611957073,
    -0.06844639033079147,
    0.03681501746177673,
    -0.0729614794254303,
    0.03237118571996689,
    0.030808420851826668,
    0.027006562799215317,
    0.03020411729812622,
    -0.0033953781239688396,
    -0.03644784912467003,
    0.01607748121023178,
    0.10026576370000839,
    0.04773605987429619,
    0.01604796014726162,
    0.023059889674186707,
    -0.05972351133823395,
    0.028057970106601715,
    -0.0817822739481926,
    -0.05049853026866913,
    -0.013258391059935093,
    0.05801524221897125,
    -0.08495308458805084,
    -0.03460709750652313,
    -0.07130949199199677,
    -0.04035673290491104,
    0.008774193935096264,
    -0.005647994577884674,
    0.03184165060520172,
    0.08680400997400284,
    -0.02725018374621868,
    -0.08437907695770264,
    0.00246262364089489,
    0.036679718643426895,
    0.055626507848501205,
    0.07975738495588303,
    -0.0371948704123497,
    -0.06143423169851303,
    -0.04159500449895859,
    -0.005515535362064838,
