{
  "id": 896,
  "vector": [
    -0.04839726909995079,
    -0.018733743578195572,
    -0.023517629131674767,
    0.026551589369773865,
    -0.037351977080106735,
    -0.0559469535946846,
    0.12078462541103363,
    0.04548341780900955,
    -0.028776034712791443,
    0.00629105931147933,
    0.041417744010686874,
    -0.02288164384663105,
    -0.026955896988511086,
    -0.08290474861860275,
    0.027563463896512985,
    -0.0582113116979599,
    0.021321037784218788,
    0.013790837489068508,
    -0.11635278910398483,
    -0.07676190137863159,
    0.06206035986542702,
    -0.01789213716983795,
    -0.004838387481868267,
    -0.007119238376617432,
    0.007244865410029888,
    0.04711373150348663,
    0.05827808752655983,
    -0.003219402628019452,
    -0.02684865891933441,
    -0.020283808931708336,
    -0.01536563877016306,
    0.07741110026836395,
    -0.018208587542176247,
    0.014689457602798939,
    0.019345073029398918,
    0.060888759791851044,
    -0.10971494019031525,
    -0.10762407630681992,
    0.10328478366136551,
    0.03948352113366127,
    0.0458354726433754,
    -0.02609013207256794,
    0.07627248018980026,
    0.0232869703322649,
    -0.07578817009925842,
    -0.023063072934746742,
    -0.011736394837498665,
    0.06138148531317711,
    -0.026659533381462097,
    -0.019941922277212143,
    0.0197064857929945,
    0.013653267174959183,
    -0.07898640632629395,
    -0.010412991978228092,
    0.04534877464175224,
    0.007404891774058342,
    -0.11490878462791443,
    -0.0018317409558221698,
    -0.03998904675245285,
    0.057238392531871796,
    -0.002057265257462859,
    0.014999731443822384,
    -0.04257439449429512,
    -0.0070202285423874855,
    -0.01434747502207756,
    0.02627710811793804,
    -0.04034740477800369,
    -0.059317588806152344,
    0.015117027796804905,
    0.03433869034051895,
    -0.02988882176578045,
    0.08246132731437683,
    -0.005735174752771854,
    0.04400203377008438,
    -0.04362478852272034,
    -0.02470802143216133,
    0.10111735761165619,
    -0.07381804287433624,
    0.0004568570002447814,
    0.008561293594539165,
    -0.013045595027506351,
    -0.00875122845172882,
    0.02085721865296364,
    0.021831264719367027,
    0.004494138062000275,
    -0.06133963540196419,
    0.014749271795153618,
    0.03283778578042984,
    0.012243951670825481,
    0.01930980570614338,
    0.08657535910606384,
    0.04155861958861351,
    0.001018521492369473,
    0.03278486430644989,
    -0.13716384768486023,
    0.07765838503837585,
    0.02126690000295639,
    -0.08052588254213333,
    -0.02316313236951828,
    -0.008800036273896694,
    0.009634435176849365,
    -0.0507320761680603,
    0.021515002474188805,
    -0.0954618975520134,
    0.009455128572881222,
    0.015595570206642151,
    0.04348842054605484,
    -0.02178342454135418,
    -0.01738106645643711,
    0.1009509339928627,
    -0.08658818900585175,
    -0.015780353918671608,
    0.0035532559268176556,
    -0.06448790431022644,
    -0.034200940281152725,
    0.013562400825321674,
    0.04805440083146095,
    0.014756849966943264,
    0.030871393159031868,
    -0.04937073215842247,
    0.0026357537135481834,
    0.002200988121330738,
    0.08436597138643265,
    0.029025407508015633,
    -0.07154463231563568,
    0.054774265736341476,
    -0.0020499173551797867,
    4.9086928603270495e-33,
    -0.0705670416355133,
    -0.0027911884244531393,
    0.0027836160734295845,
    0.050094787031412125,
    0.0032775576692074537,
    -0.04144063964486122,
    -0.009942062199115753,
    -0.03549962118268013,
    -0.05677349865436554,
    0.008152085356414318,
    -0.09819713234901428,
    0.04625984653830528,
    -0.0618777796626091,
    0.12742851674556732,
    0.013065061531960964,
    0.0019320390420034528,
    -0.04159973934292793,
    0.04073484614491463,
    0.02656494826078415,
    -0.031059542670845985,
    -0.09544140845537186,
    0.0824723020195961,
    0.10591927170753479,
    0.03017476201057434,
    -0.04051841422915459,
    0.05563298612833023,
    0.024346468970179558,
    -0.03167887404561043,
    0.02437671832740307,
    0.044642191380262375,
    0.0891985148191452,
    0.03414810448884964,
    -0.05623733624815941,
    0.007553905248641968,
    -0.05589642748236656,
    0.07434684783220291,
    -0.025080345571041107,
    0.007447864394634962,
    -0.02380022406578064,
    0.015502727590501308,
    0.03279101848602295,
    -0.015710528939962387,
    0.06745755672454834,
    0.047064159065485,
    -0.03381742164492607,
    0.05126953125,
    -0.006269068922847509,
    -0.030213743448257446,
    0.04332369938492775,
    0.007127281744033098,
    -0.0314350426197052,
    0.0118893226608634,
    0.008259124122560024,
    0.06779580563306808,
    0.03442718833684921,
    -0.021902302280068398,
    0.08284448087215424,
    0.0648326426744461,
    0.04252833127975464,
    0.06278542429208755,
    -0.05632389709353447,
    -0.004947128240019083,
    0.008930553682148457,
    -0.040722090750932693,
    0.01135548297315836,
    0.03471797704696655,
    -0.0836135596036911,
    -0.10380026698112488,
    -0.022703956812620163,
    -0.024781256914138794,
    0.06326260417699814,
    0.011938597075641155,
    0.09398200362920761,
    -0.007505206856876612,
    0.015846004709601402,
    -0.0237846951931715,
    0.059323761612176895,
    0.027620110660791397,
    -0.01677025482058525,
    0.061286911368370056,
    -0.042557138949632645,
    -0.007110072765499353,
    0.05553692579269409,
    -0.03619253262877464,
    -0.09060214459896088,
    -0.046401798725128174,
    -0.06364411860704422,
    0.06411074101924896,
    0.03963935747742653,
    0.04204101487994194,
    -0.060218315571546555,
    -0.038540326058864594,
    0.0005675810971297324,
    -0.02331668697297573,
    -0.07651648670434952,
    -4.411097285416344e-33,
    -0.010106909088790417,
    0.05708208680152893,
    -0.07372808456420898,
    0.17408272624015808,
    -0.026548651978373528,
    -0.03895847871899605,
    0.04184335842728615,
    0.021867617964744568,
    -0.00701349088922143,
    -0.036891501396894455,
    0.015091292560100555,
    -0.06488396227359772,
    -0.004371424205601215,
    -0.05023849010467529,
    -0.012120742350816727,
    0.023426204919815063,
    0.022407671436667442,
    0.08712093532085419,
    -0.03747980296611786,
    -0.07259544730186462,
    -0.05489039048552513,
    0.009800855070352554,
    0.02779817208647728,
    0.12181825190782547,
    -0.026737043634057045,
    -0.024946006014943123,
    0.06487050652503967,
    -0.008927378803491592,
    -0.028390027582645416,
    0.031981632113456726,
    0.0850505605340004,
    -0.09203046560287476,
    0.023961706086993217,
    0.01195873785763979,
    -0.04403337463736534,
    -0.036899156868457794,
    0.050328075885772705,
    0.019644800573587418,
    -0.008367781527340412,
    0.04261574521660805,
    0.09979815036058426,
    -0.03307938948273659,
    0.007036230061203241,
    -0.01799800992012024,
    -0.010447993874549866,
    -0.04503960534930229,
    -0.005372229963541031,
    -0.09197067469358444,
    0.001711475313641131,
    0.024244723841547966,
    0.09645181149244308,
    -0.024484742432832718,
    -0.03156820684671402,
    -0.007446728181093931,
    0.025052819401025772,
    0.07977257668972015,
    -0.0626755878329277,
    0.009016357362270355,
    0.032501813024282455,
    -0.0959162637591362,
    -0.029457079246640205,
    -0.07361529767513275,
    -0.014989759773015976,
    -0.008458948694169521,
    0.06268825381994247,
    0.035413190722465515,
    -0.010149740613996983,
    -0.02745535410940647,
    0.03305688872933388,
    0.019412891939282417,
    0.030161309987306595,
    -0.04742131754755974,
    0.012154737487435341,
    -0.058241672813892365,
    0.09374529868364334,
    -0.016341986134648323,
    -0.005818632896989584,
    0.008669618517160416,
    0.11662355810403824,
    -0.011976010166108608,
    -0.10428620874881744,
    -0.009144101291894913,
    -0.02222088724374771,
