{
  "id": 1037,
  "vector": [
    -0.03373536840081215,
    0.0021865491289645433,
    -0.01267987210303545,
    0.047386687248945236,
    -0.060951437801122665,
    0.013258435763418674,
    0.0606469102203846,
    0.075902059674263,
    -0.01523630227893591,
    -0.03267514705657959,
    0.04247095435857773,
    -0.08537757396697998,
    0.029691943898797035,
    -0.01732982136309147,
    -0.04936430975794792,
    -0.05864866077899933,
    0.007228396367281675,
    0.06071588769555092,
    -0.13209043443202972,
    -0.05156948044896126,
    0.009267379529774189,
    -0.01892540231347084,
    0.05033249035477638,
    -0.03685138374567032,
    0.006187731400132179,
    0.04818214848637581,
    -0.028756581246852875,
    0.006553487852215767,
    0.014438442885875702,
    -0.018363406881690025,
    0.03742362931370735,
    0.1311090588569641,
    -0.0777239128947258,
    -0.05004921555519104,
    0.015079452656209469,
    -0.00922542903572321,
    -0.13321444392204285,
    0.004082328639924526,
    0.0784144476056099,
    0.0033552770037204027,
    0.04559353366494179,
    -0.021497264504432678,
    0.05611071363091469,
    0.01802724599838257,
    -0.06365413218736649,
    -0.07698327302932739,
    0.007903422228991985,
    0.08120638132095337,
    0.0052072275429964066,
    -0.056546010076999664,
    0.026301974430680275,
    -0.003611824009567499,
    -0.07748932391405106,
    0.012597673572599888,
    -0.009313350543379784,
    -0.06531331688165665,
    0.00435391953215003,
    -0.004344323184341192,
    -0.06802108883857727,
    0.0931248664855957,
    0.008485976606607437,
    0.0000797613975009881,
    -0.09114187955856323,
    0.00813222210854292,
    -0.029259169474244118,
    0.045885227620601654,
    -0.01667284220457077,
    -0.039781708270311356,
    -0.0032798019237816334,
    0.053585659712553024,
    -0.03565485402941704,
    0.007772327866405249,
    0.03219613432884216,
    -0.008712914772331715,
    -0.05685684457421303,
    -0.05588950589299202,
    0.0020716837607324123,
    -0.02484327368438244,
    -0.002120369579643011,
    -0.06184301897883415,
    -0.0422823429107666,
    0.0023005858529359102,
    0.015722258016467094,
    0.020602410659193993,
    -0.011129802092909813,
    -0.005437793675810099,
    0.021168947219848633,
    0.05647999420762062,
    0.02798684686422348,
    0.08114033192396164,
    0.019480811432003975,
    0.04317469149827957,
    -0.0660749226808548,
    -0.04012095183134079,
    -0.08517888933420181,
    0.04159265756607056,
    -0.08517652750015259,
    0.0016517315525561571,
    0.00971671286970377,
    0.005506790708750486,
    0.08155451714992523,
    -0.026659231632947922,
    0.1202990859746933,
    -0.017563937231898308,
    -0.01886308565735817,
    0.00322492397390306,
    -0.006762898061424494,
    0.007822760380804539,
    0.01789606362581253,
    0.0058969659730792046,
    -0.0628446713089943,
    -0.01513500977307558,
    -0.03597632050514221,
    -0.06058891862630844,
    0.04198138043284416,
    0.0025279121473431587,
    0.13751672208309174,
    -0.03490753471851349,
    0.08717656880617142,
    -0.0457916334271431,
    0.0408686138689518,
    -0.020788704976439476,
    0.04290224611759186,
    -0.021603699773550034,
    -0.1067453920841217,
    0.05133598670363426,
    -0.020662793889641762,
    7.090735473109614e-33,
    -0.05630761384963989,
    0.0028492340352386236,
    0.06163632869720459,
    0.019501570612192154,
    -0.014569781720638275,
    0.018459459766745567,
    -0.020495867356657982,
    -0.022162694483995438,
    -0.031446993350982666,
    0.03896516561508179,
    -0.01839679479598999,
    0.06426848471164703,
    -0.06300878524780273,
    0.031819216907024384,
    0.028046786785125732,
    0.01951378770172596,
    0.0063649388030171394,
    0.09697730839252472,
    0.0037534323055297136,
    -0.0733523890376091,
    -0.049582503736019135,
    0.06430458277463913,
    -0.021028196439146996,
    0.0813034325838089,
    -0.05058418586850166,
    0.06708310544490814,
    0.03251050040125847,
    0.007563547231256962,
    -0.02764112502336502,
    0.0049210949800908566,
    0.11471851915121078,
    -0.02580273523926735,
    -0.01883908547461033,
    -0.045620281249284744,
    -0.06458413600921631,
    0.027803076431155205,
    -0.05945612117648125,
    -0.034020550549030304,
    0.05769653245806694,
    -0.07050570100545883,
    0.009650767780840397,
    0.00022870559769216925,
    0.14169259369373322,
    0.05479063093662262,
    -0.08188827335834503,
    0.06305413693189621,
    -0.03678082674741745,
    -0.05768071115016937,
    0.05774524062871933,
    0.03992455080151558,
    0.051297131925821304,
    0.015569253824651241,
    0.0763457715511322,
    0.04445192590355873,
    0.05605287104845047,
    0.07391344755887985,
    -0.018229486420750618,
    0.15598541498184204,
    0.037418678402900696,
    0.055889103561639786,
    -0.02823786437511444,
    0.013837847858667374,
    -0.025898823514580727,
    0.010131018236279488,
    0.05133430287241936,
    0.03528982400894165,
    -0.08937699347734451,
    -0.03587495535612106,
    -0.0290465597063303,
    -0.01358632929623127,
    -0.010959052480757236,
    0.006458991207182407,
    0.0945783331990242,
    -0.005262802354991436,
    0.09268341213464737,
    -0.02723587304353714,
    0.07716207951307297,
    -0.05456876754760742,
    -0.08848986774682999,
    0.13019053637981415,
    -0.08851315081119537,
    0.015099137090146542,
    0.028627825900912285,
    -0.1122187003493309,
    -0.03284195810556412,
    -0.0023373598232865334,
    -0.024127084761857986,
    0.04594321548938751,
    0.012177711352705956,
    -0.002680924255400896,
    0.04163086414337158,
    -0.01625501550734043,
    -0.004990815185010433,
    0.04438120126724243,
    -0.08805976063013077,
    -6.235171011646813e-33,
    -0.007047561462968588,
    0.04498428851366043,
    0.03850862383842468,
    0.03158724308013916,
    -0.011145512573421001,
    -0.0074538360349833965,
    -0.03283761814236641,
    0.0771530494093895,
    -0.03447350859642029,
    -0.050762735307216644,
    -0.015043672174215317,
    0.006654572207480669,
    0.026815233752131462,
    -0.03735573589801788,
    -0.09505786001682281,
    0.04384038597345352,
    0.027678465470671654,
    0.01815055124461651,
    0.010946844704449177,
    -0.0018382454290986061,
    -0.04432903602719307,
    0.08551742881536484,
    0.0576431043446064,
    0.1250009983778,
    -0.09825452417135239,
    -0.04522198066115379,
    0.08411724120378494,
    -0.06309671700000763,
    -0.033794600516557693,
    0.06259007751941681,
    0.10824848711490631,
    -0.11978422850370407,
    -0.011534768156707287,
    0.04407256841659546,
    -0.08029977232217789,
    -0.09330475330352783,
    0.0840771347284317,
    -0.02091068960726261,
    -0.020879551768302917,
    0.02156381867825985,
    0.040828004479408264,
    -0.01433402020484209,
    0.0514860600233078,
    -0.0019374667899683118,
    -0.03551461175084114,
    -0.014524160884320736,
    -0.023940417915582657,
    -0.04922190308570862,
    -0.030125465244054794,
    -0.019739452749490738,
    0.012546406127512455,
    0.014618728309869766,
    -0.08167406171560287,
    -0.04424753412604332,
    -0.004592922516167164,
    -0.0101076140999794,
    -0.04509596526622772,
    0.021106550469994545,
    0.0008263039635494351,
    -0.016154322773218155,
    -0.00624477444216609,
    -0.060380175709724426,
    -0.062458883970975876,
    0.009751096367835999,
    -0.0120403366163373,
    0.04568719491362572,
    -0.04951513558626175,
    0.0033231964334845543,
    -0.021789396181702614,
    0.030050355941057205,
    0.017995968461036682,
    0.08793424069881439,
    -0.06810513138771057,
    -0.023465903475880623,
    0.07103562355041504,
    0.03240416944026947,
    0.10010649263858795,
    -0.03758956864476204,
    0.039956074208021164,
    -0.017985763028264046,
    -0.010514365509152412,
    0.029960714280605316,
    -0.04112080857157707,
