{
  "id": 518,
  "vector": [
    0.01242050901055336,
    0.0340767540037632,
    -0.0654057189822197,
    0.031678687781095505,
    -0.04715676233172417,
    -0.002363915555179119,
    0.12521351873874664,
    0.11306726187467575,
    -0.05539010092616081,
    -0.012126967310905457,
    0.04860726371407509,
    -0.08295086771249771,
    0.003510342678055167,
    -0.04972703754901886,
    0.00795352179557085,
    -0.021674416959285736,
    0.01799442246556282,
    0.004676836542785168,
    -0.080388642847538,
    -0.06610755622386932,
    0.07801422476768494,
    -0.02961919642984867,
    0.0032545779831707478,
    -0.005641930736601353,
    0.0074254837818443775,
    0.002666972577571869,
    0.04717373102903366,
    -0.06504745781421661,
    0.0522659532725811,
    -0.08985386788845062,
    0.02091062068939209,
    0.05319199711084366,
    -0.03207886219024658,
    0.01395659800618887,
    -0.03331088647246361,
    0.017014656215906143,
    -0.07151421904563904,
    -0.03850056231021881,
    -0.009218364953994751,
    -0.030625250190496445,
    0.031774673610925674,
    -0.02873379923403263,
    -0.015159043483436108,
    -0.03521174192428589,
    -0.03255736455321312,
    -0.06597579270601273,
    -0.04773305356502533,
    0.07007091492414474,
    0.024288244545459747,
    -0.0059745735488832,
    -0.0013818389270454645,
    -0.02000783570110798,
    -0.0612335279583931,
    0.057599954307079315,
    0.11819648742675781,
    -0.09075238555669785,
    -0.04909075051546097,
    -0.0232570581138134,
    -0.02234289050102234,
    0.06494328379631042,
    -0.056438691914081573,
    -0.007086478173732758,
    -0.044458501040935516,
    -0.004766376223415136,
    0.03585335612297058,
    0.01633039303123951,
    -0.026484714820981026,
    -0.042848851531744,
    0.0008597232517786324,
    0.005539479199796915,
    -0.060465581715106964,
    -0.045603953301906586,
    -0.0038356254808604717,
    -0.021690640598535538,
    -0.06964030861854553,
    -0.001574994996190071,
    0.07425030320882797,
    0.014206983149051666,
    -0.008143220096826553,
    0.03290143609046936,
    -0.02654845453798771,
    0.014047537930309772,
    0.05787930637598038,
    0.04190705716609955,
    -0.05791458860039711,
    -0.029445325955748558,
    0.0029715620912611485,
    0.06761551648378372,
    0.054475441575050354,
    -0.06558895111083984,
    -0.02357945777475834,
    0.05003613606095314,
    -0.0062401182949543,
    0.021089784801006317,
    -0.09931585192680359,
    -0.019362738355994225,
    -0.06311855465173721,
    -0.028400400653481483,
    0.008028649725019932,
    0.051287755370140076,
    0.013774223625659943,
    0.031904544681310654,
    0.055348899215459824,
    -0.01681007631123066,
    -0.08206988126039505,
    -0.01447571162134409,
    0.059665121138095856,
    -0.008685583248734474,
    0.0012130894465371966,
    0.09784557670354843,
    -0.05092388391494751,
    -0.007456579711288214,
    -0.04465441778302193,
    0.024828236550092697,
    -0.05765831097960472,
    0.05590688809752464,
    0.04595812410116196,
    -0.008314796723425388,
    -0.04333362728357315,
    -0.03813355043530464,
    0.012576334178447723,
    -0.062296684831380844,
    0.04936759173870087,
    -0.0369572676718235,
    -0.07118768244981766,
    0.07062362134456635,
    0.04877614229917526,
    5.0754293871514983e-33,
    -0.059736866503953934,
    0.01612992025911808,
    0.0022385010961443186,
    -0.0027438730467110872,
    0.02076970785856247,
    0.0005849942099303007,
    -0.009015729650855064,
    -0.03075326606631279,
    0.03954605758190155,
    0.017481673508882523,
    -0.07624845206737518,
    0.01461996790021658,
    -0.05912327393889427,
    0.07990067452192307,
    -0.021827738732099533,
    -0.012570759281516075,
    -0.02315393090248108,
    -0.024918941780924797,
    0.10068762302398682,
    0.028297685086727142,
    -0.12769925594329834,
    0.00671211164444685,
    0.040351856499910355,
    -0.00022484769579023123,
    -0.033847108483314514,
    0.0316380076110363,
    0.020496057346463203,
    -0.01708216592669487,
    0.04704521968960762,
    -0.011668032966554165,
    0.15388812124729156,
    0.007718617096543312,
    -0.015434612520039082,
    -0.017560621723532677,
    0.0005529457121156156,
    0.024228382855653763,
    -0.0013632236514240503,
    0.008187881670892239,
    0.051688823848962784,
    0.010191399604082108,
    0.047632668167352676,
    0.05346539989113808,
    0.06867213547229767,
    -0.03694211319088936,
    -0.048722244799137115,
    0.020995745435357094,
    -0.0026284903287887573,
    -0.018435552716255188,
    0.05927882343530655,
    0.039770130068063736,
    0.021720582619309425,
    0.040693655610084534,
    -0.0457025021314621,
    0.1036137118935585,
    0.04061407223343849,
    -0.008914312347769737,
    -0.031713325530290604,
    0.04757968708872795,
    0.07447800040245056,
    0.08788653463125229,
    -0.04481612518429756,
    -0.06277855485677719,
    -0.009582106955349445,
    -0.048498108983039856,
    0.009271405637264252,
    0.07513020187616348,
    -0.08429107069969177,
    -0.010708460584282875,
    0.018695341423153877,
    -0.07991348206996918,
    -0.03389792889356613,
    -0.022507071495056152,
    0.0923694521188736,
    0.01410287618637085,
    -0.025149619206786156,
    -0.028238827362656593,
    0.07534215599298477,
    0.07661112397909164,
    0.0022301869466900826,
    0.09033945202827454,
    0.0025862513575702906,
    0.03631250560283661,
    0.006736234296113253,
    -0.05540067330002785,
    -0.05656023696064949,
    0.01678447797894478,
    -0.04751358926296234,
    -0.01970340684056282,
    0.01582353748381138,
    0.04479699581861496,
    -0.04781073331832886,
    0.000006121272690506885,
    -0.016283337026834488,
    -0.01632472686469555,
    -0.0041048587299883366,
    -5.013380917843344e-33,
    0.035929061472415924,
    0.0386648066341877,
    -0.0247651394456625,
    0.08090586215257645,
    0.12012965977191925,
    0.007178519852459431,
    0.09906738996505737,
    0.023334141820669174,
    0.08978968858718872,
    0.000001119168473451282,
    -0.005784107372164726,
    0.07888548821210861,
    0.06421299278736115,
    0.04293685406446457,
    -0.024512777104973793,
    0.053826604038476944,
    -0.017488250508904457,
    0.1273052990436554,
    -0.07065288722515106,
    -0.050721827894449234,
    -0.08859474956989288,
    0.10093871504068375,
    0.03756469860672951,
    0.006615891586989164,
    0.02817676030099392,
    0.05612977221608162,
    0.048955146223306656,
    0.004883085377514362,
    0.027432726696133614,
    -0.019466543570160866,
    0.09467199444770813,
    -0.11379902809858322,
    -0.02428717352449894,
    -0.017144106328487396,
    -0.020426683127880096,
    -0.04863497614860535,
    0.09777756035327911,
    0.03138100728392601,
    -0.004929558839648962,
    0.06369838863611221,
    -0.0015515966806560755,
    0.05066569149494171,
    0.04117973893880844,
    -0.08182989060878754,
    -0.03167508542537689,
    -0.017197346314787865,
    -0.032138973474502563,
    -0.045376263558864594,
    -0.03766007721424103,
    -0.029610425233840942,
    0.059281740337610245,
    0.05649155378341675,
    -0.07276933640241623,
    -0.003997319843620062,
    -0.038083143532276154,
    0.125562384724617,
    0.027842262759804726,
    0.07083351910114288,
    0.020654095336794853,
    -0.09297637641429901,
    -0.032888393849134445,
    -0.03624763712286949,
    0.008334839716553688,
    -0.030261225998401642,
    -0.0004297981213312596,
    0.017356524243950844,
    -0.047139618545770645,
    -0.017917132005095482,
    0.03420170769095421,
    0.005127512384206057,
    -0.01497134193778038,
    -0.01476383488625288,
    0.05339261144399643,
    -0.05909043923020363,
    0.014356340281665325,
    -0.004517626017332077,
    -0.039742663502693176,
    -0.006228446029126644,
    0.06390567123889923,
    -0.07719480246305466,
    -0.07357639819383621,
    0.039092276245355606,
