{
  "id": 1093,
  "vector": [
    -0.02229655161499977,
    0.0428670309484005,
    -0.06211528927087784,
    0.002605738816782832,
    -0.11756270378828049,
    0.009628321044147015,
    0.10856014490127563,
    0.04233981668949127,
    0.015445700846612453,
    -0.00030025234445929527,
    0.09300745278596878,
    -0.023246528580784798,
    0.03542296588420868,
    -0.013871447183191776,
    -0.07601280510425568,
    -0.06848465651273727,
    0.04886818677186966,
    0.05298556014895439,
    -0.1374979317188263,
    -0.0765182375907898,
    0.030680125579237938,
    -0.05324717238545418,
    0.06353002041578293,
    -0.027802184224128723,
    -0.030343107879161835,
    0.02719535492360592,
    -0.030579235404729843,
    -0.0027148807421326637,
    -0.040246643126010895,
    -0.030143801122903824,
    -0.03315526247024536,
    0.05661030486226082,
    -0.014313284307718277,
    0.0012046179035678506,
    -0.009052444249391556,
    -0.05583496019244194,
    -0.033307578414678574,
    -0.06499642133712769,
    0.027959033846855164,
    0.027681605890393257,
    -0.008208072744309902,
    0.0020034941844642162,
    0.05987442657351494,
    0.058721691370010376,
    0.006789390463382006,
    -0.055597517639398575,
    -0.06318801641464233,
    0.04768610745668411,
    0.0060867732390761375,
    0.025681709870696068,
    -0.05371216684579849,
    0.07302148640155792,
    -0.08044951409101486,
    0.04675338417291641,
    0.05769139155745506,
    -0.05023791640996933,
    -0.02180616185069084,
    0.013999583199620247,
    -0.006298523396253586,
    0.05270795151591301,
    -0.025526341050863266,
    -0.03996982052922249,
    -0.06730401515960693,
    -0.02973875217139721,
    0.010295365005731583,
    0.013235838152468204,
    -0.023234916850924492,
    0.06848740577697754,
    -0.05008699372410774,
    0.04072624072432518,
    -0.014958422631025314,
    0.10932902246713638,
    -0.03880569711327553,
    -0.002610750263556838,
    -0.005537430290132761,
    -0.00659005856141448,
    0.05674036592245102,
    0.018715577200055122,
    -0.09330050647258759,
    0.06896243989467621,
    -0.006764903198927641,
    -0.016769111156463623,
    -0.04385457560420036,
    -0.008380387909710407,
    -0.015615108422935009,
    -0.04656514525413513,
    -0.01174247357994318,
    0.04207884147763252,
    0.03296051546931267,
    -0.07020056992769241,
    0.004963041748851538,
    0.035676538944244385,
    0.01071062870323658,
    -0.01707044616341591,
    -0.05487583950161934,
    0.06631524115800858,
    -0.07407761365175247,
    -0.12652219831943512,
    0.000010624403330439236,
    0.03409090265631676,
    0.03948909044265747,
    0.002450244966894388,
    0.14642731845378876,
    -0.07106533646583557,
    -0.06129441410303116,
    0.002319775987416506,
    -0.014264585450291634,
    0.09386052936315536,
    0.0006373438518494368,
    0.07778289914131165,
    0.016848841682076454,
    -0.030056914314627647,
    -0.004455316346138716,
    -0.007612211629748344,
    0.0025671510957181454,
    0.013834829442203045,
    0.03472073748707771,
    -0.01562514342367649,
    0.006702949292957783,
    0.008556904271245003,
    0.02811323292553425,
    -0.025570854544639587,
    0.015995129942893982,
    -0.00225954526104033,
    -0.057200152426958084,
    0.05255400761961937,
    -0.03134598955512047,
    5.379022843770432e-33,
    -0.053423624485731125,
    -0.0376494862139225,
    0.016561172902584076,
    0.04987996071577072,
    0.05633936822414398,
    0.016574356704950333,
    -0.009099452756345272,
    -0.005154299549758434,
    -0.03875862807035446,
    0.001843293895944953,
    -0.0379134826362133,
    0.026015089824795723,
    -0.043221812695264816,
    0.014939396642148495,
    -0.0668998584151268,
    -0.05544743314385414,
    0.010783408768475056,
    0.040101442486047745,
    -0.01622714474797249,
    -0.02620743028819561,
    -0.06365291774272919,
    0.019271064549684525,
    0.016613462939858437,
    -0.007079333066940308,
    -0.07933373004198074,
    0.06113407015800476,
    0.02712375484406948,
    0.00010414198914077133,
    0.001303739845752716,
    0.016423065215349197,
    0.14007048308849335,
    -0.03802934288978577,
    0.045965444296598434,
    0.004159674979746342,
    -0.015772497281432152,
    0.025139395147562027,
    -0.05005357414484024,
    -0.021368542686104774,
    0.06839251518249512,
    -0.08868778496980667,
    0.0020318913739174604,
    0.012450065463781357,
    0.061254676431417465,
    0.13271549344062805,
    -0.054696109145879745,
    0.009558619000017643,
    0.0056330058723688126,
    -0.0005505182780325413,
    0.0954056903719902,
    0.0124362763017416,
    0.023865709081292152,
    0.05902434512972832,
    0.00013050132838543504,
    0.06174110993742943,
    0.041965633630752563,
    0.014982862398028374,
    -0.02861134335398674,
    0.07824388891458511,
    0.009544873610138893,
    0.0842207670211792,
    -0.05008328706026077,
    0.053800273686647415,
    -0.0452098622918129,
    0.11217405647039413,
    0.026706619188189507,
    0.0388520210981369,
    -0.08610018342733383,
    -0.021187173202633858,
    0.027416326105594635,
    0.08645626157522202,
    0.008713590912520885,
    -0.011173233389854431,
    0.07431841641664505,
    0.020176291465759277,
    0.024744117632508278,
    -0.022750943899154663,
    0.13653431832790375,
    0.020842676982283592,
    -0.029800212010741234,
    0.08235817402601242,
    -0.07058098167181015,
    -0.03947307914495468,
    -0.0177170317620039,
    0.009763834066689014,
    -0.0589742548763752,
    0.03960824012756348,
    -0.09353380650281906,
    -0.07024740427732468,
    0.06555763632059097,
    0.041851501911878586,
    0.012556665576994419,
    0.021593406796455383,
    -0.016632210463285446,
    -0.06732278317213058,
    -0.07628291845321655,
    -4.859933354654941e-33,
    -0.034214913845062256,
    0.14154823124408722,
    -0.026654869318008423,
    0.10279116034507751,
    0.11198188364505768,
    -0.012817210517823696,
    0.049591682851314545,
    -0.010979621671140194,
    0.008863209746778011,
    -0.06747288256883621,
    -0.037344206124544144,
    0.09807384014129639,
    0.028893815353512764,
    -0.005953211337327957,
    -0.06404097378253937,
    0.10421591252088547,
    0.10000063478946686,
    -0.03647356107831001,
    0.00872805155813694,
    0.018711687996983528,
    -0.10054351389408112,
    0.05576489120721817,
    0.033272866159677505,
    0.03842908516526222,
    -0.0695822536945343,
    -0.013039217330515385,
    0.05897979810833931,
    0.0055860551074147224,
    -0.028586100786924362,
    0.0005269216489978135,
    0.10255489498376846,
    -0.1197776049375534,
    -0.05426955968141556,
    -0.03345036506652832,
    -0.06238984316587448,
    -0.024469923228025436,
    0.05584929883480072,
    -0.01252416055649519,
    -0.014144708402454853,
    0.0729311853647232,
    0.03101268783211708,
    -0.05953008309006691,
    -0.026606649160385132,
    -0.014990590512752533,
    -0.02838827297091484,
    0.022816231474280357,
    0.025852695107460022,
    -0.034778475761413574,
    -0.025821097195148468,
    -0.011198418214917183,
    -0.027998805046081543,
    0.07644360512495041,
    -0.05399879440665245,
    0.033024709671735764,
    0.00452340766787529,
    0.013623186387121677,
    0.0024543728213757277,
    0.03904860094189644,
    -0.10318728536367416,
    0.04187304154038429,
    0.01136630866676569,
    -0.014578714035451412,
    -0.0014389529824256897,
    -0.01613866724073887,
    0.028536789119243622,
    -0.024486273527145386,
    0.027978017926216125,
    -0.07714545726776123,
    -0.07913416624069214,
    0.02184956893324852,
    0.06167922541499138,
    0.02956441603600979,
    -0.011570709757506847,
    -0.08511120826005936,
    -0.05154809355735779,
    -0.00034777563996613026,
    -0.051188696175813675,
    -0.004708001855760813,
    -0.027547461912035942,
    -0.002997111063450575,
    -0.018206274136900902,
    0.07090967893600464,
