{
  "id": 956,
  "vector": [
    0.0391673818230629,
    -0.0470651350915432,
    0.010779728181660175,
    -0.019010791555047035,
    0.06533308327198029,
    0.04460998997092247,
    0.07843943685293198,
    0.12101989984512329,
    -0.009681166149675846,
    -0.06844272464513779,
    -0.04127783328294754,
    -0.04493024945259094,
    0.013582608662545681,
    -0.018762104213237762,
    -0.06898768246173859,
    0.026967285200953484,
    -0.03509850054979324,
    -0.00991476234048605,
    -0.09355572611093521,
    -0.05950825661420822,
    0.03209033980965614,
    -0.08140760660171509,
    0.0100452471524477,
    0.04052123799920082,
    -0.09862901270389557,
    0.06258852034807205,
    -0.04356918856501579,
    -0.019762437790632248,
    0.027312953025102615,
    -0.0355573333799839,
    0.0794248953461647,
    0.03437542915344238,
    0.02888272888958454,
    -0.043941475450992584,
    0.022710803896188736,
    -0.07335042953491211,
    -0.0016325481701642275,
    -0.02474311739206314,
    0.05619610473513603,
    -0.029684804379940033,
    0.07172156870365143,
    0.011624850332736969,
    -0.015013652853667736,
    0.07226338237524033,
    0.011822902597486973,
    -0.01317052636295557,
    0.025808941572904587,
    0.0754309743642807,
    -0.06762809306383133,
    0.004237951245158911,
    0.03873258829116821,
    -0.07489773631095886,
    -0.08660633116960526,
    -0.07591263204813004,
    0.052694760262966156,
    -0.03306487202644348,
    0.052848074585199356,
    -0.0565643273293972,
    0.03429638221859932,
    0.07319601625204086,
    0.021101759746670723,
    0.01028459332883358,
    -0.0015773270279169083,
    0.05517080798745155,
    0.03816843777894974,
    0.07780193537473679,
    -0.016879208385944366,
    -0.002016698941588402,
    -0.047441110014915466,
    -0.021245364099740982,
    0.011399777606129646,
    0.04209284484386444,
    0.04894743487238884,
    0.036138053983449936,
    -0.035137616097927094,
    0.0014752218266949058,
    0.0590788871049881,
    -0.055458828806877136,
    -0.08279435336589813,
    0.0781155452132225,
    -0.08724470436573029,
    0.006268372759222984,
    -0.031324706971645355,
    0.05510842427611351,
    0.08417432010173798,
    -0.025620631873607635,
    0.039135996252298355,
    0.008133727125823498,
    -0.08340616524219513,
    0.010135271586477757,
    -0.05034971982240677,
    0.013063346967101097,
    -0.06502171605825424,
    -0.05783633142709732,
    -0.023969033733010292,
    0.025594184175133705,
    -0.030854739248752594,
    -0.04168524965643883,
    0.05534840375185013,
    -0.022342849522829056,
    0.05250195413827896,
    -0.052784133702516556,
    0.04445203021168709,
    -0.047001928091049194,
    -0.09274043887853622,
    -0.03864758089184761,
    0.052311673760414124,
    0.027325177565217018,
    0.02394464612007141,
    0.05053219199180603,
    -0.05338868871331215,
    -0.05494461581110954,
    0.03173370286822319,
    -0.011042840778827667,
    -0.057018350809812546,
    0.042164623737335205,
    0.030615542083978653,
    -0.023931846022605896,
    0.06261002272367477,
    -0.027567127719521523,
    0.07009115815162659,
    -0.00036247275420464575,
    0.06573116779327393,
    -0.08258205652236938,
    -0.0719061940908432,
    -0.0013725135941058397,
    0.09123165905475616,
    3.955033762630113e-33,
    -0.0673857107758522,
    -0.04224460572004318,
    -0.013542651198804379,
    0.07859183847904205,
    0.059355609118938446,
    0.028417041525244713,
    0.008408483117818832,
    -0.07998792082071304,
    -0.022613154724240303,
    0.07737817615270615,
    -0.039100322872400284,
    0.07914002984762192,
    -0.0327773317694664,
    0.06852991878986359,
    -0.022296328097581863,
    -0.018277831375598907,
    0.09293794631958008,
    0.01410351600497961,
    -0.05904611572623253,
    -0.06697599589824677,
    -0.07057628780603409,
    0.030061721801757812,
    0.004611785989254713,
    0.033302124589681625,
    -0.07354430109262466,
    0.02146526239812374,
    -0.043461039662361145,
    0.051037777215242386,
    0.0811842828989029,
    0.0018035608809441328,
    0.06699499487876892,
    0.010322146117687225,
    0.026443742215633392,
    0.04065129905939102,
    -0.09224732965230942,
    0.02207380160689354,
    0.0035604839213192463,
    -0.07367095351219177,
    0.096944160759449,
    -0.013901127502322197,
    -0.019119158387184143,
    0.13310472667217255,
    0.11146478354930878,
    0.03157210350036621,
    -0.10727698355913162,
    0.08925648778676987,
    -0.015889693051576614,
    -0.1296112835407257,
    0.05944572016596794,
    -0.011053916998207569,
    -0.11587541550397873,
    -0.015666179358959198,
    0.0006091190734878182,
    0.01476607471704483,
    0.061171431094408035,
    0.003728529205545783,
    -0.0736972764134407,
    0.09678167849779129,
    0.02619696408510208,
    0.029475759714841843,
    -0.022912468761205673,
    0.01616690866649151,
    0.016234317794442177,
    0.0026764427311718464,
    0.09276529401540756,
    0.05988532304763794,
    -0.06022074818611145,
    -0.04420156031847,
    0.029038192704319954,
    0.000016514848539372906,
    -0.03029598668217659,
    0.10211867839097977,
    0.08893914520740509,
    -0.08846771717071533,
    0.07402320951223373,
    0.0066484794951975346,
    0.0815727710723877,
    0.02009071782231331,
    0.024094684049487114,
    0.04046211764216423,
    -0.04362364485859871,
    0.004311576951295137,
    0.044063352048397064,
    -0.04544666036963463,
    -0.017031488940119743,
    0.0011582126608118415,
    -0.06605003774166107,
    0.06003150716423988,
    -0.033147141337394714,
    -0.03736782446503639,
    0.019525593146681786,
    -0.06389809399843216,
    0.0034282603301107883,
    -0.07035207748413086,
    -0.09729942679405212,
    -3.598272329181503e-33,
    -0.053358662873506546,
    0.07793101668357849,
    0.0045518712140619755,
    0.037392184138298035,
    0.04115583747625351,
    0.027491724118590355,
    0.02082386054098606,
    0.07314158231019974,
    0.03320103511214256,
    -0.015593616291880608,
    0.01851152814924717,
    -0.024259252473711967,
    0.013854935765266418,
    0.02584095671772957,
    -0.10421983152627945,
    0.029727982357144356,
    0.0869247317314148,
    0.029020775109529495,
    -0.006299044005572796,
    -0.14261804521083832,
    -0.09632996469736099,
    0.06166381761431694,
    0.014396928250789642,
    0.0014907895820215344,
    -0.016442254185676575,
    0.03417810797691345,
    -0.008673368021845818,
    -0.05573245882987976,
    0.05013813078403473,
    -0.015737352892756462,
    0.04623529687523842,
    -0.05554499477148056,
    0.02812892384827137,
    0.057496942579746246,
    -0.06960222125053406,
    -0.05667423456907272,
    0.07579577714204788,
    0.012641475535929203,
    -0.03418225795030594,
    0.08657895773649216,
    0.01934102177619934,
    -0.06074455752968788,
    0.049264755100011826,
    -0.03908077999949455,
    0.011656610295176506,
    -0.00903414748609066,
    -0.09817393124103546,
    -0.0729304775595665,
    0.05364888161420822,
    -0.04419010132551193,
    -0.000012982160114916041,
    0.027802901342511177,
    -0.052645742893218994,
    -0.02358209155499935,
    0.05896898731589317,
    0.013940894976258278,
    0.017826884984970093,
    0.03018888458609581,
    0.0028660958632826805,
    -0.013255173340439796,
    0.0201267059892416,
    0.005456427577883005,
    -0.06444022059440613,
    0.008743220008909702,
    -0.046106114983558655,
    -0.005373171530663967,
    -0.10078146308660507,
    -0.057824935764074326,
    -0.022791443392634392,
    -0.025598177686333656,
    0.031017357483506203,
    0.007489062380045652,
    -0.007492396980524063,
    -0.017572088167071342,
    0.016587361693382263,
    -0.05270876735448837,
    0.01692970097064972,
    -0.031131602823734283,
    0.041526421904563904,
    -0.018089311197400093,
    0.0018917821580544114,
    0.0043352930806577206,
    0.01942145638167858,
