{
  "id": 504,
  "vector": [
    0.016900133341550827,
    0.04336400330066681,
    -0.046533793210983276,
    -0.03367835655808449,
    0.011432383209466934,
    -0.02123280055820942,
    0.1213272362947464,
    -0.04297590255737305,
    0.026695454493165016,
    -0.018817001953721046,
    0.031369589269161224,
    -0.055146943777799606,
    0.01860460825264454,
    0.037941496819257736,
    -0.0029669697396457195,
    -0.029040999710559845,
    -0.013082153163850307,
    0.05226960405707359,
    -0.05676673352718353,
    0.022701995447278023,
    0.054747097194194794,
    -0.05547713860869408,
    0.05099588260054588,
    0.003012304659932852,
    0.012367368675768375,
    0.07837408035993576,
    -0.06060457229614258,
    -0.008150100708007812,
    0.09281802922487259,
    -0.027395911514759064,
    0.03714340552687645,
    0.04000245779752731,
    -0.018395882099866867,
    -0.004275800194591284,
    0.1381579339504242,
    -0.036848608404397964,
    -0.036117516458034515,
    -0.0015646015526726842,
    -0.03550910949707031,
    0.13480928540229797,
    0.03826913610100746,
    0.02957964316010475,
    0.008723760955035686,
    0.021080663427710533,
    0.020233869552612305,
    0.04058795049786568,
    -0.030995609238743782,
    -0.05182047188282013,
    -0.0003451532975304872,
    -0.0006017739651724696,
    0.05558225139975548,
    -0.0398346446454525,
    -0.11174124479293823,
    0.09802927076816559,
    -0.010677327401936054,
    -0.1434941291809082,
    -0.058991190046072006,
    0.05184193700551987,
    -0.11470493674278259,
    -0.026501335203647614,
    -0.004032052122056484,
    -0.03538995608687401,
    -0.03575514629483223,
    0.03315646946430206,
    0.023290865123271942,
    0.00967048667371273,
    -0.12953917682170868,
    -0.022623319178819656,
    -0.07181111723184586,
    0.08343108743429184,
    -0.09059296548366547,
    0.07696021348237991,
    0.051807988435029984,
    0.012473388575017452,
    -0.023253094404935837,
    0.01628967560827732,
    0.09274482727050781,
    -0.02492676116526127,
    0.06404242664575577,
    -0.004947117995470762,
    -0.020279373973608017,
    0.017145851626992226,
    -0.046815674751996994,
    0.015205730684101582,
    -0.03711628541350365,
    -0.07607416063547134,
    -0.01757001131772995,
    0.05715988948941231,
    0.023816239088773727,
    -0.055411580950021744,
    -0.041436631232500076,
    0.025819821283221245,
    0.05024520680308342,
    0.013096657581627369,
    -0.0690532699227333,
    0.007545956876128912,
    -0.004312925972044468,
    -0.010079125873744488,
    0.01737457700073719,
    0.047170598059892654,
    -0.018212806433439255,
    -0.059399720281362534,
    0.13703900575637817,
    -0.020439662039279938,
    -0.0776563361287117,
    0.018004823476076126,
    -0.052417267113924026,
    0.03986034914851189,
    -0.015193793922662735,
    0.009012618102133274,
    -0.07121110707521439,
    -0.02389284409582615,
    -0.01589493453502655,
    -0.03855748847126961,
    0.022069569677114487,
    -0.004660150967538357,
    0.028528960421681404,
    0.06059158593416214,
    0.05938570573925972,
    0.0019373232498764992,
    0.015132504515349865,
    -0.005475216545164585,
    0.10050702095031738,
    0.0343707799911499,
    -0.09974152594804764,
    0.0015545313945040107,
    0.020500462502241135,
    3.3661206437597475e-33,
    -0.06189316138625145,
    0.036823570728302,
    0.02001461386680603,
    0.1043931394815445,
    0.057667966932058334,
    -0.05969869717955589,
    0.04045233502984047,
    -0.060823164880275726,
    0.022135060280561447,
    0.023892739787697792,
    -0.0009196806349791586,
    -0.028116345405578613,
    0.019415544345974922,
    0.11848147213459015,
    0.016777921468019485,
    -0.06887290626764297,
    -0.0028666651342064142,
    -0.025379711762070656,
    0.010088826529681683,
    -0.07986170798540115,
    -0.047577593475580215,
    0.0587027333676815,
    0.03407170623540878,
    0.045177899301052094,
    -0.07868356257677078,
    -0.008498829789459705,
    0.016480226069688797,
    -0.03748873248696327,
    -0.06425350159406662,
    0.019262375310063362,
    0.09986825287342072,
    0.05428045988082886,
    0.002476263092830777,
    -0.007520555052906275,
    -0.04008490964770317,
    0.0819544866681099,
    -0.01228259690105915,
    -0.02894417941570282,
    0.048941753804683685,
    -0.09608930349349976,
    -0.02905695140361786,
    -0.032846737653017044,
    0.07460185140371323,
    0.01292097195982933,
    0.010861191898584366,
    -0.005425248295068741,
    -0.004098827019333839,
    0.0124686099588871,
    0.13159199059009552,
    -0.06391701847314835,
    -0.037904877215623856,
    -0.015185005962848663,
    -0.03913235291838646,
    -0.032791346311569214,
    -0.023531565442681313,
    -0.0036642334889620543,
    0.02344328910112381,
    0.04357017204165459,
    0.019707370549440384,
    0.05756571516394615,
    -0.034501850605010986,
    -0.03801238536834717,
    -0.020129214972257614,
    0.005027232225984335,
    -0.019036998972296715,
    -0.026370225474238396,
    -0.030953029170632362,
    -0.06797052919864655,
    -0.011246205307543278,
    0.023484254255890846,
    -0.06834423542022705,
    0.07973824441432953,
    0.003139886539429426,
    -0.06763134151697159,
    0.022436091676354408,
    -0.06223184987902641,
    0.08418955653905869,
    -0.023032667115330696,
    -0.022984163835644722,
    0.02295338362455368,
    -0.07264164835214615,
    -0.00178745377343148,
    0.007242893800139427,
    -0.058085475116968155,
    -0.10652634501457214,
    -0.02234746143221855,
    0.02246878296136856,
    0.040805086493492126,
    0.03927445784211159,
    0.03514503315091133,
    -0.013400291092693806,
    -0.040734536945819855,
    0.02003185637295246,
    -0.016185522079467773,
    -0.05880554020404816,
    -4.210368400701992e-33,
    0.007021785248070955,
    0.041905008256435394,
    0.06067842245101929,
    0.04446667805314064,
    0.06435483694076538,
    0.031557608395814896,
    0.04108903557062149,
    0.013726337812840939,
    -0.0037667404394596815,
    0.01843002252280712,
    -0.055864449590444565,
    0.015063940547406673,
    0.0031660795211791992,
    0.03337709978222847,
    -0.045892804861068726,
    0.06002787500619888,
    0.003979285713285208,
    -0.04957011342048645,
    0.06790860742330551,
    -0.09563346207141876,
    -0.04012525826692581,
    0.04721115529537201,
    -0.009763600304722786,
    -0.03965143486857414,
    -0.10542980581521988,
    0.035436633974313736,
    0.030349701642990112,
    -0.006453249137848616,
    0.043834757059812546,
    0.06967704743146896,
    0.01894872635602951,
    -0.0720720961689949,
    -0.060237713158130646,
    0.04674072191119194,
    0.027236005291342735,
    -0.015639636665582657,
    0.06418346613645554,
    0.10133330523967743,
    -0.0453760139644146,
    -0.019690189510583878,
    -0.01760832406580448,
    -0.08959037810564041,
    -0.01809617504477501,
    0.002823053626343608,
    -0.038555748760700226,
    -0.010853614658117294,
    0.05817309021949768,
    -0.04393276572227478,
    -0.020017731934785843,
    0.06681204587221146,
    0.001522857928648591,
    -0.046358492225408554,
    -0.08183339983224869,
    0.0351390615105629,
    -0.000007979676411196124,
    0.03879957273602486,
    -0.10866353660821915,
    -0.03302029147744179,
    0.004573201294988394,
    0.04269254580140114,
    -0.0068927244283258915,
    0.057307466864585876,
    -0.01600378192961216,
    -0.0501590259373188,
    0.04317929595708847,
    0.003435568418353796,
    -0.055160753428936005,
    -0.01592414453625679,
    -0.01136207114905119,
    0.031144719570875168,
    -0.03936263546347618,
    0.03873193636536598,
    -0.007330541964620352,
    -0.1229412630200386,
    -0.011943009681999683,
    -0.04826181009411812,
    -0.028435122221708298,
    0.061674609780311584,
    0.008935668505728245,
    -0.01159905456006527,
    -0.07392408698797226,
    -0.001362750306725502,
