{
  "id": 584,
  "vector": [
    0.052064716815948486,
    0.04502111300826073,
    0.011310405097901821,
    0.014996866695582867,
    -0.03385778144001961,
    -0.012746773660182953,
    0.06418506056070328,
    0.01985485479235649,
    0.032466255128383636,
    -0.004183318465948105,
    0.055151332169771194,
    0.027774419635534286,
    -0.02524394728243351,
    0.003626368474215269,
    0.012372680008411407,
    -0.0023014452308416367,
    -0.015522903762757778,
    0.034604813903570175,
    -0.023476816713809967,
    0.023264968767762184,
    0.014567216858267784,
    0.046073876321315765,
    -0.028130408376455307,
    0.029838528484106064,
    -0.01845954731106758,
    0.025647766888141632,
    -0.04180596023797989,
    0.02592283859848976,
    0.0347716324031353,
    -0.03905823081731796,
    0.07354257255792618,
    0.03284991532564163,
    0.000844523950945586,
    0.012067895382642746,
    -0.022310607135295868,
    0.04881772771477699,
    0.08600007742643356,
    -0.013854349963366985,
    0.0990464985370636,
    -0.0649174228310585,
    -0.01742667891085148,
    -0.022516760975122452,
    -0.02141105756163597,
    0.043631426990032196,
    -0.002786714816465974,
    -0.003462736029177904,
    -0.020177330821752548,
    0.028307519853115082,
    0.04892363399267197,
    0.000009421101822226774,
    0.061954937875270844,
    -0.06060652434825897,
    -0.06017376482486725,
    -0.035119686275720596,
    -0.09618473052978516,
    0.05598287284374237,
    -0.007250572554767132,
    0.020873576402664185,
    0.04607232287526131,
    0.011212819255888462,
    0.007617852184921503,
    0.0013529767747968435,
    -0.05218740552663803,
    0.0567505918443203,
    0.03635845705866814,
    -0.025071363896131516,
    -0.02679738961160183,
    -0.06352941691875458,
    -0.04683419317007065,
    0.04786529764533043,
    0.04823635518550873,
    -0.06050362065434456,
    0.040426064282655716,
    -0.013299223966896534,
    -0.012301607988774776,
    -0.06560874730348587,
    0.0687788650393486,
    -0.07386024296283722,
    0.008778666146099567,
    0.038952138274908066,
    -0.14891569316387177,
    0.008631986565887928,
    0.07314003258943558,
    -0.009856460615992546,
    -0.03930402174592018,
    0.00004704854654846713,
    -0.03459281474351883,
    0.06932748854160309,
    -0.037728533148765564,
    -0.03748250752687454,
    -0.03719713166356087,
    -0.03672770783305168,
    0.05012864992022514,
    0.0917007252573967,
    -0.05292803421616554,
    0.004758487455546856,
    -0.06122400239109993,
    0.07594728469848633,
    0.0012902036542072892,
    0.045714184641838074,
    0.023648018017411232,
    0.06046321243047714,
    0.12419822067022324,
    0.05314290523529053,
    -0.02266070991754532,
    0.0008433290640823543,
    -0.007081858813762665,
    -0.05903167277574539,
    0.034923285245895386,
    -0.044264230877161026,
    -0.008460412733256817,
    -0.0911574587225914,
    -0.02034231461584568,
    0.02975785918533802,
    -0.09115010499954224,
    -0.15058763325214386,
    -0.03936881944537163,
    0.023677855730056763,
    -0.034683357924222946,
    0.03840514272451401,
    0.07182934135198593,
    -0.046478427946567535,
    0.0457269512116909,
    0.022880790755152702,
    -0.14640922844409943,
    -0.0035298359580338,
    0.08934813737869263,
    2.2330703174565315e-34,
    -0.0835447683930397,
    -0.004421207122504711,
    0.06958819925785065,
    0.020248202607035637,
    0.09690684825181961,
    -0.037259940057992935,
    -0.026277605444192886,
    0.02553737908601761,
    -0.031646206974983215,
    0.050020262598991394,
    0.040222540497779846,
    -0.08502975106239319,
    -0.035777222365140915,
    0.008694035932421684,
    0.016341261565685272,
    -0.06958978623151779,
    -0.07876083999872208,
    0.006975439842790365,
    0.0031435657292604446,
    -0.050450216978788376,
    -0.06066090613603592,
    0.07413478940725327,
    0.007072742562741041,
    -0.07271543890237808,
    -0.014016162604093552,
    -0.015386027283966541,
    0.09110213071107864,
    -0.024858973920345306,
    0.05024024471640587,
    0.05110488086938858,
    -0.01073483470827341,
    0.08530458062887192,
    -0.007474934682250023,
    0.08957123756408691,
    -0.043646786361932755,
    -0.0443611703813076,
    -0.1015717163681984,
    -0.04311210662126541,
    -0.03609650582075119,
    0.018111027777194977,
    -0.08970411866903305,
    -0.06044064834713936,
    -0.000775564752984792,
    0.03565628454089165,
    -0.03408198058605194,
    -0.018677843734622,
    0.01062503457069397,
    0.05047569051384926,
    0.0013909197878092527,
    0.037654273211956024,
    -0.07513576745986938,
    -0.01524717640131712,
    -0.020376067608594894,
    0.0188608318567276,
    -0.04864836484193802,
    -0.10935594886541367,
    0.021646618843078613,
    0.08857585489749908,
    0.0031208668369799852,
    -0.06877375394105911,
    0.014247322455048561,
    0.01141440961509943,
    0.04668884351849556,
    -0.04812134429812431,
    0.053086597472429276,
    0.07075127214193344,
    0.0013740969588980079,
    -0.08020026981830597,
    0.06957406550645828,
    -0.009652466513216496,
    -0.027555523440241814,
    0.02076425403356552,
    -0.001651301165111363,
    -0.019263258203864098,
    -0.013755390420556068,
    0.016079161316156387,
    0.024987252429127693,
    0.026701055467128754,
    -0.07322392612695694,
    -0.03237386792898178,
    -0.15581853687763214,
    0.03258500620722771,
    0.02832232229411602,
    0.012154687196016312,
    0.11441826075315475,
    -0.0025410596281290054,
    0.03331451863050461,
    -0.06299500912427902,
    -0.022204674780368805,
    -0.004832357168197632,
    -0.13027280569076538,
    -0.00591746112331748,
    -0.06959046423435211,
    0.013451455160975456,
    0.04526401683688164,
    -2.4082935920696807e-34,
    -0.0018256872426718473,
    0.060024235397577286,
    0.026693830266594887,
    0.027704471722245216,
    0.030888468027114868,
    0.009636232629418373,
    -0.02458193339407444,
    -0.06512989103794098,
    0.015245913527905941,
    0.1139899268746376,
    -0.12876905500888824,
    -0.03210776299238205,
    0.054240595549345016,
    -0.004723021294921637,
    -0.01230255700647831,
    0.06456219404935837,
    0.08005431294441223,
    -0.026538919657468796,
    -0.042040348052978516,
    0.008809772320091724,
    -0.0024493150413036346,
    -0.009357179515063763,
    -0.04779070243239403,
    0.06911660730838776,
    -0.022834457457065582,
    0.005786938592791557,
    0.011984944343566895,
    -0.08864554762840271,
    0.026037653908133507,
    -0.00805690884590149,
    -0.01988578774034977,
    -0.052099790424108505,
    0.07423756271600723,
    -0.00865237507969141,
    -0.0534835159778595,
    0.027946334332227707,
    0.0006672975141555071,
    0.05382158234715462,
    0.045513004064559937,
    -0.02586200088262558,
    -0.008816896006464958,
    -0.04743950068950653,
    0.05483216792345047,
    0.05083291977643967,
    -0.007607976906001568,
    -0.1365402489900589,
    0.018911002203822136,
    0.04188195988535881,
    -0.07390791177749634,
    0.038483187556266785,
    -0.025790957733988762,
    0.08106635510921478,
    -0.0576108954846859,
    -0.006806935649365187,
    0.040122464299201965,
    0.014973757788538933,
    0.03103918395936489,
    -0.05302272364497185,
    0.008651496842503548,
    -0.07974617183208466,
    0.043032657355070114,
    0.009763886220753193,
    -0.04533418267965317,
    0.05417525768280029,
    0.12070169299840927,
    -0.051666636019945145,
    0.0066160522401332855,
    -0.06937473267316818,
    -0.045568592846393585,
    0.07538964599370956,
    0.005629769992083311,
    0.09417731314897537,
    0.03288188949227333,
    -0.055827636271715164,
    0.0506451353430748,
    0.03175969421863556,
    0.027600083500146866,
    -0.08185426890850067,
    0.039032693952322006,
    -0.011585446074604988,
    -0.06759298592805862,
    -0.0902179405093193,
