{
  "id": 693,
  "vector": [
    -0.09142939001321793,
    0.016382500529289246,
    -0.021648027002811432,
    -0.006540343631058931,
    0.018197709694504738,
    0.01677427999675274,
    0.03577159345149994,
    0.06827045977115631,
    0.037796273827552795,
    -0.11409513652324677,
    -0.0510484054684639,
    -0.05831563472747803,
    -0.057619672268629074,
    -0.03921803459525108,
    -0.04451644793152809,
    -0.06472533196210861,
    0.011003616265952587,
    0.0750938430428505,
    -0.08088985085487366,
    -0.007853779010474682,
    0.08373649418354034,
    0.012533213011920452,
    0.02774203009903431,
    0.021846506744623184,
    -0.02261902019381523,
    0.047672294080257416,
    0.10489875823259354,
    -0.017992597073316574,
    0.013979493640363216,
    -0.10670860856771469,
    0.018181443214416504,
    -0.010445119813084602,
    -0.07822217792272568,
    -0.011514228768646717,
    -0.01943936198949814,
    -0.048778947442770004,
    -0.10015576332807541,
    -0.057495005428791046,
    -0.014549714513123035,
    0.08488772809505463,
    0.0304406825453043,
    -0.07349064946174622,
    -0.002726332051679492,
    -0.08223456889390945,
    -0.04069650173187256,
    -0.05702618509531021,
    -0.05257343873381615,
    0.04743766039609909,
    0.0612160749733448,
    -0.03268038108944893,
    0.0047980258241295815,
    -0.001115641207434237,
    -0.1150117889046669,
    -0.03784354031085968,
    0.07504674047231674,
    -0.1362772285938263,
    -0.03290315717458725,
    0.0015116891590878367,
    -0.029170287773013115,
    0.054906364530324936,
    0.018605392426252365,
    0.06386350840330124,
    -0.04163491353392601,
    0.01935846358537674,
    -0.079000324010849,
    -0.024670572951436043,
    -0.06567498296499252,
    -0.0241030715405941,
    -0.04435472562909126,
    -0.021476835012435913,
    -0.04107985273003578,
    0.03760072961449623,
    -0.019037330523133278,
    -0.03707048296928406,
    -0.06603432446718216,
    -0.03359074145555496,
    0.12308241426944733,
    -0.01910058967769146,
    0.03604164347052574,
    -0.0001668889308348298,
    -0.03378749638795853,
    0.01001956220716238,
    -0.019002532586455345,
    -0.003915383946150541,
    0.03659188747406006,
    0.01558657456189394,
    -0.06391894072294235,
    0.0625840276479721,
    0.03810828551650047,
    -0.0015210225246846676,
    -0.003969470504671335,
    0.032900940626859665,
    -0.009142052382230759,
    -0.016269832849502563,
    0.006185838486999273,
    0.06485575437545776,
    -0.005472803954035044,
    -0.05147732421755791,
    -0.029321055859327316,
    0.01294462289661169,
    0.038978174328804016,
    0.016106517985463142,
    0.020682714879512787,
    -0.07193952798843384,
    -0.0954853892326355,
    0.02672145701944828,
    0.005127924028784037,
    0.048675935715436935,
    0.018808793276548386,
    0.04999285563826561,
    -0.03459480404853821,
    0.0008038978558033705,
    -0.07066047936677933,
    -0.03947842866182327,
    -0.05072416365146637,
    -0.06996554136276245,
    0.08398760110139847,
    -0.0942247062921524,
    0.11520849913358688,
    -0.043766848742961884,
    -0.01593305543065071,
    -0.05121734365820885,
    -0.00568940257653594,
    -0.016584206372499466,
    -0.05384920910000801,
    0.02615109086036682,
    0.02193266525864601,
    2.0705826057795802e-33,
    -0.1137576624751091,
    -0.014874577522277832,
    -0.011231143027544022,
    0.01895812712609768,
    -0.04463813453912735,
    0.054484449326992035,
    -0.019465211778879166,
    -0.01976555772125721,
    0.011117596179246902,
    -0.08292406797409058,
    -0.021038580685853958,
    0.04380470886826515,
    -0.1417008936405182,
    0.05872310698032379,
    -0.09712254256010056,
    -0.05216212943196297,
    0.044857051223516464,
    0.023277904838323593,
    0.08652056008577347,
    -0.09896080195903778,
    -0.04856548085808754,
    0.0350482240319252,
    -0.027411462739109993,
    0.02795783244073391,
    -0.035905659198760986,
    -0.038083989173173904,
    0.005950944032520056,
    -0.05192556604743004,
    0.051905788481235504,
    0.016845861449837685,
    0.049608148634433746,
    0.009403993375599384,
    0.010372012853622437,
    -0.006143633741885424,
    -0.0002711837587412447,
    0.03328745812177658,
    0.005842810031026602,
    0.002032018732279539,
    0.024720923975110054,
    -0.02114235609769821,
    0.0314524844288826,
    0.060742102563381195,
    0.03233853727579117,
    -0.016890229657292366,
    -0.04359406605362892,
    0.06053280457854271,
    0.018041785806417465,
    0.09446239471435547,
    0.05459674447774887,
    -0.06476336717605591,
    0.005185963120311499,
    0.09008798003196716,
    -0.0838896706700325,
    0.026598770171403885,
    -0.05805915594100952,
    -0.042700089514255524,
    0.03404940664768219,
    0.01079449150711298,
    -0.013781930319964886,
    0.032860156148672104,
    0.00970072578638792,
    0.1453876942396164,
    -0.0004839196044486016,
    0.0018522823229432106,
    -0.0013307682238519192,
    -0.04883022978901863,
    -0.07799246162176132,
    0.05630502104759216,
    0.036140862852334976,
    0.009744103997945786,
    0.020013239234685898,
    -0.034102294594049454,
    0.1552736908197403,
    -0.010941233485937119,
    0.032748762518167496,
    0.03721339628100395,
    0.05085344985127449,
    0.03140600770711899,
    0.012729866430163383,
    0.0587291494011879,
    0.03385458514094353,
    -0.008358488790690899,
    0.03541748970746994,
    0.0271177776157856,
    0.001152119366452098,
    -0.03718610107898712,
    -0.006543005350977182,
    0.022882696241140366,
    0.029996003955602646,
    -0.0027349672745913267,
    0.01568712294101715,
    -0.028788240626454353,
    0.015072286128997803,
    -0.026756756007671356,
    -0.050443898886442184,
    -3.127468474577945e-33,
    0.011156375519931316,
    0.03310795873403549,
    0.05774539336562157,
    0.09186726808547974,
    0.12566903233528137,
    0.023210890591144562,
    0.11483027786016464,
    0.012038654647767544,
    0.06940214335918427,
    -0.03194716200232506,
    0.0025392998941242695,
    -0.03791125491261482,
    0.03550556302070618,
    -0.0353335402905941,
    0.013643802143633366,
    0.05073113366961479,
    -0.00046449710498563945,
    0.03324706479907036,
    -0.02402999810874462,
    -0.033064182847738266,
    -0.07990817725658417,
    0.07076118141412735,
    0.024438615888357162,
    0.10726351290941238,
    0.017050066962838173,
    -0.022440331056714058,
    0.0489155575633049,
    0.013954791240394115,
    -0.08084248751401901,
    0.024395231157541275,
    0.005975412204861641,
    -0.10549503564834595,
    -0.051217831671237946,
    0.0074373031966388226,
    -0.1360439956188202,
    -0.05001898854970932,
    0.11390303820371628,
    0.015486868098378181,
    -0.014181505888700485,
    0.005986036732792854,
    -0.006595564540475607,
    -0.10352255403995514,
    0.034123048186302185,
    0.05052504315972328,
    -0.0479331910610199,
    -0.049379780888557434,
    0.06623273342847824,
    -0.1345740407705307,
    0.031938035041093826,
    -0.014126353897154331,
    0.06911523640155792,
    0.05476347729563713,
    -0.023082304745912552,
    0.04636920616030693,
    -0.059580881148576736,
    0.05241261050105095,
    0.030895786359906197,
    0.06256440281867981,
    0.0006502480828203261,
    -0.04212605953216553,
    -0.03936829790472984,
    0.0478341169655323,
    -0.04540402814745903,
    -0.014380786567926407,
    0.06477827578783035,
    -0.0015123940538614988,
    -0.000991943757981062,
    -0.046384986490011215,
    0.02503293938934803,
    -0.01272683683782816,
    0.052574142813682556,
    0.06389287859201431,
    0.1149589940905571,
    -0.02702556736767292,
    0.0010066066170111299,
    -0.012088685296475887,
    0.02680889517068863,
    -0.030792048200964928,
    0.05523623898625374,
    0.08447036892175674,
    0.023047981783747673,
    -0.04808095097541809,
    -0.11048391461372375,
