{
  "id": 127,
  "vector": [
    0.006294691935181618,
    0.023035356774926186,
    -0.032199956476688385,
    0.05670303851366043,
    -0.028045212849974632,
    -0.0013610287569463253,
    0.08620356768369675,
    0.09689530730247498,
    -0.06935927271842957,
    0.0379396490752697,
    0.0348527692258358,
    -0.05300028622150421,
    -0.08695715665817261,
    0.01788867637515068,
    -0.004676224198192358,
    0.022417254745960236,
    0.005641274154186249,
    0.014266694895923138,
    -0.03870848938822746,
    0.035533204674720764,
    0.04419343173503876,
    -0.14293581247329712,
    -0.021074483171105385,
    0.05397405847907066,
    -0.001675258856266737,
    0.05577806755900383,
    0.0125429043546319,
    -0.013460646383464336,
    -0.019007854163646698,
    -0.02404736913740635,
    -0.0495278537273407,
    0.03729292377829552,
    0.09274010360240936,
    -0.00860762968659401,
    0.02459428273141384,
    -0.09337756037712097,
    -0.032437242567539215,
    -0.024680553004145622,
    0.08425073325634003,
    -0.06283412128686905,
    0.007103032432496548,
    0.06252463161945343,
    -0.01781325414776802,
    0.030059460550546646,
    0.02949346974492073,
    -0.051798563450574875,
    0.021235549822449684,
    0.044776372611522675,
    0.014151391573250294,
    -0.02275063656270504,
    0.06345458328723907,
    0.0928090438246727,
    -0.08784867823123932,
    0.025547510012984276,
    0.024647334590554237,
    0.024126967415213585,
    -0.05282249301671982,
    -0.057497892528772354,
    0.07550686597824097,
    0.05347096174955368,
    -0.05212487652897835,
    0.0011158311972394586,
    -0.08338810503482819,
    -0.04711892828345299,
    0.042770881205797195,
    0.025497227907180786,
    -0.0674714744091034,
    -0.055988606065511703,
    -0.03477668762207031,
    0.035142552107572556,
    0.06381002068519592,
    0.03362797945737839,
    0.03697631508111954,
    0.00963527336716652,
    0.023107029497623444,
    0.00551958754658699,
    0.06863287091255188,
    -0.02763889543712139,
    -0.10748793184757233,
    0.009082796052098274,
    -0.09541435539722443,
    0.0631156787276268,
    -0.002901488682255149,
    0.0010339427972212434,
    -0.044390082359313965,
    -0.061130572110414505,
    0.037582363933324814,
    -0.03463156521320343,
    -0.04093412309885025,
    -0.04947521165013313,
    -0.05349239706993103,
    0.07015419751405716,
    -0.011865696869790554,
    0.015302104875445366,
    -0.022047270089387894,
    -0.019626373425126076,
    0.08210045099258423,
    -0.02179904282093048,
    0.06118769571185112,
    -0.002283211564645171,
    0.11683377623558044,
    -0.0007352202082984149,
    0.07034352421760559,
    -0.08571934700012207,
    -0.0180660430341959,
    0.039876289665699005,
    -0.00716554606333375,
    0.015219633467495441,
    0.06488292664289474,
    0.10311885178089142,
    -0.023799119517207146,
    0.00884989183396101,
    -0.032477397471666336,
    0.011107961647212505,
    -0.05305546149611473,
    -0.08060035854578018,
    -0.03066135011613369,
    0.014908334240317345,
    0.08299484848976135,
    0.08949721604585648,
    0.06885544955730438,
    0.0455256849527359,
    -0.02890923246741295,
    -0.00834724772721529,
    -0.05736687034368515,
    -0.06361670792102814,
    0.08961590379476547,
    4.677357776137131e-33,
    -0.09167265146970749,
    -0.024125220254063606,
    0.025445591658353806,
    0.01416782196611166,
    0.06237541511654854,
    -0.03324740007519722,
    0.018663331866264343,
    -0.026101605966687202,
    0.031199421733617783,
    0.013021206483244896,
    -0.044904183596372604,
    0.02777208387851715,
    -0.07488640397787094,
    0.08185655623674393,
    -0.051800865679979324,
    -0.01168091595172882,
    -0.018552150577306747,
    -0.01347440481185913,
    0.03562353551387787,
    -0.04407397657632828,
    -0.14167091250419617,
    0.0325099341571331,
    -0.03345957770943642,
    0.026486916467547417,
    -0.04605759307742119,
    0.06164945662021637,
    0.02094160206615925,
    -0.06174145266413689,
    -0.042655326426029205,
    0.03321104124188423,
    0.10984787344932556,
    0.06745687872171402,
    0.03372872993350029,
    0.008787596598267555,
    -0.093198262155056,
    0.015281500294804573,
    0.0119742751121521,
    -0.031891994178295135,
    0.051167044788599014,
    -0.0555240623652935,
    0.05901789665222168,
    0.019441043958067894,
    0.08572708070278168,
    0.012878352776169777,
    -0.0642089694738388,
    0.03432614356279373,
    0.06423819810152054,
    0.018474111333489418,
    0.03424170985817909,
    0.02044084295630455,
    -0.045059286057949066,
    -0.030596232041716576,
    -0.09594027698040009,
    0.11015898734331131,
    0.044935908168554306,
    -0.02320181019604206,
    -0.030458984896540642,
    -0.03195187449455261,
    0.07678354531526566,
    0.07368031144142151,
    0.05273495614528656,
    0.05002574995160103,
    -0.08918748050928116,
    0.06033271551132202,
    -0.04577794298529625,
    0.034908562898635864,
    -0.09875472635030746,
    -0.05867375060915947,
    -0.00939102191478014,
    0.033962223678827286,
    -0.08438251912593842,
    0.045255959033966064,
    0.05270363762974739,
    -0.01691773347556591,
    -0.04150849208235741,
    0.005011467263102531,
    0.09007531404495239,
    0.06944023817777634,
    -0.03465670347213745,
    0.047842126339673996,
    -0.06519777327775955,
    0.04190903529524803,
    0.04139840230345726,
    -0.03913206234574318,
    -0.01117108017206192,
    0.03672533854842186,
    -0.07288071513175964,
    0.011537293903529644,
    -0.06721088290214539,
    0.0725313052535057,
    -0.018523136153817177,
    -0.011775237508118153,
    -0.048169009387493134,
    -0.037432536482810974,
    -0.09860172867774963,
    -5.1758217474995066e-33,
    -0.011487064883112907,
    -0.03288140892982483,
    0.0027263546362519264,
    0.041951362043619156,
    -0.012167641893029213,
    0.05901116132736206,
    -0.023638011887669563,
    0.019928235560655594,
    0.028508584946393967,
    -0.0630066841840744,
    -0.03873109817504883,
    -0.0014991987263783813,
    0.10474333167076111,
    -0.0011639134027063847,
    -0.07587405294179916,
    0.09043709933757782,
    0.04166916012763977,
    0.05801180750131607,
    -0.006029009353369474,
    -0.04671527072787285,
    -0.05231102928519249,
    0.0779615044593811,
    -0.03166067972779274,
    0.012289714068174362,
    -0.009857560507953167,
    -0.07129710912704468,
    0.04802875220775604,
    -0.008213566616177559,
    0.013746898621320724,
    0.03321298584342003,
    0.018798060715198517,
    -0.14765596389770508,
    0.015370383858680725,
    0.019990108907222748,
    -0.03352297842502594,
    -0.0814894288778305,
    0.03805443271994591,
    0.014229938387870789,
    -0.01251013483852148,
    0.0790981575846672,
    -0.0032721012830734253,
    -0.04786481335759163,
    -0.045561570674180984,
    -0.03718904033303261,
    0.02220022678375244,
    -0.026917705312371254,
    0.016961324959993362,
    -0.049768686294555664,
    0.05352868512272835,
    0.04446224495768547,
    0.12057623267173767,
    -0.02967468835413456,
    -0.058143697679042816,
    -0.035886384546756744,
    -0.0017117892857640982,
    0.025474676862359047,
    -0.04410424083471298,
    0.0049395631067454815,
    0.012003835290670395,
    -0.09496501088142395,
    0.026646766811609268,
    0.07001922279596329,
    0.014391620643436909,
    -0.0070997802540659904,
    0.013410290703177452,
    -0.036335818469524384,
    -0.062058817595243454,
    -0.09977000206708908,
    0.026675213128328323,
    0.010038916021585464,
    0.0629301369190216,
    0.05888322368264198,
    0.018167706206440926,
    -0.0668410211801529,
    -0.06013750657439232,
    0.06258521229028702,
    0.03734014928340912,
    0.024713777005672455,
    0.04762919619679451,
    0.0020736490841954947,
    -0.024295542389154434,
    0.03607990965247154,
    0.041382163763046265,
    0.0793505385518074,
