{
  "id": 632,
  "vector": [
    -0.021001258864998817,
    0.016170449554920197,
    0.015061204321682453,
    0.0063821314834058285,
    0.022483989596366882,
    0.008610965684056282,
    -0.024593349546194077,
    0.12179859727621078,
    0.03249131888151169,
    -0.13462761044502258,
    -0.03369751572608948,
    -0.09060103446245193,
    -0.08033649623394012,
    -0.0356457345187664,
    0.014870247803628445,
    -0.004856389947235584,
    -0.026462825015187263,
    0.04350416734814644,
    -0.011542711406946182,
    -0.050211429595947266,
    0.0010084552923217416,
    -0.0016044368967413902,
    -0.009192705154418945,
    0.05272497981786728,
    -0.043519388884305954,
    0.06609179079532623,
    -0.003846917999908328,
    0.004085856955498457,
    0.017963778227567673,
    -0.08538592606782913,
    0.062232065945863724,
    0.018988722935318947,
    -0.04301923140883446,
    -0.03365914151072502,
    0.02686731331050396,
    -0.06414060294628143,
    -0.02875477634370327,
    0.00122763158287853,
    0.055494002997875214,
    0.02594132535159588,
    0.08986791223287582,
    -0.06459342688322067,
    -0.014380388893187046,
    -0.04020706191658974,
    0.009485272690653801,
    0.00024371693143621087,
    0.003133591031655669,
    0.09253828227519989,
    0.05545506626367569,
    -0.07048740983009338,
    0.0319082997739315,
    -0.024439090862870216,
    -0.10435035079717636,
    -0.01662931591272354,
    0.06106578931212425,
    -0.09305495768785477,
    -0.008377010002732277,
    0.05938734486699104,
    -0.03604305163025856,
    0.03796149790287018,
    0.05386102572083473,
    0.07763440161943436,
    -0.05565550923347473,
    0.06091628223657608,
    -0.016729744151234627,
    -0.025305667892098427,
    -0.051687635481357574,
    -0.07456419616937637,
    -0.05393042042851448,
    0.04365737736225128,
    -0.033627595752477646,
    0.014807673171162605,
    0.021399391815066338,
    -0.04172036424279213,
    -0.08123543858528137,
    -0.03594077378511429,
    0.02765772119164467,
    -0.0742269828915596,
    -0.011145863682031631,
    0.08304310590028763,
    -0.05275726318359375,
    0.03888382017612457,
    -0.05440683662891388,
    0.027160193771123886,
    0.022499648854136467,
    -0.018284181132912636,
    -0.038101676851511,
    0.035328906029462814,
    0.013334492221474648,
    -0.0001940415968419984,
    -0.08482402563095093,
    0.01632073149085045,
    -0.014539653435349464,
    -0.018084492534399033,
    0.04749038442969322,
    0.050732631236314774,
    0.012068161740899086,
    0.011930474080145359,
    -0.014877216890454292,
    0.049255188554525375,
    -0.004549706354737282,
    -0.043165627866983414,
    0.03201235458254814,
    -0.0587373785674572,
    -0.05469542741775513,
    0.0013847247464582324,
    -0.03279759734869003,
    0.022876257076859474,
    0.06641031056642532,
    0.03933612257242203,
    -0.026817921549081802,
    -0.046562109142541885,
    -0.06782765686511993,
    -0.06503806263208389,
    0.031176652759313583,
    -0.036445923149585724,
    0.06645356118679047,
    -0.06324106454849243,
    0.10588555037975311,
    -0.06581902503967285,
    0.03856240212917328,
    -0.039761319756507874,
    0.0001206697997986339,
    -0.06580209732055664,
    -0.03681037202477455,
    -0.035515956580638885,
    0.08867654204368591,
    1.376312224132417e-33,
    -0.08143240958452225,
    -0.01731455884873867,
    0.054083406925201416,
    0.08048135042190552,
    -0.056094083935022354,
    0.0391298271715641,
    -0.013501821085810661,
    -0.05974237620830536,
    0.06524407118558884,
    0.006166637409478426,
    -0.03568774461746216,
    0.010067951865494251,
    -0.030242329463362694,
    0.10887880623340607,
    -0.060225941240787506,
    -0.11394574493169785,
    0.09739160537719727,
    0.07387387752532959,
    0.12389643490314484,
    -0.11551167070865631,
    -0.06434951722621918,
    0.02112358994781971,
    -0.03656589239835739,
    0.023948729038238525,
    -0.019692493602633476,
    -0.04516955092549324,
    0.03333170339465141,
    -0.09438478201627731,
    0.05269164219498634,
    0.024173546582460403,
    0.011641832068562508,
    0.01915307156741619,
    -0.01187420729547739,
    0.008531982079148293,
    -0.035528652369976044,
    -0.03474998101592064,
    -0.09071830660104752,
    -0.02092709206044674,
    0.0497807152569294,
    -0.033327262848615646,
    0.04903525486588478,
    0.10329541563987732,
    0.08377519249916077,
    -0.015850989148020744,
    -0.07613466680049896,
    0.04307355731725693,
    -0.021866535767912865,
    -0.02303464338183403,
    0.08232790976762772,
    -0.08882566541433334,
    0.009943229146301746,
    0.05659180507063866,
    -0.06001957878470421,
    0.01946871168911457,
    0.02783166617155075,
    -0.017720254138112068,
    -0.014035453088581562,
    0.08181712031364441,
    0.018515927717089653,
    0.01817522943019867,
    -0.016785116866230965,
    0.1163526326417923,
    -0.035785090178251266,
    0.0018553900299593806,
    0.033804502338171005,
    -0.02831958793103695,
    -0.10308722406625748,
    0.009531778283417225,
    0.03726264461874962,
    -0.033642254769802094,
    -0.024916155263781548,
    0.007962019182741642,
    0.10125501453876495,
    -0.03137801215052605,
    0.08092844486236572,
    0.0073967804200947285,
    0.09919653832912445,
    0.05735158547759056,
    0.026290757581591606,
    0.056732177734375,
    -0.01951443962752819,
    -0.06487392634153366,
    0.045210763812065125,
    -0.04248201847076416,
    -0.009962324053049088,
    -0.01716890186071396,
    -0.00876807514578104,
    0.04419034346938133,
    0.01866007037460804,
    -0.05186327174305916,
    -0.058154623955488205,
    -0.0716857761144638,
    0.0033082582522183657,
    -0.026019355282187462,
    -0.00604933500289917,
    -3.67996588048579e-33,
    -0.05005143582820892,
    0.04879894480109215,
    0.052066199481487274,
    0.023303719237446785,
    0.11919225752353668,
    0.059330765157938004,
    0.03745624050498009,
    0.05752081051468849,
    0.09862688183784485,
    0.04156947135925293,
    -0.04391714185476303,
    -0.003276389790698886,
    0.057217419147491455,
    0.03596781566739082,
    -0.04533040523529053,
    0.0070154424756765366,
    -0.004717716947197914,
    0.019359087571501732,
    -0.0070134722627699375,
    -0.030037270858883858,
    -0.0458061620593071,
    0.043620962649583817,
    0.05238483473658562,
    0.04781816154718399,
    0.055644381791353226,
    -0.030538804829120636,
    0.013116681016981602,
    -0.03902294486761093,
    -0.015594814904034138,
    0.08346705883741379,
    0.030731702223420143,
    -0.08023567497730255,
    -0.01478655356913805,
    0.045531272888183594,
    -0.12415454536676407,
    -0.08118993788957596,
    0.041434213519096375,
    0.025981446728110313,
    0.02095678076148033,
    0.0568462498486042,
    -0.0121960723772645,
    -0.09857945889234543,
    0.10670426487922668,
    0.007533836644142866,
    0.0068333628587424755,
    -0.10276643186807632,
    0.0740213617682457,
    -0.08293833583593369,
    0.025334730744361877,
    -0.018977714702486992,
    -0.00587928481400013,
    0.13667701184749603,
    -0.09818965196609497,
    -0.006575479172170162,
    -0.026209793984889984,
    0.009351992048323154,
    -0.0004312699311412871,
    0.01644018106162548,
    0.04101058468222618,
    -0.04829183965921402,
    0.008580786176025867,
    0.007239838130772114,
    -0.03182367607951164,
    0.017679627984762192,
    0.05136033892631531,
    -0.04531608521938324,
    -0.03606593608856201,
    -0.060113612562417984,
    -0.020737210288643837,
    0.0009466488845646381,
    0.043146517127752304,
    0.022853944450616837,
    0.06718721240758896,
    -0.024161212146282196,
    0.04561547935009003,
    -0.03829754516482353,
    -0.008488377556204796,
    0.009249181486666203,
    0.06913605332374573,
    0.036036353558301926,
    -0.021902766078710556,
    -0.03586525097489357,
    -0.021816125139594078,
