{
  "id": 615,
  "vector": [
    -0.005701334215700626,
    -0.00745277339592576,
    -0.051227882504463196,
    0.0017338312463834882,
    -0.05389249324798584,
    0.015273173339664936,
    0.048951730132102966,
    0.09067342430353165,
    -0.0043826596811413765,
    -0.10047414153814316,
    0.02980438619852066,
    -0.013783320784568787,
    -0.030005885288119316,
    0.05907647684216499,
    -0.013378322124481201,
    0.004194506909698248,
    -0.008190521970391273,
    0.004153085872530937,
    -0.1008063480257988,
    -0.039509814232587814,
    0.04745025932788849,
    -0.09597066789865494,
    0.015629006549715996,
    -0.003780653467401862,
    -0.002067429944872856,
    -0.02298220805823803,
    0.030693162232637405,
    0.019130930304527283,
    0.03260284289717674,
    -0.05108190327882767,
    0.06421835720539093,
    0.05758685991168022,
    0.023241819813847542,
    -0.08260880410671234,
    0.03134002164006233,
    -0.1321171671152115,
    0.01123480498790741,
    -0.03773607686161995,
    0.04509291797876358,
    0.04024439677596092,
    0.06661994010210037,
    0.04334763064980507,
    -0.03632481396198273,
    0.07409091293811798,
    -0.052774377167224884,
    -0.028745099902153015,
    -0.0378933809697628,
    0.12122681736946106,
    0.09119758754968643,
    0.038731496781110764,
    0.019969545304775238,
    0.014341664500534534,
    -0.10210400819778442,
    -0.0491480752825737,
    0.03106039948761463,
    -0.05852177366614342,
    -0.013268337585031986,
    0.007900478318333626,
    0.036941856145858765,
    0.04669054225087166,
    0.01786389760673046,
    -0.02433384396135807,
    -0.01155503373593092,
    0.05043976381421089,
    -0.0240388885140419,
    0.020899014547467232,
    -0.024215828627347946,
    0.04675918444991112,
    -0.05981830507516861,
    0.0009346198639832437,
    -0.035395387560129166,
    0.05272439867258072,
    -0.02239885739982128,
    -0.03804774954915047,
    -0.04809776693582535,
    -0.02366478554904461,
    0.04997515305876732,
    -0.06708024442195892,
    -0.06351505219936371,
    0.13277949392795563,
    -0.12118813395500183,
    -0.002834232524037361,
    -0.10936596244573593,
    0.047707799822092056,
    -0.007685662712901831,
    0.022715091705322266,
    -0.02544494718313217,
    0.011460660956799984,
    -0.000573724799323827,
    0.023552127182483673,
    -0.07051938772201538,
    0.004828630946576595,
    0.018092406913638115,
    -0.07375691831111908,
    -0.051931995898485184,
    0.041029199957847595,
    0.02091926336288452,
    -0.0573306605219841,
    0.019317906349897385,
    0.02262304350733757,
    0.018085578456521034,
    -0.03357771411538124,
    0.04892675206065178,
    -0.05730460211634636,
    -0.06607665121555328,
    -0.024006832391023636,
    -0.03171149268746376,
    0.051614660769701004,
    -0.007669114973396063,
    0.02718854323029518,
    -0.03216705098748207,
    0.0015332585899159312,
    0.014027119614183903,
    0.03322711959481239,
    -0.02176240086555481,
    0.006439583841711283,
    0.1057940348982811,
    0.018949739634990692,
    -0.0015695153269916773,
    0.04423682019114494,
    0.03802905231714249,
    -0.01809586025774479,
    -0.025612983852624893,
    -0.016455844044685364,
    -0.07488732784986496,
    -0.021148448809981346,
    0.09790819138288498,
    4.9313450038093796e-33,
    -0.0643177479505539,
    -0.04442976787686348,
    0.023438267409801483,
    0.055595844984054565,
    0.029445478692650795,
    0.04041646048426628,
    0.009623309597373009,
    -0.03345910832285881,
    -0.002838166430592537,
    -0.014269199222326279,
    -0.011585353873670101,
    -0.025664307177066803,
    -0.020069656893610954,
    0.04651951789855957,
    -0.09398721158504486,
    -0.07171930372714996,
    0.1081208735704422,
    -0.017268121242523193,
    0.028589798137545586,
    -0.10168386250734329,
    -0.01675551012158394,
    0.010141521692276001,
    -0.01879396289587021,
    0.02142181061208248,
    -0.10632120072841644,
    0.027277475222945213,
    -0.03227468207478523,
    0.05528714135289192,
    0.09628551453351974,
    0.016771283000707626,
    0.045840680599212646,
    0.011878213845193386,
    0.011178546585142612,
    0.02722206898033619,
    -0.059550993144512177,
    0.03650331497192383,
    -0.057402368634939194,
    -0.022110162302851677,
    0.14760085940361023,
    -0.07362686097621918,
    0.057256799191236496,
    0.08535896241664886,
    0.07170655578374863,
    0.061006851494312286,
    -0.00014309566176962107,
    0.0278132613748312,
    0.03707769140601158,
    -0.04436984285712242,
    -0.0049543315544724464,
    -0.0011056114453822374,
    -0.08297913521528244,
    0.04244167357683182,
    0.03249092400074005,
    0.01903415285050869,
    0.08504310995340347,
    -0.04940280690789223,
    0.0007854974246583879,
    0.06192846968770027,
    -0.025090068578720093,
    0.05176689848303795,
    0.0015184705844148993,
    0.09179229289293289,
    -0.023592058569192886,
    0.06557543575763702,
    -0.007264165673404932,
    -0.0004699456912931055,
    -0.1077987477183342,
    0.012378944084048271,
    -0.026702234521508217,
    -0.025952931493520737,
    -0.01136607863008976,
    0.0805552750825882,
    0.022963305935263634,
    0.0101556908339262,
    0.028913721442222595,
    0.016305165365338326,
    0.11616024374961853,
    -0.007246003951877356,
    -0.042578812688589096,
    -0.0074758674018085,
    -0.07058458030223846,
    -0.022843433544039726,
    -0.017163537442684174,
    -0.0012249513529241085,
    0.008583993650972843,
    0.000567844370380044,
    -0.06202011927962303,
    0.01822270266711712,
    0.04676249995827675,
    -0.060124870389699936,
    -0.03358225151896477,
    -0.04856761917471886,
    -0.00742783397436142,
    -0.05004190653562546,
    -0.0021577412262558937,
    -5.0551763541707996e-33,
    0.03813828527927399,
    0.017324000597000122,
    0.088313989341259,
    0.026771126314997673,
    0.06966105103492737,
    0.01295025460422039,
    0.06758016347885132,
    -0.013555286452174187,
    0.030157243832945824,
    -0.049903664737939835,
    -0.12389634549617767,
    0.029708869755268097,
    -0.007708732504397631,
    0.014142168685793877,
    -0.03904096037149429,
    0.10616586357355118,
    0.11705941706895828,
    0.05845291167497635,
    -0.00626292172819376,
    -0.032432232052087784,
    -0.10519159585237503,
    0.0990111380815506,
    -0.005007673520594835,
    0.06797610223293304,
    0.04415232315659523,
    -0.03455708920955658,
    0.05295875295996666,
    -0.03122192621231079,
    0.016057221218943596,
    0.1060064285993576,
    0.022551661357283592,
    -0.14210990071296692,
    0.01976490393280983,
    0.0008284937357529998,
    -0.049122586846351624,
    -0.03707001358270645,
    0.055762991309165955,
    -0.013655124232172966,
    0.020763952285051346,
    0.05981689691543579,
    0.0008507660822942853,
    -0.10031568259000778,
    -0.03794122859835625,
    -0.04202641546726227,
    0.00016908335965126753,
    0.019222915172576904,
    -0.004338552244007587,
    -0.0832977294921875,
    0.011764314025640488,
    0.014781245961785316,
    0.001735145109705627,
    0.085957832634449,
    -0.0879799872636795,
    0.08938265591859818,
    0.057225633412599564,
    -0.02147854119539261,
    0.11318448930978775,
    0.04152342677116394,
    0.025131821632385254,
    -0.0977121889591217,
    -0.02206600271165371,
    0.0010288009652867913,
    -0.08462207019329071,
    -0.022589093074202538,
    0.0164189413189888,
    -0.06414952874183655,
    0.005676774308085442,
    0.0352800190448761,
    -0.07070960104465485,
    -0.057860367000103,
    0.036229927092790604,
    0.06691397726535797,
    0.02948465570807457,
    -0.06699433922767639,
    -0.06431367248296738,
    -0.037010714411735535,
    -0.08496218919754028,
    -0.0808672085404396,
    -0.019149301573634148,
    0.03159145265817642,
    -0.11023935675621033,
    -0.029187384992837906,
    -0.05269012600183487,
