{
  "id": 819,
  "vector": [
    -0.011688480153679848,
    0.03625665232539177,
    -0.04818843677639961,
    0.05351705849170685,
    -0.031717557460069656,
    0.0030405970755964518,
    0.04778348654508591,
    0.0651148185133934,
    -0.032272662967443466,
    -0.05742200091481209,
    0.0036088349297642708,
    -0.07460276037454605,
    0.024202898144721985,
    0.01062055304646492,
    -0.008157494477927685,
    0.009403593838214874,
    -0.02641049027442932,
    0.07223442941904068,
    -0.09559391438961029,
    -0.09930800646543503,
    -0.018174229189753532,
    -0.024890534579753876,
    0.02476535178720951,
    0.04402777552604675,
    -0.05292300507426262,
    0.02209773287177086,
    -0.09822895377874374,
    -0.011500993743538857,
    -0.049419403076171875,
    -0.04390549659729004,
    0.04232895374298096,
    0.14084018766880035,
    -0.004428309388458729,
    -0.03180810809135437,
    0.053548671305179596,
    -0.055090781301259995,
    -0.03783699497580528,
    -0.06467528641223907,
    0.08901470899581909,
    0.03243335336446762,
    0.023197399452328682,
    -0.011559918522834778,
    0.04924313724040985,
    0.023560788482427597,
    0.002684056293219328,
    -0.0022740636486560106,
    -0.09830547869205475,
    0.09505061060190201,
    0.07404539734125137,
    -0.027886610478162766,
    0.006185831967741251,
    0.01439641322940588,
    -0.08701125532388687,
    -0.07655894756317139,
    0.06679346412420273,
    -0.028788821771740913,
    -0.009669878520071507,
    0.012286890298128128,
    0.010299726389348507,
    0.06024555116891861,
    0.045978620648384094,
    -0.03735673800110817,
    -0.0466124452650547,
    0.030668584629893303,
    -0.003279329277575016,
    0.030213506892323494,
    -0.056206971406936646,
    -0.020888639613986015,
    -0.047993212938308716,
    0.022299284115433693,
    -0.025931620970368385,
    0.02028350904583931,
    -0.021339664235711098,
    -0.015459571965038776,
    -0.048043809831142426,
    -0.02073489874601364,
    0.10417719185352325,
    -0.12669941782951355,
    -0.06214151903986931,
    0.003523652208968997,
    -0.047135792672634125,
    0.01242024451494217,
    -0.00012614177830982953,
    -0.018254805356264114,
    0.002029614755883813,
    -0.03379807248711586,
    0.013905850239098072,
    0.02482367306947708,
    0.054199956357479095,
    0.02926415391266346,
    -0.07045405358076096,
    0.02857961319386959,
    -0.09259777516126633,
    -0.042467355728149414,
    -0.1003866046667099,
    0.02175714634358883,
    -0.06649826467037201,
    -0.11110614985227585,
    0.023804044350981712,
    0.05664210394024849,
    0.05440680310130119,
    -0.0590745247900486,
    0.03364574536681175,
    -0.027829166501760483,
    -0.047738030552864075,
    0.01133256871253252,
    0.029138274490833282,
    0.012520448304712772,
    -0.004631969146430492,
    0.05587001144886017,
    -0.07469800859689713,
    0.05878370255231857,
    0.0007928720442578197,
    -0.03277520462870598,
    0.02011086605489254,
    0.04540206491947174,
    0.07040383666753769,
    0.025784488767385483,
    0.042021576315164566,
    -0.03810570761561394,
    0.05242113769054413,
    0.03347551077604294,
    0.07594697177410126,
    -0.04009123519062996,
    -0.09281107038259506,
    -0.014952042140066624,
    0.009795891121029854,
    5.612809568365784e-33,
    -0.05982589349150658,
    -0.005853935610502958,
    0.044210419058799744,
    -0.0038406262174248695,
    0.06463515758514404,
    0.06497156620025635,
    0.029934043064713478,
    0.018013715744018555,
    0.010021781548857689,
    -0.0287600290030241,
    -0.06921634823083878,
    0.020774846896529198,
    0.03980099409818649,
    0.10570037364959717,
    -0.02568383701145649,
    -0.08126381784677505,
    0.08120753616094589,
    0.09179297089576721,
    -0.006310136057436466,
    -0.10091450810432434,
    -0.07220861315727234,
    0.0581074096262455,
    0.032474588602781296,
    0.01916315220296383,
    -0.08071629703044891,
    -0.008504938334226608,
    0.042756952345371246,
    0.049612920731306076,
    0.002763595897704363,
    0.03730747103691101,
    0.05845528095960617,
    -0.006497324910014868,
    0.05787783861160278,
    -0.004528326448053122,
    0.019175482913851738,
    -0.008242062292993069,
    -0.06840856373310089,
    -0.06468091160058975,
    0.08471222966909409,
    -0.016833029687404633,
    -0.030260613188147545,
    0.10578495264053345,
    0.05733175948262215,
    0.040420033037662506,
    -0.16986985504627228,
    0.08021288365125656,
    0.07146871834993362,
    0.020143043249845505,
    0.040751855820417404,
    0.03868966922163963,
    -0.05075005814433098,
    0.022914422675967216,
    -0.05239804834127426,
    0.03401278331875801,
    0.0597577840089798,
    -0.02922900579869747,
    -0.038339026272296906,
    0.03443074971437454,
    0.015231524594128132,
    0.04106970131397247,
    -0.017697451636195183,
    -0.02666187472641468,
    -0.031123392283916473,
    -0.025939233601093292,
    0.03784923255443573,
    0.03586726263165474,
    -0.10449651628732681,
    0.030193118378520012,
    0.025722229853272438,
    -0.004312647040933371,
    0.000054091822676127777,
    0.015350586734712124,
    0.11751130223274231,
    -0.005714132450520992,
    0.09462860971689224,
    0.005778687074780464,
    0.06565360724925995,
    0.09709852188825607,
    -0.06564363837242126,
    0.05942252650856972,
    -0.07549574971199036,
    0.012592018581926823,
    0.06836952269077301,
    -0.0508725680410862,
    -0.015104671008884907,
    -0.007166185416281223,
    -0.07002735137939453,
    0.06688559055328369,
    0.04820023849606514,
    -0.05623076111078262,
    0.0034271760378032923,
    -0.0561646968126297,
    0.05960358679294586,
    -0.0680730864405632,
    0.0026748424861580133,
    -5.218433785058799e-33,
    0.013699146918952465,
    0.1074792742729187,
    -0.045478515326976776,
    -0.008913890458643436,
    0.06670252233743668,
    -0.06276699155569077,
    0.0009291487513110042,
    0.011722786352038383,
    -0.008489003404974937,
    -0.04720098897814751,
    -0.05911535397171974,
    -0.005005859769880772,
    0.01388055831193924,
    -0.0885220393538475,
    -0.12217401713132858,
    0.042131196707487106,
    0.06651349365711212,
    0.05019697919487953,
    -0.049058835953474045,
    0.008426466025412083,
    -0.10100815445184708,
    0.0417349711060524,
    -0.037448201328516006,
    0.09299898147583008,
    0.01994978077709675,
    -0.005779383238404989,
    0.04441089183092117,
    -0.06402900069952011,
    0.016299067065119743,
    0.049113478511571884,
    -0.00120129797141999,
    -0.1408976912498474,
    -0.06812141835689545,
    0.004562037996947765,
    0.012284528464078903,
    -0.014874088577926159,
    0.10069587081670761,
    0.018342476338148117,
    -0.03369810804724693,
    0.051817670464515686,
    0.011110682040452957,
    -0.013887601904571056,
    0.02197938598692417,
    -0.0188318882137537,
    0.06907419115304947,
    -0.000929022382479161,
    0.006330224685370922,
    -0.046943750232458115,
    0.018514802679419518,
    0.004332317970693111,
    -0.020555805414915085,
    0.025534244254231453,
    -0.020179947838187218,
    -0.020968182012438774,
    0.01006097998470068,
    -0.031084679067134857,
    0.06310975551605225,
    0.06772817671298981,
    0.008011371828615665,
    -0.046406641602516174,
    -0.0022489719558507204,
    -0.0858289897441864,
    -0.034935254603624344,
    0.02176240272819996,
    0.008879522792994976,
    -0.006383944768458605,
    -0.03837091103196144,
    -0.05161192640662193,
    0.050872720777988434,
    -0.004043844528496265,
    0.011886805295944214,
    -0.004728113766759634,
    0.01147102378308773,
    -0.0023605518508702517,
    -0.09163674712181091,
    -0.01283356361091137,
    0.013338211923837662,
    -0.03040289133787155,
    0.030889729037880898,
    0.049777016043663025,
    -0.01820768415927887,
    -0.02278292179107666,
    0.067044697701931,
