{
  "id": 755,
  "vector": [
    0.006328710820525885,
    -0.022678427398204803,
    -0.015395906753838062,
    0.036973822861909866,
    -0.012874362990260124,
    0.05710991099476814,
    0.072512686252594,
    0.020517053082585335,
    0.008290662430226803,
    -0.04434683546423912,
    0.02701386995613575,
    -0.03238627687096596,
    -0.04176350310444832,
    0.02606581151485443,
    -0.05168535187840462,
    -0.020850330591201782,
    0.01665499620139599,
    -0.0070661199279129505,
    -0.12907877564430237,
    -0.04675358533859253,
    0.012923614121973515,
    -0.06850582361221313,
    0.007748376578092575,
    0.09592551738023758,
    -0.06255100667476654,
    0.036655981093645096,
    -0.009803458116948605,
    -0.003732959972694516,
    0.034123290330171585,
    -0.054657015949487686,
    0.015276202000677586,
    0.04714050143957138,
    0.02140619605779648,
    -0.024727342650294304,
    -0.034318190068006516,
    -0.0638783872127533,
    0.0012649428099393845,
    -0.02863002009689808,
    0.06756364554166794,
    -0.004903311841189861,
    0.1444496065378189,
    -0.014617236331105232,
    -0.01628469116985798,
    0.07753930240869522,
    -0.042964182794094086,
    0.01830558106303215,
    -0.03272810950875282,
    0.04220932722091675,
    0.04834742844104767,
    -0.04959873482584953,
    -0.01618964783847332,
    -0.06559096276760101,
    -0.14799173176288605,
    -0.08850768208503723,
    -0.011112899519503117,
    -0.0985528752207756,
    0.03373214229941368,
    0.0015358368400484324,
    0.007138214074075222,
    0.10969141870737076,
    0.026240132749080658,
    0.032593950629234314,
    -0.03797895833849907,
    0.04831062629818916,
    0.013314115814864635,
    0.04864778742194176,
    -0.06787534058094025,
    -0.0038757636211812496,
    -0.03763216361403465,
    -0.0034221832174807787,
    -0.02238047681748867,
    0.02271113358438015,
    -0.005382644943892956,
    -0.029253240674734116,
    -0.13728970289230347,
    -0.056776538491249084,
    0.0890723243355751,
    -0.05481530353426933,
    -0.04678989201784134,
    0.11214304715394974,
    -0.054255302995443344,
    -0.002319966908544302,
    -0.06627266108989716,
    0.04396538436412811,
    -0.041384682059288025,
    -0.026906082406640053,
    -0.08802680671215057,
    -0.008227448910474777,
    0.04206668958067894,
    -0.04901639744639397,
    -0.05398521199822426,
    0.007792833261191845,
    -0.013451232574880123,
    -0.023014314472675323,
    -0.06736729294061661,
    0.04102029278874397,
    -0.024458441883325577,
    -0.1008424311876297,
    0.0906790941953659,
    0.020421210676431656,
    0.020132089033722878,
    0.033634983003139496,
    0.10209597647190094,
    -0.0784824937582016,
    -0.005404162220656872,
    -0.011488131247460842,
    0.012573021464049816,
    0.03465493395924568,
    0.026692619547247887,
    0.051695507019758224,
    -0.08025775849819183,
    -0.026282504200935364,
    -0.03308608755469322,
    0.08217115700244904,
    -0.038041457533836365,
    -0.04393799975514412,
    0.045339297503232956,
    -0.011787035502493382,
    0.030390683561563492,
    0.014863038435578346,
    0.0458688959479332,
    -0.005023639183491468,
    0.11649581044912338,
    -0.08439335972070694,
    -0.06170060858130455,
    0.027197109535336494,
    0.038057226687669754,
    3.035935300873306e-33,
    -0.10821410268545151,
    -0.05568436533212662,
    0.11472839117050171,
    0.1263243854045868,
    0.01632952131330967,
    0.06895753741264343,
    0.027741724625229836,
    -0.06644917279481888,
    0.012031014077365398,
    0.037526436150074005,
    -0.050772376358509064,
    -0.04158194735646248,
    -0.020525459200143814,
    0.054979950189590454,
    -0.039422210305929184,
    0.008823085576295853,
    0.006162166595458984,
    0.003971119876950979,
    0.036181218922138214,
    -0.04103976488113403,
    -0.03195228800177574,
    0.07358796149492264,
    -0.009323293343186378,
    -0.002311661373823881,
    -0.06553108245134354,
    -0.011061309836804867,
    -0.000018683276721276343,
    -0.004809847101569176,
    0.03256174921989441,
    0.01698903925716877,
    0.1016906276345253,
    0.017140312120318413,
    0.01606719382107258,
    -0.009816080331802368,
    -0.029698170721530914,
    0.005701630841940641,
    -0.0014726432273164392,
    -0.04786699637770653,
    0.08839589357376099,
    -0.03237589821219444,
    -0.01316856686025858,
    0.0047622802667319775,
    0.08010809123516083,
    0.06862164288759232,
    -0.10202545672655106,
    0.08360431343317032,
    -0.047461800277233124,
    -0.04127064347267151,
    0.08931400626897812,
    -0.03012019395828247,
    -0.06466759741306305,
    0.007870153523981571,
    0.009025086648762226,
    0.03399054333567619,
    0.019465425983071327,
    -0.02075812593102455,
    -0.06880620121955872,
    0.062120772898197174,
    -0.0033227724488824606,
    0.06831656396389008,
    0.03640105575323105,
    0.043523408472537994,
    -0.04630152881145477,
    -0.045691344887018204,
    0.07379051297903061,
    -0.013892291113734245,
    -0.03824227303266525,
    -0.03931686654686928,
    0.04990464448928833,
    -0.04108930379152298,
    0.01983487233519554,
    0.03204640746116638,
    0.10819889605045319,
    0.02232956700026989,
    0.08566533774137497,
    0.01252892054617405,
    0.10946085304021835,
    0.01881418749690056,
    -0.03870300203561783,
    0.10150130838155746,
    -0.09823159128427505,
    -0.03611163794994354,
    0.07132299244403839,
    0.04310033470392227,
    0.011804038658738136,
    -0.011343901976943016,
    -0.026654494926333427,
    -0.01292420458048582,
    0.038897816091775894,
    -0.08759533613920212,
    -0.006404958199709654,
    0.004242530558258295,
    -0.015367342159152031,
    -0.0462477020919323,
    -0.0004604491696227342,
    -4.782419787793781e-33,
    0.013553952798247337,
    0.0568033866584301,
    0.03442548215389252,
    0.061677221208810806,
    0.09004326909780502,
    -0.015145503915846348,
    0.028294168412685394,
    0.02755781263113022,
    -0.007333164103329182,
    -0.016420334577560425,
    -0.03599017485976219,
    0.017447706311941147,
    0.020952049642801285,
    0.004794303327798843,
    -0.0313262902200222,
    0.10203363001346588,
    0.0685572475194931,
    -0.045157477259635925,
    -0.012688197195529938,
    -0.040043603628873825,
    -0.06945381313562393,
    0.041070856153964996,
    -0.01258203573524952,
    0.031092604622244835,
    0.0677647590637207,
    -0.021793566644191742,
    0.006369118578732014,
    -0.06516451388597488,
    0.023057589307427406,
    0.048304855823516846,
    0.06529180705547333,
    -0.08163116872310638,
    0.03207545727491379,
    0.0010642650304362178,
    -0.09058060497045517,
    -0.13478699326515198,
    0.05297022685408592,
    -0.023538079112768173,
    -0.0016099816421046853,
    0.02657999098300934,
    0.04671347886323929,
    -0.024886667728424072,
    0.027932191267609596,
    -0.04245074838399887,
    0.019667144864797592,
    -0.027353625744581223,
    -0.006764532532542944,
    -0.06432080268859863,
    0.06903903186321259,
    -0.01863095723092556,
    0.03208346292376518,
    0.03369062766432762,
    -0.18738920986652374,
    0.042209893465042114,
    0.049236051738262177,
    -0.021645668894052505,
    0.10394302755594254,
    0.041321318596601486,
    0.034640949219465256,
    -0.09049592912197113,
    -0.014481395483016968,
    -0.06697771698236465,
    -0.0466596782207489,
    -0.041211094707250595,
    -0.01949181593954563,
    -0.033766403794288635,
    0.024395572021603584,
    0.012355400249361992,
    -0.013229132629930973,
    -0.029650986194610596,
    -0.01415090449154377,
    0.043974313884973526,
    0.006976263597607613,
    -0.021255677565932274,
    -0.08390828967094421,
    0.02494659461081028,
    -0.03961116820573807,
    -0.04826224967837334,
    0.05732978507876396,
    -0.00954549852758646,
    -0.007127068471163511,
    -0.0003949156089220196,
