{
  "id": 667,
  "vector": [
    0.011653002351522446,
    0.05501736328005791,
    -0.004611586686223745,
    0.10045015066862106,
    -0.031623516231775284,
    0.0354011207818985,
    0.06988789886236191,
    0.05887923762202263,
    -0.0663883164525032,
    0.015235770493745804,
    0.045710474252700806,
    -0.1307802051305771,
    -0.012343276292085648,
    -0.0011231126263737679,
    0.03614705055952072,
    -0.07078216224908829,
    0.051047440618276596,
    0.020255910232663155,
    -0.09459922462701797,
    -0.044441599398851395,
    0.06662220507860184,
    -0.07578454911708832,
    -0.050537724047899246,
    -0.036194488406181335,
    0.05965552106499672,
    0.0443028025329113,
    0.07589966803789139,
    -0.08390267193317413,
    0.015469567850232124,
    -0.023583395406603813,
    0.028118252754211426,
    0.011205350048840046,
    0.0299229733645916,
    -0.008020480163395405,
    -0.05151442065834999,
    -0.018803857266902924,
    -0.07072500139474869,
    -0.022925203666090965,
    -0.0003898000286426395,
    -0.0038055002223700285,
    0.01039239950478077,
    0.01859746314585209,
    0.03893885761499405,
    -0.0323045514523983,
    0.0011845986591652036,
    -0.03240300714969635,
    -0.03304894268512726,
    0.044063836336135864,
    0.06001175567507744,
    0.03366527706384659,
    -0.06657517701387405,
    0.04717356339097023,
    -0.1126319020986557,
    0.01180508267134428,
    0.00851907953619957,
    -0.08215807378292084,
    -0.015041453763842583,
    -0.05568472295999527,
    -0.004129566717892885,
    0.0689857229590416,
    -0.04492703825235367,
    -0.026276469230651855,
    -0.1100652664899826,
    0.005845355335623026,
    0.03311964496970177,
    -0.06149335950613022,
    -0.018426530063152313,
    0.04458308592438698,
    -0.04999009892344475,
    0.0827823281288147,
    0.01336696557700634,
    0.057337019592523575,
    0.1098666787147522,
    -0.038834959268569946,
    0.02633584663271904,
    -0.03516542911529541,
    0.051041439175605774,
    -0.0008969384361989796,
    0.00012781530676875263,
    0.04969817399978638,
    -0.07310257852077484,
    -0.02587643638253212,
    0.059015415608882904,
    -0.010936274193227291,
    -0.0044595180079340935,
    0.01062505692243576,
    -0.014867088757455349,
    0.0015477777924388647,
    0.006448107771575451,
    -0.07376711070537567,
    -0.052261341363191605,
    0.0015908461064100266,
    0.0335552804172039,
    0.028746385127305984,
    0.006215561646968126,
    0.08869495987892151,
    -0.04035315290093422,
    -0.04918145388364792,
    -0.009751013480126858,
    0.019268807023763657,
    0.013845868408679962,
    0.015043230727314949,
    0.10840930789709091,
    -0.04913343861699104,
    -0.04583800584077835,
    -0.02278386615216732,
    -0.039665207266807556,
    0.025737065821886063,
    0.06604821979999542,
    0.051575612276792526,
    -0.060016606003046036,
    0.009966380894184113,
    0.021108660846948624,
    -0.03289536014199257,
    -0.04144540801644325,
    0.02780161052942276,
    0.06377507746219635,
    -0.03725341334939003,
    0.07842058688402176,
    -0.027174167335033417,
    0.007277216762304306,
    -0.015214364044368267,
    0.09311710298061371,
    -0.021828191354870796,
    -0.026146359741687775,
    -0.037483107298612595,
    0.06987786293029785,
    2.6345451223697735e-33,
    -0.08534275740385056,
    -0.05467670038342476,
    0.012230844236910343,
    -0.001992606557905674,
    0.050804924219846725,
    -0.023408154025673866,
    -0.03254666179418564,
    0.02573314495384693,
    -0.0177566297352314,
    0.011044444516301155,
    0.04398740828037262,
    0.033512528985738754,
    -0.06820221990346909,
    0.05239475145936012,
    -0.04795941337943077,
    -0.05591253191232681,
    0.050893958657979965,
    0.040093470364809036,
    0.02532377280294895,
    -0.055930186063051224,
    -0.08202240616083145,
    0.008529804646968842,
    -0.019041473045945168,
    0.06507782638072968,
    -0.06380843371152878,
    0.05181553587317467,
    0.06571521610021591,
    -0.046243973076343536,
    -0.014717952348291874,
    0.030256154015660286,
    0.10073594748973846,
    0.09399408102035522,
    -0.02210131473839283,
    -0.03232225775718689,
    -0.13024863600730896,
    0.0831715315580368,
    -0.07880977541208267,
    -0.009256389923393726,
    -0.03599628433585167,
    -0.07241474092006683,
    0.022040175274014473,
    0.043548714369535446,
    0.03000929206609726,
    -0.004285169765353203,
    -0.012138761579990387,
    0.01805167645215988,
    -0.023238468915224075,
    0.018506145104765892,
    -0.008992905728518963,
    0.089061439037323,
    -0.042446210980415344,
    0.0600770078599453,
    -0.062396131455898285,
    0.06827066093683243,
    -0.052022408694028854,
    -0.10927281528711319,
    -0.00015550243551842868,
    0.05129982903599739,
    0.04639154672622681,
    0.022441111505031586,
    0.027317410334944725,
    -0.006864350289106369,
    -0.09057764708995819,
    0.08763384819030762,
    -0.10800624638795853,
    -0.012305570766329765,
    -0.08033111691474915,
    -0.060497354716062546,
    0.010870224796235561,
    -0.00822568591684103,
    -0.022379377856850624,
    0.03122687339782715,
    0.05981256067752838,
    0.002000247361138463,
    -0.04380727931857109,
    -0.0374600924551487,
    0.13918659090995789,
    0.12074053287506104,
    -0.02100885473191738,
    0.020003899931907654,
    -0.03226463869214058,
    0.008392896503210068,
    0.021898243576288223,
    0.03709809109568596,
    0.01838316209614277,
    0.05310237035155296,
    -0.05381767451763153,
    -0.10706749558448792,
    0.0770825445652008,
    -0.016535550355911255,
    -0.043880630284547806,
    -0.0005688063683919609,
    0.010413827374577522,
    0.004297077655792236,
    -0.06111116707324982,
    -2.0484208638467338e-33,
    0.013674283400177956,
    0.009382792748510838,
    -0.03861377388238907,
    0.13313047587871552,
    0.0876888856291771,
    0.021486351266503334,
    0.06171732768416405,
    -0.01304766908288002,
    0.0817856565117836,
    -0.06644365191459656,
    -0.008434934541583061,
    -0.0028348760679364204,
    0.030674796551465988,
    -0.004286541137844324,
    -0.030840981751680374,
    0.04273294284939766,
    0.12699422240257263,
    0.06849239766597748,
    -0.010252832435071468,
    0.05200282111763954,
    -0.0650261640548706,
    0.13218790292739868,
    0.022734930738806725,
    0.013939418829977512,
    0.03263437747955322,
    -0.010170876048505306,
    0.06676002591848373,
    0.028449295088648796,
    -0.03741144388914108,
    0.026156621053814888,
    0.023548869416117668,
    -0.05360322445631027,
    -0.01550128124654293,
    -0.04253293573856354,
    -0.09858681261539459,
    -0.07592789828777313,
    0.05409522354602814,
    0.022270677611231804,
    -0.003364349016919732,
    0.1296488493680954,
    0.033297181129455566,
    -0.009065268561244011,
    -0.015356417745351791,
    0.033217426389455795,
    0.01872248202562332,
    0.004978464916348457,
    0.02198772132396698,
    -0.08386573195457458,
    -0.020527806133031845,
    -0.040303271263837814,
    0.049316637217998505,
    -0.05791666358709335,
    -0.06484343111515045,
    -0.058514554053545,
    0.016589034348726273,
    0.07658831775188446,
    0.02986098825931549,
    -0.007816364988684654,
    0.020227573812007904,
    -0.08984332531690598,
    -0.04404797405004501,
    0.08736018091440201,
    0.025768375024199486,
    0.001060649985447526,
    0.012899226509034634,
    0.06361936777830124,
    0.0066162836737930775,
    -0.04379858449101448,
    -0.026738403365015984,
    -0.01301706675440073,
    0.037446361035108566,
    0.054600074887275696,
    0.03646421805024147,
    -0.012250381521880627,
    0.012064320966601372,
    -0.014956791885197163,
    0.002694234251976013,
    0.0131011251360178,
    -0.006600670516490936,
    -0.031922485679388046,
    -0.03592506796121597,
    0.04468958079814911,
    -0.03709797561168671,
