{
  "id": 1086,
  "vector": [
    0.001288966741412878,
    0.1152818500995636,
    -0.052585698664188385,
    -0.006480241660028696,
    -0.052520159631967545,
    -0.012056468054652214,
    0.10040446370840073,
    0.058456115424633026,
    -0.002997293137013912,
    0.02905070222914219,
    0.09722308069467545,
    -0.02029641903936863,
    0.07434230297803879,
    -0.029024381190538406,
    -0.03167133778333664,
    -0.047285210341215134,
    0.045364830642938614,
    0.031219977885484695,
    -0.1342497020959854,
    0.0008085547597147524,
    0.03548122197389603,
    -0.04127110168337822,
    0.012664595618844032,
    -0.026746870949864388,
    -0.013821466825902462,
    0.05501154065132141,
    -0.01749124936759472,
    0.008004155941307545,
    0.007994472980499268,
    -0.027840929105877876,
    -0.017762651666998863,
    0.09607727080583572,
    -0.05011991411447525,
    0.0054443590342998505,
    0.002787187462672591,
    -0.08153232932090759,
    -0.04434133321046829,
    -0.020433999598026276,
    0.04805842414498329,
    -0.0009960411116480827,
    -0.006494713481515646,
    0.06623411923646927,
    0.017207413911819458,
    0.05871661379933357,
    -0.015223410911858082,
    -0.07076934725046158,
    -0.09854535013437271,
    0.016184644773602486,
    -0.00601083692163229,
    -0.005344938486814499,
    -0.062380190938711166,
    0.057493921369314194,
    -0.06198721379041672,
    0.00680554611608386,
    0.04053684324026108,
    -0.07113940268754959,
    -0.012668626382946968,
    0.030865313485264778,
    -0.025636402890086174,
    0.10096175968647003,
    -0.0037039185408502817,
    -0.08097434043884277,
    -0.0538179986178875,
    -0.029471930116415024,
    0.05024431273341179,
    -0.03718842193484306,
    -0.03887021541595459,
    0.054605524986982346,
    -0.055908605456352234,
    0.048343509435653687,
    -0.013305018655955791,
    0.09904327988624573,
    0.016236474737524986,
    -0.024963796138763428,
    -0.014742178842425346,
    0.006916943937540054,
    0.024431800469756126,
    -0.01125058252364397,
    -0.06908487528562546,
    0.05121627077460289,
    -0.03986043855547905,
    -0.031553640961647034,
    -0.029173269867897034,
    -0.055261045694351196,
    -0.0008956815581768751,
    -0.08153817802667618,
    -0.018526839092373848,
    0.03760718181729317,
    0.040366385132074356,
    -0.003926850855350494,
    0.005925478879362345,
    0.06836211681365967,
    0.0020838461350649595,
    -0.040940530598163605,
    -0.07580778002738953,
    0.03467603027820587,
    -0.06504486501216888,
    -0.10356860607862473,
    0.04667404666543007,
    0.048837676644325256,
    0.047103602439165115,
    -0.01034805178642273,
    0.12307649850845337,
    -0.07491008192300797,
    -0.06397592276334763,
    0.03491562604904175,
    0.02463921532034874,
    0.05436919629573822,
    0.00017616647528484464,
    0.10597248375415802,
    0.013575761578977108,
    -0.03063007816672325,
    -0.03006521612405777,
    0.0007446847739629447,
    -0.019092723727226257,
    0.0707465186715126,
    0.06111112982034683,
    0.026108404621481895,
    0.05666858330368996,
    -0.015780894085764885,
    0.04044407606124878,
    -0.007520230021327734,
    0.04049461707472801,
    -0.009254856035113335,
    -0.049675103276968,
    0.09082449972629547,
    -0.011388556100428104,
    4.91827460865419e-33,
    -0.06823641806840897,
    -0.05632631480693817,
    -0.0015226390678435564,
    0.07566127181053162,
    0.0265174750238657,
    0.019613191485404968,
    -0.0074700964614748955,
    -0.04231465607881546,
    -0.02243429236114025,
    -0.0013803817564621568,
    -0.037616245448589325,
    0.002404359867796302,
    -0.028807038441300392,
    0.04821821302175522,
    -0.030767351388931274,
    -0.048790812492370605,
    -0.004993723705410957,
    0.013060042634606361,
    -0.01441208180040121,
    -0.04147554934024811,
    -0.05723205953836441,
    0.000546456896699965,
    0.0012050068471580744,
    -0.014925598166882992,
    -0.059246357530355453,
    0.08288111537694931,
    0.07414614409208298,
    -0.03386465460062027,
    0.024991655722260475,
    0.014689149335026741,
    0.12784594297409058,
    -0.006460682488977909,
    -0.003527154913172126,
    0.02315247245132923,
    0.03374076634645462,
    0.06458072364330292,
    -0.03264779970049858,
    -0.018619725480675697,
    0.06301137804985046,
    -0.12432235479354858,
    0.013676276430487633,
    0.016145626083016396,
    0.09538853168487549,
    0.07228828966617584,
    -0.1022815927863121,
    0.03899294137954712,
    0.01634417101740837,
    0.009945395402610302,
    0.09138777107000351,
    0.0023419426288455725,
    -0.024554431438446045,
    0.03624491021037102,
    -0.0020876291673630476,
    0.052224818617105484,
    0.014759611338376999,
    0.030529379844665527,
    -0.053927551954984665,
    0.033539481461048126,
    -0.0009622432407923043,
    0.09632541984319687,
    -0.01860189624130726,
    0.03170580416917801,
    -0.04534701257944107,
    0.1061895489692688,
    -0.015171264298260212,
    0.06495219469070435,
    -0.0797247588634491,
    -0.050021521747112274,
    0.032273069024086,
    0.06383110582828522,
    0.02667592652142048,
    -0.03556666895747185,
    0.1626559942960739,
    0.05597420409321785,
    -0.015763456001877785,
    -0.011951589025557041,
    0.07535697519779205,
    0.03973695635795593,
    -0.05439329519867897,
    0.09621331840753555,
    -0.05250287428498268,
    -0.004781246185302734,
    -0.044131696224212646,
    -0.025355052202939987,
    -0.10427384823560715,
    0.04120023548603058,
    -0.0658964291214943,
    -0.0036343135870993137,
    0.053075749427080154,
    0.032694172114133835,
    0.036471813917160034,
    0.00048657922889105976,
    0.026708494871854782,
    -0.014480000361800194,
    -0.10982996225357056,
    -5.067620798584177e-33,
    -0.010526731610298157,
    0.11046464741230011,
    0.06910768151283264,
    0.029182130470871925,
    0.10077063739299774,
    -0.006683888379484415,
    0.03984507918357849,
    -0.06835097819566727,
    -0.022318441420793533,
    -0.06528591364622116,
    -0.003400207497179508,
    0.06199351325631142,
    0.047494981437921524,
    -0.007627294398844242,
    -0.10804405063390732,
    0.07196618616580963,
    0.07771077007055283,
    -0.008319839835166931,
    0.04102626442909241,
    -0.019833914935588837,
    -0.05618168041110039,
    0.018324624747037888,
    0.05470840632915497,
    0.06014283746480942,
    -0.0077588544227182865,
    -0.07862801104784012,
    0.046512436121702194,
    0.030507249757647514,
    -0.028506843373179436,
    0.008306946605443954,
    0.09357427060604095,
    -0.13744378089904785,
    -0.04398881644010544,
    0.001206082059070468,
    -0.008244287222623825,
    -0.05187530070543289,
    0.041509754955768585,
    0.0032676442060619593,
    -0.013554714620113373,
    0.027398675680160522,
    -0.00046087877126410604,
    -0.03983614221215248,
    -0.06147587671875954,
    0.02745685912668705,
    -0.015556508675217628,
    0.009636779315769672,
    0.034676697105169296,
    -0.06959763169288635,
    -0.008955597877502441,
    -0.0108485771343112,
    -0.020440055057406425,
    0.03064771555364132,
    -0.06901836395263672,
    -0.021510012447834015,
    0.027801143005490303,
    0.019411129876971245,
    -0.03705882281064987,
    0.04797394201159477,
    -0.08630409091711044,
    0.036198366433382034,
    0.03533907234668732,
    -0.019252607598900795,
    -0.018639683723449707,
    -0.0460757240653038,
    0.0029634288512170315,
    -0.004084710497409105,
    0.016757819801568985,
    -0.0874357521533966,
    -0.07517558336257935,
    0.032113660126924515,
    0.027283884584903717,
    0.002889204304665327,
    -0.013825853355228901,
    -0.038129642605781555,
    -0.019277293235063553,
    0.022416574880480766,
    -0.03213677555322647,
    -0.05652289092540741,
    -0.015582871623337269,
    -0.06143408268690109,
    -0.023502500727772713,
