{
  "id": 469,
  "vector": [
    -0.014849661849439144,
    0.0021101103629916906,
    -0.017889373004436493,
    -0.029111921787261963,
    -0.08396480977535248,
    -0.05668368935585022,
    0.054459016770124435,
    0.07137667387723923,
    -0.06158119812607765,
    -0.03184898942708969,
    0.04595964029431343,
    -0.03536716848611832,
    0.004207363352179527,
    0.06249120086431503,
    -0.061059772968292236,
    -0.024274654686450958,
    -0.014265824109315872,
    0.002063657622784376,
    -0.026721715927124023,
    -0.0046491073444485664,
    0.0640249028801918,
    -0.05829884111881256,
    -0.019471237435936928,
    -0.04440363124012947,
    -0.03828876093029976,
    0.06724787503480911,
    -0.018231770023703575,
    -0.00013981589290779084,
    0.015479537658393383,
    -0.0754481703042984,
    0.07708083838224411,
    0.09326980262994766,
    0.07948608696460724,
    -0.052680499851703644,
    -0.00012368998432066292,
    -0.03777472302317619,
    -0.035367533564567566,
    -0.06405118852853775,
    0.10793061554431915,
    0.012506615370512009,
    0.000987195991910994,
    0.008493849076330662,
    0.035547688603401184,
    0.04901513457298279,
    0.05098670721054077,
    -0.046688273549079895,
    0.03390129655599594,
    0.03688196465373039,
    0.025554345920681953,
    -0.004650100599974394,
    0.035051725804805756,
    0.04624054953455925,
    -0.061842355877161026,
    0.043034233152866364,
    -0.01719684898853302,
    -0.12146831303834915,
    -0.05604938790202141,
    -0.012035096995532513,
    -0.010906928218901157,
    0.029867440462112427,
    0.0038722031749784946,
    0.03726201131939888,
    -0.0904647558927536,
    0.022878240793943405,
    0.015677276998758316,
    0.11571553349494934,
    -0.02448376826941967,
    -0.055512238293886185,
    -0.07091245800256729,
    0.07108314335346222,
    -0.011868668720126152,
    0.003202761523425579,
    -0.0014046065043658018,
    0.027436770498752594,
    0.015860822051763535,
    0.0004915427998639643,
    0.1116131842136383,
    -0.09652341157197952,
    -0.06636407226324081,
    -0.047933321446180344,
    -0.10647011548280716,
    0.016882900148630142,
    -0.05588993430137634,
    0.06403575837612152,
    0.012187943793833256,
    -0.02573045901954174,
    -0.014528200030326843,
    0.03532852977514267,
    0.011041082441806793,
    -0.007725428324192762,
    -0.07494142651557922,
    0.02925753779709339,
    -0.05767427012324333,
    0.037752605974674225,
    -0.003566275117918849,
    0.04464108869433403,
    -0.05814158543944359,
    0.025228356942534447,
    -0.02535887248814106,
    0.04324422776699066,
    0.08097092807292938,
    0.011727428063750267,
    0.07025551050901413,
    -0.11200587451457977,
    -0.07860872894525528,
    0.011088497936725616,
    0.04019072279334068,
    0.06533980369567871,
    0.03192221000790596,
    0.04980507493019104,
    -0.12497514486312866,
    -0.00011958079994656146,
    -0.034588027745485306,
    -0.028773397207260132,
    -0.0029782596975564957,
    -0.05015469714999199,
    0.10475392639636993,
    0.015262912958860397,
    0.04080728441476822,
    -0.005516363773494959,
    0.10808218270540237,
    0.011963188648223877,
    0.018766602501273155,
    -0.06338100880384445,
    -0.06043100357055664,
    0.047609176486730576,
    0.047039810568094254,
    6.271441624525404e-33,
    -0.09238027781248093,
    0.008978147059679031,
    -0.02008853107690811,
    0.00415386026725173,
    0.05415855720639229,
    0.0326126366853714,
    0.05789456143975258,
    -0.03357355669140816,
    0.026747941970825195,
    0.032617293298244476,
    -0.02104906551539898,
    0.039538249373435974,
    -0.04343518987298012,
    0.06264665722846985,
    0.04880345240235329,
    -0.010514731518924236,
    0.0636492669582367,
    0.02153392694890499,
    0.07119499891996384,
    -0.10170931369066238,
    -0.07939925044775009,
    0.09031238406896591,
    -0.02813311107456684,
    0.012523838318884373,
    -0.06536528468132019,
    0.006022315006703138,
    0.04849709942936897,
    0.04545808583498001,
    -0.07249628007411957,
    0.03586569428443909,
    0.05131019279360771,
    -0.020039960741996765,
    0.06860870122909546,
    0.0074416520074009895,
    -0.03645917773246765,
    0.01187724806368351,
    -0.06834645569324493,
    -0.061429351568222046,
    0.08283235132694244,
    -0.06608317792415619,
    0.013052115216851234,
    0.008635776117444038,
    0.06694331020116806,
    0.05069352313876152,
    -0.07582118362188339,
    0.07290954887866974,
    -0.08865796774625778,
    0.03802821412682533,
    0.0287464689463377,
    0.00047754767001606524,
    0.009398405440151691,
    0.08297406882047653,
    -0.038713544607162476,
    0.04868609458208084,
    0.010224777273833752,
    -0.02106308564543724,
    -0.08202387392520905,
    0.02949254773557186,
    0.023928111419081688,
    0.07601641863584518,
    -0.024975867941975594,
    0.052584655582904816,
    0.02545447275042534,
    0.06224910542368889,
    -0.006448299624025822,
    -0.026448478922247887,
    -0.008333085104823112,
    -0.0171886645257473,
    -0.012921145185828209,
    -0.015498639084398746,
    -0.03900795802474022,
    0.002167252590879798,
    0.057266734540462494,
    0.022944191470742226,
    0.023927917703986168,
    0.0015159071190282702,
    0.07679349929094315,
    0.050654444843530655,
    0.01726461946964264,
    0.08830542117357254,
    -0.114759162068367,
    -0.0004594468919094652,
    -0.008502266369760036,
    -0.05332383140921593,
    -0.05441839620471001,
    0.035734426230192184,
    0.04853098839521408,
    -0.0006878884742036462,
    -0.04005678743124008,
    -0.06239992752671242,
    0.036210108548402786,
    -0.05760258436203003,
    0.01178678497672081,
    -0.013825600035488605,
    -0.043823473155498505,
    -5.9111191778777716e-33,
    -0.05734225735068321,
    0.03541063889861107,
    -0.029606541618704796,
    0.02555113285779953,
    0.01909962110221386,
    -0.03966238349676132,
    0.040947429835796356,
    0.05926861613988876,
    -0.019082648679614067,
    0.0043623317033052444,
    -0.01721653901040554,
    -0.053935930132865906,
    0.006397777236998081,
    -0.07602260261774063,
    -0.049174122512340546,
    0.10124167799949646,
    0.08297079056501389,
    -0.04608210548758507,
    0.0017231111414730549,
    -0.07035592198371887,
    -0.005048441234976053,
    0.07877607643604279,
    -0.010937489569187164,
    0.1021248996257782,
    -0.022720256820321083,
    0.01637188158929348,
    -0.003085137577727437,
    -0.02445046417415142,
    0.0012210848508402705,
    0.05678994208574295,
    0.0540141686797142,
    -0.11155857890844345,
    0.02451321855187416,
    -0.03350076079368591,
    -0.036203783005476,
    -0.036286141723394394,
    0.09974006563425064,
    0.0076617710292339325,
    0.0034591832663863897,
    -0.010362557135522366,
    0.09284113347530365,
    -0.031458668410778046,
    0.0016283940058201551,
    -0.0006364221917465329,
    -0.00966663472354412,
    0.020203983411192894,
    0.02885686233639717,
    -0.10110890865325928,
    -0.01870996318757534,
    -0.009328264743089676,
    0.014437863603234291,
    0.07456456124782562,
    -0.04562341421842575,
    -0.0362439788877964,
    0.05750967189669609,
    0.06881609559059143,
    -0.027244120836257935,
    0.008249515667557716,
    -0.00017104559810832143,
    -0.04614759981632233,
    -0.02339356578886509,
    -0.014286180026829243,
    -0.04390336573123932,
    0.024632109329104424,
    0.03127223625779152,
    -0.021865127608180046,
    0.02783152088522911,
    -0.1226157397031784,
    -0.04936728626489639,
    0.03608764335513115,
    0.0038684741593897343,
    -0.002918578451499343,
    0.05788479000329971,
    -0.007010450586676598,
    -0.05929617956280708,
    -0.013216378167271614,
    0.0391567163169384,
    0.004276224412024021,
    0.013809243217110634,
    -0.03842462971806526,
    -0.019147781655192375,
    -0.049228206276893616,
