{
  "id": 156,
  "vector": [
    -0.014681650325655937,
    0.0537153035402298,
    0.07202553749084473,
    0.005714949686080217,
    -0.05638428032398224,
    -0.031163720414042473,
    0.08113223314285278,
    0.03429782763123512,
    -0.012087376788258553,
    0.03357439115643501,
    0.01328074000775814,
    -0.10249856114387512,
    0.05832862854003906,
    -0.015832455828785896,
    -0.0008830233127810061,
    0.04416060447692871,
    -0.02348398230969906,
    -0.017773641273379326,
    -0.01348321046680212,
    0.03442973271012306,
    -0.0567767508327961,
    -0.061343565583229065,
    -0.04622465372085571,
    0.0021124910563230515,
    -0.06798506528139114,
    0.05779321491718292,
    -0.05620439723134041,
    -0.06295055896043777,
    -0.0006115680444054306,
    -0.03450794517993927,
    0.017793258652091026,
    0.08415355533361435,
    0.04937278479337692,
    -0.004743858240544796,
    0.015309656970202923,
    -0.03119359165430069,
    -0.053067583590745926,
    0.010695619508624077,
    0.0802994966506958,
    0.0003143613284919411,
    0.0051828669384121895,
    0.0804971233010292,
    -0.0003476597194094211,
    0.053365495055913925,
    0.018833262845873833,
    -0.0262617114931345,
    -0.0458303727209568,
    0.051631007343530655,
    -0.04649079963564873,
    0.008523043245077133,
    0.0700133740901947,
    0.026961088180541992,
    -0.07082655280828476,
    0.022241422906517982,
    0.05812344700098038,
    -0.13005584478378296,
    -0.03899688646197319,
    -0.013985702767968178,
    0.01731616072356701,
    0.04648693650960922,
    -0.02895076386630535,
    0.03444782644510269,
    -0.08139640837907791,
    -0.06160253658890724,
    -0.02354428358376026,
    0.029759617522358894,
    0.018430588766932487,
    0.08540287613868713,
    -0.019902698695659637,
    0.0159238763153553,
    0.005340827163308859,
    0.026344431564211845,
    0.009663034230470657,
    -0.02257956750690937,
    -0.008364513516426086,
    -0.050605323165655136,
    0.0888197124004364,
    0.009124808944761753,
    -0.025914229452610016,
    -0.05153585970401764,
    -0.11552854627370834,
    0.016124263405799866,
    0.023122338578104973,
    -0.04518025740981102,
    -0.0024903512094169855,
    -0.07203365117311478,
    -0.022344904020428658,
    0.023899197578430176,
    0.018263010308146477,
    -0.032734088599681854,
    -0.08504585176706314,
    0.023417847231030464,
    -0.021801503375172615,
    0.04685277119278908,
    -0.009265951812267303,
    0.013231581076979637,
    -0.0575086809694767,
    0.05177752301096916,
    0.10065056383609772,
    0.0347624234855175,
    0.09037358313798904,
    0.05948946997523308,
    0.0855228379368782,
    0.008899942971765995,
    -0.024009129032492638,
    0.009081687778234482,
    0.03612719848752022,
    0.021894967183470726,
    0.01954534836113453,
    -0.011182143352925777,
    -0.01961139589548111,
    -0.012949495576322079,
    -0.022288359701633453,
    -0.010218181647360325,
    -0.0015860985731706023,
    0.027031170204281807,
    0.06821177154779434,
    0.05419182777404785,
    0.0747276246547699,
    -0.12513430416584015,
    0.029069000855088234,
    0.036729078739881516,
    0.10599762946367264,
    -0.030350513756275177,
    -0.07331978529691696,
    0.0020113259088248014,
    0.027242345735430717,
    4.997477948644657e-33,
    -0.011059023439884186,
    -0.09845427423715591,
    -0.028150662779808044,
    0.06562346965074539,
    0.02687215246260166,
    -0.010783852078020573,
    0.02010958455502987,
    -0.028910774737596512,
    0.09565502405166626,
    0.01201761607080698,
    -0.01818493753671646,
    -0.057038892060518265,
    0.02269854210317135,
    0.023523984476923943,
    0.06515154242515564,
    -0.01578991301357746,
    -0.03592337295413017,
    0.012311269529163837,
    0.07913622260093689,
    -0.07072188705205917,
    -0.0702105239033699,
    -0.05023425072431564,
    0.0371253527700901,
    -0.005392849445343018,
    0.008906678296625614,
    0.04254114255309105,
    0.01904977671802044,
    0.041885100305080414,
    -0.030183877795934677,
    0.005512121599167585,
    0.04972026124596596,
    -0.07979843020439148,
    0.10729339718818665,
    -0.00411167973652482,
    0.0642913207411766,
    0.0578765794634819,
    0.006644729990512133,
    0.039674725383520126,
    0.017570264637470245,
    -0.04081859439611435,
    0.02169577218592167,
    -0.04989644140005112,
    0.021278057247400284,
    -0.02923939935863018,
    -0.07706091552972794,
    0.1326766312122345,
    0.050344958901405334,
    -0.06395881623029709,
    0.09738533198833466,
    -0.028705649077892303,
    -0.06211056560277939,
    0.01589856669306755,
    0.013611004687845707,
    -0.07781930267810822,
    -0.026228193193674088,
    0.030006110668182373,
    -0.038858912885189056,
    0.025382213294506073,
    0.06563186645507812,
    0.03235301375389099,
    0.021327324211597443,
    -0.006125390529632568,
    0.03125346079468727,
    -0.02203173004090786,
    0.005142601206898689,
    -0.008987713605165482,
    -0.05208924412727356,
    0.004645924549549818,
    0.04028574377298355,
    -0.011814423836767673,
    -0.024141306057572365,
    0.038690995424985886,
    0.11251948028802872,
    -0.0713033378124237,
    0.05766751617193222,
    0.004435371607542038,
    0.09593749791383743,
    0.00911581888794899,
    -0.03926829621195793,
    0.07987765222787857,
    -0.02587912045419216,
    -0.03549119085073471,
    0.03207683563232422,
    -0.07686106115579605,
    -0.050018761307001114,
    0.0037213899195194244,
    0.07562871277332306,
    0.0247519388794899,
    -0.03715670108795166,
    -0.02396940439939499,
    -0.054805222898721695,
    -0.0017673260299488902,
    -0.019704943522810936,
    -0.040518686175346375,
    0.012636563740670681,
    -5.919797632264702e-33,
    0.013339420780539513,
    0.0636737272143364,
    0.00675530731678009,
    -0.028782090172171593,
    0.05604076758027077,
    -0.04696694016456604,
    -0.01976597122848034,
    0.10110237449407578,
    0.025646168738603592,
    -0.0027733484748750925,
    -0.081821508705616,
    0.03240414708852768,
    0.012294023297727108,
    -0.03108293190598488,
    -0.08000584691762924,
    0.0877944827079773,
    0.017771724611520767,
    -0.010448412038385868,
    -0.04546947777271271,
    -0.0720846951007843,
    -0.062069665640592575,
    -0.010079540312290192,
    -0.022443991154432297,
    0.03498922288417816,
    -0.022549407556653023,
    0.06976329535245895,
    0.02426958456635475,
    -0.03765888884663582,
    0.10623057931661606,
    0.023225773125886917,
    0.041146136820316315,
    -0.10861054807901382,
    0.007837316952645779,
    -0.021684186533093452,
    -0.061540644615888596,
    -0.01297783199697733,
    0.05358973145484924,
    0.024938320741057396,
    -0.03999025374650955,
    -0.04156758263707161,
    -0.016950396820902824,
    0.028221456333994865,
    0.00011285213986411691,
    -0.019032401964068413,
    0.01651669293642044,
    0.0962771326303482,
    -0.00018125813221558928,
    -0.05368683859705925,
    0.0044506085105240345,
    -0.048298656940460205,
    0.02059197425842285,
    0.017992010340094566,
    -0.1294909417629242,
    -0.0426432266831398,
    0.0070643238723278046,
    -0.009201299399137497,
    -0.0032815313898026943,
    0.09818682819604874,
    0.01592382788658142,
    -0.07455253601074219,
    -0.052660442888736725,
    -0.08595539629459381,
    -0.008829006925225258,
    -0.06745690852403641,
    -0.034054357558488846,
    0.007401878014206886,
    0.03510555252432823,
    -0.06946495175361633,
    -0.02594023384153843,
    0.049318622797727585,
    -0.010092084296047688,
    -0.020379137247800827,
    -0.07892831414937973,
    -0.08420836180448532,
    -0.10470439493656158,
    0.000926031731069088,
    0.08755575120449066,
    0.004603734705597162,
    0.05056137219071388,
    -0.02341075800359249,
    0.011012819595634937,
    -0.03465105965733528,
    0.014272240921854973,
