{
  "id": 623,
  "vector": [
    -0.02876926213502884,
    0.026086311787366867,
    -0.01646348088979721,
    -0.008241042494773865,
    0.01852450892329216,
    0.012335269711911678,
    0.015181844122707844,
    0.10818056762218475,
    0.042878054082393646,
    -0.13549457490444183,
    -0.03269621729850769,
    -0.06532987952232361,
    -0.07465151697397232,
    -0.03981923684477806,
    -0.002635347191244364,
    -0.029095029458403587,
    -0.03356020152568817,
    0.03610830381512642,
    -0.011349759995937347,
    -0.031279221177101135,
    -0.007617725990712643,
    0.0058650360442698,
    -0.016787447035312653,
    0.05500493571162224,
    -0.018236421048641205,
    0.043735258281230927,
    -0.009740889072418213,
    0.0018401917768642306,
    0.02302982099354267,
    -0.07981932163238525,
    0.055249668657779694,
    0.008982514962553978,
    -0.02567366510629654,
    -0.015666596591472626,
    0.020568784326314926,
    -0.05284523963928223,
    -0.0483693853020668,
    -0.026571372523903847,
    0.06100782752037048,
    0.04245566576719284,
    0.08275396376848221,
    -0.04695715382695198,
    -0.000996129005216062,
    -0.06163538619875908,
    -0.0008941030828282237,
    -0.003841238562017679,
    -0.018793778494000435,
    0.10904937982559204,
    0.03511936590075493,
    -0.06632708013057709,
    0.06062198057770729,
    -0.0024119308218359947,
    -0.11778271943330765,
    -0.003962432034313679,
    0.06383323669433594,
    -0.10213976353406906,
    -0.029780197888612747,
    0.05578552559018135,
    -0.04483691230416298,
    0.03228789195418358,
    0.014838331378996372,
    0.06324312090873718,
    -0.04414734989404678,
    0.04933318868279457,
    -0.021804695948958397,
    -0.03124445304274559,
    -0.047885458916425705,
    -0.07157957553863525,
    -0.051746901124715805,
    0.025910446420311928,
    -0.0453459657728672,
    0.002623064909130335,
    0.019546153023838997,
    -0.042903751134872437,
    -0.10542198270559311,
    -0.020940205082297325,
    0.023763403296470642,
    -0.061827532947063446,
    -0.0040509640239179134,
    0.09814269840717316,
    -0.06153123080730438,
    0.05910353362560272,
    -0.0735078677535057,
    0.030904827639460564,
    0.03269324451684952,
    -0.00958801619708538,
    -0.026866918429732323,
    0.03331025317311287,
    0.015168753452599049,
    -0.005303762853145599,
    -0.07419028133153915,
    0.005254966206848621,
    -0.03683700039982796,
    -0.011184131726622581,
    0.044770944863557816,
    0.04582782834768295,
    0.005682265851646662,
    0.01714656502008438,
    -0.013792342506349087,
    0.030191196128726006,
    -0.0019547706469893456,
    -0.022632738575339317,
    0.054270509630441666,
    -0.04522862657904625,
    -0.09142836928367615,
    0.02733256109058857,
    -0.023590395227074623,
    0.026835257187485695,
    0.0667470395565033,
    0.0369526632130146,
    -0.055034466087818146,
    -0.07092736661434174,
    -0.07057474553585052,
    -0.0678304061293602,
    0.0233188197016716,
    -0.0643792524933815,
    0.06543976813554764,
    -0.06486110389232635,
    0.09695049375295639,
    -0.0637168288230896,
    0.03576735779643059,
    -0.04135540500283241,
    -0.005451733246445656,
    -0.045729637145996094,
    -0.042260490357875824,
    -0.03235684335231781,
    0.09978233277797699,
    1.4683629826934025e-33,
    -0.07864630967378616,
    -0.02185673825442791,
    0.04672275856137276,
    0.05785899609327316,
    -0.0472693108022213,
    0.0462852418422699,
    -0.0056198579259216785,
    -0.02874133549630642,
    0.05117632821202278,
    0.01314170565456152,
    -0.024390103295445442,
    0.030092811211943626,
    -0.04637124016880989,
    0.08958782255649567,
    -0.1058797836303711,
    -0.09377593547105789,
    0.0884479433298111,
    0.056635525077581406,
    0.12454354017972946,
    -0.12681928277015686,
    -0.06340202689170837,
    0.015840929001569748,
    -0.051284488290548325,
    0.021629588678479195,
    -0.04542020335793495,
    -0.045593637973070145,
    0.0069367848336696625,
    -0.07293463498353958,
    0.029970811679959297,
    0.02792182005941868,
    0.011266897432506084,
    0.029119685292243958,
    -0.026885012164711952,
    0.014352400787174702,
    -0.05440670996904373,
    -0.013436615467071533,
    -0.07149950414896011,
    -0.011841010302305222,
    0.07296036183834076,
    -0.04474945738911629,
    0.04490188881754875,
    0.09192508459091187,
    0.0662090927362442,
    -0.01855466142296791,
    -0.0738249272108078,
    0.07111244648694992,
    -0.017537619918584824,
    -0.012700431048870087,
    0.0691412165760994,
    -0.09449487179517746,
    0.010015367530286312,
    0.05742397904396057,
    -0.040250763297080994,
    -0.0007658819667994976,
    0.02555442787706852,
    -0.0025432829279452562,
    -0.023156657814979553,
    0.07588697969913483,
    -0.007550293114036322,
    0.02524830773472786,
    -0.02718987502157688,
    0.11518172174692154,
    -0.0431925430893898,
    0.02636982500553131,
    0.05085993930697441,
    -0.020747080445289612,
    -0.08166275918483734,
    0.025562314316630363,
    0.032774604856967926,
    -0.045581672340631485,
    -0.030777888372540474,
    0.026734044775366783,
    0.076309934258461,
    -0.04390224441885948,
    0.06267394125461578,
    0.024088513106107712,
    0.11622586101293564,
    0.06343505531549454,
    0.012244906276464462,
    0.06515336781740189,
    -0.029958458617329597,
    -0.06374478340148926,
    0.03902766853570938,
    -0.050532352179288864,
    -0.027704959735274315,
    -0.0017611864022910595,
    0.005277239251881838,
    0.04195491597056389,
    0.03522401675581932,
    -0.06304991245269775,
    -0.029792996123433113,
    -0.08021566271781921,
    0.027540531009435654,
    -0.026554256677627563,
    -0.02341815084218979,
    -3.608618883520647e-33,
    -0.04776851832866669,
    0.029860418289899826,
    0.043491218239068985,
    0.021635515615344048,
    0.11276628077030182,
    0.07877396792173386,
    0.0454389713704586,
    0.06143465265631676,
    0.09821143746376038,
    0.052536845207214355,
    -0.06164579093456268,
    -0.005441190674901009,
    0.02026381902396679,
    0.018047019839286804,
    -0.05995899438858032,
    0.028462132439017296,
    0.002957680495455861,
    0.02082083560526371,
    -0.02892054244875908,
    -0.001662368536926806,
    -0.06174395978450775,
    0.04557177796959877,
    0.024394402280449867,
    0.04547591879963875,
    0.03356602415442467,
    -0.005094796884804964,
    0.02274477109313011,
    -0.04077252745628357,
    -0.0076665375381708145,
    0.08609187602996826,
    0.034476298838853836,
    -0.08616530895233154,
    0.0034331483766436577,
    0.02796301245689392,
    -0.13483582437038422,
    -0.0614619217813015,
    0.026930926367640495,
    0.02486606501042843,
    0.04208788275718689,
    0.05985809490084648,
    0.0022576781921088696,
    -0.09148965775966644,
    0.10687762498855591,
    -0.02929985523223877,
    0.023377664387226105,
    -0.11114075779914856,
    0.06598171591758728,
    -0.0686567947268486,
    0.04134606942534447,
    -0.020751381292939186,
    -0.01324483472853899,
    0.15092724561691284,
    -0.07278471440076828,
    -0.003295077243819833,
    -0.008624590933322906,
    0.013859073631465435,
    0.029628494754433632,
    0.026499349623918533,
    0.020031144842505455,
    -0.03456785902380943,
    0.0032521409448236227,
    0.01220217440277338,
    -0.03045426495373249,
    0.027723150327801704,
    0.04002179205417633,
    -0.04587317630648613,
    -0.01462093461304903,
    -0.0709545761346817,
    -0.009408052079379559,
    0.0035299700684845448,
    0.04573281854391098,
    0.04975364729762077,
    0.08679557591676712,
    -0.04261866211891174,
    0.043346237391233444,
    -0.04626980051398277,
    -0.009711564518511295,
    -0.0005733153084293008,
    0.040454745292663574,
    0.03008764237165451,
    -0.016429781913757324,
    -0.041980721056461334,
    -0.059625860303640366,
