{
  "id": 880,
  "vector": [
    -0.04219202697277069,
    0.03389931470155716,
    -0.034353628754615784,
    0.05032382160425186,
    -0.02314285933971405,
    -0.015063125640153885,
    0.08621334284543991,
    0.04248933121562004,
    0.013896239921450615,
    0.014295881614089012,
    0.061499789357185364,
    -0.1201309934258461,
    -0.033291663974523544,
    -0.061288416385650635,
    0.030998270958662033,
    -0.05145075172185898,
    0.002089075045660138,
    0.021459568291902542,
    -0.1541157066822052,
    -0.0457334890961647,
    0.04584239423274994,
    -0.03236400708556175,
    0.011806362308561802,
    -0.029797373339533806,
    0.02745719440281391,
    0.07378837466239929,
    0.0016542836092412472,
    0.008790717460215092,
    -0.003452480770647526,
    0.0020993247162550688,
    0.01370319165289402,
    0.07066275924444199,
    -0.08098459988832474,
    0.01938105747103691,
    -0.013248825445771217,
    -0.02358728088438511,
    -0.12141851335763931,
    -0.023448558524250984,
    0.11978712677955627,
    0.00810813345015049,
    0.0005704854265786707,
    -0.006227486301213503,
    0.0629221722483635,
    -0.01441106479614973,
    -0.09752237051725388,
    -0.04346635192632675,
    -0.031187383458018303,
    0.06230783462524414,
    -0.013138777576386929,
    -0.04791390150785446,
    0.03879460319876671,
    0.048266924917697906,
    -0.12871763110160828,
    0.023838577792048454,
    0.03282731771469116,
    -0.09818978607654572,
    -0.011191668920218945,
    -0.03198599815368652,
    -0.0510016568005085,
    0.08617670834064484,
    -0.0015965745551511645,
    0.021282173693180084,
    -0.07323722541332245,
    -0.0012400330742821097,
    -0.009544756263494492,
    -0.022421488538384438,
    -0.03373098373413086,
    -0.02607899159193039,
    0.01654849387705326,
    0.05749931186437607,
    -0.05907796323299408,
    0.04710865020751953,
    0.028904875740408897,
    0.016782473772764206,
    -0.0333019495010376,
    -0.02904530242085457,
    0.04059566557407379,
    -0.016424931585788727,
    -0.021261492744088173,
    -0.047152597457170486,
    0.02497106045484543,
    0.08234317600727081,
    -0.010714075528085232,
    0.05749472975730896,
    -0.005451464094221592,
    -0.043737880885601044,
    0.009724896401166916,
    0.08374408632516861,
    0.0481734424829483,
    0.0431283563375473,
    0.05702169984579086,
    0.03242391347885132,
    0.01721835508942604,
    -0.0038113626651465893,
    -0.10793811827898026,
    0.09040529280900955,
    -0.060706526041030884,
    -0.03635803610086441,
    0.028855251148343086,
    -0.002642106730490923,
    0.041721977293491364,
    -0.035143859684467316,
    0.09016343206167221,
    -0.02559037320315838,
    -0.019104987382888794,
    0.02473900094628334,
    -0.011824430897831917,
    -0.012593821622431278,
    0.034076593816280365,
    0.029524797573685646,
    -0.05198865756392479,
    -0.014216471463441849,
    -0.030773719772696495,
    -0.030846303328871727,
    0.04984632879495621,
    -0.024403629824519157,
    0.08682297170162201,
    -0.016945281997323036,
    0.05381706729531288,
    -0.05146915465593338,
    0.03415779024362564,
    -0.014118781313300133,
    0.06859248876571655,
    0.011530455201864243,
    -0.06574378907680511,
    0.060191623866558075,
    0.013193461112678051,
    5.6855568729763446e-33,
    -0.10522755235433578,
    -0.005750501528382301,
    0.06941266357898712,
    0.055521272122859955,
    0.002167021855711937,
    -0.041918713599443436,
    -0.036752816289663315,
    -0.022395871579647064,
    -0.04259045049548149,
    0.04226846247911453,
    -0.05210893228650093,
    0.05330123007297516,
    -0.08623078465461731,
    0.07279236614704132,
    0.007037568837404251,
    0.0017884045373648405,
    -0.019788406789302826,
    0.045981694012880325,
    -0.03786538168787956,
    -0.02963893674314022,
    -0.07153163850307465,
    0.061555344611406326,
    0.021810350939631462,
    0.04247358441352844,
    -0.05279488489031792,
    0.07868035137653351,
    0.056445538997650146,
    -0.013408932834863663,
    -0.008041218854486942,
    -0.01013209205120802,
    0.12342620640993118,
    -0.009845701977610588,
    -0.03230604529380798,
    -0.050607357174158096,
    -0.030129022896289825,
    0.048159822821617126,
    -0.023715313524007797,
    -0.009762920439243317,
    -0.0011322129284963012,
    -0.027062207460403442,
    -0.012446898967027664,
    0.01292227953672409,
    0.06180122122168541,
    0.09077802300453186,
    -0.06304610520601273,
    0.07857272773981094,
    -0.035117924213409424,
    -0.00818558968603611,
    0.0776236355304718,
    -0.010160706005990505,
    -0.010267282836139202,
    0.006805899553000927,
    0.024046000093221664,
    0.09044831246137619,
    0.040683284401893616,
    0.022741733118891716,
    0.012516360729932785,
    0.09945964813232422,
    0.06471475213766098,
    0.035410258919000626,
    -0.046329859644174576,
    -0.033121418207883835,
    -0.0486161969602108,
    0.03409500792622566,
    -0.008966358378529549,
    0.03910420462489128,
    -0.0665973350405693,
    -0.05659165605902672,
    -0.005661970470100641,
    0.030682910233736038,
    -0.00032263455796055496,
    -0.02131461165845394,
    0.10737935453653336,
    0.025027191266417503,
    0.08569764345884323,
    -0.030030684545636177,
    0.12204956263303757,
    0.016735902056097984,
    -0.07242542505264282,
    0.09519524872303009,
    -0.0723644569516182,
    -0.0011940664844587445,
    0.06785103678703308,
    -0.053624894469976425,
    -0.03488287702202797,
    -0.041841499507427216,
    -0.08691071718931198,
    -0.0031809895299375057,
    0.030031943693757057,
    0.012412529438734055,
    0.032751332968473434,
    -0.011280018836259842,
    -0.013468240387737751,
    0.02552490495145321,
    -0.14359690248966217,
    -5.273428920920035e-33,
    -0.0060475412756204605,
    0.04580608755350113,
    0.015165967866778374,
    0.040130615234375,
    0.015315535478293896,
    0.03640797361731529,
    -0.03380706161260605,
    0.043621961027383804,
    -0.02680465392768383,
    -0.02445097640156746,
    0.000751782616134733,
    -0.022376159206032753,
    0.015685316175222397,
    -0.008403876796364784,
    -0.03416834771633148,
    0.017481230199337006,
    0.024842504411935806,
    0.08856099843978882,
    -0.008771486580371857,
    0.013156557455658913,
    -0.058598216623067856,
    0.06436421722173691,
    -0.007596494629979134,
    0.09545266628265381,
    -0.05958106368780136,
    -0.041072119027376175,
    0.07239938527345657,
    -0.016540858894586563,
    -0.03771189600229263,
    -0.010451056063175201,
    0.1049479991197586,
    -0.11623936146497726,
    0.017170701175928116,
    0.025558408349752426,
    -0.06640768051147461,
    -0.09196723252534866,
    0.09724882990121841,
    0.00701598497107625,
    -0.062100790441036224,
    0.06784817576408386,
    0.04288638383150101,
    -0.025241509079933167,
    0.03545330837368965,
    0.017617117613554,
    -0.014519201591610909,
    -0.05985288321971893,
    -0.04464026167988777,
    -0.07645826041698456,
    -0.02114807814359665,
    0.03153609484434128,
    0.05876275151968002,
    -0.020936045795679092,
    -0.07093622535467148,
    -0.047277167439460754,
    -0.020326554775238037,
    0.04327690601348877,
    -0.03238258883357048,
    -0.0019807207863777876,
    0.03103218972682953,
    -0.0073151360265910625,
    -0.0019367729546502233,
    -0.047691795974969864,
    0.005338686518371105,
    0.024513743817806244,
    0.016886448487639427,
    0.018713466823101044,
    -0.027406146749854088,
    0.03068625181913376,
    -0.033285461366176605,
    0.014867395162582397,
    0.0437663197517395,
    -0.011562934145331383,
    -0.06473153084516525,
    -0.07014717161655426,
    0.1099940836429596,
    0.02968820556998253,
    0.042643506079912186,
    -0.04927697777748108,
    0.05474554002285004,
    0.02280438132584095,
    -0.056073445826768875,
    0.027122363448143005,
