{
  "id": 578,
  "vector": [
    -0.02081330120563507,
    -0.005077035166323185,
    -0.04678463563323021,
    0.05888698250055313,
    -0.07599136978387833,
    -0.0004504230455495417,
    0.0983036682009697,
    0.07621460407972336,
    -0.048064906150102615,
    -0.03080272674560547,
    0.026542263105511665,
    -0.04020893573760986,
    -0.022236716002225876,
    -0.05491518974304199,
    -0.011196216568350792,
    -0.019676148891448975,
    0.07837571203708649,
    0.056212168186903,
    -0.12666209042072296,
    -0.06534887105226517,
    0.05838620662689209,
    -0.05850386247038841,
    0.045582134276628494,
    -0.035021208226680756,
    -0.01613648608326912,
    0.046773821115493774,
    0.05208279937505722,
    -0.06826232373714447,
    -0.05535643547773361,
    -0.0369226410984993,
    -0.012691543437540531,
    0.014265267178416252,
    0.04658721759915352,
    -0.05872996523976326,
    0.06619957834482193,
    -0.05205649882555008,
    -0.011976572684943676,
    -0.05571325868368149,
    0.07445721328258514,
    -0.023904932662844658,
    0.02393169142305851,
    0.06516916304826736,
    0.06475226581096649,
    0.0594400018453598,
    -0.06664248555898666,
    -0.07744996249675751,
    -0.03001462109386921,
    0.08558767288923264,
    -0.012999922968447208,
    0.019112372770905495,
    0.03151566907763481,
    0.0758010596036911,
    -0.10826458781957626,
    -0.01954706199467182,
    0.07495380938053131,
    -0.05479741096496582,
    -0.06906720250844955,
    0.016660176217556,
    -0.033787697553634644,
    0.019007287919521332,
    0.0034030431415885687,
    -0.023657698184251785,
    -0.017871206626296043,
    0.025131532922387123,
    0.0011024412233382463,
    0.03580069914460182,
    0.0027696099132299423,
    -0.08377530425786972,
    -0.04116692766547203,
    0.047476351261138916,
    -0.04195623844861984,
    0.0444192960858345,
    -0.00859776046127081,
    0.008952378295361996,
    -0.035564836114645004,
    -0.048875898122787476,
    0.054868441075086594,
    -0.04043419286608696,
    -0.005673935171216726,
    0.03429127484560013,
    -0.08490246534347534,
    -0.028329215943813324,
    -0.013409159146249294,
    -0.011469564400613308,
    0.01179310493171215,
    -0.06838517636060715,
    0.003627888625487685,
    0.03307215869426727,
    0.0011572965886443853,
    -0.057772401720285416,
    -0.027478359639644623,
    0.003811152186244726,
    0.022137651219964027,
    0.003437621518969536,
    -0.11865903437137604,
    0.022087061777710915,
    -0.044919729232788086,
    -0.09360259026288986,
    0.009878911077976227,
    0.028380395844578743,
    0.114817775785923,
    0.022858597338199615,
    0.1581948846578598,
    -0.06619981676340103,
    -0.0531010702252388,
    0.01315311249345541,
    -0.053388562053442,
    0.008526903577148914,
    0.04372471198439598,
    0.07943698018789291,
    -0.06699802726507187,
    0.015496478416025639,
    -0.016078844666481018,
    -0.03961906209588051,
    -0.007497508078813553,
    0.04125790670514107,
    0.07877638190984726,
    -0.019421881064772606,
    0.021211935207247734,
    -0.020138271152973175,
    0.03312809020280838,
    -0.05137806758284569,
    0.06177600100636482,
    -0.05599689111113548,
    -0.10999815911054611,
    -0.0014176624827086926,
    -0.04342564195394516,
    4.947682538575886e-33,
    -0.07778732478618622,
    -0.04836951196193695,
    0.041961848735809326,
    -0.005491873249411583,
    0.004235920030623674,
    -0.022068405523896217,
    0.007939002476632595,
    -0.05982726067304611,
    0.00924255046993494,
    0.051388055086135864,
    -0.008371802046895027,
    0.060295529663562775,
    -0.00033614353742450476,
    0.07525735348463058,
    -0.04935173690319061,
    -0.03333794325590134,
    -0.0023734529968351126,
    0.009488122537732124,
    0.021603448316454887,
    -0.01473531499505043,
    -0.09030593186616898,
    0.0840490385890007,
    0.0017058593221008778,
    0.05104093998670578,
    -0.05256872624158859,
    -0.003509135916829109,
    0.005300023593008518,
    0.026462087407708168,
    -0.016605045646429062,
    -0.0068709636107087135,
    0.06619074940681458,
    -0.027400566264986992,
    0.009380974806845188,
    -0.019335618242621422,
    -0.06833548843860626,
    -0.013575339689850807,
    -0.034127116203308105,
    -0.03093375824391842,
    0.11385537683963776,
    -0.08324813842773438,
    0.044366221874952316,
    -0.005197306163609028,
    0.028504591435194016,
    0.0361187644302845,
    -0.034658659249544144,
    0.04857988283038139,
    0.06533149629831314,
    -0.01589081436395645,
    0.06353772431612015,
    0.0027993079274892807,
    0.004367426503449678,
    -0.019536908715963364,
    0.05231906473636627,
    0.05558566004037857,
    0.035548750311136246,
    -0.0382743738591671,
    0.005828969180583954,
    0.08315449208021164,
    -0.005378781817853451,
    0.09300012141466141,
    0.015788624063134193,
    0.031447701156139374,
    0.000749247963540256,
    0.026886798441410065,
    -0.030363718047738075,
    -0.002480891067534685,
    -0.10365380346775055,
    0.0032696141861379147,
    -0.023925257846713066,
    0.05152826011180878,
    0.011546297930181026,
    0.07537639141082764,
    0.13198474049568176,
    -0.04901403188705444,
    0.05059364065527916,
    -0.004544819705188274,
    0.1094813421368599,
    0.09625974297523499,
    -0.03956592455506325,
    0.057282667607069016,
    0.009344499558210373,
    -0.013478481210768223,
    0.008343309164047241,
    0.017056046053767204,
    -0.0896373838186264,
    0.040187593549489975,
    -0.12383009493350983,
    0.005665150471031666,
    0.039455391466617584,
    0.005541299004107714,
    -0.01102536916732788,
    0.019964467734098434,
    -0.032845739275217056,
    0.0014405330875888467,
    -0.08310210704803467,
    -5.007996051690624e-33,
    -0.0019299770938232541,
    0.08797141164541245,
    -0.04849247261881828,
    0.09298554062843323,
    0.08795015513896942,
    -0.006368977949023247,
    0.09284504503011703,
    0.0483405739068985,
    0.024042870849370956,
    -0.09663909673690796,
    -0.09745471924543381,
    0.009216160513460636,
    0.028137942776083946,
    -0.018111422657966614,
    -0.04380927234888077,
    0.1197471097111702,
    0.04938141629099846,
    0.07565034180879593,
    -0.005586495157331228,
    -0.03454192355275154,
    -0.08559686690568924,
    0.07310133427381516,
    0.021083327010273933,
    0.0620410330593586,
    -0.02601325511932373,
    0.005285149905830622,
    0.034386780112981796,
    -0.024266723543405533,
    -0.052348338067531586,
    0.027816660702228546,
    0.08478027582168579,
    -0.11623026430606842,
    0.027742069214582443,
    -0.0007364750490523875,
    -0.05737680569291115,
    -0.0891137644648552,
    0.04996583238244057,
    -0.0008703686762601137,
    -0.06384231150150299,
    0.036014899611473083,
    -0.004026238340884447,
    0.006618370767682791,
    0.014277659356594086,
    0.03259950876235962,
    0.007472982630133629,
    -0.04530388489365578,
    0.023392850533127785,
    -0.037594422698020935,
    -0.04667116701602936,
    -0.0004150038294028491,
    -0.029652344062924385,
    0.0500979982316494,
    -0.04224376380443573,
    -0.003497918602079153,
    -0.03130213916301727,
    0.07231058180332184,
    0.004877509083598852,
    0.0688304677605629,
    0.056676749140024185,
    0.037176527082920074,
    -0.05619172379374504,
    -0.009452909231185913,
    -0.024866800755262375,
    0.04207229986786842,
    0.050840482115745544,
    -0.02435252256691456,
    -0.011098813265562057,
    -0.058023832738399506,
    -0.0556466244161129,
    0.03855659440159798,
    0.09624946862459183,
    0.05454163998365402,
    0.041195161640644073,
    -0.015832509845495224,
    0.06260934472084045,
    0.04668091610074043,
    0.05620642751455307,
    -0.036579106003046036,
    -0.0006731119938194752,
    0.01935449056327343,
    -0.04155150055885315,
    -0.0013453274732455611,
