{
  "id": 737,
  "vector": [
    0.025116128847002983,
    0.057691603899002075,
    0.0020449464209377766,
    -0.020323017612099648,
    -0.018290428444743156,
    0.005722912028431892,
    0.11115044355392456,
    0.0532834418118,
    -0.014173757284879684,
    -0.03795856982469559,
    0.04171813651919365,
    -0.07392812520265579,
    0.01592966355383396,
    -0.005106187425553799,
    -0.06658051908016205,
    0.005208795424550772,
    -0.04539131745696068,
    0.038736503571271896,
    -0.09247961640357971,
    -0.003475420642644167,
    0.06579561531543732,
    -0.06414639949798584,
    0.025601355358958244,
    -0.008382401429116726,
    -0.008440476842224598,
    0.0528666153550148,
    0.04752759262919426,
    -0.017466438934206963,
    -0.0057595097459852695,
    -0.057262685149908066,
    0.051648370921611786,
    0.044236309826374054,
    0.06613148748874664,
    -0.04745374247431755,
    -0.0012668815907090902,
    -0.029334137216210365,
    -0.015124257653951645,
    -0.023518739268183708,
    0.061960551887750626,
    0.02507987804710865,
    0.013327611610293388,
    -0.007159666623920202,
    -0.03204825893044472,
    -0.025979461148381233,
    -0.05656646192073822,
    -0.029850604012608528,
    -0.00453769089654088,
    0.06809840351343155,
    -0.007443701848387718,
    -0.021383799612522125,
    0.107981376349926,
    -0.04629327356815338,
    -0.09000314027070999,
    0.07268913090229034,
    0.04508426785469055,
    -0.07919954508543015,
    -0.059939660131931305,
    0.0385289341211319,
    -0.031321004033088684,
    -0.0033398286905139685,
    -0.004588137846440077,
    -0.02247173897922039,
    -0.07993951439857483,
    0.019203243777155876,
    0.0035790896508842707,
    0.020060859620571136,
    0.02105802111327648,
    0.011637981049716473,
    -0.029634715989232063,
    0.04899198189377785,
    -0.07017619907855988,
    0.05945878475904465,
    0.0859682485461235,
    0.030609963461756706,
    0.020025957375764847,
    0.018815597519278526,
    0.0900687724351883,
    -0.10868380963802338,
    -0.0029051394667476416,
    0.0002441491524223238,
    -0.14554812014102936,
    -0.0008950295159593225,
    -0.029242627322673798,
    0.060809407383203506,
    0.04294527694582939,
    0.02869570069015026,
    -0.01668345369398594,
    0.06435330212116241,
    0.04348420351743698,
    -0.091101735830307,
    -0.03532589226961136,
    0.028647836297750473,
    0.012309207580983639,
    -0.05877340957522392,
    0.022545380517840385,
    0.044401440769433975,
    -0.021851109340786934,
    0.012100878171622753,
    0.03116776794195175,
    0.039763011038303375,
    0.027941005304455757,
    0.03163197636604309,
    0.11253277957439423,
    -0.039461441338062286,
    -0.03222226724028587,
    -0.06043465808033943,
    -0.006774746812880039,
    0.04950479418039322,
    -0.013792656362056732,
    0.011483984999358654,
    0.021918615326285362,
    0.0021605987567454576,
    0.006563573610037565,
    0.015874844044446945,
    -0.03691023588180542,
    0.011519325897097588,
    0.01656918041408062,
    -0.011405613273382187,
    0.0015182229690253735,
    -0.01716906763613224,
    0.05360403284430504,
    -0.0119481785222888,
    -0.04609104245901108,
    -0.011973921209573746,
    -0.095368392765522,
    -0.0013000797480344772,
    0.07247216254472733,
    3.4727335732755134e-33,
    -0.055188242346048355,
    0.01772034913301468,
    0.014644142240285873,
    -0.025859609246253967,
    0.03306301683187485,
    -0.06960368901491165,
    0.042279358953237534,
    -0.01275051012635231,
    0.03023935668170452,
    0.07704994082450867,
    -0.04088015854358673,
    0.0024802631232887506,
    -0.06751743704080582,
    0.09039776027202606,
    -0.02621963620185852,
    -0.06923992931842804,
    0.04797540605068207,
    0.02311518043279648,
    0.049010589718818665,
    -0.0804055780172348,
    -0.03963002935051918,
    0.03350997716188431,
    0.01388571783900261,
    -0.03696605935692787,
    -0.08668715506792068,
    -0.012673408724367619,
    -0.05377579480409622,
    0.0301840640604496,
    0.031082073226571083,
    0.0023022156674414873,
    0.09020233899354935,
    0.002869856311008334,
    -0.009371943771839142,
    0.015217920765280724,
    -0.08176552504301071,
    0.018798572942614555,
    -0.0899108275771141,
    -0.018291741609573364,
    0.0627967119216919,
    -0.045914072543382645,
    0.03448444604873657,
    0.06314972788095474,
    0.041833650320768356,
    0.03938094899058342,
    -0.04316288232803345,
    0.011111734434962273,
    0.015968572348356247,
    0.02885574661195278,
    0.11259201914072037,
    0.02607829123735428,
    0.021705927327275276,
    -0.02223564125597477,
    -0.028064027428627014,
    -0.024985825642943382,
    -0.0006432920345105231,
    0.009368499740958214,
    0.022407948970794678,
    0.014559208415448666,
    0.018928157165646553,
    0.1002097949385643,
    0.006739799398928881,
    0.04520155116915703,
    -0.0385601632297039,
    0.07933282852172852,
    0.011295365169644356,
    0.01519695483148098,
    -0.05337861552834511,
    0.002102012513205409,
    0.0038519089575856924,
    -0.05429089814424515,
    -0.021396247670054436,
    0.06405875086784363,
    0.016283581033349037,
    0.0047039370983839035,
    0.029325149953365326,
    -0.0023906035348773003,
    0.12458634376525879,
    0.02035478502511978,
    -0.018269233405590057,
    0.030650274828076363,
    -0.002230409998446703,
    -0.06896991282701492,
    -0.09577339887619019,
    -0.07202985137701035,
    -0.12294898182153702,
    0.12013529986143112,
    -0.005985689349472523,
    0.017855649814009666,
    -0.02686784602701664,
    -0.038508009165525436,
    -0.04560990631580353,
    0.003945250995457172,
    0.009060549549758434,
    -0.11120784282684326,
    -0.06573659926652908,
    -4.239366376968839e-33,
    0.03824864700436592,
    0.045938994735479355,
    0.02995838224887848,
    0.06336545944213867,
    0.09028972685337067,
    0.10067043453454971,
    0.09739210456609726,
    0.02487613819539547,
    0.0014307248638942838,
    0.029909074306488037,
    -0.055324021726846695,
    0.04292890802025795,
    -0.00255700689740479,
    0.019761230796575546,
    -0.05695468559861183,
    0.11289934813976288,
    0.034811560064554214,
    0.10232263058423996,
    -0.016544273123145103,
    -0.06170971319079399,
    -0.03680434077978134,
    0.10364533215761185,
    0.05196743458509445,
    0.055532075464725494,
    -0.04254499077796936,
    -0.021100671961903572,
    0.08009203523397446,
    0.02436160296201706,
    -0.008049583993852139,
    0.02931264229118824,
    0.05744965746998787,
    -0.09415918588638306,
    0.0323304757475853,
    0.03144983574748039,
    -0.048540614545345306,
    -0.07727555930614471,
    0.07697247713804245,
    0.01716366410255432,
    0.005888217128813267,
    0.07072804123163223,
    -0.049184903502464294,
    -0.04083705693483353,
    -0.004204104654490948,
    0.07087022811174393,
    -0.057876501232385635,
    -0.08711691945791245,
    -0.02351251430809498,
    -0.02567395567893982,
    0.02156732603907585,
    -0.024482183158397675,
    -0.018947450444102287,
    0.04131581261754036,
    -0.09665799885988235,
    -0.04053068161010742,
    0.013546916656196117,
    0.1116499975323677,
    -0.048424456268548965,
    -0.024343885481357574,
    -0.003222432918846607,
    -0.04028528556227684,
    -0.0715385228395462,
    0.06722580641508102,
    -0.01338295266032219,
    -0.009384055621922016,
    0.0728922039270401,
    -0.01702173426747322,
    -0.06216462329030037,
    -0.10534285008907318,
    -0.07415521889925003,
    0.04122214391827583,
    -0.03858313709497452,
    -0.013959747739136219,
    0.02038532681763172,
    -0.18824569880962372,
    -0.07784566283226013,
    -0.07806103676557541,
    -0.0522388219833374,
    -0.030531633645296097,
    0.027071181684732437,
    0.015247303061187267,
    -0.02513694204390049,
    -0.04757589474320412,
    0.015577948652207851,
