{
  "id": 50,
  "vector": [
    0.005262967199087143,
    0.04947156086564064,
    -0.03969687223434448,
    -0.01004467997699976,
    -0.04144794121384621,
    -0.030019378289580345,
    0.08545630425214767,
    0.09198714792728424,
    -0.03691091388463974,
    -0.028283830732107162,
    0.01181522011756897,
    -0.04087774083018303,
    -0.018750173971056938,
    0.04956322908401489,
    -0.015722479671239853,
    -0.0500858873128891,
    -0.029407508671283722,
    0.0136568583548069,
    -0.07478196173906326,
    0.022504964843392372,
    0.0535312183201313,
    -0.03446824848651886,
    -0.021326644346117973,
    0.013454725965857506,
    0.051034439355134964,
    0.05448368936777115,
    -0.008691462688148022,
    0.00899956002831459,
    0.06135284900665283,
    -0.08486839383840561,
    0.038459133356809616,
    0.08314990252256393,
    -0.008379204198718071,
    0.012083577923476696,
    -0.03295689448714256,
    0.05560659244656563,
    -0.056229665875434875,
    -0.019081778824329376,
    0.08445848524570465,
    0.033084217458963394,
    0.031500883400440216,
    0.014877252280712128,
    -0.012058541178703308,
    0.008501050062477589,
    -0.03781139478087425,
    -0.009084961377084255,
    0.00474123191088438,
    0.06826801598072052,
    0.09466058760881424,
    -0.06305551528930664,
    0.0014403329696506262,
    -0.0573447085916996,
    -0.0023961756378412247,
    0.03503068536520004,
    0.0015145770739763975,
    -0.043585143983364105,
    -0.020948166027665138,
    -0.05146727338433266,
    -0.03955254703760147,
    0.05702093243598938,
    -0.04753217101097107,
    0.059670623391866684,
    -0.020255472511053085,
    0.019992468878626823,
    0.005876769311726093,
    -0.0038304149638861418,
    -0.018004078418016434,
    0.009909659624099731,
    -0.055855490267276764,
    0.023220935836434364,
    -0.042689722031354904,
    0.035353224724531174,
    -0.024752147495746613,
    0.05142878741025925,
    0.08526875823736191,
    -0.023379266262054443,
    0.0651780217885971,
    -0.06038501858711243,
    -0.033664606511592865,
    0.06944044679403305,
    -0.038739945739507675,
    0.00912303663790226,
    0.03621125966310501,
    -0.031579550355672836,
    -0.015007737092673779,
    -0.08681027591228485,
    0.028020305559039116,
    0.0722217708826065,
    0.01749037764966488,
    -0.04722770303487778,
    -0.02884179726243019,
    0.09056968986988068,
    -0.00048508457257412374,
    0.02497345767915249,
    0.015313133597373962,
    0.08105536550283432,
    -0.08203601837158203,
    0.03854990005493164,
    0.002115309704095125,
    0.01363583467900753,
    -0.0029815305024385452,
    0.01597702130675316,
    0.10994606465101242,
    -0.0042481012642383575,
    0.050632718950510025,
    0.019950320944190025,
    0.05202438309788704,
    0.08415231853723526,
    0.03342169523239136,
    0.0472135916352272,
    0.0015292438911274076,
    -0.04466400668025017,
    -0.002440912649035454,
    -0.005688944831490517,
    -0.02869207039475441,
    -0.05479240417480469,
    0.057462941855192184,
    0.03845074400305748,
    -0.0295543409883976,
    -0.10581714659929276,
    0.009090964682400227,
    -0.0004226822347845882,
    0.04983418434858322,
    0.00945604033768177,
    -0.062242597341537476,
    0.04794527590274811,
    0.08297227323055267,
    1.32487745862173e-33,
    -0.09639335423707962,
    -0.009120610542595387,
    -0.056447580456733704,
    0.02170153334736824,
    0.03761707991361618,
    -0.03322944417595863,
    0.003144369227811694,
    0.04441957175731659,
    0.01589726097881794,
    0.014035580679774284,
    -0.08514780551195145,
    0.022044260054826736,
    -0.07636970281600952,
    0.1421479731798172,
    -0.04683008790016174,
    -0.05115783214569092,
    0.061681367456912994,
    0.06345735490322113,
    0.05892190709710121,
    -0.0032151013147085905,
    -0.10574688017368317,
    -0.04168108478188515,
    0.006586143746972084,
    0.040272306650877,
    0.0036389257293194532,
    0.025763947516679764,
    0.016691049560904503,
    -0.020750930532813072,
    -0.009301544167101383,
    -0.025476694107055664,
    0.08721361309289932,
    0.04985600709915161,
    0.026001501828432083,
    -0.006701316684484482,
    -0.052719760686159134,
    0.07399985194206238,
    -0.044103968888521194,
    0.03502631187438965,
    0.016894197091460228,
    -0.020891238003969193,
    0.0586986243724823,
    0.05912512540817261,
    0.13253745436668396,
    0.04941686615347862,
    -0.05582931637763977,
    0.09878973662853241,
    -0.01819046400487423,
    0.0047150165773928165,
    0.044291507452726364,
    0.0006252010934986174,
    0.006223451811820269,
    0.07453256100416183,
    -0.02684665657579899,
    0.04834248498082161,
    -0.0034937853924930096,
    0.008042586967349052,
    -0.05316982790827751,
    0.06835538148880005,
    0.0678332969546318,
    0.020895011723041534,
    -0.08925186842679977,
    0.05671270564198494,
    -0.043658044189214706,
    0.12400875240564346,
    -0.02071845717728138,
    -0.0227096825838089,
    -0.06620858609676361,
    -0.019703039899468422,
    -0.021465176716446877,
    0.04994536563754082,
    -0.043469998985528946,
    -0.03095206618309021,
    0.06621328741312027,
    -0.0639510378241539,
    0.03894716873764992,
    -0.05549275130033493,
    0.012385152280330658,
    -0.01487222220748663,
    -0.009055797010660172,
    -0.01930192857980728,
    -0.08019024133682251,
    -0.06764782220125198,
    0.028909927234053612,
    -0.07813401520252228,
    -0.07465361058712006,
    -0.0022476918529719114,
    0.026572108268737793,
    0.0210722628980875,
    -0.022695036605000496,
    -0.007880832068622112,
    -0.05071897804737091,
    -0.019666410982608795,
    0.0457129143178463,
    0.0018547638319432735,
    0.004361825063824654,
    -1.0362395962231175e-33,
    0.06986834108829498,
    0.027082087472081184,
    -0.009027639403939247,
    0.06623999029397964,
    0.05276304855942726,
    0.07966676354408264,
    0.1076740100979805,
    0.03659866005182266,
    -0.0401601642370224,
    -0.007536033168435097,
    0.028429852798581123,
    -0.022393060848116875,
    -0.03538891673088074,
    -0.03986133262515068,
    -0.07155716419219971,
    0.012173433788120747,
    -0.029079066589474678,
    0.024393970146775246,
    -0.02682119607925415,
    -0.007642763201147318,
    -0.061877381056547165,
    0.07777561247348785,
    0.020729538053274155,
    0.06557435542345047,
    0.02677607722580433,
    -0.006749296560883522,
    0.10199426114559174,
    0.05301972106099129,
    -0.01394203957170248,
    -0.029517855495214462,
    -0.005705906543880701,
    -0.0628654733300209,
    0.00904821790754795,
    -0.04369467496871948,
    -0.041986286640167236,
    0.015594987198710442,
    -0.005587303079664707,
    0.015528997406363487,
    0.0187350083142519,
    0.00551584642380476,
    0.08235874027013779,
    -0.032478880137205124,
    -0.14397621154785156,
    0.004599081818014383,
    -0.026477018371224403,
    0.05121084675192833,
    0.05443542078137398,
    -0.07211995869874954,
    0.02353208139538765,
    -0.05419749394059181,
    -0.015450243838131428,
    0.02536165527999401,
    -0.042327698320150375,
    0.00546733383089304,
    -0.03093724139034748,
    0.06874382495880127,
    -0.0428195558488369,
    0.025141406804323196,
    0.02530696801841259,
    -0.07021081447601318,
    -0.04123622551560402,
    -0.01999010145664215,
    0.052230753004550934,
    -0.001457227859646082,
    0.028097523376345634,
    0.010441072285175323,
    0.023740405216813087,
    -0.046525269746780396,
    0.012532376684248447,
    0.06003055348992348,
    0.04780258238315582,
    0.03715028241276741,
    0.05132564529776573,
    -0.02207498624920845,
    -0.00447428971529007,
    -0.02384801022708416,
    0.014368971809744835,
    -0.11524122953414917,
    0.05863118916749954,
    -0.029242269694805145,
    -0.03672986105084419,
    0.011915125884115696,
    -0.05044078826904297,
