{
  "id": 850,
  "vector": [
    0.000970443885307759,
    0.0019588361028581858,
    -0.0003827582986559719,
    -0.06041872501373291,
    -0.0852077305316925,
    0.08412846177816391,
    0.11830444633960724,
    0.04424888268113136,
    -0.030661066994071007,
    -0.04390166699886322,
    0.0021026970352977514,
    0.0016376925632357597,
    0.0032847593538463116,
    0.038899701088666916,
    0.02985173650085926,
    -0.03772721812129021,
    0.06434167176485062,
    -0.007797756232321262,
    -0.014981132932007313,
    -0.001721631153486669,
    0.020245060324668884,
    -0.06089196726679802,
    0.05378296971321106,
    0.027926290407776833,
    0.010176685638725758,
    0.035382676869630814,
    -0.034627173095941544,
    -0.013107100501656532,
    -0.0038313500117510557,
    -0.051821496337652206,
    0.01647281087934971,
    0.05911960452795029,
    -0.04349023848772049,
    0.0595991350710392,
    -0.023323796689510345,
    -0.11338084191083908,
    -0.025359680876135826,
    -0.0036885032895952463,
    -0.02363143302500248,
    0.0795055478811264,
    0.04731711745262146,
    0.03418668359518051,
    -0.012574662454426289,
    0.0061264862306416035,
    -0.01601996086537838,
    -0.04873286560177803,
    -0.08056370168924332,
    -0.00009529430826660246,
    0.040576908737421036,
    0.04519016668200493,
    -0.07829895615577698,
    0.0074636065401136875,
    -0.07201791554689407,
    0.011141576804220676,
    0.062071021646261215,
    -0.07411883771419525,
    -0.06275680661201477,
    -0.025579944252967834,
    -0.025508051738142967,
    0.029745640233159065,
    -0.06365127116441727,
    0.015225011855363846,
    -0.08395976573228836,
    -0.005194743629544973,
    0.03982185944914818,
    0.03119063749909401,
    -0.07375067472457886,
    0.01946987956762314,
    0.020451882854104042,
    0.01642223261296749,
    0.006085171364247799,
    0.019856534898281097,
    0.04054700583219528,
    0.024214204400777817,
    -0.06080247461795807,
    0.02657785825431347,
    0.04823499917984009,
    -0.021938730031251907,
    -0.06895981729030609,
    0.05590192228555679,
    -0.07476791739463806,
    0.0068245455622673035,
    0.03133070841431618,
    -0.030825570225715637,
    -0.03849290683865547,
    -0.05597721412777901,
    -0.02637115679681301,
    0.034621965140104294,
    -0.03563888370990753,
    -0.028816770762205124,
    -0.08213629573583603,
    0.0031443380285054445,
    0.0661863386631012,
    -0.03818082809448242,
    0.053221654146909714,
    0.06137993186712265,
    -0.07946858555078506,
    0.031512390822172165,
    -0.007258668076246977,
    0.008572663180530071,
    0.02661716192960739,
    0.045766282826662064,
    0.07747220993041992,
    -0.10072840005159378,
    -0.03913203254342079,
    -0.023539286106824875,
    0.04766996204853058,
    0.02193070575594902,
    0.015098782256245613,
    -0.019126759842038155,
    -0.074269600212574,
    0.023251598700881004,
    0.019823208451271057,
    -0.059717271476984024,
    -0.07381173223257065,
    -0.051878396421670914,
    0.03230021521449089,
    -0.013037008233368397,
    0.0285367239266634,
    -0.04603537544608116,
    0.006064465269446373,
    -0.013738073408603668,
    0.09400071203708649,
    0.032420091331005096,
    -0.0695006251335144,
    0.043241437524557114,
    0.050932299345731735,
    3.0260029246218346e-33,
    -0.025890888646245003,
    -0.050416309386491776,
    -0.012239553965628147,
    0.09497559070587158,
    0.11154185980558395,
    -0.043368224054574966,
    0.016595305874943733,
    0.02731121890246868,
    0.01649576798081398,
    -0.03682726249098778,
    -0.08701948076486588,
    0.0044313473626971245,
    -0.03621751070022583,
    0.08358512818813324,
    -0.0007951207226142287,
    -0.138486847281456,
    -0.007724318187683821,
    0.06507087498903275,
    0.024486785754561424,
    -0.07505826652050018,
    -0.10487522184848785,
    0.018574824556708336,
    0.04932727292180061,
    0.04105064645409584,
    -0.09042477607727051,
    0.0166447926312685,
    -0.05403658747673035,
    0.07586638629436493,
    0.0032458901405334473,
    0.0391649454832077,
    0.06558786332607269,
    0.09542214125394821,
    0.034807007759809494,
    -0.013501955196261406,
    -0.0022247410379350185,
    0.0252638291567564,
    0.01015138067305088,
    -0.013553391210734844,
    0.05601103603839874,
    -0.0344717763364315,
    -0.06025535613298416,
    0.032566674053668976,
    0.020031707361340523,
    0.07063800096511841,
    -0.026706457138061523,
    -0.025918424129486084,
    -0.03946065530180931,
    0.06211866810917854,
    0.03225322812795639,
    -0.014091412536799908,
    -0.015901541337370872,
    0.020411113277077675,
    -0.08652276545763016,
    0.07235436886548996,
    -0.08111357688903809,
    -0.05847785621881485,
    0.028818046674132347,
    0.043951090425252914,
    0.017047708854079247,
    0.03393736109137535,
    0.07010762393474579,
    0.002087496453896165,
    -0.05304207652807236,
    -0.016494257375597954,
    0.006781542673707008,
    0.08306419104337692,
    -0.0069483802653849125,
    -0.011768462136387825,
    0.09038804471492767,
    0.005587954539805651,
    -0.010533373802900314,
    -0.010029014199972153,
    0.06687700748443604,
    -0.03830735757946968,
    0.09171753376722336,
    0.011858247220516205,
    0.10187968611717224,
    0.0007569077424705029,
    0.02653343975543976,
    0.018323339521884918,
    -0.05655569210648537,
    0.03902892768383026,
    -0.015559667721390724,
    0.08877163380384445,
    0.038390159606933594,
    0.04191422834992409,
    0.002248041797429323,
    -0.03455929458141327,
    -0.02088768407702446,
    0.015377180650830269,
    -0.02639976516366005,
    -0.056212130934000015,
    0.09267068654298782,
    -0.04091446474194527,
    0.003662306349724531,
    -4.0793727796142945e-33,
    0.0005321023054420948,
    -0.007903500460088253,
    -0.05327440798282623,
    0.08435051888227463,
    0.04020135477185249,
    0.02909943461418152,
    0.037429820746183395,
    0.03277938812971115,
    0.051061034202575684,
    0.05081668123602867,
    -0.015042546205222607,
    -0.0067759063094854355,
    0.11602883040904999,
    -0.07118405401706696,
    -0.14015868306159973,
    0.02857412025332451,
    0.0690479725599289,
    0.07124384492635727,
    0.04412377253174782,
    -0.031632691621780396,
    -0.024402478709816933,
    0.019968906417489052,
    0.06815185397863388,
    -0.017889354377985,
    0.0038628417532891035,
    0.009305404499173164,
    0.0603327602148056,
    -0.03383878245949745,
    -0.002025226131081581,
    0.019171657040715218,
    0.015647824853658676,
    -0.07094836980104446,
    -0.07673615217208862,
    0.03417956829071045,
    -0.07746908813714981,
    -0.0260486900806427,
    0.05006888881325722,
    -0.009566736407577991,
    0.030749619007110596,
    -0.03410838544368744,
    0.0586378388106823,
    -0.08334057778120041,
    0.005036565475165844,
    0.02017912268638611,
    0.02181370183825493,
    -0.038481704890728,
    -0.05992543324828148,
    -0.057238053530454636,
    -0.06078141927719116,
    0.033183321356773376,
    0.013818611390888691,
    0.026029536500573158,
    -0.054304398596286774,
    -0.011213953606784344,
    -0.052408866584300995,
    0.07073695212602615,
    -0.03059457428753376,
    -0.023443449288606644,
    0.023811567574739456,
    0.0027954047545790672,
    -0.022395337000489235,
    0.0811021700501442,
    -0.04034438729286194,
    0.0358823724091053,
    0.08280543982982635,
    0.014134872704744339,
    -0.019970109686255455,
    0.04977508261799812,
    -0.02732660248875618,
    -0.039203837513923645,
    0.036264970898628235,
    -0.0028238180093467236,
    0.06118190288543701,
    0.011964849196374416,
    -0.012424278073012829,
    -0.06477206945419312,
    -0.03927447274327278,
    0.007390136830508709,
    0.059562500566244125,
    0.016778165474534035,
    -0.06843061745166779,
    -0.054523613303899765,
    -0.0595395565032959,
