{
  "id": 780,
  "vector": [
    -0.023270659148693085,
    0.10049987584352493,
    -0.07282095402479172,
    0.05572884529829025,
    0.01152217946946621,
    -0.02170812338590622,
    0.08647177368402481,
    0.013884204439818859,
    -0.06499521434307098,
    -0.04985373839735985,
    0.09625508636236191,
    -0.08707934617996216,
    -0.13704027235507965,
    -0.06720950454473495,
    -0.021640487015247345,
    -0.042070869356393814,
    0.08495662361383438,
    0.07309538871049881,
    -0.0444769486784935,
    -0.057970501482486725,
    0.03329049423336983,
    -0.02475747838616371,
    0.04765460267663002,
    0.016432179138064384,
    0.06355049461126328,
    -0.012309391982853413,
    -0.0013768685748800635,
    -0.010356592945754528,
    0.0062446328811347485,
    -0.08494078367948532,
    -0.01597253419458866,
    0.10605701804161072,
    0.05400971323251724,
    0.00613819807767868,
    -0.022162139415740967,
    0.008638228289783001,
    0.00423779571428895,
    -0.09686901420354843,
    -0.06029602140188217,
    -0.04321000352501869,
    0.007590808905661106,
    -0.07592650502920151,
    -0.024617057293653488,
    -0.10448119044303894,
    -0.04480927437543869,
    0.009027659893035889,
    -0.06708332151174545,
    0.10752046853303909,
    0.04694276303052902,
    0.00928551610559225,
    -0.0515320710837841,
    -0.011114053428173065,
    -0.08744005858898163,
    -0.030782081186771393,
    0.05591835081577301,
    0.025625135749578476,
    -0.03543587401509285,
    0.0109410947188735,
    -0.05206713080406189,
    0.018071157857775688,
    -0.02499292604625225,
    0.013712221756577492,
    -0.11597421020269394,
    0.04305313527584076,
    0.0889592096209526,
    0.02311207354068756,
    -0.045823048800230026,
    -0.04494071379303932,
    -0.08841153234243393,
    0.05382867902517319,
    0.03595893830060959,
    -0.05259356275200844,
    0.04513467475771904,
    -0.02682233229279518,
    -0.09390450268983841,
    0.05298800393939018,
    0.08280716836452484,
    -0.020595189183950424,
    0.03788996487855911,
    -0.035400211811065674,
    -0.022437693551182747,
    0.034789711236953735,
    0.04008597880601883,
    -0.09400591254234314,
    -0.05645739659667015,
    -0.046164289116859436,
    -0.05034817382693291,
    0.06921866536140442,
    0.02228197082877159,
    -0.03236985206604004,
    0.03285839408636093,
    0.002553085796535015,
    -0.011586489155888557,
    0.05101804807782173,
    -0.048717256635427475,
    0.06659457832574844,
    -0.004654502961784601,
    -0.08630815148353577,
    -0.021631257608532906,
    0.01185617409646511,
    0.04668258875608444,
    0.012921283952891827,
    0.1346474289894104,
    -0.005554745439440012,
    0.014685291796922684,
    0.03199855238199234,
    0.05587915703654289,
    -0.03375737741589546,
    0.03954959660768509,
    0.08823781460523605,
    -0.03309166058897972,
    0.05735958740115166,
    -0.07735823094844818,
    -0.03688136488199234,
    -0.028234105557203293,
    0.010528458282351494,
    0.054433759301900864,
    -0.03459273278713226,
    -0.01052873209118843,
    0.048008088022470474,
    0.010799994692206383,
    -0.017513420432806015,
    -0.03597639128565788,
    0.011970214545726776,
    0.012569948099553585,
    0.0064087375067174435,
    -0.00590664055198431,
    3.5963952116400334e-33,
    -0.07658925652503967,
    -0.004260476678609848,
    0.02944248542189598,
    -0.06737475842237473,
    -0.0014748049434274435,
    -0.08643275499343872,
    0.061090003699064255,
    -0.012191793881356716,
    -0.00007737274427199736,
    0.0021061180159449577,
    -0.03401070460677147,
    -0.07063458114862442,
    0.011391596868634224,
    0.05037350207567215,
    0.003686523297801614,
    -0.06543800979852676,
    -0.04299873486161232,
    0.020439740270376205,
    0.0982610285282135,
    0.030671317130327225,
    -0.032988741993904114,
    -0.022143127396702766,
    0.0064306422136723995,
    0.020428529009222984,
    0.046161212027072906,
    0.015652984380722046,
    -0.026048405095934868,
    -0.052919331938028336,
    -0.016883468255400658,
    0.02371717244386673,
    0.1331896334886551,
    0.014286303892731667,
    -0.05097143352031708,
    -0.02737860381603241,
    -0.04986812174320221,
    0.010882439091801643,
    0.057815197855234146,
    -0.03625456988811493,
    -0.015057990327477455,
    0.019893530756235123,
    0.028090698644518852,
    -0.00641412241384387,
    0.038772664964199066,
    0.007589643355458975,
    -0.0581488162279129,
    -0.01653188467025757,
    0.07006976753473282,
    0.07237152010202408,
    0.06707154214382172,
    0.005570038687437773,
    -0.014600726775825024,
    -0.06900569051504135,
    -0.059657249599695206,
    0.05533122271299362,
    -0.015099972486495972,
    -0.010273250751197338,
    0.04224114120006561,
    0.04679547995328903,
    0.02100251242518425,
    0.03551850840449333,
    -0.006123700644820929,
    0.03585392236709595,
    -0.006731451489031315,
    0.03567792847752571,
    0.017180882394313812,
    -0.00972792599350214,
    -0.01615183614194393,
    -0.04413125663995743,
    0.05182116851210594,
    -0.026269124820828438,
    -0.03539968654513359,
    -0.09079709649085999,
    0.0896085649728775,
    0.031185127794742584,
    -0.06971816718578339,
    0.0005552757647819817,
    0.04760536551475525,
    0.05398500710725784,
    0.0431961789727211,
    0.06571417301893234,
    0.05724703520536423,
    0.04695754125714302,
    -0.00843099970370531,
    -0.060451023280620575,
    -0.04061579704284668,
    0.10706659406423569,
    -0.08499470353126526,
    0.01045431848615408,
    0.034072138369083405,
    0.020563634112477303,
    0.004922603257000446,
    -0.0017825898248702288,
    0.07456228882074356,
    -0.0829005092382431,
    -0.0296213049441576,
    -3.5790867920081445e-33,
    0.009795433841645718,
    0.08881717920303345,
    -0.05671273171901703,
    0.1353483945131302,
    0.04192402958869934,
    0.017556587234139442,
    0.050026606768369675,
    -0.002473970642313361,
    0.03585505113005638,
    0.05624321103096008,
    -0.05162905156612396,
    0.0241073090583086,
    0.05109488219022751,
    -0.07215312868356705,
    0.008878491818904877,
    0.046468187123537064,
    -0.025280717760324478,
    0.0709589347243309,
    -0.021168753504753113,
    -0.016051508486270905,
    -0.06850571185350418,
    0.07276751846075058,
    0.032209690660238266,
    0.03363637626171112,
    -0.01179024949669838,
    0.005108524579554796,
    0.024566054344177246,
    0.04885796457529068,
    -0.11573825776576996,
    -0.03362387791275978,
    0.02469164878129959,
    -0.12542277574539185,
    -0.05461454764008522,
    -0.029522744938731194,
    0.09970775991678238,
    -0.09266503900289536,
    0.01440291665494442,
    0.011713990941643715,
    0.0004728105559479445,
    0.017605619505047798,
    0.0006900574662722647,
    0.01518968679010868,
    -0.03474603593349457,
    0.03671152517199516,
    -0.041041240096092224,
    -0.05254290997982025,
    0.02089017629623413,
    -0.08029026538133621,
    0.019205445423722267,
    -0.03210357576608658,
    0.07030782103538513,
    0.012283945456147194,
    -0.08365023136138916,
    0.01191535871475935,
    -0.05120311677455902,
    0.08989126980304718,
    0.04363726079463959,
    -0.009054010733962059,
    -0.05205374211072922,
    -0.0478355698287487,
    -0.02966219000518322,
    0.016426628455519676,
    0.032124824821949005,
    0.03412456810474396,
    0.09626317024230957,
    0.01146478857845068,
    -0.019436409696936607,
    -0.04633057117462158,
    -0.006738029886037111,
    0.024360790848731995,
    -0.06097980588674545,
    -0.030016081407666206,
    0.06736490875482559,
    0.016629688441753387,
    -0.07467436790466309,
    0.03352319076657295,
    0.033859893679618835,
    0.028917942196130753,
    0.06390552967786789,
    -0.01884680613875389,
    -0.0535157285630703,
    -0.04645553603768349,
    0.01082768663764,
    0.05579403415322304,
