{
  "id": 359,
  "vector": [
    0.028245558962225914,
    0.0074027227237820625,
    -0.038521382957696915,
    0.04986851289868355,
    -0.023632198572158813,
    -0.031035393476486206,
    0.06441396474838257,
    0.1285853236913681,
    -0.08241807669401169,
    0.0017998464172706008,
    -0.03581986576318741,
    -0.07962190359830856,
    -0.09848559647798538,
    0.05566035583615303,
    0.016121087595820427,
    -0.04010051116347313,
    -0.029034292325377464,
    0.027748893946409225,
    -0.07077416777610779,
    -0.019635431468486786,
    0.05492394417524338,
    -0.08698806911706924,
    0.08499469608068466,
    0.06219648942351341,
    -0.014682775363326073,
    0.011149468831717968,
    -0.0035674406681209803,
    0.049369774758815765,
    0.04920355975627899,
    -0.10867364704608917,
    0.006141954567283392,
    0.1335238218307495,
    0.0036014963407069445,
    -0.03737698867917061,
    -0.00807871576398611,
    -0.07280607521533966,
    0.08216994255781174,
    -0.021173996850848198,
    0.011340377852320671,
    -0.06142843887209892,
    0.06959877908229828,
    -0.01908387802541256,
    0.024610087275505066,
    0.0442475751042366,
    -0.03411427140235901,
    0.0030653043650090694,
    -0.07123944908380508,
    0.12346034497022629,
    0.08051647245883942,
    0.05347605422139168,
    -0.05903615057468414,
    -0.04211478307843208,
    -0.0899229571223259,
    0.019841481000185013,
    0.037418704479932785,
    -0.04707594960927963,
    -0.04831433296203613,
    -0.011555264703929424,
    0.004197134170681238,
    0.03181843087077141,
    0.03651433810591698,
    0.05526356026530266,
    -0.05236624926328659,
    0.06323889642953873,
    -0.00064274319447577,
    0.010166236199438572,
    -0.1096140444278717,
    0.010719312354922295,
    -0.12298361212015152,
    0.09023643285036087,
    -0.003646720666438341,
    -0.015418033115565777,
    0.04051543399691582,
    -0.07097949087619781,
    -0.009645653888583183,
    -0.05182993412017822,
    0.05084533989429474,
    -0.13191959261894226,
    -0.09340865164995193,
    0.12738236784934998,
    -0.0989488735795021,
    0.003187045454978943,
    -0.04050508886575699,
    0.05896611511707306,
    -0.07100589573383331,
    -0.011918336153030396,
    -0.01926703192293644,
    -0.0019782884046435356,
    -0.07893667370080948,
    0.008346994407474995,
    -0.03780033811926842,
    0.04325655475258827,
    0.03736028075218201,
    -0.05367490276694298,
    -0.03611205145716667,
    0.06992287933826447,
    0.014305680058896542,
    -0.0346338152885437,
    0.09661906212568283,
    0.03599568456411362,
    0.03757708892226219,
    -0.020830070599913597,
    0.11926642060279846,
    -0.09098978340625763,
    0.04514992609620094,
    -0.02838415466248989,
    0.028308890759944916,
    0.02853456512093544,
    0.054061707109212875,
    -0.012473003007471561,
    -0.10225378721952438,
    0.02326439507305622,
    0.03829435259103775,
    0.053200364112854004,
    -0.03292477875947952,
    0.007361199706792831,
    0.05580860376358032,
    -0.0027905970346182585,
    0.07858000695705414,
    0.016079405322670937,
    0.04765157029032707,
    0.07450989633798599,
    0.07207411527633667,
    -0.033700715750455856,
    -0.04431702941656113,
    -0.011752880178391933,
    0.060093000531196594,
    2.2399698723651333e-33,
    -0.09521444141864777,
    -0.05621552839875221,
    0.025566743686795235,
    0.10881384462118149,
    -0.017604902386665344,
    0.020527943968772888,
    0.04572856053709984,
    -0.0448279082775116,
    0.00801777746528387,
    0.036894071847200394,
    -0.03313146531581879,
    -0.03571084886789322,
    0.02191891334950924,
    0.03112347424030304,
    0.024548916146159172,
    -0.09800916165113449,
    0.031745146960020065,
    0.0209893137216568,
    0.009458143264055252,
    -0.05931685119867325,
    -0.017629779875278473,
    -0.008260278962552547,
    -0.006783520802855492,
    0.0005729151307605207,
    -0.0024153462145477533,
    0.04054322838783264,
    0.04870474338531494,
    0.016221391037106514,
    -0.04348743334412575,
    0.039165008813142776,
    0.023606473580002785,
    0.0696612149477005,
    0.01585669256746769,
    0.020067112520337105,
    -0.006128318607807159,
    -0.03218867629766464,
    -0.024364294484257698,
    0.01308854203671217,
    0.016103990375995636,
    -0.050299447029829025,
    0.06640983372926712,
    -0.011507203802466393,
    0.009106715209782124,
    0.03899102658033371,
    -0.03705529496073723,
    0.02362254075706005,
    -0.03648889437317848,
    0.011784235946834087,
    0.06071541830897331,
    -0.04310199245810509,
    -0.010105069726705551,
    -0.007001382764428854,
    -0.03218551725149155,
    0.058487456291913986,
    0.04787396267056465,
    -0.04688069224357605,
    -0.03899645432829857,
    0.01342689897865057,
    0.06258946657180786,
    0.00027348785079084337,
    0.04460529237985611,
    0.06182151660323143,
    -0.03415687009692192,
    0.0245052482932806,
    -0.023650487884879112,
    0.008471664972603321,
    -0.07708941400051117,
    -0.013710353523492813,
    -0.01709631085395813,
    -0.002457345835864544,
    -0.009095914661884308,
    -0.018952956423163414,
    0.02101956121623516,
    -0.014210122637450695,
    0.0871775820851326,
    -0.01883091777563095,
    0.09431156516075134,
    0.021027330309152603,
    -0.051330309361219406,
    0.018457701429724693,
    -0.03078247420489788,
    -0.002502839080989361,
    0.03953758254647255,
    0.03945726156234741,
    0.01645306684076786,
    0.0033013359643518925,
    -0.06672365963459015,
    0.011124830693006516,
    0.0011129924096167088,
    -0.041221734136343,
    -0.005135558545589447,
    -0.07604262232780457,
    -0.020983202382922173,
    -0.11128775775432587,
    -0.003157226135954261,
    -3.8088691216290236e-33,
    0.03887550160288811,
    0.06270800530910492,
    0.022800831124186516,
    0.031492896378040314,
    0.10150740295648575,
    -0.060559116303920746,
    0.04813099652528763,
    0.032917045056819916,
    0.0905473381280899,
    -0.023146118968725204,
    -0.04706624895334244,
    -0.019775424152612686,
    0.02202606201171875,
    -0.08707870543003082,
    -0.013424335978925228,
    0.08159798383712769,
    0.1060686782002449,
    -0.020122746005654335,
    0.057682622224092484,
    -0.0737631544470787,
    -0.09840650111436844,
    -0.023067617788910866,
    -0.013654646463692188,
    0.018972396850585938,
    0.0009435943211428821,
    0.01861436478793621,
    0.044851236045360565,
    -0.07686500251293182,
    -0.03207889571785927,
    0.07558105885982513,
    0.0007808675873093307,
    -0.11702602356672287,
    0.007822156883776188,
    0.01276744157075882,
    -0.04639444500207901,
    -0.06853409111499786,
    -0.009304366074502468,
    -0.0023707204964011908,
    -0.03314404562115669,
    0.0002136785042239353,
    0.04677380621433258,
    -0.04409150034189224,
    -0.007839014753699303,
    -0.009677376598119736,
    0.06027567759156227,
    -0.07065464556217194,
    0.030463794246315956,
    -0.14764349162578583,
    -0.05524280667304993,
    0.039138421416282654,
    0.06495567411184311,
    0.02747521921992302,
    -0.09990417212247849,
    -0.009954106993973255,
    0.015508164651691914,
    0.05063094571232796,
    0.04274331033229828,
    -0.01290680468082428,
    0.051471468061208725,
    0.002956883516162634,
    0.0042528728954494,
    0.03228369355201721,
    -0.029064655303955078,
    -0.020400315523147583,
    0.03076058253645897,
    -0.08423226326704025,
    -0.04592446610331535,
    0.07576083391904831,
    0.014998120255768299,
    0.028988411650061607,
    0.06372802704572678,
    0.07831193506717682,
    -0.008041257970035076,
    0.0021924518514424562,
    -0.07031790167093277,
    0.019896510988473892,
    -0.042143553495407104,
    0.04760248586535454,
    0.036445263773202896,
    0.029234427958726883,
    -0.07245471328496933,
    0.009880660101771355,
    -0.02337288111448288,
