{
  "id": 599,
  "vector": [
    0.0014100769767537713,
    0.052025970071554184,
    0.013827419839799404,
    0.06803067773580551,
    -0.04281693324446678,
    0.04511041194200516,
    0.04702021926641464,
    0.06987103819847107,
    -0.07285847514867783,
    -0.030065862461924553,
    0.12801727652549744,
    -0.11873310804367065,
    0.004423461854457855,
    -0.016545334830880165,
    -0.006017094012349844,
    0.04149843379855156,
    0.04632546380162239,
    0.03922395408153534,
    -0.17802011966705322,
    -0.05690167471766472,
    0.07730752229690552,
    -0.0555083192884922,
    -0.026159295812249184,
    0.01365604903548956,
    0.023929834365844727,
    0.007734381593763828,
    0.02864643931388855,
    -0.0511709563434124,
    0.011074653826653957,
    -0.026424594223499298,
    -0.058910708874464035,
    0.10379281640052795,
    0.045593805611133575,
    -0.019551493227481842,
    0.04503924399614334,
    -0.043372273445129395,
    0.01082295086234808,
    -0.04633523151278496,
    0.09973237663507462,
    -0.02850891277194023,
    0.0019408771768212318,
    -0.034870196133852005,
    0.0428856797516346,
    -0.05699910596013069,
    0.018919356167316437,
    -0.029363779351115227,
    -0.00010389823000878096,
    0.011126741766929626,
    0.017081087455153465,
    -0.008383532986044884,
    0.022480463609099388,
    0.06502392888069153,
    -0.08688655495643616,
    0.07452381402254105,
    0.05195653811097145,
    -0.06127414479851723,
    -0.04212821647524834,
    0.01628868281841278,
    -0.06510581076145172,
    0.030624542385339737,
    -0.07430940121412277,
    -0.022132670506834984,
    -0.03588791936635971,
    0.005988110788166523,
    -0.04612402245402336,
    0.053788524121046066,
    -0.08465941250324249,
    -0.030279556289315224,
    0.009071038104593754,
    0.030598090961575508,
    -0.008116349577903748,
    0.05235559865832329,
    0.01595175452530384,
    0.01756318099796772,
    0.020444059744477272,
    -0.028516137972474098,
    0.07826084643602371,
    -0.049189548939466476,
    0.001605477649718523,
    -0.037903256714344025,
    -0.0626717060804367,
    -0.04429575055837631,
    0.007713832426816225,
    -0.016939394176006317,
    -0.020709684118628502,
    -0.005111551843583584,
    -0.007880020886659622,
    0.031537752598524094,
    -0.006449553184211254,
    -0.059268709272146225,
    0.0022256961092352867,
    0.01902344822883606,
    0.022341782227158546,
    0.03693978488445282,
    -0.07964213192462921,
    0.029170047491788864,
    -0.05868732929229736,
    -0.06765059381723404,
    -0.01780778542160988,
    0.01855161227285862,
    0.05175988748669624,
    -0.022462347522377968,
    0.1326855719089508,
    -0.042765360325574875,
    -0.0352122001349926,
    -0.05497321859002113,
    -0.0077741872519254684,
    -0.0272117517888546,
    0.03331759199500084,
    0.02061513066291809,
    -0.010568168014287949,
    -0.04619231075048447,
    -0.04723690450191498,
    -0.0007569195004180074,
    -0.03152012825012207,
    0.05739415064454079,
    0.05424262210726738,
    0.00016361914458684623,
    -0.00783486757427454,
    -0.014934706501662731,
    0.0765601396560669,
    -0.023721149191260338,
    0.04411546513438225,
    -0.004928073845803738,
    -0.09852465242147446,
    0.025926874950528145,
    -0.012824168428778648,
    7.772708071630765e-33,
    -0.05992967635393143,
    0.0027603295166045427,
    0.027811875566840172,
    0.047711171209812164,
    -0.045928385108709335,
    -0.11480815708637238,
    0.0013389317318797112,
    -0.08093990385532379,
    0.10828331857919693,
    0.006413924973458052,
    -0.06066354736685753,
    -0.008698171935975552,
    -0.00970318540930748,
    0.07215550541877747,
    0.012436016462743282,
    -0.05634601414203644,
    -0.055914003401994705,
    -0.04414018616080284,
    0.077540323138237,
    0.026964249089360237,
    -0.03529300168156624,
    0.06803540885448456,
    0.030650917440652847,
    -0.07432982325553894,
    -0.06299769133329391,
    -0.00864910613745451,
    0.12190402299165726,
    -0.03356017544865608,
    -0.01997467130422592,
    0.020575037226080894,
    0.11074270308017731,
    -0.0024561926256865263,
    0.01647867262363434,
    -0.006008007097989321,
    -0.05846966430544853,
    0.02199452929198742,
    -0.012867465615272522,
    -0.01334648858755827,
    0.05531676858663559,
    -0.007206859067082405,
    0.07031922042369843,
    0.07577985525131226,
    0.0687563568353653,
    0.06435490399599075,
    0.02581874653697014,
    0.021555788815021515,
    0.08850476890802383,
    -0.03489794209599495,
    0.08759550750255585,
    0.009637761861085892,
    -0.01934400573372841,
    0.011826451867818832,
    0.0051385946571826935,
    0.06270326673984528,
    0.11030399054288864,
    -0.001871299697086215,
    0.050609007477760315,
    0.008497308008372784,
    0.0027856389060616493,
    0.08006203919649124,
    -0.021373847499489784,
    -0.01507490873336792,
    -0.01830264739692211,
    0.06880000978708267,
    -0.016112349927425385,
    0.034642983227968216,
    -0.12626788020133972,
    -0.05516672879457474,
    -0.06518194824457169,
    -0.06947845965623856,
    0.0037511473055928946,
    -0.009056437760591507,
    0.04966335743665695,
    -0.017205923795700073,
    -0.02895067073404789,
    -0.05928053334355354,
    0.09897041320800781,
    0.03659123182296753,
    -0.06589283049106598,
    0.06447532027959824,
    -0.01713184453547001,
    0.053028419613838196,
    0.030962519347667694,
    -0.042401671409606934,
    -0.09534061700105667,
    0.08169322460889816,
    -0.09365341812372208,
    -0.01555743720382452,
    0.08156690001487732,
    -0.013537352904677391,
    -0.007501532323658466,
    0.0260914396494627,
    -0.018103960901498795,
    -0.019807033240795135,
    -0.02219804935157299,
    -6.809532245137968e-33,
    0.0039836084470152855,
    0.0655183270573616,
    -0.006532140076160431,
    0.06434167921543121,
    0.06703249365091324,
    -0.002564956434071064,
    0.020346656441688538,
    0.06738904118537903,
    0.09677466750144958,
    0.0350392609834671,
    -0.07686880975961685,
    0.09956376254558563,
    0.06193215772509575,
    -0.03035539947450161,
    -0.00936943106353283,
    0.05788586661219597,
    0.07815076410770416,
    0.0581815168261528,
    0.005747539456933737,
    -0.0074488818645477295,
    -0.07811100035905838,
    0.08131715655326843,
    0.025381874293088913,
    0.03505363315343857,
    -0.02146058902144432,
    0.025947291404008865,
    0.03655444085597992,
    0.02857009321451187,
    0.01862098090350628,
    -0.03509284928441048,
    0.10922727733850479,
    -0.151170015335083,
    -0.03625248000025749,
    0.025191230699419975,
    -0.014760485850274563,
    -0.07716082036495209,
    0.06839606165885925,
    0.03301200270652771,
    -0.041604649275541306,
    0.06296468526124954,
    -0.00033251504646614194,
    -0.012945660389959812,
    -0.009792691096663475,
    0.005851438269019127,
    -0.03779926151037216,
    -0.05655553936958313,
    0.033862821757793427,
    -0.03628949448466301,
    -0.02702290564775467,
    -0.022592084482312202,
    -0.004134074319154024,
    -0.04224254563450813,
    -0.07372396439313889,
    -0.05319735407829285,
    -0.04586215317249298,
    0.022390861064195633,
    0.0020315651781857014,
    0.08727817982435226,
    0.010846120305359364,
    -0.07510902732610703,
    -0.0005011307075619698,
    0.021650204434990883,
    0.007181320805102587,
    -0.0628865659236908,
    -0.020103614777326584,
    0.034276269376277924,
    -0.007969643920660019,
    -0.082610122859478,
    -0.05925489589571953,
    0.058043740689754486,
    -0.027187015861272812,
    -0.01518640760332346,
    -0.04518622159957886,
    -0.027525993064045906,
    -0.019458303228020668,
    0.021061541512608528,
    -0.05846280977129936,
    0.02497374825179577,
    0.06089015677571297,
    0.0022505135275423527,
    -0.08617258071899414,
    -0.01919199526309967,
    -0.02022334560751915,
