{
  "id": 296,
  "vector": [
    0.0009365317528136075,
    0.017372462898492813,
    -0.038925785571336746,
    0.003914408851414919,
    -0.030521100386977196,
    -0.023377874866127968,
    0.020517554134130478,
    0.10552142560482025,
    -0.048158664256334305,
    0.024045560508966446,
    -0.046825118362903595,
    -0.09934704750776291,
    -0.0018116987776011229,
    -0.03272044286131859,
    -0.006371640134602785,
    -0.041298579424619675,
    0.017192203551530838,
    0.005241666454821825,
    -0.11495547741651535,
    -0.04749416559934616,
    0.033092230558395386,
    -0.06823941320180893,
    -0.016738908365368843,
    -0.019092347472906113,
    0.0687081515789032,
    0.004933377727866173,
    -0.012422539293766022,
    -0.05455170199275017,
    0.023868009448051453,
    -0.0982452929019928,
    0.03196759894490242,
    0.11251316219568253,
    0.02278481051325798,
    0.007917307317256927,
    0.0038783210329711437,
    0.00005847193460795097,
    -0.04179610311985016,
    -0.029033692553639412,
    0.058035824447870255,
    -0.010227042250335217,
    -0.016641248017549515,
    0.030934499576687813,
    0.03723032400012016,
    -0.06553857773542404,
    -0.03630850464105606,
    -0.025686107575893402,
    0.028666643425822258,
    0.07525230944156647,
    0.060781773179769516,
    -0.0008862215327098966,
    0.01730334758758545,
    0.04785250127315521,
    -0.07710395008325577,
    0.04531615972518921,
    0.08190430700778961,
    -0.043017271906137466,
    -0.06775939464569092,
    -0.0657133013010025,
    -0.012278055772185326,
    0.053506020456552505,
    -0.06422291696071625,
    0.045802779495716095,
    -0.0016831016400828958,
    0.021045725792646408,
    0.017015185207128525,
    0.000637234072200954,
    -0.044541336596012115,
    0.0005341718788258731,
    -0.0631774291396141,
    0.03722302243113518,
    -0.08942798525094986,
    0.03404383733868599,
    0.010622543282806873,
    0.04787961766123772,
    0.039657626301050186,
    0.0310957208275795,
    0.0037956335581839085,
    -0.07956478744745255,
    0.005578749813139439,
    -0.015419011935591698,
    -0.0771574154496193,
    0.04281547665596008,
    0.0979703813791275,
    0.03732394427061081,
    -0.020013434812426567,
    -0.08572838455438614,
    0.043748438358306885,
    0.0786316841840744,
    0.05096360668540001,
    -0.05032472684979439,
    -0.032182879745960236,
    0.09654501080513,
    0.05373133346438408,
    0.061207521706819534,
    -0.1324334591627121,
    -0.0013969551073387265,
    0.03329244628548622,
    0.02889198623597622,
    0.026803430169820786,
    0.05080899968743324,
    -0.0019225451396778226,
    -0.024110302329063416,
    0.17263026535511017,
    -0.03617120534181595,
    -0.05796920508146286,
    -0.05806966871023178,
    0.06369161605834961,
    -0.014038307592272758,
    0.0461382158100605,
    0.010564452968537807,
    0.008378058671951294,
    0.014402814209461212,
    -0.04532785341143608,
    -0.04347256198525429,
    0.010910644195973873,
    0.00022885503130964935,
    0.03562278300523758,
    -0.07565876096487045,
    0.006674212869256735,
    0.0006185255479067564,
    0.02588031068444252,
    0.019862672314047813,
    0.009919635951519012,
    0.0303864236921072,
    -0.04998692870140076,
    0.059972457587718964,
    -0.013346866704523563,
    4.649711985715714e-33,
    -0.12929697334766388,
    0.021796036511659622,
    0.007823392748832703,
    0.052859798073768616,
    -0.018372979015111923,
    -0.08499374985694885,
    0.04873347654938698,
    -0.011564904823899269,
    0.030902989208698273,
    0.10435391217470169,
    -0.06557483226060867,
    0.05733703076839447,
    -0.006464286707341671,
    0.1287233829498291,
    0.006473506335169077,
    -0.012909883633255959,
    0.00856979750096798,
    -0.03639546036720276,
    0.024183005094528198,
    0.02288173884153366,
    -0.09282588213682175,
    -0.10068459808826447,
    0.020050179213285446,
    -0.015350029803812504,
    -0.01249089278280735,
    0.007021622732281685,
    0.07196815311908722,
    -0.008181152865290642,
    -0.03665977716445923,
    0.002837168052792549,
    0.10907608270645142,
    0.02144796773791313,
    -0.045220233500003815,
    -0.02079549990594387,
    -0.02614481933414936,
    -0.017545361071825027,
    -0.021105391904711723,
    0.04057920351624489,
    0.011964215897023678,
    0.05226084217429161,
    0.018483508378267288,
    0.08180122077465057,
    0.03107302449643612,
    -0.05234338343143463,
    -0.000701588112860918,
    0.044267162680625916,
    0.03251470997929573,
    0.05388571321964264,
    0.0853399708867073,
    0.053032562136650085,
    0.05606105551123619,
    0.07321259379386902,
    0.040379561483860016,
    0.07636476308107376,
    0.0672822967171669,
    0.014602278359234333,
    -0.01650378480553627,
    -0.0064320871606469154,
    0.03175688534975052,
    0.058321110904216766,
    -0.00043090383405797184,
    -0.0003000435244757682,
    -0.09901642799377441,
    0.056070271879434586,
    -0.02229783684015274,
    0.0649266317486763,
    -0.02683280035853386,
    0.013303680345416069,
    -0.00445996830239892,
    -0.02777147851884365,
    -0.06822943687438965,
    -0.07743626832962036,
    0.120681032538414,
    -0.05384010449051857,
    -0.030504869297146797,
    -0.04391833394765854,
    0.0328570231795311,
    0.08312277495861053,
    -0.01086274441331625,
    -0.0290596392005682,
    0.0587485171854496,
    0.0254543274641037,
    0.011390555649995804,
    -0.1238558366894722,
    -0.12310157716274261,
    0.012880250811576843,
    -0.0070548467338085175,
    0.022404931485652924,
    -0.0376538410782814,
    0.012089155614376068,
    -0.00201280671171844,
    -0.029110977426171303,
    0.026415608823299408,
    -0.014203130267560482,
    -0.050145987421274185,
    -3.529952964853696e-33,
    0.011221637018024921,
    0.06963136792182922,
    -0.06603182107210159,
    0.07853890210390091,
    0.09841457009315491,
    0.04326697438955307,
    0.04916568472981453,
    -0.015379708260297775,
    0.08451918512582779,
    0.020650623366236687,
    0.02547529712319374,
    -0.019483745098114014,
    0.00841330923140049,
    0.014849838800728321,
    -0.034794993698596954,
    0.029707882553339005,
    -0.04379218444228172,
    0.036650922149419785,
    -0.018007760867476463,
    -0.12020605057477951,
    -0.06727334856987,
    0.05677833408117294,
    0.011264177039265633,
    -0.00043110380647704005,
    -0.0014336896128952503,
    0.042441073805093765,
    -0.003410643432289362,
    0.00502820173278451,
    -0.0014627352356910706,
    -0.008674878627061844,
    -0.03100467287003994,
    -0.10782638937234879,
    0.06299997866153717,
    0.002968096174299717,
    -0.013950638473033905,
    -0.03188115358352661,
    0.06301093101501465,
    0.02995230257511139,
    0.019395900890231133,
    -0.020540721714496613,
    -0.010859634727239609,
    -0.00287347543053329,
    0.017132991924881935,
    -0.007599601987749338,
    -0.05805074796080589,
    0.005620421841740608,
    -0.006139075383543968,
    -0.08964122086763382,
    0.031876400113105774,
    0.024391494691371918,
    -0.0049013784155249596,
    0.0442616231739521,
    -0.06706691533327103,
    -0.11164912581443787,
    -0.05440235137939453,
    0.10482853651046753,
    0.009970558807253838,
    0.037180956453084946,
    -0.018620353192090988,
    -0.05209951847791672,
    -0.06798341125249863,
    0.02347603067755699,
    0.0668243020772934,
    -0.01387448888272047,
    0.08313751965761185,
    0.025682887062430382,
    -0.08147760480642319,
    -0.061393000185489655,
    -0.003029010258615017,
    0.06869110465049744,
    0.016699345782399178,
    -0.009129289537668228,
    0.05524774268269539,
    -0.064445361495018,
    0.02570180781185627,
    0.0042407638393342495,
    0.008812401443719864,
    0.008283531293272972,
    0.005692603532224894,
    0.0022610879968851805,
    -0.04278261959552765,
    0.004605541471391916,
    0.00889033917337656,
