{
  "id": 225,
  "vector": [
    0.003057674039155245,
    0.053902219980955124,
    0.053754307329654694,
    -0.018548550084233284,
    -0.03173574060201645,
    0.013714341446757317,
    -0.00644679693505168,
    0.03174801170825958,
    -0.028485337272286415,
    0.006227211095392704,
    -0.021906474605202675,
    0.03367013484239578,
    0.008452010340988636,
    -0.04399631917476654,
    0.01465205941349268,
    0.059662215411663055,
    -0.08727578073740005,
    0.061746060848236084,
    -0.042063966393470764,
    0.0483396016061306,
    -0.04692552983760834,
    -0.01265240553766489,
    -0.024941759184002876,
    0.016682179644703865,
    0.0007277888944372535,
    -0.04072372615337372,
    0.05528197064995766,
    0.01722755655646324,
    0.0038156453520059586,
    -0.0440778024494648,
    0.04164259880781174,
    0.019342144951224327,
    0.0015746653079986572,
    0.027313416823744774,
    0.014769189059734344,
    -0.09376658499240875,
    0.04637686908245087,
    0.1583377867937088,
    0.012688646093010902,
    0.04099201411008835,
    -0.014927544631063938,
    0.004856398329138756,
    -0.017400072887539864,
    0.08240609616041183,
    0.017807358875870705,
    -0.004725202452391386,
    -0.032672807574272156,
    0.05424902215600014,
    0.0896310806274414,
    0.011993667110800743,
    -0.005781571380794048,
    -0.05976864695549011,
    -0.09597379714250565,
    -0.020458657294511795,
    0.004805172793567181,
    -0.012395093217492104,
    -0.019533339887857437,
    0.051338694989681244,
    0.07771779596805573,
    -0.00448805233463645,
    0.05244935303926468,
    0.008068379946053028,
    -0.06781274825334549,
    0.05681392177939415,
    0.02032831311225891,
    -0.038168709725141525,
    -0.049512919038534164,
    0.006623936351388693,
    -0.06996504217386246,
    0.05497771501541138,
    -0.023251069709658623,
    0.02247408963739872,
    -0.05221714824438095,
    -0.03070615790784359,
    0.005174870137125254,
    0.015834404155611992,
    -0.01822616718709469,
    -0.010345138609409332,
    0.023594969883561134,
    -0.04235232621431351,
    -0.12591972947120667,
    0.030454305931925774,
    0.0022922984790056944,
    0.03904550522565842,
    0.05384684354066849,
    0.04735269770026207,
    -0.0146519485861063,
    0.03201540932059288,
    -0.0005967185716144741,
    -0.0069004204124212265,
    -0.02962777018547058,
    -0.0018395505612716079,
    -0.0538613386452198,
    -0.052214812487363815,
    0.04565774276852608,
    -0.02071591652929783,
    0.006504627410322428,
    0.007309804204851389,
    0.03277330845594406,
    0.02864743210375309,
    0.04325651377439499,
    -0.03845350071787834,
    0.04586892947554588,
    0.049543388187885284,
    0.010724521242082119,
    0.03678273782134056,
    -0.06502946466207504,
    0.019438281655311584,
    0.04610607028007507,
    -0.04350815713405609,
    -0.03328618034720421,
    -0.03633815422654152,
    -0.034484222531318665,
    -0.041590433567762375,
    0.007737244479358196,
    -0.07718998938798904,
    0.07081440836191177,
    -0.0014058727538213134,
    0.0073632244020700455,
    0.038003962486982346,
    0.060579635202884674,
    0.04610421881079674,
    -0.019266508519649506,
    -0.020110459998250008,
    -0.1135021522641182,
    -0.020056776702404022,
    0.04662790521979332,
    -1.9960010306262267e-35,
    0.025190014392137527,
    0.09999296814203262,
    0.0056147766299545765,
    0.02159721404314041,
    -0.008095634169876575,
    0.002343844622373581,
    0.08712038397789001,
    0.012061083689332008,
    -0.0946606993675232,
    0.12282777577638626,
    0.053664740175008774,
    -0.037760067731142044,
    -0.008239928632974625,
    0.04976347088813782,
    -0.014159690588712692,
    0.021876627579331398,
    0.054051198065280914,
    -0.013075047172605991,
    0.011033320799469948,
    -0.005339548457413912,
    -0.0656343549489975,
    0.11007530242204666,
    -0.0598948672413826,
    0.06248120218515396,
    -0.09194967895746231,
    -0.04976464807987213,
    0.03571196272969246,
    0.008853528648614883,
    -0.061867810785770416,
    0.017310068011283875,
    -0.06425230205059052,
    0.04987374693155289,
    0.028769686818122864,
    -0.0014748754911124706,
    -0.04357278347015381,
    -0.08440497517585754,
    -0.09827281534671783,
    -0.0632622167468071,
    0.08988864719867706,
    -0.008394226431846619,
    -0.0254797525703907,
    -0.014098423533141613,
    -0.007315200753509998,
    0.04806678369641304,
    0.006352012977004051,
    -0.04028460010886192,
    -0.04833376035094261,
    0.025075377896428108,
    0.04453229904174805,
    0.03426985815167427,
    0.017535220831632614,
    0.06593415141105652,
    0.06230394169688225,
    -0.054080620408058167,
    -0.08802525699138641,
    -0.1096847802400589,
    0.03317725658416748,
    0.011173531413078308,
    -0.04361148923635483,
    0.0368470698595047,
    -0.011705334298312664,
    0.07299909740686417,
    -0.06110628694295883,
    0.07224684208631516,
    -0.054300252348184586,
    0.023325804620981216,
    -0.0033591403625905514,
    0.05572153627872467,
    0.04498277232050896,
    -0.047268420457839966,
    -0.0473405197262764,
    0.09374743700027466,
    -0.025433484464883804,
    -0.053247202187776566,
    -0.0055291252210736275,
    -0.03467588871717453,
    0.0395420677959919,
    -0.04416845366358757,
    -0.03188056871294975,
    0.017884140834212303,
    -0.09619676321744919,
    0.01675005443394184,
    -0.08666780591011047,
    -0.09712006151676178,
    -0.08277595788240433,
    -0.020389309152960777,
    0.004878084175288677,
    -0.006396557670086622,
    -0.046405911445617676,
    -0.013306768611073494,
    0.016874434426426888,
    -0.042000096291303635,
    -0.01839428022503853,
    0.008697498589754105,
    -0.0021233856678009033,
    -1.963193409468876e-36,
    0.022706108167767525,
    -0.027301782742142677,
    0.06674475222826004,
    0.09093136340379715,
    0.059350281953811646,
    0.011604497209191322,
    0.11746084690093994,
    0.052805203944444656,
    -0.05564981326460838,
    0.04235221818089485,
    0.0057378122583031654,
    0.02613893896341324,
    0.03262287378311157,
    -0.0012841884745284915,
    0.07517820596694946,
    0.08680716156959534,
    0.041240446269512177,
    -0.017310259863734245,
    0.004681624472141266,
    -0.007716410793364048,
    0.022162506356835365,
    -0.022371869534254074,
    -0.013044477440416813,
    -0.008419341407716274,
    -0.06984781473875046,
    0.0779968798160553,
    0.0026872458402067423,
    -0.11182871460914612,
    0.014844289049506187,
    0.07133749127388,
    -0.031248077750205994,
    -0.09721028804779053,
    -0.00046379564446397126,
    0.04493493214249611,
    -0.020115092396736145,
    -0.08599907159805298,
    0.020829347893595695,
    -0.022440945729613304,
    -0.023909030482172966,
    -0.0004896544269286096,
    -0.012638318352401257,
    -0.043193817138671875,
    0.05161086097359657,
    0.11506658047437668,
    -0.003090407932177186,
    -0.030802875757217407,
    0.13025860488414764,
    0.05322466790676117,
    -0.09943430870771408,
    0.08157340437173843,
    -0.04156474769115448,
    0.01281866617500782,
    -0.039975542575120926,
    0.030979078263044357,
    0.047839369624853134,
    -0.018569163978099823,
    0.03869039937853813,
    -0.05910761281847954,
    -0.0003324470017105341,
    0.12055927515029907,
    0.05236503854393959,
    0.008467317558825016,
    -0.11758755892515182,
    -0.003928263206034899,
    0.08386193215847015,
    0.0488138273358345,
    0.10743073374032974,
    0.037269920110702515,
    -0.08136089146137238,
    -0.019069213420152664,
    0.07903791964054108,
    0.09156273305416107,
    0.09594447910785675,
    -0.04678574204444885,
    0.06634208559989929,
    0.014620907604694366,
    0.11065062135457993,
    -0.013596824370324612,
    0.010156006552278996,
    0.07820453494787216,
    -0.10857284069061279,
    -0.036220405250787735,
