{
  "id": 576,
  "vector": [
    -0.008121758699417114,
    -0.05999835208058357,
    0.02796313166618347,
    0.022983595728874207,
    0.027781791985034943,
    -0.021697960793972015,
    0.04955890774726868,
    0.088526651263237,
    -0.055814724415540695,
    0.026804078370332718,
    0.005948414094746113,
    -0.008595346473157406,
    0.0131143843755126,
    0.033045921474695206,
    0.0035918273497372866,
    0.046341899782419205,
    -0.06106285750865936,
    -0.003020842792466283,
    -0.06907905638217926,
    -0.003087099641561508,
    0.05253675952553749,
    -0.0631614699959755,
    0.02898435667157173,
    0.0018873437074944377,
    0.023587457835674286,
    0.031219668686389923,
    -0.025827381759881973,
    0.05166606977581978,
    0.0176694355905056,
    0.03297670558094978,
    0.03315930813550949,
    0.017317263409495354,
    0.0591864176094532,
    0.026415470987558365,
    -0.017115384340286255,
    -0.15915851294994354,
    -0.02258378081023693,
    -0.029635075479745865,
    -0.015404662117362022,
    0.007036675699055195,
    0.02205708622932434,
    -0.012725655920803547,
    -0.05865493044257164,
    0.056767188012599945,
    -0.03229248896241188,
    -0.06417150050401688,
    0.04945377632975578,
    -0.018201107159256935,
    -0.04420505464076996,
    0.020885031670331955,
    0.04194432869553566,
    -0.06507161259651184,
    -0.09436523914337158,
    0.07583999633789062,
    0.007062180899083614,
    -0.058389171957969666,
    -0.04536338895559311,
    0.012488522566854954,
    0.038782015442848206,
    -0.03189227730035782,
    0.06528910994529724,
    0.014137483201920986,
    -0.0350867360830307,
    0.00860325712710619,
    -0.029789825901389122,
    0.09664922207593918,
    -0.06881920248270035,
    -0.006077086087316275,
    -0.06431595981121063,
    0.06035619601607323,
    0.06493940204381943,
    -0.04050056263804436,
    0.036100588738918304,
    -0.021155480295419693,
    -0.048427123576402664,
    0.02689936012029648,
    0.052482932806015015,
    -0.1229960024356842,
    -0.05955403298139572,
    -0.024570148438215256,
    -0.07016105204820633,
    -0.0024299880024045706,
    -0.022700220346450806,
    -0.00506643345579505,
    -0.011166256852447987,
    -0.03894495591521263,
    0.05109800025820732,
    0.07047281414270401,
    -0.011030256748199463,
    0.020135337486863136,
    -0.13479995727539062,
    -0.05140836164355278,
    0.03802892193198204,
    -0.0323496088385582,
    0.024064401164650917,
    -0.020090648904442787,
    0.049522075802087784,
    0.030695617198944092,
    0.0025494408328086138,
    0.021544387564063072,
    0.025178687646985054,
    -0.05862061306834221,
    0.12646575272083282,
    -0.016222918406128883,
    -0.014194939285516739,
    0.08817147463560104,
    0.04252339154481888,
    0.06725523620843887,
    -0.06483439356088638,
    -0.02648225426673889,
    -0.02430550754070282,
    0.01308031752705574,
    -0.058980792760849,
    0.024349404498934746,
    -0.04206622391939163,
    -0.1194620355963707,
    0.05219832807779312,
    0.015039992518723011,
    0.02476506680250168,
    0.06476523727178574,
    0.08267669379711151,
    -0.02164590172469616,
    0.026465343311429024,
    0.05791385471820831,
    -0.099116750061512,
    0.013731854036450386,
    -0.042547233402729034,
    4.439420087115438e-33,
    -0.019091520458459854,
    -0.02991325780749321,
    0.013725518248975277,
    -0.04187290370464325,
    -0.002157214330509305,
    -0.023353422060608864,
    0.02974044345319271,
    0.02301938831806183,
    0.006821074057370424,
    -0.015146421268582344,
    0.012817716225981712,
    0.0427592433989048,
    0.08250775188207626,
    0.018754644319415092,
    0.07433978468179703,
    -0.050233107060194016,
    -0.025818325579166412,
    0.07840227335691452,
    0.020236175507307053,
    0.020360905677080154,
    -0.08063468337059021,
    0.01369033195078373,
    -0.049292560666799545,
    0.031205004081130028,
    -0.062321487814188004,
    -0.03437110036611557,
    0.04865654185414314,
    -0.027596617117524147,
    -0.11373226344585419,
    0.027767624706029892,
    0.06631731986999512,
    0.029384370893239975,
    -0.0008081242558546364,
    0.004671640228480101,
    0.04627131298184395,
    -0.012358492240309715,
    0.029297495260834694,
    -0.035300519317388535,
    0.006740077864378691,
    -0.09132034331560135,
    -0.05142740160226822,
    -0.034867335110902786,
    0.025922264903783798,
    0.05730603635311127,
    0.02120506577193737,
    0.05910727009177208,
    -0.040193188935518265,
    0.04598948359489441,
    0.0694415345788002,
    0.009063751436769962,
    -0.060465507209300995,
    0.03167612478137016,
    -0.04341747984290123,
    0.04212482273578644,
    0.13009171187877655,
    -0.0025844608899205923,
    -0.07811626046895981,
    0.03958747535943985,
    0.03551724553108215,
    0.012083138339221478,
    0.06378341466188431,
    -0.000680647324770689,
    -0.02037452720105648,
    -0.050052933394908905,
    -0.04524116590619087,
    -0.00006303445115918294,
    0.010521515272557735,
    -0.017294302582740784,
    -0.05951777473092079,
    -0.06678435206413269,
    -0.0534227080643177,
    0.03872551769018173,
    -0.007730229292064905,
    0.021729065105319023,
    0.06253029406070709,
    0.05921696871519089,
    0.15368881821632385,
    0.01430254615843296,
    -0.05334602668881416,
    0.01853928156197071,
    -0.07074762135744095,
    0.016099713742733,
    -0.015287203714251518,
    -0.12931911647319794,
    0.0011280372273176908,
    0.014031793922185898,
    0.029678963124752045,
    0.04845396801829338,
    -0.13423983752727509,
    0.06820058077573776,
    0.038043055683374405,
    -0.002027068519964814,
    -0.00481184758245945,
    -0.059172485023736954,
    -0.1126970499753952,
    -3.260416518313961e-33,
    -0.06098856404423714,
    0.031950827687978745,
    -0.047523319721221924,
    -0.02059098333120346,
    -0.012600363232195377,
    0.0454428568482399,
    -0.04101376608014107,
    -0.014563355594873428,
    0.060610026121139526,
    -0.02293519861996174,
    -0.021190673112869263,
    0.024867398664355278,
    0.0787462443113327,
    -0.14601898193359375,
    -0.08536172658205032,
    0.016835730522871017,
    0.036366987973451614,
    -0.03110266476869583,
    -0.015008075162768364,
    -0.1072596088051796,
    0.027654979377985,
    0.13875119388103485,
    -0.009511655196547508,
    -0.028793593868613243,
    -0.08256164193153381,
    0.03440670669078827,
    -0.013059619814157486,
    0.004479767754673958,
    -0.052103154361248016,
    0.0831376165151596,
    0.022269953042268753,
    -0.07684311270713806,
    -0.009000428020954132,
    0.10231880843639374,
    -0.06535724550485611,
    -0.047441959381103516,
    0.0701196938753128,
    0.0043390183709561825,
    0.006469997111707926,
    0.004056683275848627,
    -0.029950689524412155,
    -0.03385726362466812,
    0.028823673725128174,
    -0.009435217827558517,
    -0.08323365449905396,
    -0.03733619675040245,
    -0.05287957191467285,
    -0.06649058312177658,
    -0.015712155029177666,
    -0.04884825646877289,
    0.06657418608665466,
    -0.013656550087034702,
    -0.07726755738258362,
    -0.04157668724656105,
    -0.004923915956169367,
    -0.036704741418361664,
    -0.004248753655701876,
    0.03380003944039345,
    -0.007564684841781855,
    -0.06613471359014511,
    0.05119842290878296,
    0.003044691402465105,
    0.12949436902999878,
    0.036274757236242294,
    0.023026542738080025,
    -0.06810985505580902,
    -0.006830174475908279,
    -0.007628192659467459,
    -0.04001861438155174,
    0.011502355337142944,
    0.022608108818531036,
    0.005924455355852842,
    -0.0448668971657753,
    0.01629871316254139,
    0.051248159259557724,
    0.03669453039765358,
    0.03570500388741493,
    0.021602828055620193,
    0.009428288787603378,
    0.0005976855754852295,
    -0.07844199240207672,
    -0.027984831482172012,
    0.014762310311198235,
