{
  "id": 270,
  "vector": [
    0.014294355176389217,
    0.02057448774576187,
    -0.06904954463243484,
    -0.011841907165944576,
    -0.03976573050022125,
    0.008028749376535416,
    -0.01421944610774517,
    0.09440267086029053,
    0.011654568836092949,
    -0.0635334700345993,
    0.0017122500576078892,
    0.010466430336236954,
    -0.013594569638371468,
    0.020652087405323982,
    -0.02522358112037182,
    0.001272624358534813,
    -0.006117279175668955,
    0.022225281223654747,
    -0.15671306848526,
    -0.02702082134783268,
    0.05455859377980232,
    -0.10931451618671417,
    0.007946404628455639,
    -0.002147398190572858,
    -0.001609665690921247,
    0.04341282323002815,
    -0.019738413393497467,
    -0.034039609134197235,
    0.004695074632763863,
    -0.07587685436010361,
    0.057328417897224426,
    0.028531521558761597,
    0.08366939425468445,
    -0.01126923318952322,
    0.018603190779685974,
    -0.09779108315706253,
    0.010644919238984585,
    -0.016802344471216202,
    0.10190758109092712,
    -0.01637113280594349,
    0.0904715359210968,
    0.054422032088041306,
    0.02948848158121109,
    0.10025296360254288,
    0.013132044114172459,
    -0.020779043436050415,
    -0.06478932499885559,
    0.03193002939224243,
    0.07450207322835922,
    0.06125736981630325,
    -0.06416890770196915,
    -0.014162893407046795,
    -0.06100226193666458,
    -0.055861495435237885,
    0.002755026798695326,
    -0.09240461140871048,
    0.00916049163788557,
    -0.03323203697800636,
    0.0071228425949811935,
    0.08229442685842514,
    0.06895091384649277,
    -0.022231705486774445,
    0.007344387471675873,
    0.04476667568087578,
    -0.0406450554728508,
    0.04506264626979828,
    -0.042364783585071564,
    -0.007661524228751659,
    -0.08589012175798416,
    0.01631131023168564,
    -0.01451080571860075,
    0.08762603253126144,
    0.051903728395700455,
    0.03236643224954605,
    0.012250315397977829,
    -0.004495958331972361,
    0.020519239827990532,
    -0.07426388561725616,
    -0.07387299090623856,
    0.13861948251724243,
    -0.10392989963293076,
    0.04222548007965088,
    -0.07557458430528641,
    0.007711052428930998,
    -0.010029863566160202,
    -0.044089145958423615,
    -0.0024385005235671997,
    0.051290113478899,
    -0.002356478711590171,
    0.031090712174773216,
    -0.08747869729995728,
    0.025770770385861397,
    0.07511381059885025,
    -0.028375079855322838,
    -0.07947831600904465,
    0.0005991249345242977,
    -0.010614259168505669,
    -0.02549140900373459,
    0.06299323588609695,
    0.006804744713008404,
    0.008823375217616558,
    0.020689472556114197,
    0.09228549897670746,
    -0.10103578120470047,
    -0.025433627888560295,
    -0.05469869449734688,
    0.01057699229568243,
    -0.023175951093435287,
    0.02160624787211418,
    0.03931967169046402,
    -0.010114584118127823,
    -0.04983222857117653,
    -0.004028739407658577,
    0.007623148616403341,
    -0.021695872768759727,
    -0.01369558461010456,
    0.016823988407850266,
    -0.014147005043923855,
    0.014093180187046528,
    0.018671099096536636,
    0.0920461118221283,
    0.042331770062446594,
    -0.012170701287686825,
    -0.04022650420665741,
    -0.06394214183092117,
    0.021140500903129578,
    0.05052126199007034,
    4.0772737875141075e-33,
    -0.12139224261045456,
    -0.04494081810116768,
    0.03082175739109516,
    0.0781441405415535,
    0.06102614104747772,
    0.031967803835868835,
    0.06211424246430397,
    -0.026867954060435295,
    0.07221566140651703,
    0.06398577988147736,
    -0.0796857625246048,
    0.03176415339112282,
    -0.010400587692856789,
    0.08051411807537079,
    -0.04684916138648987,
    -0.03594179078936577,
    0.05679059028625488,
    0.052556876093149185,
    -0.04837876930832863,
    -0.05373968929052353,
    -0.04000687599182129,
    -0.034782037138938904,
    0.017685355618596077,
    0.0249771848320961,
    -0.07510450482368469,
    0.04523634910583496,
    -0.0006511391256935894,
    0.008183352649211884,
    0.0663314163684845,
    0.024198902770876884,
    0.0620870515704155,
    -0.0006917431019246578,
    -0.021717753261327744,
    0.0014520363183692098,
    0.0009671253501437604,
    -0.014547872357070446,
    -0.004752196371555328,
    -0.011231707409024239,
    0.1543201506137848,
    -0.013591060414910316,
    -0.01914900913834572,
    0.07140178978443146,
    0.06729225814342499,
    0.04709913581609726,
    -0.07117705792188644,
    0.04121646657586098,
    0.021355990320444107,
    -0.018776236101984978,
    0.0972818061709404,
    0.005945625714957714,
    -0.11662834882736206,
    -0.01260460540652275,
    0.06275574117898941,
    0.055689238011837006,
    0.06202223524451256,
    -0.03956203907728195,
    -0.10325543582439423,
    0.04941956326365471,
    0.012012951076030731,
    0.03879721835255623,
    -0.017193682491779327,
    0.0245222058147192,
    -0.0029391744174063206,
    0.05392033979296684,
    -0.022765114903450012,
    0.05465173348784447,
    -0.0661148726940155,
    -0.015309092588722706,
    0.012450731359422207,
    0.019806522876024246,
    0.001730030169710517,
    -0.00914252083748579,
    0.04516737163066864,
    -0.0689367726445198,
    0.017499776557087898,
    -0.003307165578007698,
    0.093216173350811,
    0.03665493428707123,
    -0.05828196182847023,
    -0.06451568007469177,
    -0.11125052720308304,
    -0.0005939446273259819,
    0.001252735615707934,
    0.006712328642606735,
    -0.030713336542248726,
    0.06704424321651459,
    -0.03870461881160736,
    0.1021747887134552,
    -0.015393546782433987,
    -0.004379676654934883,
    -0.05357053130865097,
    -0.04169093817472458,
    -0.04062970355153084,
    -0.05113266780972481,
    0.014294718392193317,
    -3.9086230416077414e-33,
    0.03476407006382942,
    0.05235276743769646,
    0.025455625727772713,
    -0.015480278991162777,
    0.08730350434780121,
    -0.00034696116927079856,
    0.002526842523366213,
    0.032088808715343475,
    0.00007910513522801921,
    -0.006805984303355217,
    -0.08525819331407547,
    -0.00018700971850194037,
    -0.02316131256520748,
    0.03330032527446747,
    -0.0776359885931015,
    0.06308577954769135,
    0.06561092287302017,
    0.03164701536297798,
    0.0013237372040748596,
    -0.0968567356467247,
    -0.1303640753030777,
    0.07571392506361008,
    0.023430626839399338,
    0.053290098905563354,
    0.07342544198036194,
    0.038703836500644684,
    -0.04033208265900612,
    -0.10856758803129196,
    0.012854963541030884,
    0.0679144486784935,
    -0.024204371497035027,
    -0.11625645309686661,
    0.013448162004351616,
    -0.0007672891952097416,
    -0.032644592225551605,
    -0.04269116371870041,
    0.085120789706707,
    -0.027459589764475822,
    0.04211048036813736,
    0.0031743566505610943,
    0.04372965171933174,
    -0.05029792711138725,
    -0.020090559497475624,
    -0.02096393145620823,
    0.03779624029994011,
    0.02405981533229351,
    0.012657464481890202,
    -0.06462044268846512,
    0.0399814136326313,
    0.031230762600898743,
    -0.03285466879606247,
    0.08949621021747589,
    -0.07697705179452896,
    0.008994631469249725,
    0.020826946943998337,
    0.04808575659990311,
    0.01623438484966755,
    -0.015877168625593185,
    -0.04582008346915245,
    -0.09814132750034332,
    -0.09447226673364639,
    -0.039275579154491425,
    0.0017521209083497524,
    -0.015347658656537533,
    0.019445309415459633,
    -0.0018050090875476599,
    0.018434643745422363,
    -0.001704117632471025,
    -0.028453504666686058,
    -0.00868347566574812,
    0.0028162167873233557,
    0.05950181558728218,
    0.029276149347424507,
    -0.031616028398275375,
    -0.05401955917477608,
    -0.02277790568768978,
    -0.0541251078248024,
    -0.06370723992586136,
    0.03966473415493965,
    0.0573451854288578,
    -0.06431251019239426,
    -0.024883965030312538,
    0.000262620160356164,
