{
  "id": 252,
  "vector": [
    0.03316201642155647,
    0.016514001414179802,
    -0.09450717270374298,
    -0.010601120069622993,
    -0.06455924361944199,
    0.028281575068831444,
    -0.01388092152774334,
    0.06558209657669067,
    0.0004447918327059597,
    -0.07651111483573914,
    0.03134334459900856,
    -0.019897427409887314,
    -0.053145721554756165,
    0.04398321732878685,
    0.03131682053208351,
    -0.06385599821805954,
    -0.018236372619867325,
    0.0008933852659538388,
    -0.10994139313697815,
    -0.047949742525815964,
    0.014003652147948742,
    -0.04245765879750252,
    0.005499004852026701,
    0.013747495599091053,
    0.04985292628407478,
    0.015146761201322079,
    0.003456584643572569,
    -0.03260025382041931,
    -0.0014345657546073198,
    -0.07017412036657333,
    0.004492429085075855,
    0.03443879634141922,
    0.031369004398584366,
    0.009427091106772423,
    0.007949842140078545,
    -0.08919200301170349,
    0.00685627618804574,
    0.02594461292028427,
    0.06931943446397781,
    0.0029552290216088295,
    0.07035442441701889,
    -0.005947592202574015,
    0.04680028557777405,
    0.06367535889148712,
    -0.012830360792577267,
    0.023795461282134056,
    -0.08404313027858734,
    0.0715893879532814,
    0.06365109980106354,
    0.03348924592137337,
    -0.021329475566744804,
    0.01749650202691555,
    -0.0834316834807396,
    -0.023482922464609146,
    0.0649590715765953,
    -0.09360892325639725,
    -0.019944017753005028,
    -0.03719211369752884,
    0.027714552357792854,
    0.07051776349544525,
    0.008340866304934025,
    -0.0003252122551202774,
    0.002710531698539853,
    0.038225993514060974,
    -0.01846615970134735,
    0.012138660997152328,
    -0.09517019987106323,
    0.025571763515472412,
    -0.12678760290145874,
    0.059694018214941025,
    -0.08463181555271149,
    0.041064709424972534,
    0.013975496403872967,
    -0.02491263672709465,
    -0.027356376871466637,
    0.009234725497663021,
    -0.018432212993502617,
    -0.08734974265098572,
    -0.050506893545389175,
    0.11124731600284576,
    -0.1111268624663353,
    0.0013083679368719459,
    -0.08789859712123871,
    0.09282875061035156,
    -0.03515658900141716,
    -0.07784520834684372,
    0.0018972204998135567,
    0.08535060286521912,
    -0.04788603633642197,
    -0.017571808770298958,
    -0.023309029638767242,
    0.038779065012931824,
    0.11503656208515167,
    -0.07415188103914261,
    -0.08936658501625061,
    0.032879289239645004,
    -0.001783881918527186,
    -0.0552954226732254,
    0.10549657791852951,
    -0.02570355124771595,
    -0.00162501132581383,
    -0.0005210652598179877,
    0.15399079024791718,
    -0.04237882047891617,
    -0.016302572563290596,
    -0.025206049904227257,
    -0.021856289356946945,
    0.04718153923749924,
    0.08497670292854309,
    -0.011626568622887135,
    -0.05408201366662979,
    -0.020155394449830055,
    0.022133931517601013,
    -0.016524486243724823,
    -0.05596151575446129,
    -0.013713616877794266,
    0.004973751492798328,
    -0.04432008042931557,
    0.0072126383893191814,
    -0.004188579972833395,
    0.06315160542726517,
    0.054308585822582245,
    0.027136478573083878,
    0.017686929553747177,
    -0.036804843693971634,
    -0.042024727910757065,
    0.0681309923529625,
    4.7982581048031727e-33,
    -0.10924707353115082,
    -0.07569397985935211,
    0.0476175881922245,
    0.10437441617250443,
    0.01896250620484352,
    0.012971189804375172,
    0.03203032165765762,
    -0.036837138235569,
    0.016844645142555237,
    0.095858633518219,
    -0.02939995564520359,
    0.02042347565293312,
    -0.042028237134218216,
    0.10437366366386414,
    -0.02170764096081257,
    -0.03392333537340164,
    0.05197673663496971,
    0.043951909989118576,
    -0.033933818340301514,
    -0.08497953414916992,
    -0.03208974003791809,
    -0.033007096499204636,
    0.05610830709338188,
    0.0013773960527032614,
    -0.016572102904319763,
    0.026431389153003693,
    0.004361408296972513,
    -0.01694594696164131,
    0.038213618099689484,
    0.006119893863797188,
    0.05571935325860977,
    0.03413672000169754,
    -0.00009962831973098218,
    -0.033746615052223206,
    0.025134263560175896,
    -0.027913665398955345,
    -0.02024032548069954,
    0.00998037401586771,
    0.12160704284906387,
    -0.03466663137078285,
    0.013279953971505165,
    0.0315222404897213,
    0.03385003283619881,
    0.062006037682294846,
    -0.01960805431008339,
    0.048126112669706345,
    0.015091978013515472,
    0.002008929615840316,
    0.047668952494859695,
    0.014625070616602898,
    -0.08465030789375305,
    -0.01891038753092289,
    0.0508287139236927,
    0.056457486003637314,
    0.044048141688108444,
    -0.04716823622584343,
    -0.05782574787735939,
    0.09912429004907608,
    0.027542343363165855,
    0.021172644570469856,
    0.005428726319223642,
    0.11578350514173508,
    -0.05616457015275955,
    0.03359859064221382,
    -0.010092523880302906,
    0.05082538723945618,
    -0.03727386146783829,
    -0.05659846216440201,
    0.011425505392253399,
    0.02459263987839222,
    -0.0004618905659299344,
    -0.0016025458462536335,
    0.026154523715376854,
    -0.03284464776515961,
    0.002046839101240039,
    0.016672199591994286,
    0.0892171785235405,
    0.0009208309347741306,
    -0.0654086172580719,
    -0.09013646841049194,
    -0.06285830587148666,
    -0.021799474954605103,
    0.012035999447107315,
    -0.02083175629377365,
    -0.03819575533270836,
    0.032428089529275894,
    -0.05460032820701599,
    0.005654231179505587,
    -0.02361101470887661,
    -0.07637246698141098,
    -0.003347515594214201,
    -0.041190408170223236,
    -0.046376366168260574,
    -0.03882616013288498,
    0.029619982466101646,
    -4.92675800444728e-33,
    0.02565280720591545,
    0.025796711444854736,
    0.034946709871292114,
    0.02453462779521942,
    0.1371162235736847,
    0.03954007104039192,
    0.0690106749534607,
    -0.01644490286707878,
    0.03653716295957565,
    -0.0023309681564569473,
    -0.12536875903606415,
    0.01686282828450203,
    0.04466439411044121,
    0.0020625267643481493,
    -0.029197750613093376,
    0.07782699912786484,
    0.06983757764101028,
    0.007736267056316137,
    0.01695581153035164,
    -0.05308067426085472,
    -0.11838994920253754,
    0.028974680230021477,
    -0.053205542266368866,
    0.01438478659838438,
    0.08613243699073792,
    0.07069073617458344,
    -0.0038403160870075226,
    -0.11291424185037613,
    -0.0032875591423362494,
    0.028734102845191956,
    -0.036302078515291214,
    -0.12926338613033295,
    0.010015225037932396,
    -0.021611494943499565,
    -0.012074081227183342,
    -0.059562843292951584,
    0.06228470429778099,
    0.07927591353654861,
    0.032735493034124374,
    -0.00017375688184984028,
    0.02925952710211277,
    -0.0849691778421402,
    0.0016949435230344534,
    0.0006087587680667639,
    0.05804530158638954,
    0.011393782682716846,
    -0.005696364678442478,
    -0.04083356633782387,
    0.027440350502729416,
    0.02464134804904461,
    -0.034865837544202805,
    0.10164856165647507,
    -0.12119384109973907,
    0.005399277433753014,
    0.0616353414952755,
    0.028726326301693916,
    0.06880837678909302,
    -0.04880901426076889,
    -0.059598516672849655,
    -0.0556863509118557,
    -0.08908827602863312,
    -0.005798834376037121,
    0.017044905573129654,
    -0.031196217983961105,
    -0.010004221461713314,
    -0.03483230993151665,
    -0.003325993660837412,
    -0.011652793735265732,
    -0.0647987425327301,
    -0.007961557246744633,
    0.05726899206638336,
    0.05408818647265434,
    0.054061271250247955,
    -0.08111432939767838,
    -0.07161279022693634,
    -0.006029237061738968,
    -0.04194030538201332,
    -0.04723497852683067,
    0.03992586210370064,
    0.10482226312160492,
    -0.03732023760676384,
    0.02510031871497631,
