{
  "id": 757,
  "vector": [
    -0.016193334013223648,
    -0.005408470053225756,
    -0.053741373121738434,
    0.03752555698156357,
    -0.009708685800433159,
    0.0063760532066226006,
    0.11545155942440033,
    0.05494479462504387,
    0.04060468077659607,
    -0.08087575435638428,
    -0.006369561422616243,
    0.010762871243059635,
    -0.03228910267353058,
    0.029015125706791878,
    -0.0771968886256218,
    -0.03798511251807213,
    0.01619952917098999,
    -0.0030677292961627245,
    -0.12138334661722183,
    0.007603238802403212,
    0.007334113121032715,
    -0.09128385782241821,
    0.041161321103572845,
    0.07203395664691925,
    -0.04809251427650452,
    0.002232433995231986,
    -0.030367180705070496,
    0.012226570397615433,
    0.03413815051317215,
    -0.06452634185552597,
    0.03732910007238388,
    0.03378459811210632,
    0.02503805048763752,
    -0.026529960334300995,
    -0.00243689795024693,
    -0.1093369647860527,
    0.032511256635189056,
    -0.03649567440152168,
    0.031085701659321785,
    0.0032752281986176968,
    0.11339772492647171,
    0.04101552069187164,
    -0.009660695679485798,
    0.07199602574110031,
    -0.031635601073503494,
    -0.009485521353781223,
    -0.02895236201584339,
    0.05468935891985893,
    0.019514067098498344,
    -0.027346977964043617,
    0.04184136167168617,
    -0.010704431682825089,
    -0.1554628312587738,
    -0.0575064979493618,
    -0.0007192092016339302,
    -0.05043525993824005,
    -0.02087029442191124,
    0.014459066092967987,
    -0.028834685683250427,
    0.09607268869876862,
    0.013021374121308327,
    0.00949002057313919,
    -0.005400336347520351,
    0.04185200855135918,
    -0.026102932170033455,
    0.03583760932087898,
    -0.05152484402060509,
    0.00012852995132561773,
    -0.037582240998744965,
    -0.020179618149995804,
    -0.017547432333230972,
    0.032225944101810455,
    -0.028658296912908554,
    -0.018440911546349525,
    -0.08414854854345322,
    -0.037671349942684174,
    0.0870245173573494,
    -0.018249405547976494,
    -0.009118410758674145,
    0.11867094784975052,
    -0.05327606573700905,
    -0.019246436655521393,
    -0.09802201390266418,
    0.042348120361566544,
    -0.006116623990237713,
    -0.0602090023458004,
    -0.06989098340272903,
    -0.011128304526209831,
    0.04331039637327194,
    0.01821773871779442,
    -0.07729430496692657,
    0.0016380171291530132,
    0.025388259440660477,
    -0.03220222890377045,
    -0.044985365122556686,
    0.023952461779117584,
    0.0004183973651379347,
    -0.04793800041079521,
    0.09426494687795639,
    0.021098975092172623,
    0.012001726776361465,
    0.05604040250182152,
    0.12969183921813965,
    -0.07911233603954315,
    -0.026029465720057487,
    0.02419753186404705,
    -0.003198264865204692,
    0.014848336577415466,
    0.028069738298654556,
    0.05376439169049263,
    -0.044820088893175125,
    -0.056999508291482925,
    0.0049688443541526794,
    0.04731570929288864,
    -0.0010234536603093147,
    -0.012849731370806694,
    0.04784334823489189,
    -0.015058129094541073,
    0.03196250647306442,
    0.022073203697800636,
    0.04071424528956413,
    0.007842828519642353,
    0.02658264711499214,
    -0.01710757613182068,
    -0.056698400527238846,
    0.0478428415954113,
    0.07734006643295288,
    3.078003488624351e-33,
    -0.11052435636520386,
    -0.031861063092947006,
    0.07024950534105301,
    0.08164170384407043,
    -0.0003002684679813683,
    0.061238113790750504,
    0.037071287631988525,
    -0.03488690033555031,
    0.02870599739253521,
    0.063333660364151,
    -0.047457676380872726,
    -0.00988234393298626,
    -0.016439683735370636,
    0.04754782095551491,
    -0.08095303177833557,
    -0.017720917239785194,
    0.03586135804653168,
    -0.015098667703568935,
    0.024867387488484383,
    -0.06473453342914581,
    -0.034654613584280014,
    0.06102443486452103,
    -0.003979555331170559,
    -0.013031993061304092,
    -0.07073964923620224,
    -0.030593780800700188,
    -0.0531851127743721,
    0.04098755866289139,
    0.015713311731815338,
    0.022563902661204338,
    0.14247173070907593,
    -0.0392799898982048,
    0.004345373250544071,
    0.04237455874681473,
    -0.052403129637241364,
    -0.03494935855269432,
    0.015439177863299847,
    -0.03414323925971985,
    0.15249837934970856,
    -0.07319413870573044,
    0.018499601632356644,
    0.022323809564113617,
    0.0643991008400917,
    0.09179707616567612,
    -0.09885458648204803,
    0.06096085533499718,
    -0.0015848828479647636,
    -0.04504888504743576,
    0.11631746590137482,
    -0.058793503791093826,
    -0.08366599678993225,
    0.025198563933372498,
    -0.006065907888114452,
    0.032478805631399155,
    0.046229131519794464,
    0.007352673448622227,
    -0.06653479486703873,
    0.07445036619901657,
    0.004339768551290035,
    0.06629330664873123,
    -0.0019392853137105703,
    0.08022837340831757,
    -0.029480265453457832,
    -0.015731973573565483,
    0.05959497392177582,
    -0.0012175837764516473,
    -0.06304354220628738,
    -0.008373111486434937,
    -0.003939896356314421,
    -0.05044730752706528,
    0.01920519769191742,
    0.028320541605353355,
    0.06329349428415298,
    -0.041470371186733246,
    0.08434075117111206,
    0.0207187719643116,
    0.12194836884737015,
    -0.008467108011245728,
    -0.028021754696965218,
    0.08395487815141678,
    -0.12080567330121994,
    -0.041522957384586334,
    0.03158814460039139,
    0.06975119560956955,
    -0.020768404006958008,
    -0.017197582870721817,
    -0.022205013781785965,
    0.02732962928712368,
    0.01727268286049366,
    -0.054404910653829575,
    0.009552485309541225,
    0.010992203839123249,
    -0.03152593597769737,
    -0.05023089051246643,
    0.017718736082315445,
    -4.492243864505514e-33,
    0.019248824566602707,
    0.0473531037569046,
    0.02063468098640442,
    -0.00010115123586729169,
    0.10555054992437363,
    -0.0051703862845897675,
    0.026407241821289062,
    0.026245567947626114,
    0.013660062104463577,
    -0.03785210847854614,
    -0.07660506665706635,
    0.012383288703858852,
    -0.010636446066200733,
    -0.003185903886333108,
    -0.04002910852432251,
    0.052069537341594696,
    0.08536606281995773,
    0.01147812232375145,
    -0.036009643226861954,
    -0.04930037260055542,
    -0.13055305182933807,
    0.02826417237520218,
    -0.019427653402090073,
    0.04208507761359215,
    0.027615981176495552,
    -0.030691711232066154,
    0.004266227595508099,
    -0.08072146773338318,
    0.028864014893770218,
    0.09333260357379913,
    0.08724690973758698,
    -0.09160970151424408,
    0.040805067867040634,
    0.008607528172433376,
    -0.0885654166340828,
    -0.0954165980219841,
    0.0689445436000824,
    -0.06893803924322128,
    -0.04564964398741722,
    -0.017043620347976685,
    0.066895991563797,
    -0.07657480984926224,
    -0.017129406332969666,
    -0.07342779636383057,
    0.05013212934136391,
    0.023315610364079475,
    -0.005626209080219269,
    -0.06886760890483856,
    0.04177330806851387,
    -0.011763401329517365,
    0.040219008922576904,
    0.07759132236242294,
    -0.11745129525661469,
    0.04941412806510925,
    0.05552711337804794,
    0.0005764507222920656,
    0.08586824685335159,
    0.03061736933887005,
    0.03067844547331333,
    -0.08080922067165375,
    0.029796848073601723,
    -0.06440960615873337,
    -0.059331346303224564,
    -0.025655748322606087,
    -0.034738145768642426,
    -0.059034012258052826,
    0.019573310390114784,
    0.037508681416511536,
    -0.02603818289935589,
    -0.0030780446249991655,
    0.03295044228434563,
    0.09672532975673676,
    -0.005617321468889713,
    -0.046259328722953796,
    -0.06647763401269913,
    0.008881611749529839,
    -0.013744278810918331,
    -0.05647062137722969,
    0.052879881113767624,
    -0.026693908497691154,
    -0.02756071835756302,
    -0.008716188371181488,
