{
  "id": 108,
  "vector": [
    0.016278265044093132,
    -0.011147228069603443,
    -0.024158060550689697,
    0.018391016870737076,
    -0.02586626634001732,
    0.0002615355188027024,
    0.08244217932224274,
    0.10926400870084763,
    -0.0452798530459404,
    -0.01335002202540636,
    0.0994337648153305,
    -0.1009863093495369,
    0.005780311767011881,
    -0.03429604321718216,
    -0.031509242951869965,
    -0.03906949982047081,
    -0.0008748391410335898,
    0.02108343318104744,
    -0.11127817630767822,
    -0.09677467495203018,
    0.006649193819612265,
    -0.06196609139442444,
    -0.04484027996659279,
    0.007758723571896553,
    -0.031545091420412064,
    0.019425980746746063,
    0.03344297781586647,
    -0.0648801326751709,
    0.020641619339585304,
    -0.09573624283075333,
    0.01861748658120632,
    0.068064846098423,
    0.037410177290439606,
    0.029765713959932327,
    0.03265047445893288,
    0.007925976067781448,
    -0.035425156354904175,
    -0.07622246444225311,
    0.08965274691581726,
    -0.007623039651662111,
    0.016695545986294746,
    -0.024175062775611877,
    0.07673392444849014,
    -0.044070541858673096,
    -0.002154069719836116,
    -0.020183013752102852,
    -0.009563053958117962,
    0.022251298651099205,
    0.03911293298006058,
    -0.03564317896962166,
    0.00557858869433403,
    0.06702397018671036,
    -0.11420152336359024,
    0.08530169725418091,
    0.010852169245481491,
    -0.06123168393969536,
    -0.04360819235444069,
    0.015644991770386696,
    -0.047662436962127686,
    0.09431130439043045,
    -0.10496685653924942,
    0.026956576853990555,
    -0.055203262716531754,
    -0.044390685856342316,
    -0.01566428318619728,
    0.001840171404182911,
    -0.0706247091293335,
    -0.05198413506150246,
    0.008850522339344025,
    0.04658441245555878,
    -0.019026895985007286,
    0.03529904782772064,
    0.030503135174512863,
    0.016747714951634407,
    -0.003492728341370821,
    -0.012553405947983265,
    0.07710103690624237,
    -0.06644802540540695,
    -0.045585695654153824,
    -0.02260865457355976,
    -0.0688120424747467,
    -0.003283975413069129,
    0.05602967366576195,
    -0.006299592554569244,
    -0.053273655474185944,
    0.009025970473885536,
    -0.06688466668128967,
    0.053620025515556335,
    0.03971443697810173,
    -0.06364960968494415,
    -0.00443299813196063,
    0.11289731413125992,
    0.006228563841432333,
    0.049702826887369156,
    -0.05382395535707474,
    0.0324166975915432,
    -0.07502652704715729,
    -0.042881112545728683,
    -0.016068926081061363,
    0.029702354222536087,
    0.014041534624993801,
    0.012721044011414051,
    0.06295304000377655,
    -0.012742306105792522,
    -0.07097841054201126,
    -0.06575200706720352,
    0.042028967291116714,
    -0.020427366718649864,
    -0.0075402515940368176,
    0.06783550977706909,
    -0.006581869907677174,
    0.006154409609735012,
    -0.04700218141078949,
    0.003410574747249484,
    -0.023551424965262413,
    0.026625175029039383,
    0.07481712847948074,
    -0.052520107477903366,
    -0.04869258403778076,
    -0.07428289949893951,
    0.0497945100069046,
    0.00934355054050684,
    0.010771945118904114,
    -0.027526184916496277,
    -0.15399916470050812,
    -0.018820295110344887,
    0.031888335943222046,
    5.1143437602934855e-33,
    -0.08380744606256485,
    0.02432803437113762,
    0.0155476164072752,
    -0.00009402479918207973,
    -0.04627081751823425,
    -0.055273279547691345,
    0.054908450692892075,
    -0.08372914791107178,
    0.0827760100364685,
    0.021380066871643066,
    -0.10822463035583496,
    -0.012902498245239258,
    -0.04216590151190758,
    0.07266220450401306,
    0.01623157598078251,
    -0.010565455071628094,
    -0.000932765135075897,
    -0.009171704761683941,
    0.04726544767618179,
    0.00910220667719841,
    -0.060380395501852036,
    0.02305230312049389,
    -0.0015022697625681758,
    -0.03555252030491829,
    0.01283581368625164,
    0.007839414291083813,
    0.04235021397471428,
    -0.08420605957508087,
    -0.008753092028200626,
    -0.007410120684653521,
    0.0808282196521759,
    0.03501201048493385,
    0.0029269419610500336,
    0.01383205782622099,
    -0.06880200654268265,
    -0.025711601600050926,
    -0.04505588486790657,
    0.019046876579523087,
    0.06093303859233856,
    0.09118163585662842,
    0.05932879075407982,
    0.06383158266544342,
    0.08338086307048798,
    0.006210640538483858,
    -0.0025771157816052437,
    0.04560593515634537,
    0.05829306319355965,
    0.005933381617069244,
    0.03731604292988777,
    0.04053913801908493,
    0.03773680329322815,
    0.053470492362976074,
    0.009423661045730114,
    0.08114210516214371,
    0.08396929502487183,
    -0.029181906953454018,
    -0.0075744749046862125,
    -0.03822232782840729,
    0.04560753330588341,
    0.1140865907073021,
    0.04321638494729996,
    0.0058354283683001995,
    -0.00569511391222477,
    0.044495489448308945,
    0.007387231569737196,
    0.026809003204107285,
    -0.1052519753575325,
    0.01609676145017147,
    -0.013392053544521332,
    0.010463116690516472,
    -0.07445620745420456,
    -0.08271440118551254,
    0.06790708750486374,
    -0.025417227298021317,
    -0.01705898903310299,
    -0.0719173476099968,
    0.03588826581835747,
    0.09131330996751785,
    -0.05538913607597351,
    0.04068673029541969,
    -0.003980501554906368,
    0.05712985619902611,
    0.0535396970808506,
    -0.027681324630975723,
    -0.0645400658249855,
    0.08887923508882523,
    -0.023953795433044434,
    0.03568519651889801,
    0.033742278814315796,
    0.017961297184228897,
    -0.03629576042294502,
    -0.0040328917093575,
    0.04170127213001251,
    -0.014458825811743736,
    -0.02746761590242386,
    -4.354884410876053e-33,
    0.030484173446893692,
    0.06428170204162598,
    -0.070065937936306,
    0.08032484352588654,
    0.033047955483198166,
    -0.02524368278682232,
    0.0225506778806448,
    0.02390066720545292,
    0.09468545764684677,
    0.03974403813481331,
    -0.0304376482963562,
    0.022843260318040848,
    0.03579720854759216,
    -0.044744811952114105,
    -0.039721712470054626,
    0.0638461634516716,
    0.022208556532859802,
    0.10884296894073486,
    -0.005453751888126135,
    -0.003335352288559079,
    -0.08992450684309006,
    0.07428131252527237,
    0.02070903219282627,
    0.013326196931302547,
    -0.004982246086001396,
    0.006567368749529123,
    0.07939503341913223,
    -0.03181536868214607,
    0.010562745854258537,
    -0.009727038443088531,
    0.03913377597928047,
    -0.16983546316623688,
    0.005637951660901308,
    0.010219858027994633,
    0.013334045186638832,
    -0.02967950701713562,
    0.056650396436452866,
    -0.03044295497238636,
    0.03986137732863426,
    0.042318277060985565,
    0.03844444453716278,
    -0.006363457068800926,
    0.026630792766809464,
    -0.0002742410288192332,
    -0.08055108785629272,
    -0.05289847031235695,
    0.0020601791329681873,
    -0.05569647625088692,
    -0.04477578029036522,
    -0.019719718024134636,
    -0.003809280227869749,
    -0.011832541786134243,
    -0.07408729195594788,
    -0.08185747265815735,
    -0.02233131229877472,
    0.08937548100948334,
    0.05460434779524803,
    0.10526858270168304,
    -0.01332456711679697,
    -0.10338732600212097,
    -0.016079898923635483,
    0.0007282355800271034,
    -0.013325477950274944,
    -0.05233530327677727,
    0.06329710781574249,
    0.039032019674777985,
    0.01029537059366703,
    -0.03483818098902702,
    0.04495906084775925,
    0.034916698932647705,
    0.01862839236855507,
    0.01731957122683525,
    0.06611762195825577,
    -0.04070892184972763,
    -0.01401640847325325,
    0.008673134259879589,
    -0.019039783626794815,
    0.07840580493211746,
    0.09063556045293808,
    0.03525140881538391,
    -0.05642581731081009,
    -0.010428289882838726,
    -0.0011329201515763998,
