{
  "id": 227,
  "vector": [
    0.0015617875615134835,
    0.051961131393909454,
    0.0162381362169981,
    0.013741572387516499,
    -0.044326458126306534,
    -0.07326154410839081,
    0.04622012376785278,
    0.021053317934274673,
    -0.07404622435569763,
    -0.027180828154087067,
    0.028352955356240273,
    -0.12586374580860138,
    -0.09624151140451431,
    -0.11119776219129562,
    -0.020937711000442505,
    0.0077502112835645676,
    0.07891529053449631,
    0.07597815990447998,
    -0.08209032565355301,
    -0.05327356234192848,
    0.037282947450876236,
    -0.03363765776157379,
    0.02439982444047928,
    0.04403608292341232,
    -0.03138270229101181,
    0.007932061329483986,
    0.07690352201461792,
    0.02920805849134922,
    -0.0015007469337433577,
    -0.09597455710172653,
    -0.02885582111775875,
    0.10573965311050415,
    0.018683141097426414,
    -0.003629871178418398,
    -0.005206764675676823,
    -0.0201007928699255,
    0.014032740145921707,
    -0.08514630049467087,
    0.020696448162198067,
    -0.07398221641778946,
    0.06683661043643951,
    -0.06356235593557358,
    0.014926798641681671,
    -0.06124939024448395,
    -0.016454478725790977,
    -0.0029896998312324286,
    -0.007849607616662979,
    0.08621998876333237,
    0.023078782483935356,
    -0.014442622661590576,
    -0.0046834796667099,
    0.0043859658762812614,
    -0.0890129804611206,
    -0.0076136100105941296,
    0.05540540814399719,
    0.03185035660862923,
    -0.07018636167049408,
    0.007072632201015949,
    -0.03495568037033081,
    0.0446673221886158,
    -0.05013401061296463,
    0.02931072562932968,
    -0.09870722144842148,
    -0.008123493753373623,
    0.06212705373764038,
    0.018253112211823463,
    -0.05824922025203705,
    -0.05921759083867073,
    -0.06019088625907898,
    0.0030038540717214346,
    -0.005899553187191486,
    -0.02171909436583519,
    0.043805304914712906,
    0.000425931706558913,
    -0.06131845340132713,
    0.020480096340179443,
    0.07288256287574768,
    -0.04614792391657829,
    0.005297863390296698,
    -0.0040062847547233105,
    -0.046894729137420654,
    0.02641964517533779,
    0.06692828238010406,
    -0.010847993195056915,
    -0.0548219196498394,
    -0.027142290025949478,
    -0.05355241522192955,
    0.09602316468954086,
    0.03142901882529259,
    -0.08041446655988693,
    -0.00917531456798315,
    0.07645096629858017,
    -0.006395383737981319,
    0.034269921481609344,
    0.003743625245988369,
    0.027958475053310394,
    0.06141890957951546,
    -0.10842417925596237,
    0.047571126371622086,
    0.052508845925331116,
    0.05734964460134506,
    -0.025621721521019936,
    0.10657235980033875,
    -0.028835566714406013,
    -0.024982580915093422,
    -0.04561502858996391,
    0.009431181475520134,
    -0.051692333072423935,
    0.02447931468486786,
    0.06917782127857208,
    -0.01280196849256754,
    0.026118092238903046,
    -0.0467771477997303,
    -0.008976338431239128,
    -0.0499834306538105,
    -0.029130971059203148,
    0.08446887880563736,
    -0.06021752208471298,
    -0.02609066851437092,
    -0.03557564690709114,
    0.04892702028155327,
    0.015868360176682472,
    -0.007463417947292328,
    -0.023508064448833466,
    -0.07750852406024933,
    -0.007684165611863136,
    0.03787289559841156,
    5.3280056542607755e-33,
    -0.09286442399024963,
    -0.015189078636467457,
    0.018809890374541283,
    0.013404745608568192,
    0.05391763523221016,
    -0.03851954638957977,
    0.07504769414663315,
    -0.058011461049318314,
    0.05402734503149986,
    0.016635887324810028,
    -0.08261124044656754,
    -0.03921544924378395,
    -0.004579633008688688,
    0.08601042628288269,
    0.0031919709872454405,
    -0.017142750322818756,
    -0.0020486577413976192,
    -0.0034621739760041237,
    0.052106063812971115,
    0.0004615370708052069,
    -0.09289037436246872,
    0.016140995547175407,
    0.05630221217870712,
    0.019705288112163544,
    0.0028353133238852024,
    0.010290933772921562,
    -0.005309167318046093,
    -0.06677911430597305,
    -0.013281900435686111,
    0.01673252135515213,
    0.13289345800876617,
    -0.005733137484639883,
    -0.01911751925945282,
    -0.06173866242170334,
    -0.05657995492219925,
    0.04101896658539772,
    -0.028720717877149582,
    -0.052642036229372025,
    0.010515748523175716,
    0.05023656785488129,
    0.030485857278108597,
    0.03522660210728645,
    0.08278966695070267,
    0.03039429895579815,
    -0.046684376895427704,
    -0.029746081680059433,
    0.062344424426555634,
    0.014778665266931057,
    0.0808805525302887,
    0.03613084927201271,
    0.03730016201734543,
    -0.031245453283190727,
    -0.03911586105823517,
    0.029833393171429634,
    0.0627829059958458,
    -0.007662529591470957,
    -0.0020141638815402985,
    0.02985122986137867,
    0.027366377413272858,
    0.07826640456914902,
    0.003940266091376543,
    0.06615403294563293,
    -0.05322526395320892,
    0.0069458577781915665,
    -0.04337531328201294,
    0.05585397034883499,
    -0.13121448457241058,
    0.012596404179930687,
    0.04208241030573845,
    -0.016547035425901413,
    0.001997801009565592,
    -0.03326810896396637,
    0.0882948711514473,
    0.029581787064671516,
    -0.04599118232727051,
    -0.027367910370230675,
    0.12650233507156372,
    0.0444260872900486,
    0.020482594147324562,
    0.06401824951171875,
    0.07538489997386932,
    0.049741778522729874,
    0.05708201229572296,
    -0.057280946522951126,
    -0.10453832894563675,
    0.05537381023168564,
    -0.0943848043680191,
    0.030595606192946434,
    -0.007026963867247105,
    0.057840537279844284,
    -0.03499678149819374,
    0.0337786003947258,
    -0.016048232093453407,
    -0.046884529292583466,
    0.00956693384796381,
    -5.579268673774993e-33,
    0.0024606590159237385,
    0.051746975630521774,
    -0.0881892517209053,
    0.10010162740945816,
    0.050902821123600006,
    -0.026191798970103264,
    0.04429081082344055,
    0.002505469135940075,
    0.08792656660079956,
    0.028771009296178818,
    -0.020429713651537895,
    0.03229612857103348,
    0.05624290183186531,
    -0.0326545387506485,
    0.010260093957185745,
    0.06311739981174469,
    -0.005292657762765884,
    0.12268897891044617,
    0.005789769813418388,
    -0.03407435864210129,
    -0.06976641714572906,
    0.10946599394083023,
    0.07092788070440292,
    -0.013726185075938702,
    0.008781686425209045,
    -0.052545204758644104,
    0.05772683024406433,
    -0.013566175475716591,
    -0.04754162207245827,
    -0.048303768038749695,
    0.057492781430482864,
    -0.14732550084590912,
    0.03379558026790619,
    -0.02834949642419815,
    0.07218892127275467,
    -0.10821472853422165,
    0.05222320929169655,
    0.01835862547159195,
    -0.015171759761869907,
    0.03501861169934273,
    -0.015870055183768272,
    -0.0021876399405300617,
    -0.014518879354000092,
    0.007152850739657879,
    -0.020861221477389336,
    -0.034051958471536636,
    0.014927973970770836,
    -0.09815797954797745,
    -0.03392459824681282,
    -0.0016664775321260095,
    0.11534103006124496,
    -0.023092146962881088,
    -0.0709839016199112,
    0.0022457223385572433,
    0.017087485641241074,
    0.06001269072294235,
    0.02026127092540264,
    0.035024493932724,
    0.013410349376499653,
    -0.07424713671207428,
    -0.026386898010969162,
    -0.015876634046435356,
    0.010924813337624073,
    0.007433248218148947,
    0.12404946237802505,
    0.03432175889611244,
    -0.06705667823553085,
    -0.053001873195171356,
    -0.04365218058228493,
    0.030366910621523857,
    -0.06522883474826813,
    -0.027673393487930298,
    0.050375938415527344,
    -0.051121752709150314,
    -0.06020362302660942,
    0.03257434070110321,
    -0.04106461629271507,
    0.06179211288690567,
    0.05955542251467705,
    -0.011382615193724632,
    -0.07900290191173553,
    -0.021375343203544617,
