{
  "id": 483,
  "vector": [
    0.027347996830940247,
    0.038680560886859894,
    -0.030154531821608543,
    -0.07643988728523254,
    -0.03698970004916191,
    0.01915106736123562,
    0.027012230828404427,
    0.1176697313785553,
    -0.05282201990485191,
    -0.03952812775969505,
    -0.06392690539360046,
    -0.05833180248737335,
    0.04232828691601753,
    0.04350151866674423,
    0.0010267181787639856,
    0.003609907813370228,
    -0.05531502887606621,
    0.023685142397880554,
    0.017926523461937904,
    0.022584550082683563,
    -0.043407075107097626,
    -0.020931066945195198,
    -0.003209813730791211,
    0.014886179938912392,
    0.01728949137032032,
    -0.028362583369016647,
    -0.04187782108783722,
    -0.09300004690885544,
    0.02098861336708069,
    -0.026653073728084564,
    0.0026332195848226547,
    0.015521581284701824,
    0.01776747964322567,
    0.024694642052054405,
    0.04375218227505684,
    0.018401166424155235,
    -0.10320074111223221,
    0.03490495681762695,
    -0.05042342469096184,
    0.07321668416261673,
    0.0218854658305645,
    0.03126143291592598,
    -0.06157618761062622,
    0.02651953510940075,
    0.031132787466049194,
    -0.030904050916433334,
    -0.003319472773000598,
    0.03991014510393143,
    0.08171337842941284,
    0.014527304098010063,
    -0.04035016894340515,
    -0.04807534068822861,
    -0.14897936582565308,
    0.08124399930238724,
    0.09257703274488449,
    -0.13077576458454132,
    -0.03711827099323273,
    -0.02400725893676281,
    -0.04015401005744934,
    -0.03857720270752907,
    0.02971263974905014,
    0.008897887542843819,
    -0.07869844883680344,
    -0.026736406609416008,
    -0.004037626087665558,
    0.09954965114593506,
    -0.08600612729787827,
    0.024623755365610123,
    -0.0234371405094862,
    0.06872139126062393,
    0.008253748528659344,
    0.03008711338043213,
    0.11077079176902771,
    0.03432294353842735,
    -0.0003556575393304229,
    0.01809968613088131,
    0.046437159180641174,
    -0.06240564584732056,
    0.01048483606427908,
    -0.022717969492077827,
    -0.11196190118789673,
    -0.002324532251805067,
    -0.02150077372789383,
    -0.04130951315164566,
    -0.03455207124352455,
    -0.03599105775356293,
    0.01088047493249178,
    0.048619069159030914,
    0.008934728801250458,
    -0.015290766023099422,
    0.01792548969388008,
    0.02364812232553959,
    0.04886211082339287,
    -0.02958507463335991,
    0.059780873358249664,
    -0.006915620528161526,
    -0.030058683827519417,
    0.010565451346337795,
    0.0060659716837108135,
    0.027768464758992195,
    0.03899485245347023,
    -0.03504052385687828,
    0.09560281038284302,
    -0.031470272690057755,
    -0.0617123544216156,
    -0.013966255821287632,
    -0.046225544065237045,
    0.008210835978388786,
    -0.0028542985673993826,
    -0.012360566295683384,
    -0.08528049290180206,
    0.008552301675081253,
    -0.03519642725586891,
    -0.04792036488652229,
    -0.02776024490594864,
    -0.02917797490954399,
    0.06060497462749481,
    -0.006064192857593298,
    0.033329859375953674,
    0.03752564266324043,
    0.100948765873909,
    -0.019442962482571602,
    0.08027221262454987,
    -0.056185103952884674,
    -0.0697316974401474,
    0.02069086953997612,
    0.024499617516994476,
    1.4691676453107388e-33,
    0.052481722086668015,
    0.013875183649361134,
    -0.02820061892271042,
    0.06164880841970444,
    0.051731932908296585,
    -0.018535224720835686,
    0.02873525582253933,
    0.03540492057800293,
    0.04487571120262146,
    0.001611717976629734,
    -0.025638075545430183,
    0.019047968089580536,
    -0.0007857728051021695,
    0.12456436455249786,
    -0.054673176258802414,
    -0.11025271564722061,
    0.041485581547021866,
    -0.006855202838778496,
    0.07413598895072937,
    -0.028515037149190903,
    -0.07931990176439285,
    -0.01731790229678154,
    -0.01316755823791027,
    0.0907205194234848,
    -0.08440545201301575,
    0.018720168620347977,
    -0.057965658605098724,
    0.033678267151117325,
    -0.018660394474864006,
    0.023266615346074104,
    -0.03485923632979393,
    0.03821515291929245,
    0.016395019367337227,
    -0.0002330263378098607,
    -0.014764292165637016,
    0.05172213539481163,
    0.01498652808368206,
    -0.036239515990018845,
    0.088408924639225,
    -0.08136704564094543,
    0.06328393518924713,
    0.030771758407354355,
    0.056082338094711304,
    0.05143530294299126,
    0.09860911965370178,
    0.012233844958245754,
    0.003392779268324375,
    -0.010360372252762318,
    0.033809784799814224,
    -0.05779290199279785,
    0.020194662734866142,
    0.014896915294229984,
    -0.12199320644140244,
    -0.01573595032095909,
    0.0328187458217144,
    -0.05177656561136246,
    0.000346125423675403,
    0.0430443212389946,
    0.019334012642502785,
    0.06686317920684814,
    0.08664268255233765,
    -0.0023716185241937637,
    0.05283506214618683,
    -0.0018602281343191862,
    0.021826114505529404,
    0.03201582282781601,
    0.003605720354244113,
    0.017516154795885086,
    0.0004607990849763155,
    -0.04457014799118042,
    -0.05314537137746811,
    0.07380343973636627,
    -0.00922276172786951,
    -0.037988100200891495,
    -0.01130137499421835,
    0.008123231120407581,
    0.060904089361429214,
    -0.04810844361782074,
    0.0012847880134359002,
    0.015178182162344456,
    -0.05401340499520302,
    0.0472014956176281,
    -0.04035140946507454,
    0.01450913492590189,
    0.01097049843519926,
    0.06094743683934212,
    0.024144485592842102,
    -0.019311046227812767,
    -0.05639159679412842,
    -0.06825222074985504,
    -0.04681694135069847,
    -0.03771980106830597,
    0.030761759728193283,
    -0.04701972007751465,
    -0.02729732170701027,
    -3.358749192154138e-33,
    -0.022177351638674736,
    -0.03774460777640343,
    0.002392573980614543,
    0.0816410556435585,
    0.021672489121556282,
    0.0399324856698513,
    -0.01827388070523739,
    0.012683257460594177,
    0.08478692173957825,
    0.14867058396339417,
    -0.07253703474998474,
    0.029824651777744293,
    0.05966199189424515,
    -0.06613488495349884,
    -0.09258529543876648,
    0.07212340831756592,
    0.0339091420173645,
    -0.03962457552552223,
    0.028117651119828224,
    -0.03996742516756058,
    -0.05592791736125946,
    0.05796099454164505,
    0.028136231005191803,
    0.04144814610481262,
    -0.08457034081220627,
    0.10746032744646072,
    0.00030523628811351955,
    -0.07123779505491257,
    0.05614161863923073,
    0.03230397775769234,
    0.005756211932748556,
    -0.11502288281917572,
    -0.07991098612546921,
    -0.0048238495364785194,
    -0.028859881684184074,
    0.03883391618728638,
    0.06944961845874786,
    0.022403709590435028,
    0.012062375433743,
    0.01792653650045395,
    0.04494170472025871,
    -0.09759542346000671,
    0.029721349477767944,
    0.013425103388726711,
    -0.02665511704981327,
    -0.10533491522073746,
    0.029701823368668556,
    -0.010058669373393059,
    0.000915436539798975,
    0.007426033262163401,
    0.06875984370708466,
    0.048763617873191833,
    -0.03842463344335556,
    0.02925577387213707,
    -0.09415048360824585,
    -0.010791923850774765,
    -0.07096624374389648,
    0.021560993045568466,
    0.06086006760597229,
    -0.01736004464328289,
    0.005126214120537043,
    0.01097567193210125,
    -0.15039484202861786,
    0.013251598924398422,
    0.006510860286653042,
    0.03835233673453331,
    0.016194069758057594,
    -0.017855964601039886,
    -0.05973578616976738,
    0.06781399995088577,
    0.03205885365605354,
    0.04473438113927841,
    0.009700343944132328,
    -0.05603232979774475,
    -0.03981945291161537,
    -0.008914594538509846,
    0.005912356544286013,
    -0.020069029182195663,
    0.020297707989811897,
    0.04552372545003891,
    -0.011773082427680492,
    -0.02673930674791336,
    0.01344642136245966,
    0.027138711884617805,
