{
  "id": 691,
  "vector": [
    -0.021410712972283363,
    0.07027287036180496,
    -0.006139347795397043,
    -0.018227264285087585,
    0.015829861164093018,
    -0.022029895335435867,
    0.10023172199726105,
    0.12494856119155884,
    -0.06678088754415512,
    0.03492959216237068,
    0.035517942160367966,
    -0.06333473324775696,
    0.00011404659744584933,
    0.03922278806567192,
    -0.05563846230506897,
    0.001748912618495524,
    -0.02303885854780674,
    0.05786391347646713,
    -0.058962926268577576,
    -0.009538951329886913,
    -0.00014452172035817057,
    -0.0014562844298779964,
    0.041430141776800156,
    0.063339963555336,
    -0.04542267322540283,
    0.04918527975678444,
    -0.056537263095378876,
    0.01416020467877388,
    0.010198689065873623,
    -0.0788097158074379,
    0.03710430860519409,
    0.05893796682357788,
    0.036277540028095245,
    -0.08017168194055557,
    0.05347170680761337,
    -0.10076232999563217,
    -0.1483488231897354,
    0.05206843838095665,
    0.08153963834047318,
    0.0030396622605621815,
    0.06064360588788986,
    0.046496957540512085,
    -0.021083731204271317,
    0.0676221176981926,
    -0.03844914957880974,
    -0.05627922713756561,
    -0.0955028086900711,
    0.0604388564825058,
    0.036411792039871216,
    0.004310998599976301,
    0.11205717921257019,
    -0.006521973758935928,
    -0.1285611242055893,
    0.07007451355457306,
    0.0016335791442543268,
    -0.13237228989601135,
    -0.031460896134376526,
    -0.02632603980600834,
    -0.038269493728876114,
    -0.0027196048758924007,
    0.04307640343904495,
    0.007675175089389086,
    -0.08386953175067902,
    -0.01367564219981432,
    0.04008807986974716,
    0.08112998306751251,
    -0.02118414267897606,
    -0.05789480730891228,
    -0.01568368822336197,
    0.01388893648982048,
    -0.02068103849887848,
    0.027243969962000847,
    0.06045984476804733,
    -0.027698809280991554,
    -0.04371428117156029,
    0.01922501064836979,
    0.00672567542642355,
    -0.02037205919623375,
    -0.015256608836352825,
    -0.01373929250985384,
    -0.030732350423932076,
    0.02483389526605606,
    0.04245855286717415,
    0.05649673566222191,
    0.028002826496958733,
    -0.012154921889305115,
    -0.010141166858375072,
    0.05008234828710556,
    0.008769414387643337,
    -0.04360125958919525,
    -0.05353548750281334,
    0.09202810376882553,
    -0.02015588991343975,
    0.045991066843271255,
    -0.07092427462339401,
    0.04398687556385994,
    -0.021063970401883125,
    -0.005009894259274006,
    -0.046208515763282776,
    0.036968376487493515,
    0.10089341551065445,
    -0.0245280209928751,
    0.04617750644683838,
    -0.04263700917363167,
    0.013177317567169666,
    -0.008268062956631184,
    -0.05773460119962692,
    -0.0030237233731895685,
    0.012572013773024082,
    0.007662943564355373,
    -0.10075389593839645,
    -0.01939157210290432,
    -0.023642366752028465,
    0.02242153324186802,
    0.004279108252376318,
    0.05026478320360184,
    0.06498128920793533,
    0.0436788871884346,
    0.09657303243875504,
    -0.023371031507849693,
    0.08836454153060913,
    0.007934716530144215,
    0.03716433420777321,
    -0.04686297848820686,
    -0.008321215398609638,
    0.014931158162653446,
    0.015900099650025368,
    5.070078683803349e-33,
    -0.036874640733003616,
    -0.016918998211622238,
    -0.017475662752985954,
    0.09642248600721359,
    0.03394131734967232,
    -0.024601271376013756,
    0.018839793279767036,
    -0.08640383929014206,
    0.04502210393548012,
    0.05966329574584961,
    -0.07988863438367844,
    -0.0653533861041069,
    0.001490468275733292,
    0.12980924546718597,
    0.014498935081064701,
    -0.03678759187459946,
    0.025985755026340485,
    0.0008002483518794179,
    0.07000353932380676,
    -0.11553958803415298,
    -0.06877618283033371,
    0.03086739405989647,
    -0.06457455456256866,
    0.029247155413031578,
    0.022527070716023445,
    0.026375794783234596,
    -0.08970898389816284,
    -0.012990365736186504,
    -0.009755781851708889,
    0.02175469882786274,
    0.05904626473784447,
    -0.01796906627714634,
    -0.018677446991205215,
    -0.013319644145667553,
    -0.03231661766767502,
    -0.016025148332118988,
    -0.031490933150053024,
    -0.037874218076467514,
    0.010145406238734722,
    -0.047456707805395126,
    0.007925652898848057,
    0.0183684341609478,
    0.08217517286539078,
    0.008176635950803757,
    -0.002297726459801197,
    0.012957226485013962,
    -0.00735275074839592,
    -0.0516212098300457,
    0.0655517727136612,
    -0.0038762930780649185,
    0.016900023445487022,
    -0.03756661340594292,
    0.05270947143435478,
    -0.02858889102935791,
    -0.026980387046933174,
    -0.03461547568440437,
    -0.018609238788485527,
    0.035114116966724396,
    -0.0023711249232292175,
    0.07828130573034286,
    0.014235127717256546,
    0.05624093860387802,
    -0.038197729736566544,
    0.01004210114479065,
    0.055704399943351746,
    0.014139306731522083,
    -0.07894131541252136,
    -0.10389899462461472,
    -0.007955074310302734,
    -0.00979913491755724,
    -0.0356808640062809,
    0.027690699324011803,
    0.08071666955947876,
    -0.09130804985761642,
    0.057645559310913086,
    -0.02142755687236786,
    0.032927870750427246,
    0.06444793939590454,
    -0.11283309012651443,
    0.008215012028813362,
    -0.01615404710173607,
    -0.0039705317467451096,
    -0.04961380735039711,
    -0.04921458661556244,
    -0.022549839690327644,
    0.018529705703258514,
    0.0001360614551231265,
    -0.010704133659601212,
    0.017251169309020042,
    -0.01559272687882185,
    0.04540964588522911,
    -0.022674283012747765,
    -0.06447704881429672,
    -0.04949304834008217,
    -0.020498793572187424,
    -4.865385077048864e-33,
    0.005450927186757326,
    0.10324175655841827,
    0.06483299285173416,
    0.004328704904764891,
    -0.012755108997225761,
    0.03145219013094902,
    -0.005196707788854837,
    0.05271393060684204,
    0.0829678550362587,
    -0.0055573307909071445,
    -0.008964047767221928,
    0.05167422071099281,
    -0.04857691004872322,
    0.02997172623872757,
    0.026521189138293266,
    -0.0013390141539275646,
    -0.00004212757994537242,
    -0.028331924229860306,
    -0.03456148877739906,
    -0.08172683417797089,
    -0.07051320374011993,
    0.01566842570900917,
    -0.02083388715982437,
    0.08332041651010513,
    0.06897028535604477,
    0.05965445935726166,
    -0.0008247303776443005,
    0.0019978696946054697,
    0.0935174971818924,
    0.013136428780853748,
    0.036074765026569366,
    -0.04618992283940315,
    0.029442178085446358,
    0.0484728179872036,
    -0.02194737270474434,
    -0.020515019074082375,
    0.1037842407822609,
    -0.008177997544407845,
    -0.06708455830812454,
    -0.09442207217216492,
    -0.035203609615564346,
    -0.02290976047515869,
    0.0400875061750412,
    0.0583997517824173,
    0.011856534518301487,
    -0.08096441626548767,
    0.05229155346751213,
    -0.031502045691013336,
    0.020521506667137146,
    0.0007247282774187624,
    -0.035073500126600266,
    -0.00883147120475769,
    -0.0637686550617218,
    0.0018074854742735624,
    0.035626817494630814,
    0.011156212538480759,
    -0.011933376081287861,
    -0.0667044147849083,
    0.07143678516149521,
    -0.1293375939130783,
    0.026461048051714897,
    0.017983000725507736,
    -0.08099381625652313,
    0.0029133136849850416,
    -0.005894988775253296,
    -0.02721330337226391,
    -0.0018993611447513103,
    -0.026145124807953835,
    -0.008210472762584686,
    0.04405856132507324,
    -0.023307878524065018,
    0.08271680772304535,
    0.02164033055305481,
    -0.1679445207118988,
    -0.03128214180469513,
    0.001022388692945242,
    0.06347605586051941,
    0.07289604842662811,
    0.04866170883178711,
    -0.009995209984481335,
    -0.009897301904857159,
    -0.039367906749248505,
