{
  "id": 752,
  "vector": [
    -0.01761995442211628,
    -0.0020364150404930115,
    -0.046946220099925995,
    0.03385398909449577,
    -0.02674536034464836,
    0.04324084892868996,
    0.08902671933174133,
    0.048076242208480835,
    0.024546030908823013,
    -0.04695049673318863,
    0.015138410963118076,
    -0.03681311756372452,
    -0.05757130682468414,
    0.011603598482906818,
    -0.03314900025725365,
    -0.050840139389038086,
    0.010654333047568798,
    -0.014609387144446373,
    -0.10603246092796326,
    -0.006047991570085287,
    0.02460683323442936,
    -0.05040775239467621,
    0.017809532582759857,
    0.07727374136447906,
    -0.04342500865459442,
    -0.0001770265807863325,
    -0.0034906973596662283,
    -0.008452871814370155,
    0.04029252007603645,
    -0.04063847288489342,
    0.019205227494239807,
    0.019520636647939682,
    0.027922024950385094,
    -0.0033184406347572803,
    0.010251080617308617,
    -0.08625680953264236,
    -0.020352397114038467,
    -0.04793517291545868,
    0.047454845160245895,
    -0.00560718635097146,
    0.12941211462020874,
    0.01658172905445099,
    -0.00655793584883213,
    0.0357326865196228,
    -0.03762108087539673,
    -0.005098481196910143,
    -0.030487380921840668,
    0.07013668864965439,
    0.04533715918660164,
    -0.024757763370871544,
    0.010774686932563782,
    -0.03952018916606903,
    -0.14914187788963318,
    -0.05621325224637985,
    0.028830422088503838,
    -0.06139034777879715,
    0.0011462389957159758,
    0.018828997388482094,
    -0.0006303125992417336,
    0.09396758675575256,
    -0.022955022752285004,
    0.005824894644320011,
    -0.020404133945703506,
    0.043598175048828125,
    0.0020496274810284376,
    0.011559320613741875,
    -0.07804063707590103,
    0.011118785478174686,
    -0.020737461745738983,
    -0.010722236707806587,
    -0.013745982199907303,
    0.018954278901219368,
    -0.02005295269191265,
    -0.05204843357205391,
    -0.14386659860610962,
    -0.04460301622748375,
    0.08678238838911057,
    -0.038538746535778046,
    -0.025858182460069656,
    0.11961445212364197,
    -0.06822355091571808,
    -0.016232632100582123,
    -0.06458539515733719,
    0.046774815768003464,
    -0.017990615218877792,
    -0.06061158701777458,
    -0.07727279514074326,
    0.029743647202849388,
    0.05175404250621796,
    -0.032931361347436905,
    -0.05250978097319603,
    0.003701567417010665,
    -0.002382866106927395,
    -0.026800058782100677,
    -0.04871169850230217,
    0.033019792288541794,
    0.012099293991923332,
    -0.08085871487855911,
    0.0694822371006012,
    0.007193073630332947,
    0.021855851635336876,
    0.055071935057640076,
    0.11526145786046982,
    -0.09554135054349899,
    -0.033428531140089035,
    0.03259088471531868,
    -0.009555738419294357,
    0.02826136350631714,
    0.04947376996278763,
    0.04785571247339249,
    -0.07464972138404846,
    -0.03825155645608902,
    -0.019220832735300064,
    0.05587036907672882,
    -0.016739454120397568,
    -0.0333804190158844,
    0.08612270653247833,
    0.0003095460997428745,
    0.050123993307352066,
    0.006373965181410313,
    0.034833379089832306,
    -0.03507554903626442,
    0.08227022737264633,
    -0.06285174936056137,
    -0.07082711160182953,
    0.03789384663105011,
    0.031343407928943634,
    2.400698337359934e-33,
    -0.1001376360654831,
    -0.05804038047790527,
    0.06532290577888489,
    0.08386670798063278,
    0.01640956476330757,
    0.07196242362260818,
    0.028473099693655968,
    -0.049253158271312714,
    0.011057350784540176,
    0.033179134130477905,
    -0.05867471173405647,
    -0.020216090604662895,
    -0.02628564089536667,
    0.056941110640764236,
    -0.07662170380353928,
    -0.017010917887091637,
    0.03834634646773338,
    -0.01875174790620804,
    0.06694717705249786,
    -0.07906955480575562,
    -0.04184005782008171,
    0.047664787620306015,
    -0.008505304343998432,
    -0.027340847998857498,
    -0.09921044856309891,
    -0.038722846657037735,
    -0.018984729424118996,
    0.020252402871847153,
    0.0321185477077961,
    0.020138707011938095,
    0.12939001619815826,
    -0.015615846961736679,
    -0.0072098420932888985,
    0.029687507078051567,
    -0.06564111262559891,
    -0.004260614048689604,
    -0.009549514390528202,
    -0.045074712485075,
    0.13274851441383362,
    -0.06683625280857086,
    0.01618390530347824,
    0.03441206365823746,
    0.06809591501951218,
    0.051121506839990616,
    -0.08759360015392303,
    0.056776776909828186,
    -0.000992942601442337,
    -0.036949820816516876,
    0.11552049219608307,
    -0.03805846348404884,
    -0.06195395067334175,
    0.026623228564858437,
    -0.011070826090872288,
    0.014109552837908268,
    0.021943101659417152,
    -0.003379432950168848,
    -0.04389207065105438,
    0.07059023529291153,
    -0.0004056118195876479,
    0.0812540277838707,
    0.023815985769033432,
    0.04129241406917572,
    -0.022983858361840248,
    -0.02202688902616501,
    0.0769936665892601,
    -0.023498786613345146,
    -0.05684707686305046,
    -0.021173609420657158,
    0.009975753724575043,
    -0.06426604092121124,
    0.0012217299081385136,
    0.0593050941824913,
    0.0866876021027565,
    -0.009416615590453148,
    0.07114725559949875,
    0.021726837381720543,
    0.11532405763864517,
    0.026601428166031837,
    -0.026020491495728493,
    0.10453423112630844,
    -0.08529135584831238,
    -0.03296109661459923,
    0.05435296893119812,
    0.052226532250642776,
    0.00745640741661191,
    -0.027668409049510956,
    -0.04480351135134697,
    0.013150902464985847,
    0.03382430225610733,
    -0.09582488238811493,
    -0.009357459843158722,
    0.015292959287762642,
    -0.02907690405845642,
    -0.026833411306142807,
    0.01578197069466114,
    -4.1513009115991256e-33,
    0.006948353257030249,
    0.04914716258645058,
    0.006873086094856262,
    0.02551024779677391,
    0.11578792333602905,
    0.014885451644659042,
    0.05744285136461258,
    0.026120837777853012,
    0.012697516940534115,
    -0.028109168633818626,
    -0.06437008082866669,
    0.03169521689414978,
    0.01812400110065937,
    -0.014971974305808544,
    -0.04121677204966545,
    0.07712115347385406,
    0.07515374571084976,
    -0.0032198105473071337,
    -0.02768927440047264,
    -0.05958041176199913,
    -0.09439384937286377,
    0.0536629855632782,
    -0.01108621247112751,
    0.04273395240306854,
    0.03899765759706497,
    -0.03512956202030182,
    0.007512324955314398,
    -0.04545951262116432,
    0.017903467640280724,
    0.08452055603265762,
    0.07779765129089355,
    -0.08128988742828369,
    0.023818764835596085,
    0.012962283566594124,
    -0.09233057498931885,
    -0.11575563251972198,
    0.05506708100438118,
    -0.04119203984737396,
    0.0028646360151469707,
    0.05002955347299576,
    0.06999526172876358,
    -0.06095018610358238,
    0.03411455452442169,
    -0.061055514961481094,
    0.031079372391104698,
    -0.014917762018740177,
    0.020546922460198402,
    -0.087885782122612,
    0.054628245532512665,
    -0.02025330252945423,
    0.023717984557151794,
    0.06004377454519272,
    -0.13967113196849823,
    0.07702820748090744,
    0.06739435344934464,
    -0.017186934128403664,
    0.08786885440349579,
    0.06239116191864014,
    0.037721265107393265,
    -0.10340766608715057,
    0.01608750782907009,
    -0.036688968539237976,
    -0.08833315968513489,
    -0.032952237874269485,
    -0.0030946058686822653,
    -0.007135352119803429,
    0.02717616595327854,
    0.0028199409134685993,
    -0.015928687527775764,
    -0.007400211878120899,
    0.046333689242601395,
    0.06492039561271667,
    0.02181342989206314,
    -0.03817235678434372,
    -0.08559853583574295,
    0.015622884966433048,
    -0.04248732328414917,
    -0.06164570525288582,
    0.057569269090890884,
    -0.04002179205417633,
    0.011719919741153717,
    0.007160414941608906,
