{
  "id": 929,
  "vector": [
    -0.01932917907834053,
    -0.014759638346731663,
    -0.038109853863716125,
    0.040817663073539734,
    -0.011287217028439045,
    -0.0027190111577510834,
    0.06510501354932785,
    0.05416194722056389,
    0.014043141156435013,
    -0.013326927088201046,
    0.03210201486945152,
    -0.08131085336208344,
    -0.006926367059350014,
    -0.07858624309301376,
    -0.013397769071161747,
    -0.05016941577196121,
    -0.011935492977499962,
    0.038054320961236954,
    -0.14959827065467834,
    -0.07324529439210892,
    0.0037306472659111023,
    -0.01631731353700161,
    0.022235875949263573,
    -0.012594422325491905,
    0.04338530823588371,
    0.06522146612405777,
    0.0011882008984684944,
    0.021549053490161896,
    -0.03895101696252823,
    -0.02321212738752365,
    -0.00844500120729208,
    0.04893806576728821,
    -0.023260023444890976,
    0.027499252930283546,
    0.029319850727915764,
    0.021030833944678307,
    -0.12578079104423523,
    0.0056511955335736275,
    0.12434950470924377,
    0.024352015927433968,
    0.012400618754327297,
    -0.024738263338804245,
    0.08296463638544083,
    0.03630803897976875,
    -0.11016432195901871,
    -0.06382659822702408,
    -0.0003479422884993255,
    0.060805462300777435,
    -0.02089851349592209,
    -0.04148362949490547,
    0.04407453536987305,
    0.05047588422894478,
    -0.08264127373695374,
    0.025104951113462448,
    0.02077023684978485,
    -0.09979850798845291,
    0.017173051834106445,
    -0.035613711923360825,
    -0.06518843024969101,
    0.0762406662106514,
    0.04373491182923317,
    0.008037945255637169,
    -0.11138944327831268,
    -0.014074808917939663,
    -0.06169278919696808,
    -0.0252689179033041,
    0.018072010949254036,
    -0.03770923241972923,
    0.008667916059494019,
    0.10166159272193909,
    -0.03930500149726868,
    0.06363645195960999,
    0.022290512919425964,
    0.005099464673548937,
    -0.013936158269643784,
    -0.01777944341301918,
    0.05910853296518326,
    -0.06319300830364227,
    -0.000340792175848037,
    -0.009137742221355438,
    0.020693672820925713,
    0.058916911482810974,
    0.002923673251643777,
    0.029074974358081818,
    -0.0011101163690909743,
    -0.05047101527452469,
    0.03552711755037308,
    0.06135803833603859,
    0.05792596563696861,
    0.04489554837346077,
    0.008005883544683456,
    0.04978867620229721,
    0.004630317445844412,
    -0.08884654194116592,
    -0.1072804406285286,
    0.04006381332874298,
    -0.07363123446702957,
    0.0037584418896585703,
    0.018107976764440536,
    -0.045302025973796844,
    0.04753846302628517,
    -0.06288623809814453,
    0.10335632413625717,
    -0.0065350909717381,
    -0.005311239045113325,
    0.023281503468751907,
    -0.015209353528916836,
    0.00815732404589653,
    0.022877538576722145,
    0.02532792091369629,
    -0.051881466060876846,
    -0.0380079559981823,
    -0.01215763483196497,
    -0.016310764476656914,
    0.040802888572216034,
    0.04592578858137131,
    0.0731695368885994,
    -0.04373544082045555,
    0.051738038659095764,
    -0.059343550354242325,
    0.03188135102391243,
    0.0036340171936899424,
    0.06267064809799194,
    -0.007968039251863956,
    -0.11311417818069458,
    0.09055852144956589,
    -0.010710816830396652,
    6.785647669297198e-33,
    -0.10666276514530182,
    0.04188447818160057,
    0.05199328437447548,
    0.052809033542871475,
    -0.02416832000017166,
    -0.014801505021750927,
    -0.048408426344394684,
    -0.03879530355334282,
    -0.06250491738319397,
    0.04696926474571228,
    -0.04836832359433174,
    0.07108078896999359,
    -0.05156217887997627,
    0.05578574538230896,
    0.013642690144479275,
    0.0268260445445776,
    0.00884831789880991,
    0.0898851752281189,
    -0.039929550141096115,
    -0.03586571663618088,
    -0.0762331560254097,
    0.07372847199440002,
    -0.013205534778535366,
    0.08071815222501755,
    -0.035035137087106705,
    0.056995101273059845,
    0.09157643467187881,
    -0.0016710503259673715,
    0.023859355598688126,
    -0.022135674953460693,
    0.127487912774086,
    0.0002852053730748594,
    -0.014719315804541111,
    -0.04429194703698158,
    0.019821984693408012,
    0.037172120064496994,
    -0.015661099925637245,
    0.02600708045065403,
    0.020109985023736954,
    -0.039778418838977814,
    0.03328836336731911,
    0.013983209617435932,
    0.1264745146036148,
    0.09064322710037231,
    -0.05055908486247063,
    0.06767181307077408,
    -0.034578025341033936,
    -0.05507618561387062,
    0.06288424134254456,
    -0.01589297316968441,
    -0.0010373885743319988,
    0.027936380356550217,
    0.0568222813308239,
    0.023328399285674095,
    0.07654982805252075,
    0.029804373160004616,
    -0.04362243786454201,
    0.13279490172863007,
    0.0374053418636322,
    0.044976856559515,
    -0.04855575039982796,
    -0.029444677755236626,
    -0.019071433693170547,
    0.02943517081439495,
    0.02446414902806282,
    0.008394069038331509,
    -0.08004642277956009,
    -0.09292251616716385,
    -0.014143608510494232,
    0.019167225807905197,
    -0.008420304395258427,
    0.014500435441732407,
    0.07896730303764343,
    0.02506587654352188,
    0.09108109027147293,
    -0.04455527290701866,
    0.1025339737534523,
    -0.029209008440375328,
    -0.022187404334545135,
    0.08050483465194702,
    -0.09354749321937561,
    -0.043934013694524765,
    0.053401004523038864,
    -0.08398360759019852,
    -0.06684543937444687,
    -0.05576590821146965,
    -0.0634051188826561,
    0.041373129934072495,
    0.032975934445858,
    0.011991031467914581,
    0.0162741020321846,
    -0.024614594876766205,
    -0.061450064182281494,
    0.03201983869075775,
    -0.11149962246417999,
    -6.295140325321951e-33,
    0.01273132674396038,
    0.014547825790941715,
    0.012993305921554565,
    0.051859669387340546,
    0.0024353465996682644,
    0.03104701265692711,
    -0.016310226172208786,
    0.032979726791381836,
    -0.0425112284719944,
    -0.06863363087177277,
    0.04170722886919975,
    -0.018024832010269165,
    0.015345588326454163,
    -0.01190964225679636,
    -0.03776468709111214,
    0.003375760745257139,
    0.03320002183318138,
    0.05603106692433357,
    -0.020332572981715202,
    0.00501186354085803,
    -0.08208028972148895,
    0.03416581079363823,
    0.0470665767788887,
    0.08039119839668274,
    -0.08107094466686249,
    -0.022541901096701622,
    0.0871555507183075,
    -0.04458927735686302,
    -0.02781050093472004,
    0.041891321539878845,
    0.08054091036319733,
    -0.08801912516355515,
    0.01276461873203516,
    0.06577812880277634,
    -0.10837246477603912,
    -0.03814397752285004,
    0.09710165113210678,
    -0.010326405987143517,
    -0.026283901184797287,
    0.08050894737243652,
    0.06650228798389435,
    -0.017489362508058548,
    0.023263022303581238,
    0.004483561962842941,
    -0.02882077917456627,
    -0.05518855154514313,
    -0.04007616266608238,
    -0.02657836489379406,
    -0.045398496091365814,
    -0.027623189613223076,
    0.04530756548047066,
    -0.013767816126346588,
    -0.0852520614862442,
    -0.040483321994543076,
    0.009781562723219395,
    0.017154715955257416,
    -0.07144799083471298,
    -0.013120190240442753,
    0.00010713744268286973,
    0.009726474992930889,
    0.009459111839532852,
    -0.026426328346133232,
    -0.011744573712348938,
    -0.025155076757073402,
    -0.0012636606115847826,
    0.04800926148891449,
    -0.04933056980371475,
    0.019257301464676857,
    -0.02125624567270279,
    0.021201850846409798,
    0.011649221181869507,
    0.016107579693198204,
    -0.05311575531959534,
    -0.053679756820201874,
    0.11780478060245514,
    0.0034402781166136265,
    0.03265024721622467,
    -0.00814465619623661,
    0.04039532691240311,
    0.029548048973083496,
    -0.046457938849925995,
    0.008592563681304455,
    -0.030263958498835564,
