{
  "id": 707,
  "vector": [
    -0.037422262132167816,
    -0.024322427809238434,
    0.009942706674337387,
    0.013722860254347324,
    0.014394505880773067,
    0.027977630496025085,
    0.016503233462572098,
    0.06242963671684265,
    0.05161893367767334,
    -0.1128169447183609,
    -0.021647490561008453,
    -0.05281262844800949,
    -0.08474516868591309,
    -0.008238956332206726,
    -0.03083823435008526,
    -0.03902735933661461,
    -0.05287148430943489,
    0.07903445512056351,
    -0.0867980346083641,
    -0.03120596520602703,
    0.011105014011263847,
    -0.012241236865520477,
    0.052362844347953796,
    0.07041281461715698,
    -0.036355629563331604,
    0.07980897277593613,
    0.04524897038936615,
    -0.03583861514925957,
    0.04356267675757408,
    -0.07827852666378021,
    0.03247616067528725,
    0.06721370667219162,
    -0.03215808793902397,
    -0.03958602994680405,
    -0.017321130260825157,
    -0.04466720297932625,
    -0.006482467520982027,
    -0.032153915613889694,
    0.07307168841362,
    0.060617171227931976,
    0.07195201516151428,
    -0.05037260055541992,
    0.023414237424731255,
    -0.0219748392701149,
    -0.04944213852286339,
    -0.04873454570770264,
    -0.057716529816389084,
    0.059356026351451874,
    0.09487349539995193,
    -0.060082368552684784,
    0.018754083663225174,
    0.011477150022983551,
    -0.11038612574338913,
    -0.04986441135406494,
    -0.00018135244317818433,
    -0.1399102658033371,
    -0.05888234078884125,
    0.01929846592247486,
    -0.036238476634025574,
    0.08854719251394272,
    0.018862301483750343,
    0.06281761080026627,
    0.019021620973944664,
    0.03355861455202103,
    -0.0207513477653265,
    0.05057556927204132,
    -0.09496403485536575,
    -0.05193031579256058,
    -0.010164488106966019,
    0.022368084639310837,
    -0.04492168873548508,
    0.04967256262898445,
    -0.005057209171354771,
    -0.05056792125105858,
    -0.0916983112692833,
    -0.03955346345901489,
    0.06903891265392303,
    -0.04671161621809006,
    -0.02239651419222355,
    -0.018537525087594986,
    -0.024180537089705467,
    0.037992872297763824,
    -0.04478326812386513,
    0.10282238572835922,
    0.04385846108198166,
    -0.027361968532204628,
    -0.05014470964670181,
    0.00028190601733513176,
    -0.004432619549334049,
    -0.015115218237042427,
    -0.052520252764225006,
    -0.03971374034881592,
    -0.046399325132369995,
    -0.04852558299899101,
    -0.01806335151195526,
    0.08194094151258469,
    -0.05732318386435509,
    -0.058690592646598816,
    0.01573967933654785,
    0.032435666769742966,
    0.03679892420768738,
    0.037257302552461624,
    0.04064721241593361,
    -0.0735524594783783,
    -0.03657183051109314,
    0.06434192508459091,
    -0.041043780744075775,
    0.015962783247232437,
    0.0020634301472455263,
    0.07648560404777527,
    -0.08145713806152344,
    0.008806747384369373,
    -0.05302102118730545,
    0.007244246546179056,
    -0.041679609566926956,
    -0.019030950963497162,
    0.031223194673657417,
    -0.11131253838539124,
    0.0429576113820076,
    -0.014278472401201725,
    0.03150944411754608,
    -0.04333309456706047,
    0.03175216540694237,
    -0.04845818132162094,
    -0.07458909600973129,
    0.01410498097538948,
    0.08742358535528183,
    6.153151995344142e-33,
    -0.13809877634048462,
    -0.02211676724255085,
    0.02969183772802353,
    0.04105744883418083,
    -0.01749435067176819,
    0.04351969435811043,
    0.012150232680141926,
    -0.07053264230489731,
    -0.04364045336842537,
    -0.006731177680194378,
    -0.024039309471845627,
    0.042360469698905945,
    -0.01894640177488327,
    0.07056310772895813,
    -0.039329852908849716,
    -0.06182565167546272,
    0.0824195146560669,
    0.045434288680553436,
    0.08759851008653641,
    -0.12052445113658905,
    -0.04229117929935455,
    0.05042694881558418,
    0.007350713014602661,
    0.026140740141272545,
    -0.07283992320299149,
    0.005240697413682938,
    0.02166581340134144,
    0.0018223983934149146,
    0.012119962833821774,
    0.014087995514273643,
    0.10967355221509933,
    -0.03504892438650131,
    0.0727381631731987,
    0.009262950159609318,
    -0.09169994294643402,
    -0.039253246039152145,
    -0.03919857367873192,
    -0.10377103835344315,
    0.09051018208265305,
    -0.003580486634746194,
    0.030978921800851822,
    0.04343702271580696,
    0.07413455098867416,
    0.014449039474129677,
    -0.10885699093341827,
    0.07788317650556564,
    0.01105466578155756,
    0.004917160142213106,
    0.06875394284725189,
    -0.03679250553250313,
    0.007263408973813057,
    0.041260506957769394,
    -0.007317263167351484,
    0.014726021327078342,
    0.06074759364128113,
    -0.08357809484004974,
    -0.06021004542708397,
    0.03971624746918678,
    -0.02128666453063488,
    0.0576859712600708,
    -0.017667876556515694,
    0.06003430113196373,
    -0.031353168189525604,
    -0.009331149980425835,
    0.05535755679011345,
    0.0016438353341072798,
    -0.13480670750141144,
    0.006605616770684719,
    -0.020847605541348457,
    -0.005275815725326538,
    0.03948436304926872,
    -0.01692274771630764,
    0.07354623824357986,
    -0.016214244067668915,
    0.07766330987215042,
    0.0490848608314991,
    0.07934606075286865,
    0.07180417329072952,
    -0.012552895583212376,
    0.06755319982767105,
    -0.047807738184928894,
    0.025207750499248505,
    0.05332785099744797,
    0.07011961936950684,
    -0.04770631715655327,
    -0.010138020850718021,
    -0.021904636174440384,
    0.011251838877797127,
    -0.008195284754037857,
    -0.06893918663263321,
    0.03124026395380497,
    -0.02561982162296772,
    -0.027363067492842674,
    -0.038883332163095474,
    -0.059158388525247574,
    -6.312774209952224e-33,
    -0.018465571105480194,
    0.09338890761137009,
    0.03949946537613869,
    0.007064348086714745,
    0.049406666308641434,
    0.01614709198474884,
    0.044002465903759,
    0.06771472841501236,
    0.060243185609579086,
    -0.034947432577610016,
    -0.06587997078895569,
    -0.07161615788936615,
    0.01174953207373619,
    -0.0712946355342865,
    -0.03165068477392197,
    0.04425482824444771,
    0.12109270691871643,
    -0.018391454592347145,
    -0.028900234028697014,
    -0.07050354033708572,
    -0.06210809573531151,
    0.057391103357076645,
    -0.00039615173591300845,
    0.10848680138587952,
    -0.03301680088043213,
    -0.00581332528963685,
    0.028270503506064415,
    -0.09449613839387894,
    -0.014764262363314629,
    0.059451714158058167,
    0.052023470401763916,
    -0.10081552714109421,
    -0.0025284169241786003,
    0.01046718005090952,
    -0.06843610107898712,
    -0.06638262420892715,
    0.1250147521495819,
    -0.011408866383135319,
    -0.06073293834924698,
    -0.028708605095744133,
    0.03272061422467232,
    -0.0691826269030571,
    0.008739383891224861,
    -0.037883732467889786,
    0.05600929260253906,
    -0.017508627846837044,
    -0.007095374166965485,
    -0.07699381560087204,
    0.03586667403578758,
    0.028552711009979248,
    0.003711096476763487,
    0.04905080422759056,
    -0.013417134061455727,
    0.014309681951999664,
    -0.01635230891406536,
    0.02377236820757389,
    0.02821669913828373,
    -0.011396529152989388,
    0.05411173775792122,
    -0.0524563230574131,
    -0.002055651508271694,
    -0.030174391344189644,
    -0.031136328354477882,
    0.017529377713799477,
    -0.05020606890320778,
    -0.0976993590593338,
    -0.06528966128826141,
    -0.040051959455013275,
    0.03370818868279457,
    -0.033444467931985855,
    0.047485869377851486,
    0.10348642617464066,
    0.03218179568648338,
    -0.0169549398124218,
    -0.030374152585864067,
    0.0004138676740694791,
    0.05342615768313408,
    -0.0365743488073349,
    0.07167030870914459,
    0.04129254072904587,
    -0.01738261803984642,
    -0.04930910840630531,
    -0.047340963035821915,
