{
  "id": 31,
  "vector": [
    -0.04126696661114693,
    0.08449658751487732,
    -0.00009270830196328461,
    0.03850817307829857,
    -0.03389909490942955,
    -0.03442448377609253,
    0.04609312862157822,
    0.036868415772914886,
    -0.052405208349227905,
    -0.040978748351335526,
    0.06352239102125168,
    -0.13667415082454681,
    -0.02785649336874485,
    -0.10275909304618835,
    0.033480096608400345,
    -0.04438409209251404,
    0.0833800733089447,
    0.06147684529423714,
    -0.07851657271385193,
    -0.07887853682041168,
    -0.00752924894914031,
    -0.03688843175768852,
    0.0023448378778994083,
    -0.014941656962037086,
    0.028010983020067215,
    0.010951084084808826,
    0.04162020981311798,
    0.02107664756476879,
    0.032682739198207855,
    -0.08323963731527328,
    0.044597163796424866,
    0.061674635857343674,
    0.007037535309791565,
    -0.005619154777377844,
    -0.026805588975548744,
    -0.022639019414782524,
    -0.03269931301474571,
    -0.05242645740509033,
    0.013290472328662872,
    -0.05804681405425072,
    0.011161827482283115,
    0.003444054163992405,
    0.001990275224670768,
    -0.07575029134750366,
    -0.033408135175704956,
    -0.04314790293574333,
    -0.0018726492999121547,
    0.04669288918375969,
    0.00684190122410655,
    -0.01721307262778282,
    -0.0030695809982717037,
    -0.023243969306349754,
    -0.11401341110467911,
    -0.0004102150269318372,
    0.05811142548918724,
    -0.05149150267243385,
    -0.0992012694478035,
    0.01577218808233738,
    -0.0826728567481041,
    0.06326525658369064,
    -0.014395257458090782,
    0.04661788418889046,
    -0.08479398488998413,
    0.014234740287065506,
    0.04029466211795807,
    -0.01318010501563549,
    -0.047190889716148376,
    -0.023796899244189262,
    -0.06069828197360039,
    0.021714607253670692,
    -0.04351368173956871,
    -0.0026557783130556345,
    0.07863977551460266,
    0.008424480445683002,
    -0.03096878156065941,
    -0.024858752265572548,
    0.07488907873630524,
    -0.04879404604434967,
    0.025289664044976234,
    -0.02673282101750374,
    -0.09569846838712692,
    -0.027645349502563477,
    0.018644554540514946,
    -0.032300300896167755,
    -0.04819537699222565,
    -0.03429422527551651,
    -0.05593371018767357,
    0.08612969517707825,
    0.01912171207368374,
    -0.02888178639113903,
    0.03596110641956329,
    0.04989245906472206,
    0.006138240918517113,
    0.036763787269592285,
    -0.002356450306251645,
    0.043432414531707764,
    -0.0023938268423080444,
    -0.048971232026815414,
    -0.030287398025393486,
    0.08625397086143494,
    0.04378071427345276,
    0.02563764899969101,
    0.10731393843889236,
    -0.0025236380752176046,
    -0.05393211171030998,
    -0.03518562391400337,
    -0.016008500009775162,
    -0.009764404967427254,
    0.015211021527647972,
    0.045639555901288986,
    -0.0236754659563303,
    0.009097505360841751,
    -0.032588761299848557,
    -0.019483866170048714,
    -0.04006233438849449,
    0.0033312439918518066,
    0.05274180695414543,
    -0.048562899231910706,
    0.029059605672955513,
    -0.023437904193997383,
    0.03171021491289139,
    0.02080519124865532,
    -0.00026851778966374695,
    0.0063733006827533245,
    -0.03999592736363411,
    0.023570066317915916,
    0.061324313282966614,
    5.901912118374956e-33,
    -0.0905081182718277,
    -0.017362210899591446,
    0.0349707193672657,
    0.002687791595235467,
    -0.003776304889470339,
    -0.052936308085918427,
    0.037193916738033295,
    -0.03575334697961807,
    0.04034311696887016,
    0.05256297439336777,
    -0.05277293175458908,
    -0.05945193022489548,
    0.017331508919596672,
    0.07138276845216751,
    0.019555309787392616,
    -0.05945797264575958,
    -0.07845400273799896,
    -0.00931502878665924,
    0.050207268446683884,
    0.021076040342450142,
    -0.11266491562128067,
    -0.02690788544714451,
    0.05481443181633949,
    0.05626076087355614,
    -0.0034168665297329426,
    0.011110463179647923,
    0.023914387449622154,
    -0.0810837671160698,
    -0.05665861815214157,
    0.05068051815032959,
    0.11325859278440475,
    0.04588967561721802,
    -0.06375716626644135,
    0.004769361112266779,
    -0.051951244473457336,
    0.014724710024893284,
    0.031038988381624222,
    -0.045971572399139404,
    0.020945515483617783,
    0.000023313035853789188,
    0.03975372016429901,
    0.018086040392518044,
    0.08060333132743835,
    0.021448591724038124,
    -0.037893474102020264,
    -0.010811353102326393,
    0.05983612313866615,
    0.07388962060213089,
    0.11861925572156906,
    0.04097853600978851,
    0.029922636225819588,
    -0.0037544064689427614,
    0.022679563611745834,
    0.020339125767350197,
    0.04371635615825653,
    0.022334644570946693,
    -0.0046438840217888355,
    0.08314573764801025,
    0.034047387540340424,
    0.09825783967971802,
    -0.016342081129550934,
    0.05791010707616806,
    -0.04436876252293587,
    0.026370253413915634,
    -0.040236569941043854,
    0.047724589705467224,
    -0.10960813611745834,
    -0.08211210370063782,
    0.015709729865193367,
    -0.008655271492898464,
    -0.009114126674830914,
    -0.038257621228694916,
    0.12546932697296143,
    0.024516064673662186,
    -0.017008475959300995,
    -0.03333565592765808,
    0.1062978059053421,
    0.07451555877923965,
    0.016902443021535873,
    0.08006009459495544,
    0.04856334626674652,
    0.038878217339515686,
    0.06423275172710419,
    -0.09061253815889359,
    -0.0330398827791214,
    0.06147174909710884,
    -0.06335800141096115,
    -0.0021946104243397713,
    0.051118236035108566,
    0.08675149083137512,
    0.02148909494280815,
    0.068520687520504,
    -0.05142781883478165,
    -0.04320027306675911,
    0.03346208855509758,
    -6.0580339312114796e-33,
    -0.0024119967129081488,
    0.09622460603713989,
    -0.07891598343849182,
    0.08395244181156158,
    0.05328642949461937,
    -0.033213891088962555,
    0.02481158636510372,
    0.03822121024131775,
    0.0969691351056099,
    0.00485090259462595,
    -0.011074274778366089,
    0.04018137603998184,
    0.04499511048197746,
    -0.07734442502260208,
    0.011677631177008152,
    0.01468117255717516,
    -0.02221006155014038,
    0.06048734858632088,
    0.043549325317144394,
    -0.016461635008454323,
    -0.03716936334967613,
    0.09192304313182831,
    0.056785065680742264,
    0.002419827738776803,
    0.0467979796230793,
    -0.04294454678893089,
    0.015373652800917625,
    0.06655452400445938,
    -0.018870042636990547,
    -0.037510670721530914,
    0.08138255029916763,
    -0.14321234822273254,
    -0.00001803366103558801,
    -0.024839457124471664,
    0.03330501914024353,
    -0.0985751822590828,
    0.027549346908926964,
    0.05097091570496559,
    -0.009364915080368519,
    0.054128870368003845,
    0.002951058093458414,
    0.006333906203508377,
    -0.036506034433841705,
    0.02438945882022381,
    -0.03358169272542,
    -0.011643749661743641,
    0.018297482281923294,
    -0.06661670655012131,
    -0.0035566380247473717,
    -0.05120864883065224,
    0.06550317257642746,
    -0.009091759100556374,
    -0.08210287243127823,
    0.006465706042945385,
    -0.026289990171790123,
    0.10506811738014221,
    0.0013344305334612727,
    0.05666714534163475,
    0.017447158694267273,
    -0.03800709918141365,
    -0.0012346628354862332,
    0.03147135302424431,
    0.04587356746196747,
    -0.016331607475876808,
    0.08926741778850555,
    -0.007466775830835104,
    -0.019277552142739296,
    -0.06140166521072388,
    -0.038095682859420776,
    0.07033074647188187,
    -0.045890923589468,
    -0.040243037045001984,
    0.0033447439782321453,
    -0.09488201141357422,
    -0.015672676265239716,
    0.04280424118041992,
    -0.026778830215334892,
    0.06180841848254204,
    0.011496958322823048,
    -0.028255924582481384,
    -0.06265880167484283,
    0.022254394367337227,
