{
  "id": 335,
  "vector": [
    -0.036536287516355515,
    0.04378313198685646,
    -0.011120784096419811,
    0.006598485168069601,
    -0.004522382747381926,
    0.0019590547308325768,
    0.04364122077822685,
    0.03314774110913277,
    -0.01873345486819744,
    0.0887528657913208,
    0.00902473647147417,
    -0.06048358231782913,
    -0.067225381731987,
    -0.027931613847613335,
    -0.036821357905864716,
    -0.07524934411048889,
    -0.002640583785250783,
    -0.01061705406755209,
    -0.10701672732830048,
    -0.07023460417985916,
    0.06350702792406082,
    -0.0493367537856102,
    0.013560363091528416,
    0.0082212770357728,
    0.04717535153031349,
    0.014855948276817799,
    -0.023261884227395058,
    0.014204425737261772,
    -0.012237944640219212,
    -0.04327235370874405,
    -0.02740718238055706,
    0.07086893171072006,
    -0.015115857124328613,
    0.06373767554759979,
    -0.09420398622751236,
    0.04398683086037636,
    0.04149433970451355,
    -0.029517540708184242,
    0.13143925368785858,
    -0.04841748625040054,
    0.05116112157702446,
    -0.0595536082983017,
    0.045382410287857056,
    0.010830660350620747,
    0.07521363347768784,
    0.03698476403951645,
    -0.031022563576698303,
    0.0639922022819519,
    0.0076597947627305984,
    -0.002492933999747038,
    -0.004281472880393267,
    0.003962535411119461,
    -0.10852906852960587,
    0.011596202850341797,
    0.037884246557950974,
    -0.1777535229921341,
    -0.03291981667280197,
    0.0066988603211939335,
    0.08692112565040588,
    0.10017957538366318,
    -0.03131388872861862,
    -0.005496959201991558,
    -0.099703848361969,
    0.011553367599844933,
    -0.00716700404882431,
    -0.041962653398513794,
    -0.11857836693525314,
    -0.005501430481672287,
    -0.040681298822164536,
    0.10556137561798096,
    0.02292361855506897,
    0.013420738279819489,
    0.07494591176509857,
    -0.01059463806450367,
    -0.039484038949012756,
    -0.02404894307255745,
    0.019891055300831795,
    -0.02775401994585991,
    -0.037332355976104736,
    0.09632537513971329,
    -0.05211954191327095,
    0.06295250356197357,
    0.01938340999186039,
    0.04777827486395836,
    -0.030536619946360588,
    -0.07962530106306076,
    -0.05265452712774277,
    0.029969951137900352,
    -0.025608910247683525,
    -0.1404953896999359,
    0.018686443567276,
    0.06940817832946777,
    -0.0104397376999259,
    0.08716384321451187,
    -0.07899852097034454,
    0.013252511620521545,
    -0.022029351443052292,
    -0.0889030247926712,
    -0.04038206860423088,
    0.050334639847278595,
    -0.004563445691019297,
    0.028041953220963478,
    0.12170995026826859,
    -0.02983233518898487,
    -0.0437622033059597,
    -0.04341592639684677,
    -0.024027684703469276,
    0.06355863809585571,
    0.07424156367778778,
    -0.022553717717528343,
    -0.11859939992427826,
    -0.004622438456863165,
    -0.13578344881534576,
    -0.007087275851517916,
    -0.08646833151578903,
    -0.05859366059303284,
    -0.047674406319856644,
    -0.08026403188705444,
    0.018166637048125267,
    0.009684978984296322,
    -0.03260486572980881,
    -0.006339127663522959,
    0.046598587185144424,
    -0.050155431032180786,
    -0.07783956080675125,
    -0.04227897897362709,
    0.05644262954592705,
    4.425932024123721e-33,
    -0.07479286938905716,
    -0.02088082768023014,
    0.030284611508250237,
    -0.020975545048713684,
    0.07252158969640732,
    -0.06945633143186569,
    0.029343292117118835,
    -0.04424768686294556,
    0.02201256714761257,
    0.035683054476976395,
    -0.03366945683956146,
    -0.01415536180138588,
    -0.06922433525323868,
    0.07162601500749588,
    0.007979043759405613,
    0.0005450659082271159,
    -0.04190034046769142,
    -0.02601701393723488,
    0.045956604182720184,
    -0.06375007331371307,
    0.0004665653104893863,
    -0.028168868273496628,
    0.0373479463160038,
    -0.008882714435458183,
    -0.016107182949781418,
    0.008126391097903252,
    0.06184171885251999,
    -0.017126651480793953,
    0.022796928882598877,
    0.07431123405694962,
    0.09010981768369675,
    0.02797003649175167,
    0.02814367227256298,
    -0.0677081048488617,
    -0.0915968269109726,
    0.0014124457957223058,
    -0.05890998616814613,
    -0.0017542182467877865,
    0.015772832557559013,
    0.06188663840293884,
    0.04359334707260132,
    -0.003268869360908866,
    0.04289761930704117,
    0.07205130904912949,
    -0.055614881217479706,
    0.05274008959531784,
    0.015156343579292297,
    0.012085245922207832,
    0.07809147238731384,
    0.041591282933950424,
    0.028663169592618942,
    -0.0001493513846071437,
    -0.02619604580104351,
    0.08356813341379166,
    0.033604588359594345,
    -0.05299989879131317,
    -0.023685917258262634,
    0.056626901030540466,
    0.05522304028272629,
    0.02008962258696556,
    0.031410519033670425,
    -0.04945293441414833,
    0.012221320532262325,
    -0.018881091848015785,
    -0.040174663066864014,
    -0.009468846023082733,
    -0.03421904146671295,
    -0.01981724612414837,
    0.04510219022631645,
    0.005715111270546913,
    0.01117759384214878,
    -0.002335090423002839,
    0.08844420313835144,
    -0.006413404829800129,
    0.042922377586364746,
    0.006140874233096838,
    0.13385534286499023,
    0.09808231145143509,
    -0.026822397485375404,
    0.0734897255897522,
    -0.029865995049476624,
    0.016370367258787155,
    0.012766462750732899,
    0.006668116431683302,
    -0.042729850858449936,
    0.07249587774276733,
    -0.0411769263446331,
    -0.05784329026937485,
    -0.01988169550895691,
    0.03506949171423912,
    -0.031383760273456573,
    0.011646866798400879,
    -0.024619990959763527,
    -0.046559832990169525,
    -0.03924749419093132,
    -3.65523752010632e-33,
    0.04339326545596123,
    0.03735172003507614,
    -0.007407488767057657,
    0.06544900685548782,
    0.05532976612448692,
    -0.050576191395521164,
    0.07733213901519775,
    0.017762113362550735,
    0.07062781602144241,
    0.04446490854024887,
    0.0005613674875348806,
    -0.027405474334955215,
    0.07854921370744705,
    0.07811076939105988,
    -0.05213754624128342,
    0.038460128009319305,
    0.031330931931734085,
    0.07338035106658936,
    0.04594266787171364,
    0.006098960060626268,
    0.013413239270448685,
    0.044396765530109406,
    0.026540230959653854,
    0.007479790132492781,
    0.02969105914235115,
    0.004259401932358742,
    0.024078497663140297,
    0.01094928290694952,
    -0.021694472059607506,
    -0.008603068999946117,
    0.016590822488069534,
    -0.12331801652908325,
    -0.05679633468389511,
    0.018234720453619957,
    -0.06624660640954971,
    -0.07836668193340302,
    0.018473366275429726,
    0.05403216555714607,
    -0.04798222333192825,
    0.06968957930803299,
    0.12001500278711319,
    0.03724725916981697,
    -0.020987505093216896,
    0.02413187175989151,
    0.013690071180462837,
    -0.08437454700469971,
    0.020882491022348404,
    -0.0055125197395682335,
    0.02391042374074459,
    -0.029550187289714813,
    0.09009472280740738,
    0.0456971675157547,
    -0.10387056320905685,
    -0.049175556749105453,
    0.017207147553563118,
    0.0587785504758358,
    0.03666532039642334,
    0.018871547654271126,
    -0.08186444640159607,
    -0.10617222636938095,
    -0.03829827159643173,
    -0.006137851160019636,
    0.00809326209127903,
    -0.03506266325712204,
    0.10692960023880005,
    0.09202680736780167,
    0.017700187861919403,
    -0.015948191285133362,
    0.03287799283862114,
    0.08201916515827179,
    -0.01681114174425602,
    -0.07360097020864487,
    -0.02829492837190628,
    -0.04931246116757393,
    -0.017404796555638313,
    0.044420674443244934,
    0.0047400519251823425,
    0.058365002274513245,
    0.04846709221601486,
    0.04539190232753754,
    -0.01002059318125248,
    0.01837804727256298,
    -0.014857286587357521,
    0.03774339705705643,
