{
  "id": 930,
  "vector": [
    -0.004832067061215639,
    0.022339072078466415,
    -0.02827920950949192,
    0.07128270715475082,
    -0.02437090128660202,
    0.042291309684515,
    0.06147652491927147,
    0.06323651224374771,
    0.0003001628501806408,
    -0.02912116050720215,
    0.05363108962774277,
    -0.11731339246034622,
    0.03275249898433685,
    -0.057868842035532,
    0.03135986998677254,
    -0.056060727685689926,
    -0.002567191142588854,
    0.038092877715826035,
    -0.15783971548080444,
    -0.06352992355823517,
    0.0324164479970932,
    -0.0286005400121212,
    0.021914098411798477,
    -0.004239012021571398,
    -0.013020221143960953,
    0.11110008507966995,
    0.026803478598594666,
    0.026923401281237602,
    0.001947475248016417,
    -0.02408607117831707,
    -0.02630789391696453,
    0.08904027938842773,
    0.009521366097033024,
    0.026719721034169197,
    0.009150375612080097,
    -0.05227109044790268,
    -0.1111614927649498,
    -0.018624339252710342,
    0.13053926825523376,
    0.026316821575164795,
    0.014277690090239048,
    -0.007876705378293991,
    0.08023291081190109,
    0.014645359478890896,
    -0.0974285900592804,
    -0.06282192468643188,
    -0.030534397810697556,
    0.06528457254171371,
    -0.0005917464732192457,
    -0.047228001058101654,
    0.03659955784678459,
    0.05778643488883972,
    -0.09558749943971634,
    0.040834344923496246,
    0.05528264120221138,
    -0.07995054125785828,
    -0.0123063949868083,
    -0.04405996575951576,
    -0.0006986962398514152,
    0.09968219697475433,
    -0.036859724670648575,
    -0.0016745320754125714,
    -0.06759069114923477,
    0.009871619753539562,
    -0.03820430114865303,
    0.00594067107886076,
    -0.021446671336889267,
    -0.04128342494368553,
    -0.011740312911570072,
    0.03575710207223892,
    -0.034734129905700684,
    0.029950421303510666,
    0.028836511075496674,
    0.02367386221885681,
    -0.019499722868204117,
    -0.033108342438936234,
    0.04672803357243538,
    -0.04978827387094498,
    -0.055261850357055664,
    -0.047624874860048294,
    -0.02150759845972061,
    0.03632287308573723,
    -0.034836944192647934,
    0.02870406024158001,
    -0.044868893921375275,
    -0.012501796707510948,
    0.005656217224895954,
    0.036593761295080185,
    0.03800902143120766,
    0.028148368000984192,
    0.017559722065925598,
    0.03030354343354702,
    -0.0032917028293013573,
    -0.06568282842636108,
    -0.07610857486724854,
    0.10042248666286469,
    -0.060946717858314514,
    -0.045794181525707245,
    0.019358329474925995,
    0.013460964895784855,
    0.05409170687198639,
    -0.06486625969409943,
    0.07861895114183426,
    -0.03508997708559036,
    0.024108722805976868,
    -0.010252105072140694,
    -0.0023800255730748177,
    0.005159884691238403,
    0.006038575898855925,
    0.029194507747888565,
    -0.035134993493556976,
    -0.020068423822522163,
    -0.055857762694358826,
    -0.03513895347714424,
    0.060951314866542816,
    -0.025892924517393112,
    0.13866794109344482,
    -0.02259742096066475,
    0.07861178368330002,
    -0.07748302817344666,
    0.0568864643573761,
    -0.04815893620252609,
    0.047472625970840454,
    -0.027508512139320374,
    -0.0982631966471672,
    0.045890845358371735,
    0.0006628965493291616,
    7.06157439700159e-33,
    -0.09722913801670074,
    -0.04217183217406273,
    0.06955783814191818,
    0.06534937769174576,
    -0.041915103793144226,
    -0.019333679229021072,
    -0.01095679309219122,
    -0.00389660382643342,
    0.002215047599747777,
    0.013675634749233723,
    -0.028071844950318336,
    0.08177288621664047,
    -0.07696506381034851,
    0.07458066940307617,
    0.00867877621203661,
    -0.037541765719652176,
    0.020166555419564247,
    0.09552222490310669,
    -0.008010649122297764,
    -0.022960012778639793,
    -0.05839480087161064,
    0.07414931803941727,
    0.03414500877261162,
    0.07708535343408585,
    -0.04150256887078285,
    0.08560127019882202,
    0.08409307897090912,
    -0.05348861217498779,
    0.01354322861880064,
    -0.014180298894643784,
    0.1249919906258583,
    0.005529101472347975,
    0.020440056920051575,
    -0.012797349132597446,
    -0.03561179339885712,
    0.05771636217832565,
    -0.04859744384884834,
    -0.010096936486661434,
    -0.036916788667440414,
    -0.029906028881669044,
    -0.0318068265914917,
    -0.0071244374848902225,
    0.026715492829680443,
    0.08242355287075043,
    -0.05613195523619652,
    0.06692627817392349,
    0.00605163024738431,
    -0.052627984434366226,
    0.0810730904340744,
    0.012140349484980106,
    0.014233981259167194,
    -0.0008875549538061023,
    0.03708827123045921,
    0.036715757101774216,
    0.08585139364004135,
    0.04238457605242729,
    -0.027009477838873863,
    0.12449038028717041,
    0.03381425142288208,
    0.009257853962481022,
    -0.04645727574825287,
    0.011205931194126606,
    -0.055109668523073196,
    0.05682621896266937,
    0.07519800215959549,
    0.03721947595477104,
    -0.11427868157625198,
    -0.07948450744152069,
    0.0082016596570611,
    0.0027454381342977285,
    0.01623181439936161,
    -0.01652192696928978,
    0.08398149162530899,
    0.030788585543632507,
    0.08340558409690857,
    -0.012136498466134071,
    0.07327073812484741,
    -0.0031546016689389944,
    -0.039093371480703354,
    0.08605491369962692,
    -0.055510640144348145,
    -0.0002549590717535466,
    0.08638684451580048,
    -0.04918430745601654,
    -0.028126269578933716,
    -0.031203947961330414,
    -0.07162096351385117,
    -0.00745294988155365,
    0.012872207909822464,
    -0.00819555763155222,
    0.017956173047423363,
    -0.009600760415196419,
    -0.011335325427353382,
    0.01903817616403103,
    -0.12000735849142075,
    -6.610524724963601e-33,
    -0.01874736323952675,
    0.052916716784238815,
    0.015604670159518719,
    0.06924905627965927,
    0.025325657799839973,
    0.006029807031154633,
    -0.03257129713892937,
    0.029758503660559654,
    -0.0184943787753582,
    -0.05787084624171257,
    -0.04108722135424614,
    -0.013391448184847832,
    0.02689768560230732,
    -0.07523655146360397,
    -0.060289155691862106,
    0.034636422991752625,
    0.047121353447437286,
    0.06530288606882095,
    -0.013334295712411404,
    0.06379591673612595,
    -0.06016627699136734,
    0.059045132249593735,
    0.031053896993398666,
    0.09068167209625244,
    -0.04565759748220444,
    -0.020379671826958656,
    0.09081508964300156,
    -0.03743733465671539,
    -0.03817244991660118,
    0.024469375610351562,
    0.09727080166339874,
    -0.08201678097248077,
    0.07110238075256348,
    0.0273046363145113,
    -0.05833251774311066,
    -0.09664842486381531,
    0.05988212302327156,
    -0.0007001308840699494,
    -0.007651499472558498,
    0.031086742877960205,
    -0.006346156820654869,
    -0.02520282007753849,
    0.029146263375878334,
    -0.010933995246887207,
    -0.017580365762114525,
    -0.07463958859443665,
    -0.024059642106294632,
    -0.05411851778626442,
    -0.008862342685461044,
    0.01722264476120472,
    -0.006118860095739365,
    -0.010607347823679447,
    -0.11657208949327469,
    -0.061673931777477264,
    -0.01249627210199833,
    -0.019974112510681152,
    -0.03473940119147301,
    0.02161715365946293,
    0.06557267904281616,
    -0.004796373192220926,
    -0.0199703611433506,
    -0.03962213918566704,
    -0.01490660011768341,
    0.031502190977334976,
    0.0019313781522214413,
    0.026651564985513687,
    -0.0006326825241558254,
    -0.02426266111433506,
    -0.04336514696478844,
    -0.005213913042098284,
    0.04601903259754181,
    0.02150270715355873,
    -0.04458418861031532,
    -0.06540259718894958,
    0.07957348227500916,
    0.015640078112483025,
    0.02345103956758976,
    -0.04314017295837402,
    0.02710288017988205,
    0.05715760588645935,
    -0.061437662690877914,
    0.035658642649650574,
