{
  "id": 28,
  "vector": [
    -0.01075178012251854,
    0.0656517967581749,
    -0.017186973243951797,
    0.033528223633766174,
    -0.024050556123256683,
    -0.004024759400635958,
    0.10199422389268875,
    0.058589812368154526,
    -0.0310435201972723,
    -0.03438688814640045,
    -0.04139619693160057,
    -0.10563328117132187,
    0.0348859578371048,
    -0.05278904363512993,
    0.03550253063440323,
    -0.07586495578289032,
    0.04087942838668823,
    -0.003111844649538398,
    -0.11826282739639282,
    -0.06994449347257614,
    0.024036819115281105,
    -0.040008481591939926,
    0.01641964539885521,
    -0.009560092352330685,
    0.049831144511699677,
    -0.0001374228304484859,
    0.03832440450787544,
    -0.06096763536334038,
    -0.004437890835106373,
    -0.08207716047763824,
    0.08040174841880798,
    0.04946397617459297,
    0.015483582392334938,
    -0.00858854129910469,
    0.011407059617340565,
    -0.0318896509706974,
    -0.0689208060503006,
    0.011243965476751328,
    0.06407099217176437,
    -0.02764895372092724,
    0.007018410135060549,
    0.055802710354328156,
    0.019710587337613106,
    -0.07182277739048004,
    -0.053876351565122604,
    -0.058023855090141296,
    0.0424048937857151,
    -0.007205629255622625,
    0.035877618938684464,
    0.03534531220793724,
    0.049238696694374084,
    0.02138228341937065,
    -0.10848907381296158,
    0.02273697778582573,
    0.050114717334508896,
    -0.08863962441682816,
    -0.10148316621780396,
    -0.002164921024814248,
    -0.03132588788866997,
    0.05359988659620285,
    0.0067886789329349995,
    0.050598543137311935,
    -0.029496418312191963,
    0.031377967447042465,
    0.04454555734992027,
    -0.05429542064666748,
    0.0032092686742544174,
    -0.07186753302812576,
    -0.012234213761985302,
    -0.004711431916803122,
    -0.057848166674375534,
    0.04364623874425888,
    0.08707565069198608,
    0.01382385939359665,
    0.01693357527256012,
    0.00795330572873354,
    0.08456210792064667,
    -0.03149213269352913,
    0.024271953850984573,
    -0.05661902576684952,
    -0.10332687944173813,
    -0.021582523360848427,
    0.048271238803863525,
    0.042321618646383286,
    -0.04370946064591408,
    -0.006992758251726627,
    -0.0073702591471374035,
    0.08171623945236206,
    0.09805474430322647,
    -0.039613429456949234,
    0.02641831338405609,
    0.029353270307183266,
    -0.0017120540142059326,
    0.03087158501148224,
    -0.05059370398521423,
    -0.006398066412657499,
    -0.043018024414777756,
    0.056805968284606934,
    -0.021023422479629517,
    0.09663774073123932,
    0.03204395994544029,
    0.008720368146896362,
    0.1698896288871765,
    0.010480587370693684,
    -0.05269426479935646,
    -0.015064300037920475,
    0.015138484537601471,
    0.007743882015347481,
    -0.005508103407919407,
    0.02156704105436802,
    -0.0622989721596241,
    -0.02156589739024639,
    0.03213219717144966,
    -0.0332506000995636,
    0.012216085568070412,
    0.0109448516741395,
    0.04022204875946045,
    -0.033178865909576416,
    0.052324213087558746,
    -0.041807062923908234,
    0.05757151544094086,
    -0.031480301171541214,
    0.055658843368291855,
    0.003461024258285761,
    -0.06584228575229645,
    0.03360042721033096,
    -0.014153366908431053,
    6.789562800169405e-33,
    -0.04601375386118889,
    0.028676113113760948,
    0.045882176607847214,
    -0.006587781477719545,
    -0.03579409420490265,
    -0.060271333903074265,
    0.008604705333709717,
    -0.004850383847951889,
    -0.01895042322576046,
    0.0984228327870369,
    -0.025623060762882233,
    0.02962024323642254,
    0.038566965609788895,
    0.05283454433083534,
    -0.00543799577280879,
    -0.018821431323885918,
    -0.04842181131243706,
    -0.07585791498422623,
    0.027898866683244705,
    -0.01878630369901657,
    -0.08340884000062943,
    -0.018025746569037437,
    -0.006272571627050638,
    0.07790714502334595,
    -0.06298162043094635,
    -0.026843594387173653,
    0.03366479650139809,
    -0.03857981786131859,
    -0.08285314589738846,
    0.033305563032627106,
    0.08700141310691833,
    0.005517078097909689,
    -0.025089489296078682,
    0.008900581859052181,
    -0.07425425201654434,
    0.004824033007025719,
    -0.01953376643359661,
    -0.0025290832854807377,
    0.027959302067756653,
    -0.009224616922438145,
    0.021305566653609276,
    0.04060443118214607,
    0.029437949880957603,
    0.003575512208044529,
    0.015481091104447842,
    0.003416641615331173,
    0.030471082776784897,
    0.09611223638057709,
    0.11386079341173172,
    0.06649786233901978,
    0.0017419004580006003,
    0.04483664780855179,
    0.00331692211329937,
    0.045027412474155426,
    0.05499229207634926,
    0.009781365282833576,
    -0.0015175420558080077,
    0.045707300305366516,
    0.035527415573596954,
    0.07316651195287704,
    0.003362668212503195,
    0.021596703678369522,
    -0.08817274868488312,
    0.04908473789691925,
    -0.016962235793471336,
    0.04006277024745941,
    -0.02086758427321911,
    -0.03168013319373131,
    -0.02220478467643261,
    -0.020866889506578445,
    -0.06738628447055817,
    -0.01744738221168518,
    0.11865752935409546,
    -0.020738983526825905,
    -0.025202764198184013,
    -0.048687566071748734,
    0.06133833900094032,
    0.07906871289014816,
    0.010239064693450928,
    0.07184871286153793,
    0.04324958845973015,
    -0.001756557496264577,
    0.03446012735366821,
    -0.08029733598232269,
    -0.030917705968022346,
    0.03007097728550434,
    0.008108997717499733,
    0.002378847450017929,
    -0.0330975167453289,
    0.06604678928852081,
    0.06136094778776169,
    0.05489976704120636,
    -0.020045343786478043,
    -0.04013638198375702,
    -0.015251033008098602,
    -4.860403185053285e-33,
    -0.0032895980402827263,
    0.08149778842926025,
    -0.1200193241238594,
    0.04868943616747856,
    0.07773604243993759,
    0.018674850463867188,
    0.07041008770465851,
    0.061789367347955704,
    0.07038234919309616,
    -0.03679684177041054,
    -0.0013574912445619702,
    -0.0306992344558239,
    0.06196994334459305,
    -0.0189348291605711,
    -0.045944154262542725,
    -0.03242653235793114,
    -0.02207782305777073,
    0.04313715919852257,
    0.06670332700014114,
    -0.03661921247839928,
    -0.009275943040847778,
    0.09296053647994995,
    0.016501009464263916,
    -0.0001547702559037134,
    0.01895802654325962,
    0.00786262284964323,
    0.012893889099359512,
    0.11153661459684372,
    -0.05229564383625984,
    0.009611505083739758,
    0.03138516843318939,
    -0.09701638668775558,
    0.051720816642045975,
    0.017686346545815468,
    -0.054313283413648605,
    -0.07608500123023987,
    0.03543417528271675,
    0.041173454374074936,
    -0.010311989113688469,
    0.026027394458651543,
    -0.03127434104681015,
    -0.0036038027610629797,
    0.0329134464263916,
    0.004431814420968294,
    -0.03917229175567627,
    0.02964760735630989,
    -0.0208576750010252,
    -0.04053965583443642,
    0.010013171471655369,
    -0.054607197642326355,
    0.0035898485220968723,
    0.0015661143697798252,
    -0.09562832862138748,
    -0.05542906001210213,
    -0.0506388284265995,
    0.13084715604782104,
    0.017801743000745773,
    0.08634765446186066,
    0.004234753083437681,
    0.004542793147265911,
    0.025325825437903404,
    0.06878471374511719,
    0.07552454620599747,
    0.007137850392609835,
    0.07344534248113632,
    0.009944228455424309,
    -0.008427822962403297,
    -0.041167937219142914,
    -0.01464784424751997,
    0.061271410435438156,
    0.025758560746908188,
    -0.048590581864118576,
    0.03161226585507393,
    -0.0686166062951088,
    0.038907866925001144,
    0.0024093864485621452,
    0.009432272985577583,
    0.02981378696858883,
    -0.004247342702001333,
    -0.023190630599856377,
    -0.03471289202570915,
    0.05899989604949951,
    0.03427236154675484,
