{
  "id": 1032,
  "vector": [
    -0.026646817103028297,
    0.013291725888848305,
    -0.05888684466481209,
    0.036694057285785675,
    -0.03609343245625496,
    0.03762802481651306,
    0.09591914713382721,
    0.05649847537279129,
    -0.031458739191293716,
    -0.026283374056220055,
    0.05359330400824547,
    -0.07460978627204895,
    -0.03855893015861511,
    -0.057727791368961334,
    -0.00921283196657896,
    -0.05206673592329025,
    -0.002365538850426674,
    0.06085224077105522,
    -0.16119252145290375,
    -0.09159725904464722,
    -0.0052329376339912415,
    -0.05232957750558853,
    0.015584751963615417,
    -0.004255723208189011,
    0.03075740672647953,
    0.07131657749414444,
    0.03458305075764656,
    0.002519194735214114,
    -0.07371123135089874,
    -0.04640449583530426,
    0.021504027768969536,
    0.048543721437454224,
    0.013743003830313683,
    -0.009504574351012707,
    -0.034541793167591095,
    -0.024852650240063667,
    -0.09173509478569031,
    -0.03586175665259361,
    0.1257099062204361,
    0.023430876433849335,
    0.0046453215181827545,
    -0.02352639101445675,
    0.07722415775060654,
    0.024682164192199707,
    -0.053966693580150604,
    -0.03704353794455528,
    -0.01409837044775486,
    0.07028095424175262,
    -0.01798965595662594,
    -0.024684669449925423,
    0.031066475436091423,
    0.04243885725736618,
    -0.08933249115943909,
    0.024439280852675438,
    0.03132873401045799,
    -0.07237847149372101,
    -0.03822052851319313,
    -0.01641698367893696,
    -0.05239538475871086,
    0.04381373152136803,
    0.017889833077788353,
    0.024861879646778107,
    -0.08106402307748795,
    0.008993121795356274,
    -0.0829319953918457,
    0.012156812474131584,
    0.005377830006182194,
    -0.048884596675634384,
    -0.010648188181221485,
    0.06553291529417038,
    -0.06043887510895729,
    0.012196565978229046,
    -0.0020365517120808363,
    -0.028910519555211067,
    -0.03393334895372391,
    0.01841771975159645,
    0.0550650916993618,
    -0.07627519965171814,
    -0.005729420576244593,
    -0.0015265989350154996,
    -0.0393335297703743,
    0.05891840159893036,
    -0.04044632613658905,
    0.04421529918909073,
    -0.036105137318372726,
    -0.004199290182441473,
    0.03033326379954815,
    0.05165539309382439,
    0.018769584596157074,
    0.06005648151040077,
    0.03588814660906792,
    0.044784896075725555,
    0.032879360020160675,
    -0.0456366129219532,
    -0.08173233270645142,
    0.055638499557971954,
    -0.055669303983449936,
    -0.04893612116575241,
    0.03339390829205513,
    -0.011404208838939667,
    0.07332253456115723,
    -0.04439524933695793,
    0.08872199058532715,
    -0.05079389363527298,
    -0.033978719264268875,
    0.007020769640803337,
    -0.01625843718647957,
    -0.008452925831079483,
    0.014282352291047573,
    0.021219946444034576,
    -0.07651655375957489,
    -0.021178698167204857,
    -0.020681539550423622,
    -0.06477690488100052,
    0.013896871358156204,
    0.048711374402046204,
    0.08320672810077667,
    -0.009007417596876621,
    0.05292093753814697,
    -0.0021271859295666218,
    0.05045884847640991,
    -0.03175380080938339,
    0.059755630791187286,
    -0.013878550380468369,
    -0.09855040907859802,
    0.0637144222855568,
    -0.03208666294813156,
    6.783633165853476e-33,
    -0.10834254324436188,
    -0.040251098573207855,
    0.07933444529771805,
    0.05731929466128349,
    -0.012439087964594364,
    0.04095441475510597,
    -0.06461130082607269,
    -0.050985828042030334,
    -0.0215762909501791,
    0.01456612627953291,
    -0.055609218776226044,
    0.04881666973233223,
    -0.06913138180971146,
    0.03952890634536743,
    -0.03897988796234131,
    0.037374336272478104,
    -0.007299840450286865,
    0.06343187391757965,
    -0.04622804373502731,
    -0.040744684636592865,
    -0.06836874037981033,
    0.0770537480711937,
    -0.018237462267279625,
    0.06598781049251556,
    -0.041140079498291016,
    0.05054633319377899,
    0.09739991277456284,
    -0.019707413390278816,
    -0.022502608597278595,
    -0.006049029063433409,
    0.12723813951015472,
    0.006778424140065908,
    -0.020953286439180374,
    0.018572822213172913,
    -0.045908425003290176,
    0.017738180235028267,
    -0.02845868282020092,
    -0.014813689514994621,
    0.022308293730020523,
    -0.032016173005104065,
    0.0016989419236779213,
    0.0004796699795406312,
    0.07988447695970535,
    0.11385241150856018,
    -0.047801900655031204,
    0.039308737963438034,
    -0.02966119349002838,
    -0.021799853071570396,
    0.07168466597795486,
    0.018122220411896706,
    -0.018713612109422684,
    0.025374174118041992,
    0.03931242972612381,
    0.11628327518701553,
    0.09106040745973587,
    0.004012858495116234,
    -0.061498481780290604,
    0.15870559215545654,
    0.07738960534334183,
    0.05438681319355965,
    -0.043467216193675995,
    0.04882229119539261,
    -0.01399923488497734,
    0.013900689780712128,
    0.07212967425584793,
    0.03623271360993385,
    -0.09045635163784027,
    -0.06459779292345047,
    -0.03235963359475136,
    0.03365188091993332,
    0.04167860001325607,
    -0.007150028366595507,
    0.09305507689714432,
    0.017585039138793945,
    0.07127898186445236,
    -0.03360011428594589,
    0.11974355578422546,
    0.032455675303936005,
    -0.03308694437146187,
    0.05131694674491882,
    -0.08492744714021683,
    -0.013266243040561676,
    0.04968773201107979,
    -0.04949510842561722,
    -0.06688440591096878,
    -0.041364338248968124,
    -0.11880777776241302,
    0.02344021387398243,
    0.018221411854028702,
    0.009496521204710007,
    0.03894113376736641,
    -0.01486807968467474,
    -0.08031042665243149,
    0.011364320293068886,
    -0.10429031401872635,
    -5.909764053296464e-33,
    0.010382203385233879,
    0.04107624664902687,
    -0.031063901260495186,
    0.08660893887281418,
    0.04495849460363388,
    -0.023178018629550934,
    0.0225042924284935,
    -0.018535858020186424,
    -0.007835397496819496,
    -0.042187683284282684,
    -0.042372576892375946,
    -0.03204277157783508,
    0.03497828170657158,
    -0.0009393329382874072,
    -0.03203820064663887,
    0.018770582973957062,
    0.08586058765649796,
    0.07250524312257767,
    -0.008100919425487518,
    0.04641489312052727,
    -0.09866198152303696,
    0.06183129549026489,
    -0.002314967568963766,
    0.10439181327819824,
    -0.07035559415817261,
    -0.02297189086675644,
    0.04798230901360512,
    -0.03890202194452286,
    -0.06663606315851212,
    0.036158815026283264,
    0.1186247393488884,
    -0.08965621888637543,
    -0.0004040354397147894,
    -0.009842313826084137,
    -0.08396920561790466,
    -0.09070516377687454,
    0.08639083057641983,
    0.03821871429681778,
    -0.038844507187604904,
    0.04117010161280632,
    0.060488712042570114,
    -0.06907718628644943,
    0.042435385286808014,
    0.023538725450634956,
    0.02113787643611431,
    -0.05851602181792259,
    -0.051825717091560364,
    -0.034169405698776245,
    -0.011186176910996437,
    0.02188277058303356,
    0.03447224572300911,
    0.02286476083099842,
    -0.07572691142559052,
    -0.031029675155878067,
    0.028426121920347214,
    0.012311369180679321,
    -0.009386444464325905,
    -0.00029814429581165314,
    0.0582035556435585,
    0.037547625601291656,
    -0.015694275498390198,
    -0.06762486696243286,
    0.017938867211341858,
    0.0035230566281825304,
    -0.0016508051194250584,
    0.018280064687132835,
    0.002253127982839942,
    0.011888853274285793,
    0.008530139923095703,
    0.010070543736219406,
    0.05714346095919609,
    0.023134589195251465,
    -0.03621193766593933,
    -0.04103861376643181,
    0.05831035226583481,
    -0.011209986172616482,
    0.041917309165000916,
    -0.008567006327211857,
    0.08232652395963669,
    0.022242801263928413,
    -0.0402538999915123,
    -0.0065903253853321075,
