{
  "id": 1096,
  "vector": [
    -0.07010859251022339,
    0.058517783880233765,
    -0.04503685608506203,
    0.02071969397366047,
    -0.07555912435054779,
    -0.03148910030722618,
    0.08754120767116547,
    0.09465648978948593,
    -0.044040560722351074,
    0.0005297271418385208,
    0.0619497187435627,
    -0.020436415448784828,
    0.002653168048709631,
    -0.047595392912626266,
    -0.04767211899161339,
    -0.0695401132106781,
    0.0526743158698082,
    0.05076649785041809,
    -0.06498928368091583,
    -0.031975455582141876,
    0.03175861015915871,
    -0.04538021609187126,
    0.048190888017416,
    -0.04579486697912216,
    -0.03314853459596634,
    0.06304782629013062,
    0.011119101196527481,
    -0.004331423435360193,
    0.014775482937693596,
    -0.02439798228442669,
    -0.02373264916241169,
    0.04495560750365257,
    -0.06123410165309906,
    -0.03518454730510712,
    -0.004377088975161314,
    -0.07557623088359833,
    -0.02184431627392769,
    -0.009295372292399406,
    0.07987332344055176,
    -0.004028366878628731,
    0.03863450884819031,
    0.07405557483434677,
    0.029084470123052597,
    0.028937747702002525,
    -0.043612848967313766,
    -0.07297103852033615,
    -0.0580718033015728,
    0.0443766824901104,
    -0.06034637987613678,
    0.044949647039175034,
    -0.04274950549006462,
    0.0555771104991436,
    -0.07483167201280594,
    -0.01969296671450138,
    0.00657247519120574,
    -0.06531103700399399,
    -0.04977954924106598,
    0.027299750596284866,
    -0.04697536677122116,
    0.09955710917711258,
    -0.02748652547597885,
    -0.06605134159326553,
    -0.008202849887311459,
    -0.015777988359332085,
    0.021519139409065247,
    0.01741146296262741,
    -0.06502141803503036,
    -0.03821426257491112,
    -0.06970340758562088,
    0.030170785263180733,
    -0.052243929356336594,
    0.10587980598211288,
    0.011125942692160606,
    -0.0006513004191219807,
    -0.04620222747325897,
    -0.040436726063489914,
    0.033498167991638184,
    -0.021568745374679565,
    0.015390563756227493,
    -0.0008714920841157436,
    -0.0244909580796957,
    -0.07014673948287964,
    -0.01693996787071228,
    -0.024203885346651077,
    -0.012498894706368446,
    -0.059288665652275085,
    -0.005361699033528566,
    0.03117978572845459,
    0.035499442368745804,
    -0.0436096116900444,
    0.011282730847597122,
    0.03223869949579239,
    -0.012641046196222305,
    -0.022968603298068047,
    -0.07454114407300949,
    0.06021098792552948,
    -0.05230065435171127,
    -0.09277022629976273,
    0.02419542707502842,
    0.06459490209817886,
    0.08461594581604004,
    -0.008819472044706345,
    0.1058960035443306,
    -0.0614197812974453,
    -0.054529789835214615,
    0.04203784465789795,
    0.02179938554763794,
    0.06305216252803802,
    0.012657376937568188,
    0.12131848186254501,
    -0.049438830465078354,
    -0.002078311750665307,
    -0.0188052486628294,
    -0.056418199092149734,
    -0.04496467486023903,
    0.05173000693321228,
    0.05578673258423805,
    -0.012288480997085571,
    0.059499841183423996,
    -0.02646292932331562,
    0.058133840560913086,
    -0.020911388099193573,
    0.07027728855609894,
    -0.03309836983680725,
    -0.06963115930557251,
    0.07735510170459747,
    0.0022743127774447203,
    5.118618518968648e-33,
    -0.07291141152381897,
    -0.003756542457267642,
    0.015494721941649914,
    0.02489820495247841,
    -0.007375231944024563,
    0.03290034458041191,
    0.03738473728299141,
    -0.0609300397336483,
    -0.05931640416383743,
    -0.008033727295696735,
    -0.006367576774209738,
    0.03258678317070007,
    -0.04530033841729164,
    0.0899796262383461,
    -0.0771896094083786,
    -0.015527619980275631,
    -0.0049035088159143925,
    0.021069325506687164,
    0.005579789634793997,
    -0.053306739777326584,
    -0.014640789479017258,
    0.06449960172176361,
    0.007635745219886303,
    0.04997333511710167,
    -0.033647242933511734,
    0.04954022541642189,
    0.031568191945552826,
    0.01826142705976963,
    -0.04596806317567825,
    0.02330085076391697,
    0.11274950206279755,
    -0.011826353147625923,
    -0.012773040682077408,
    -0.03378868103027344,
    0.04204332455992699,
    0.032225046306848526,
    -0.028668880462646484,
    -0.0500459149479866,
    0.06243961304426193,
    -0.1412440687417984,
    0.026009276509284973,
    -0.023140402510762215,
    0.061202049255371094,
    0.04962799698114395,
    -0.1285422444343567,
    0.09753409773111343,
    0.06379923969507217,
    -0.017354018986225128,
    0.04166770726442337,
    -0.038658346980810165,
    -0.005231351125985384,
    0.03397466242313385,
    -0.004926613532006741,
    0.08380164206027985,
    0.026384718716144562,
    -0.032309744507074356,
    -0.027870314195752144,
    0.038221318274736404,
    0.005553050898015499,
    0.09368725121021271,
    -0.0051669953390955925,
    0.053294677287340164,
    -0.06741350144147873,
    0.06310592591762543,
    -0.048040617257356644,
    0.012570632621645927,
    -0.09096065163612366,
    -0.0018925091717392206,
    0.02514762058854103,
    0.07657033950090408,
    0.05477553606033325,
    0.0019632098264992237,
    0.1310688704252243,
    -0.012209604494273663,
    0.015289128758013248,
    -0.006308813579380512,
    0.09155675768852234,
    0.07017235457897186,
    -0.08545505255460739,
    0.09003844857215881,
    -0.029338715597987175,
    0.00706946337595582,
    -0.016125986352562904,
    0.0009419689886271954,
    -0.06770844757556915,
    0.004002380184829235,
    -0.12918122112751007,
    -0.027779269963502884,
    0.05249082297086716,
    0.005617753602564335,
    0.010633913800120354,
    0.001934460480697453,
    0.01089251134544611,
    0.025041576474905014,
    -0.15147818624973297,
    -4.953836251502441e-33,
    -0.012674628756940365,
    0.1324193775653839,
    0.02957266941666603,
    0.08646514266729355,
    0.07003345340490341,
    -0.020707018673419952,
    0.08005841076374054,
    0.005886239930987358,
    0.059479501098394394,
    -0.11464394629001617,
    -0.03917132690548897,
    0.01562589220702648,
    0.06830234080553055,
    -0.049987148493528366,
    -0.06395549327135086,
    0.09200771898031235,
    0.0718737319111824,
    -0.023652458563447,
    0.03587432950735092,
    -0.04420965909957886,
    -0.05304227024316788,
    0.03221539035439491,
    0.007795365992933512,
    0.07004863023757935,
    -0.012298136949539185,
    -0.027422843500971794,
    0.011631985194981098,
    -0.0207699965685606,
    -0.06064801663160324,
    0.03799637779593468,
    0.0666450783610344,
    -0.15027999877929688,
    -0.016082309186458588,
    -0.01937253214418888,
    -0.03843862563371658,
    -0.07009175419807434,
    0.04552420973777771,
    0.0030322223901748657,
    -0.02941684052348137,
    0.00829999428242445,
    -0.033291418105363846,
    -0.027844540774822235,
    0.019786303862929344,
    0.030757678672671318,
    0.016323784366250038,
    0.014644909650087357,
    0.0343581885099411,
    -0.043509289622306824,
    -0.04849239066243172,
    0.03510213643312454,
    -0.042472485452890396,
    0.047277648001909256,
    -0.08498538285493851,
    -0.0021622402127832174,
    0.002177249640226364,
    0.06748206913471222,
    -0.030921973288059235,
    0.0621313638985157,
    -0.05272582545876503,
    0.04275605455040932,
    0.014590723440051079,
    -0.035276949405670166,
    -0.047446925193071365,
    0.004462953191250563,
    0.04061978682875633,
    -0.027578532695770264,
    0.031296104192733765,
    -0.10575709491968155,
    0.011634349822998047,
    0.020373549312353134,
    0.03906182572245598,
    0.06517849117517471,
    0.0044014244340360165,
    -0.013410222716629505,
    0.028127115219831467,
    0.06648502498865128,
    0.04273928701877594,
    -0.041867051273584366,
    0.0009119070018641651,
    -0.03730538487434387,
    0.0025601161178201437,
    0.022975824773311615,
    0.009830472059547901,
