{
  "id": 606,
  "vector": [
    0.007347767241299152,
    0.05369457229971886,
    0.02481061965227127,
    0.03485690802335739,
    0.0033000526018440723,
    -0.0394638255238533,
    0.09572388231754303,
    0.1061583012342453,
    -0.03337147831916809,
    0.031512755900621414,
    -0.007624778896570206,
    -0.12832674384117126,
    -0.0803866758942604,
    -0.03680615872144699,
    -0.006588214077055454,
    -0.046806905418634415,
    -0.024329083040356636,
    0.006835240870714188,
    -0.04436025768518448,
    0.024800309911370277,
    0.021994784474372864,
    -0.06547605246305466,
    0.00979499239474535,
    -0.002725440775975585,
    0.04579810053110123,
    0.02463527023792267,
    0.06046222522854805,
    -0.01856270618736744,
    -0.036853138357400894,
    -0.06781432032585144,
    0.0007634016219526529,
    0.07112110406160355,
    0.03777504339814186,
    -0.06830917298793793,
    0.08571945130825043,
    -0.028804495930671692,
    -0.004362871870398521,
    -0.037948764860630035,
    0.011674952693283558,
    -0.018202366307377815,
    -0.014108161441981792,
    0.02186223864555359,
    0.03493780642747879,
    -0.08574475347995758,
    0.007749480661004782,
    -0.0058125657960772514,
    0.061006098985672,
    0.06651869416236877,
    0.011466366238892078,
    -0.010083847679197788,
    0.0873354822397232,
    0.06395812332630157,
    -0.0848405733704567,
    0.08540737628936768,
    0.08656486868858337,
    -0.015458947978913784,
    -0.0744243636727333,
    -0.000017346754248137586,
    -0.02372356876730919,
    0.03609596937894821,
    -0.04223252087831497,
    0.02232498489320278,
    -0.08489415049552917,
    0.046400897204875946,
    0.029232393950223923,
    -0.01167972106486559,
    -0.007903050631284714,
    -0.04310482740402222,
    -0.015305718407034874,
    0.04981093108654022,
    -0.04638579487800598,
    0.07907242327928543,
    0.07024411857128143,
    -0.059516552835702896,
    0.06014255806803703,
    0.05535217374563217,
    0.05964064970612526,
    -0.056696679443120956,
    0.03504903241991997,
    -0.10026400536298752,
    -0.05377955362200737,
    -0.001994552556425333,
    0.014858352020382881,
    0.03345688804984093,
    0.012843017466366291,
    -0.03224584087729454,
    0.05626202002167702,
    0.002733142813667655,
    0.08087245374917984,
    -0.02546330913901329,
    -0.013553153723478317,
    0.040988989174366,
    -0.035072989761829376,
    0.024807164445519447,
    -0.13259807229042053,
    -0.020986264571547508,
    0.01813819818198681,
    0.02187153697013855,
    -0.01271657831966877,
    0.0742672011256218,
    0.026923449710011482,
    -0.015665389597415924,
    0.21159744262695312,
    -0.04456602782011032,
    -0.025086577981710434,
    -0.014242141507565975,
    0.042342834174633026,
    -0.009160647168755531,
    0.06625411659479141,
    0.04070955514907837,
    -0.025393936783075333,
    0.017042800784111023,
    -0.011740180663764477,
    -0.039005666971206665,
    0.061201516538858414,
    -0.0021078039426356554,
    0.03675127401947975,
    -0.04861187934875488,
    0.0816425010561943,
    0.04079310595989227,
    0.052209313958883286,
    -0.03444191813468933,
    -0.004030128940939903,
    0.009344357997179031,
    -0.1201474666595459,
    -0.013639051467180252,
    0.012522234581410885,
    5.5620678853446016e-33,
    -0.0545378252863884,
    0.0701046958565712,
    0.02993585169315338,
    0.02910269983112812,
    -0.016635563224554062,
    -0.00666891410946846,
    0.0027447575703263283,
    -0.016273880377411842,
    -0.0022513996809720993,
    0.027545640245079994,
    0.0000933086994336918,
    0.04182445630431175,
    0.01839505322277546,
    0.1548113077878952,
    -0.006670922506600618,
    -0.03759841248393059,
    -0.007772945798933506,
    -0.03977767750620842,
    0.13986915349960327,
    -0.018045227974653244,
    -0.05196373537182808,
    0.01438174955546856,
    -0.05909324064850807,
    0.014334558509290218,
    -0.027572669088840485,
    -0.00727818300947547,
    0.017519289627671242,
    -0.0216183140873909,
    -0.04777352884411812,
    0.03658878058195114,
    0.10330776870250702,
    -0.026552682742476463,
    0.06065027788281441,
    -0.03142048045992851,
    -0.07309523969888687,
    0.01240724790841341,
    0.010120309889316559,
    -0.03775015100836754,
    0.0023417046759277582,
    -0.028961971402168274,
    0.05376251041889191,
    0.03664450719952583,
    0.030581356957554817,
    -0.006676303688436747,
    -0.0158524326980114,
    0.009071231819689274,
    0.05825053155422211,
    -0.013445492833852768,
    0.12491763383150101,
    0.018573230132460594,
    -0.0016848418163135648,
    0.012510611675679684,
    -0.057176943868398666,
    0.07612438499927521,
    0.06855086982250214,
    -0.03570641204714775,
    0.0013519682688638568,
    -0.010969377122819424,
    0.06605871766805649,
    0.022307639941573143,
    0.04872541502118111,
    0.06749509274959564,
    -0.05095157399773598,
    0.04866602644324303,
    -0.017643576487898827,
    -0.005854603368788958,
    -0.030020561069250107,
    -0.015651248395442963,
    -0.02320694550871849,
    -0.026343150064349174,
    -0.09121064096689224,
    -0.010557509027421474,
    0.08503048866987228,
    -0.042702820152044296,
    -0.03467530757188797,
    -0.045209772884845734,
    0.04862460866570473,
    0.056833844631910324,
    0.02503841184079647,
    0.09477337449789047,
    0.007959051057696342,
    -0.05971507355570793,
    -0.02040589228272438,
    -0.08569011837244034,
    -0.07607517391443253,
    0.009421369060873985,
    0.002197359222918749,
    0.059367649257183075,
    -0.06429190188646317,
    0.008834116160869598,
    0.025913655757904053,
    0.0441923514008522,
    0.016243979334831238,
    -0.03414217382669449,
    -0.04761094972491264,
    -4.596460622255526e-33,
    -0.018946047872304916,
    0.04818882420659065,
    -0.06154157966375351,
    0.0416695773601532,
    0.03540792688727379,
    0.07090861350297928,
    0.04767937958240509,
    0.017072180286049843,
    0.07577887922525406,
    -0.08247806876897812,
    -0.0508398674428463,
    -0.023606320843100548,
    0.10020920634269714,
    0.04529763385653496,
    -0.012010373175144196,
    -0.010737016797065735,
    -0.060374025255441666,
    0.03391043469309807,
    0.04544217884540558,
    -0.05436111241579056,
    -0.05582868307828903,
    0.04732174426317215,
    0.03446483239531517,
    0.036935955286026,
    0.006569877732545137,
    0.006675172597169876,
    0.02051808498799801,
    0.06377585977315903,
    -0.07200683653354645,
    0.0199640691280365,
    0.03672105818986893,
    -0.10357528924942017,
    0.017655005678534508,
    0.09449901431798935,
    -0.05419617518782616,
    -0.03650224208831787,
    0.06789208203554153,
    0.015302036888897419,
    -0.038237184286117554,
    0.048273924738168716,
    -0.012166060507297516,
    -0.028337834402918816,
    0.028391119092702866,
    -0.06494057178497314,
    -0.0985523909330368,
    -0.015033191069960594,
    0.04412936419248581,
    -0.06042211502790451,
    0.01335910428315401,
    -0.0011326291132718325,
    0.03164674714207649,
    0.017360826954245567,
    -0.13584086298942566,
    -0.06908753514289856,
    -0.06605121493339539,
    0.07371720671653748,
    -0.030842114239931107,
    -0.0016804310726001859,
    -0.006251605227589607,
    -0.004794215317815542,
    -0.02401227317750454,
    0.04827186465263367,
    0.027455011382699013,
    0.010398125275969505,
    0.07970188558101654,
    0.04910702258348465,
    -0.06771612167358398,
    -0.022999785840511322,
    -0.033441558480262756,
    0.028810448944568634,
    0.02967960014939308,
    0.028615200892090797,
    0.051517046988010406,
    -0.03604939579963684,
    -0.0315108560025692,
    0.021794645115733147,
    0.0230660792440176,
    0.01616380736231804,
    0.04721684753894806,
    -0.07737573981285095,
    -0.03988444060087204,
    -0.059734225273132324,
    0.025516903027892113,
