{
  "id": 940,
  "vector": [
    0.018018631264567375,
    0.02939618192613125,
    -0.0022958051413297653,
    -0.00465305894613266,
    -0.09431576728820801,
    0.04549327492713928,
    0.029695579782128334,
    0.05016567185521126,
    -0.015009214170277119,
    -0.010038265027105808,
    -0.09530677646398544,
    -0.07889408618211746,
    0.008954408578574657,
    0.011740962974727154,
    -0.043890900909900665,
    -0.002869289368391037,
    0.03602192923426628,
    0.038555413484573364,
    -0.06480751931667328,
    -0.005536543671041727,
    0.0012631160207092762,
    -0.0894332006573677,
    0.04302679002285004,
    0.01409553736448288,
    0.011202951893210411,
    0.02452399767935276,
    -0.06098642572760582,
    -0.03233949467539787,
    0.02626965381205082,
    -0.07210845500230789,
    0.03961052745580673,
    0.05588112398982048,
    0.00013091496657580137,
    0.02239347994327545,
    0.017812279984354973,
    -0.04987889900803566,
    0.00836176984012127,
    -0.03263111412525177,
    0.0005335516761988401,
    0.017456697300076485,
    0.01923585869371891,
    0.03078950196504593,
    -0.07508569955825806,
    -0.01787768304347992,
    0.027569660916924477,
    0.034528907388448715,
    -0.08496034145355225,
    0.0061148288659751415,
    0.024877771735191345,
    0.015559080056846142,
    0.017622170969843864,
    -0.011688966304063797,
    -0.04949655756354332,
    0.042071543633937836,
    0.010062431916594505,
    -0.03872432932257652,
    -0.049998704344034195,
    -0.061105865985155106,
    0.0543072409927845,
    -0.051115527749061584,
    -0.04125535860657692,
    -0.010841477662324905,
    -0.04099930450320244,
    -0.012553790584206581,
    -0.0035917272325605154,
    0.008939252234995365,
    -0.03690676391124725,
    -0.04734145477414131,
    -0.0701339915394783,
    0.03287779539823532,
    -0.005147418472915888,
    0.05079155042767525,
    0.017905130982398987,
    0.0659293457865715,
    0.028345933184027672,
    0.04806170240044594,
    0.08789120614528656,
    -0.11496031284332275,
    -0.02652142569422722,
    -0.11137787252664566,
    -0.11022519320249557,
    -0.04044898971915245,
    -0.04008689895272255,
    0.015826797112822533,
    -0.01961488649249077,
    -0.07395321130752563,
    -0.016143782064318657,
    0.11083447933197021,
    0.06668445467948914,
    0.05643129721283913,
    -0.05437595024704933,
    0.053239401429891586,
    0.005488302558660507,
    0.03005172312259674,
    0.00952980201691389,
    0.023943252861499786,
    0.014518674463033676,
    0.09218555688858032,
    0.013542895205318928,
    0.032404955476522446,
    0.02712361142039299,
    -0.06184424087405205,
    0.09061294049024582,
    0.0167134590446949,
    -0.11087420582771301,
    -0.10918238759040833,
    0.013168497942388058,
    -0.009358161129057407,
    0.002121652476489544,
    -0.047485578805208206,
    -0.05958227813243866,
    -0.04147644340991974,
    0.025522205978631973,
    -0.029809752479195595,
    -0.09724393486976624,
    -0.057452697306871414,
    0.03512389957904816,
    -0.023324809968471527,
    0.014703532680869102,
    -0.0306008979678154,
    0.10434786975383759,
    0.0362757183611393,
    0.036333147436380386,
    0.0522189624607563,
    -0.12013118714094162,
    -0.031012771651148796,
    0.025564109906554222,
    4.334129221402362e-33,
    -0.009299659170210361,
    0.017464792355895042,
    0.04972153156995773,
    0.08304032683372498,
    0.00032118114177137613,
    -0.06405304372310638,
    0.018635954707860947,
    0.00009175104059977457,
    0.022324994206428528,
    0.03447234630584717,
    -0.10819505155086517,
    -0.01999031938612461,
    -0.067644864320755,
    0.02696358598768711,
    0.05455121397972107,
    -0.1030115857720375,
    0.029756639152765274,
    0.0006389337358996272,
    0.010005607269704342,
    -0.01602037064731121,
    -0.1201867014169693,
    0.09034179151058197,
    0.05562828853726387,
    0.037281736731529236,
    -0.05490589886903763,
    -0.06490693986415863,
    0.005460791755467653,
    -0.04119260609149933,
    -0.019237153232097626,
    0.06317775696516037,
    0.0971621423959732,
    -0.02827070653438568,
    0.040242865681648254,
    0.012857092544436455,
    -0.054937999695539474,
    0.057611122727394104,
    -0.03533592075109482,
    -0.054606642574071884,
    -0.0220425333827734,
    0.027241751551628113,
    0.07112499326467514,
    0.0471322201192379,
    0.004052953328937292,
    0.08312300592660904,
    -0.03288120776414871,
    -0.01225433498620987,
    0.014228655025362968,
    -0.01915321871638298,
    0.06391406059265137,
    0.046951815485954285,
    -0.004493190441280603,
    0.06345159560441971,
    -0.02842971868813038,
    -0.028623240068554878,
    0.006006931886076927,
    0.006245994940400124,
    -0.009988293051719666,
    0.044091951102018356,
    0.014228995889425278,
    0.034511346369981766,
    0.08993132412433624,
    0.07606285810470581,
    -0.007600537966936827,
    -0.013136591762304306,
    0.02360706962645054,
    0.07190320640802383,
    0.04933660477399826,
    0.04751143977046013,
    0.00177379057276994,
    -0.11178676784038544,
    -0.10347169637680054,
    -0.01081414707005024,
    0.10500147938728333,
    -0.028475381433963776,
    0.015555601567029953,
    0.040332719683647156,
    0.09546872228384018,
    -0.014592315070331097,
    0.013740216381847858,
    -0.055382777005434036,
    -0.02795218862593174,
    0.09145621955394745,
    -0.018513629212975502,
    -0.00644781906157732,
    -0.007071339525282383,
    0.04294738173484802,
    0.018918901681900024,
    0.036407966166734695,
    -0.0512075237929821,
    0.02207998000085354,
    0.054637517780065536,
    -0.09067527204751968,
    -0.061463937163352966,
    -0.06808014214038849,
    0.015305927954614162,
    -4.9938522832563394e-33,
    -0.023734522983431816,
    -0.009569498710334301,
    -0.08812174201011658,
    0.05364944413304329,
    0.03647315502166748,
    0.03273075446486473,
    -0.02080678381025791,
    0.04699070751667023,
    0.0481930673122406,
    0.041872087866067886,
    0.010553010739386082,
    -0.06847239285707474,
    0.08008141815662384,
    -0.0412653312087059,
    -0.09035344421863556,
    0.02759348787367344,
    0.0729038193821907,
    0.07797778397798538,
    0.023970166221261024,
    -0.09151826053857803,
    -0.05194158852100372,
    0.06402682512998581,
    0.028435969725251198,
    0.015914538875222206,
    -0.06981873512268066,
    0.08319379389286041,
    0.02614601142704487,
    -0.043719582259655,
    -0.03156643733382225,
    0.036691464483737946,
    0.048401840031147,
    -0.10446304827928543,
    0.012086830101907253,
    0.02602393925189972,
    -0.005482782144099474,
    -0.04535389691591263,
    0.07224085181951523,
    0.08086228370666504,
    0.028229091316461563,
    -0.013700583018362522,
    -0.0006810644408687949,
    -0.08790484070777893,
    0.08313093334436417,
    0.04862681403756142,
    -0.01794835366308689,
    -0.04260844364762306,
    -0.06901420652866364,
    -0.0338561050593853,
    -0.006004819180816412,
    0.0706460177898407,
    0.03726387768983841,
    0.049367018043994904,
    -0.08286921679973602,
    -0.0681794285774231,
    0.010803273878991604,
    -0.015355202369391918,
    -0.04797949269413948,
    -0.026015952229499817,
    -0.0034100913908332586,
    0.00405630748718977,
    -0.03273672237992287,
    0.07677266001701355,
    -0.0700262114405632,
    0.02414545789361,
    0.08718790113925934,
    0.06214301660656929,
    -0.10780306160449982,
    -0.09109842032194138,
    -0.027493102476000786,
    -0.02117825113236904,
    -0.024567976593971252,
    -0.0292197335511446,
    0.014706619083881378,
    -0.03213400021195412,
    0.007783135399222374,
    -0.034991346299648285,
    0.027845649048686028,
    0.008422019891440868,
    0.05282111093401909,
    -0.0019061954226344824,
    -0.09889627248048782,
    -0.02297382988035679,
    0.004664686042815447,
    0.04657690227031708,
