{
  "id": 1107,
  "vector": [
    -0.0064839995466172695,
    0.07224102318286896,
    -0.08013742417097092,
    0.00010796276183100417,
    0.026829587295651436,
    -0.035576242953538895,
    0.027358610183000565,
    0.11479973793029785,
    -0.00253605330362916,
    -0.01747272163629532,
    0.07609019428491592,
    -0.03294802084565163,
    0.02650224044919014,
    0.05661197006702423,
    -0.10098453611135483,
    -0.04184215888381004,
    -0.04470103606581688,
    0.011950569227337837,
    -0.09047084301710129,
    -0.008525429293513298,
    0.0006101213512010872,
    -0.00033872033236548305,
    0.04879292845726013,
    0.05233139544725418,
    -0.08347222208976746,
    0.030300132930278778,
    -0.05266512930393219,
    0.041553061455488205,
    -0.0016406956128776073,
    -0.031110547482967377,
    0.033954180777072906,
    0.037469033151865005,
    0.026251303032040596,
    -0.030908096581697464,
    0.03134135529398918,
    -0.11385572701692581,
    -0.01641794666647911,
    0.003298834664747119,
    0.06057794764637947,
    0.05830966681241989,
    0.01192664448171854,
    0.02520091086626053,
    0.003062127623707056,
    0.09694625437259674,
    -0.03475930541753769,
    -0.0016643251292407513,
    -0.03181188926100731,
    0.06403283029794693,
    0.00796725507825613,
    0.040207549929618835,
    -0.0016047287499532104,
    0.027749884873628616,
    -0.09618807584047318,
    0.02117854170501232,
    0.027506615966558456,
    -0.08482971042394638,
    -0.02601119875907898,
    0.03366279602050781,
    0.014759580604732037,
    0.12517784535884857,
    0.027587316930294037,
    0.0014466809807345271,
    -0.032623205333948135,
    0.041101861745119095,
    -0.05122024565935135,
    0.08939856290817261,
    -0.036290135234594345,
    -0.00673612579703331,
    -0.07623571902513504,
    -0.0046556550078094006,
    -0.014702695421874523,
    0.007634005509316921,
    0.039890106767416,
    -0.012019571848213673,
    0.016317149624228477,
    0.005813713185489178,
    0.04941236972808838,
    -0.12195251137018204,
    -0.024405397474765778,
    0.03830321505665779,
    -0.048409003764390945,
    0.016543220728635788,
    -0.09697290509939194,
    0.033935680985450745,
    0.04047280177474022,
    -0.002474994631484151,
    -0.048355571925640106,
    -0.012327495031058788,
    0.03758298605680466,
    -0.04413824528455734,
    -0.03094431757926941,
    -0.009529621340334415,
    -0.011897323653101921,
    -0.11024818569421768,
    -0.009448220953345299,
    0.07326716184616089,
    -0.018693288788199425,
    -0.05335147678852081,
    0.04320773482322693,
    0.045006927102804184,
    0.03323033079504967,
    -0.0625714659690857,
    0.06030568480491638,
    -0.07932282984256744,
    -0.03225723281502724,
    0.033279597759246826,
    0.07168493419885635,
    0.06708522886037827,
    -0.0342300683259964,
    0.07249126583337784,
    -0.03921520709991455,
    -0.03431946784257889,
    -0.0021163146011531353,
    -0.022308969870209694,
    0.02193850837647915,
    0.057290636003017426,
    0.13650712370872498,
    -0.011005650274455547,
    -0.008519633673131466,
    -0.01796529069542885,
    0.09770781546831131,
    -0.028283417224884033,
    0.06091058999300003,
    -0.05800945684313774,
    -0.0674745962023735,
    0.014725496992468834,
    0.08697856217622757,
    4.7175365403902215e-33,
    -0.1080366000533104,
    -0.010220250114798546,
    -0.010000105947256088,
    0.024621369317173958,
    0.04372239112854004,
    0.04431775212287903,
    0.08246931433677673,
    -0.0256922896951437,
    -0.00971717294305563,
    -0.012185500003397465,
    -0.011765881441533566,
    0.011400614865124226,
    -0.024370647966861725,
    0.10586684197187424,
    -0.11163649708032608,
    0.004985402338206768,
    0.04028663411736488,
    0.019049985334277153,
    -0.003998809494078159,
    -0.049461062997579575,
    -0.0017889982555061579,
    0.059019915759563446,
    0.04205740615725517,
    0.04763578251004219,
    -0.047074995934963226,
    0.02527068927884102,
    -0.05634705349802971,
    0.057747114449739456,
    -0.03068515658378601,
    -0.0035134372301399708,
    0.1127273440361023,
    0.010771283879876137,
    0.03338811174035072,
    0.0055722338147461414,
    -0.056123290210962296,
    0.04437767714262009,
    -0.06674591451883316,
    -0.05393834039568901,
    0.10579220950603485,
    -0.0732666403055191,
    0.015710312873125076,
    0.07957280427217484,
    0.06950990110635757,
    0.03445557504892349,
    -0.07954682409763336,
    0.07003487646579742,
    -0.02584633231163025,
    -0.030631422996520996,
    0.0644851103425026,
    -0.0266038179397583,
    -0.06787516176700592,
    0.030927380546927452,
    -0.044098757207393646,
    0.052642375230789185,
    0.05106831714510918,
    0.029924066737294197,
    -0.09527840465307236,
    0.0408579483628273,
    0.02929072082042694,
    0.010829880833625793,
    -0.024417143315076828,
    0.07432611286640167,
    -0.05316108092665672,
    0.06809580326080322,
    0.03274758532643318,
    -0.03218257799744606,
    -0.0861821323633194,
    0.02084566466510296,
    -0.00452952366322279,
    -0.009511246345937252,
    -0.011944079771637917,
    0.011320498771965504,
    0.028039539232850075,
    -0.020813757553696632,
    0.04060154780745506,
    0.02658167853951454,
    0.07610461860895157,
    -0.004511360079050064,
    -0.03858853876590729,
    0.07621920108795166,
    -0.10579854995012283,
    -0.0355822779238224,
    -0.02187051996588707,
    0.05584561079740524,
    -0.022267062216997147,
    0.01424188818782568,
    -0.09319861978292465,
    -0.012684608809649944,
    -0.02783849649131298,
    -0.0513182207942009,
    -0.01847768947482109,
    -0.03413226827979088,
    -0.01372804306447506,
    -0.05463263392448425,
    -0.04701725021004677,
    -5.6388012178304034e-33,
    0.035570546984672546,
    0.08550377935171127,
    0.05966265872120857,
    0.03150860220193863,
    0.07085340470075607,
    -0.01047616358846426,
    0.014180276542901993,
    -0.025615975260734558,
    -0.004641965962946415,
    -0.09465504437685013,
    -0.0482952781021595,
    0.02342650294303894,
    0.008763141930103302,
    -0.00320543278940022,
    -0.03163416311144829,
    0.09060809761285782,
    0.09134619683027267,
    0.03869305178523064,
    0.03859850764274597,
    -0.02349753864109516,
    -0.04126190394163132,
    0.0818709284067154,
    -0.00438029645010829,
    0.008634662255644798,
    0.04837954044342041,
    -0.07208851724863052,
    0.0251727644354105,
    -0.05217595398426056,
    0.04912396892905235,
    0.05571618676185608,
    -0.010325437411665916,
    -0.10272754728794098,
    0.022081416100263596,
    0.009901508688926697,
    -0.030449336394667625,
    -0.047587450593709946,
    0.04042775183916092,
    -0.022278834134340286,
    -0.050885703414678574,
    -0.03862185403704643,
    0.0896001011133194,
    -0.04781037196516991,
    -0.027362357825040817,
    -0.08765088766813278,
    0.03708585351705551,
    0.08037059009075165,
    0.016788065433502197,
    -0.061591342091560364,
    0.008527308702468872,
    -0.014362134039402008,
    0.020935000851750374,
    0.06395258754491806,
    -0.1342366337776184,
    0.028934471309185028,
    0.05774540454149246,
    0.06948945671319962,
    0.027964849025011063,
    0.0608697272837162,
    -0.012266996316611767,
    -0.0353836715221405,
    0.005091563332825899,
    -0.04631618782877922,
    -0.09833803027868271,
    -0.02842419035732746,
    0.0038916708435863256,
    -0.03979675844311714,
    -0.007732332218438387,
    -0.017973966896533966,
    -0.004095582757145166,
    -0.07474790513515472,
    0.043631140142679214,
    0.08331676572561264,
    0.007964507676661015,
    -0.026555344462394714,
    -0.10217510908842087,
    -0.0618278793990612,
    -0.06744271516799927,
    -0.06254351884126663,
    0.03065403178334236,
    -0.03262299671769142,
    -0.020963655784726143,
    -0.029168857261538506,
    0.03502976894378662,
