{
  "id": 832,
  "vector": [
    0.0076513998210430145,
    0.010833146050572395,
    -0.0027369821909815073,
    -0.03399086743593216,
    -0.09043317288160324,
    -0.0031925516668707132,
    0.13118897378444672,
    0.09268848598003387,
    -0.06538746505975723,
    0.06103971600532532,
    0.0012396249221637845,
    -0.09851431846618652,
    0.01788824424147606,
    0.018524764105677605,
    -0.005863171070814133,
    0.02955636940896511,
    0.02522837370634079,
    -0.07729306817054749,
    -0.04521903023123741,
    -0.07941152900457382,
    -0.008144940249621868,
    0.020200561732053757,
    0.09737218916416168,
    -0.013067174702882767,
    -0.022896302863955498,
    0.023936938494443893,
    -0.08395788073539734,
    -0.0617576465010643,
    -0.017673874273896217,
    -0.01987598091363907,
    -0.035100970417261124,
    0.11393970996141434,
    -0.0002577664563432336,
    -0.05902036651968956,
    -0.07637655735015869,
    -0.053837165236473083,
    -0.07164893299341202,
    0.007450558710843325,
    0.03555022180080414,
    -0.0064980341121554375,
    0.018104614689946175,
    0.0615176185965538,
    -0.08154066652059555,
    0.026913093402981758,
    0.03484436497092247,
    -0.010509085841476917,
    -0.03519432246685028,
    -0.015587861649692059,
    0.0161136444658041,
    0.03704032301902771,
    0.06018603593111038,
    0.018170936033129692,
    -0.08357003331184387,
    0.06724147498607635,
    0.02649826370179653,
    -0.0022826886270195246,
    -0.017385967075824738,
    -0.000889933726284653,
    -0.008517665788531303,
    0.02486897073686123,
    0.009899958968162537,
    -0.047933995723724365,
    0.04942304641008377,
    -0.08182880282402039,
    0.021973460912704468,
    0.019784776493906975,
    -0.07191276550292969,
    0.02099163644015789,
    -0.001404081005603075,
    -0.013254351913928986,
    -0.0071942456997931,
    0.08165329694747925,
    0.013221759349107742,
    0.08911865204572678,
    0.028839126229286194,
    0.09122949093580246,
    0.07953739166259766,
    -0.08642422407865524,
    -0.018665919080376625,
    -0.007689019199460745,
    -0.1819823980331421,
    0.013089251704514027,
    0.0271061472594738,
    -0.03259214386343956,
    -0.05899766832590103,
    -0.060341980308294296,
    0.001849963329732418,
    0.027119141072034836,
    -0.05126986280083656,
    0.003952851984649897,
    -0.047477733343839645,
    0.04922982677817345,
    0.03672000765800476,
    -0.012183847837150097,
    0.03424646705389023,
    -0.001406606286764145,
    -0.04200223088264465,
    0.03133222460746765,
    0.020592400804162025,
    0.009048247709870338,
    0.022164100781083107,
    -0.03483924642205238,
    0.07956495881080627,
    -0.056655410677194595,
    -0.013893069699406624,
    -0.03333038464188576,
    -0.10143016278743744,
    0.023811768740415573,
    -0.05409455671906471,
    0.02009166032075882,
    -0.05254838615655899,
    0.0026827568653970957,
    0.105385921895504,
    0.032897889614105225,
    -0.03837224468588829,
    -0.11321478337049484,
    0.013306768611073494,
    0.017708998173475266,
    0.12578707933425903,
    0.0606134831905365,
    0.09395551681518555,
    0.03527725115418434,
    0.03686084970831871,
    -0.017826560884714127,
    -0.043453264981508255,
    -0.06320099532604218,
    0.0193328894674778,
    2.5274239752182693e-33,
    -0.005969326943159103,
    0.005190169904381037,
    0.011471452191472054,
    0.03388997167348862,
    0.07185537368059158,
    -0.02238050475716591,
    -0.025750117376446724,
    0.030797749757766724,
    0.06623570621013641,
    0.05086649954319,
    -0.14075535535812378,
    -0.001601779949851334,
    -0.01573191024363041,
    0.01547917164862156,
    -0.03174200654029846,
    -0.11161527037620544,
    -0.04508688673377037,
    0.014159868471324444,
    -0.060365818440914154,
    -0.02838735282421112,
    -0.11904892325401306,
    0.06585302948951721,
    -0.03468272089958191,
    0.05405689403414726,
    -0.003216671757400036,
    0.052171945571899414,
    -0.016376730054616928,
    -0.010874315164983273,
    0.0027959446888417006,
    0.0032872792799025774,
    0.03065352886915207,
    0.07204736024141312,
    0.08387588709592819,
    -0.05668402090668678,
    -0.021681971848011017,
    0.00497082807123661,
    -0.01904957927763462,
    0.016566075384616852,
    -0.004401561338454485,
    -0.052622903138399124,
    -0.000831119017675519,
    0.02464163489639759,
    0.06346885859966278,
    0.04844127222895622,
    -0.022316310554742813,
    0.06415834277868271,
    -0.02437652088701725,
    0.02327520214021206,
    0.050192754715681076,
    -0.019578861072659492,
    0.01625700294971466,
    -0.01768406480550766,
    -0.10193748027086258,
    0.07628080248832703,
    0.04831065982580185,
    0.006253425031900406,
    -0.016324831172823906,
    0.022086774930357933,
    0.0019702741410583258,
    0.03051062300801277,
    0.09527658671140671,
    0.025059444829821587,
    -0.027316534891724586,
    -0.013192488811910152,
    -0.029926909133791924,
    0.012149716727435589,
    0.011934312991797924,
    0.032917313277721405,
    -0.05434727668762207,
    -0.021952277049422264,
    0.0002141252625733614,
    0.008488723076879978,
    -0.007711851038038731,
    -0.0769074484705925,
    -0.029297858476638794,
    -0.005969303660094738,
    0.1204400509595871,
    -0.01835116744041443,
    -0.0011282514315098524,
    -0.07724733650684357,
    -0.08161332458257675,
    0.08843526244163513,
    0.04739261791110039,
    -0.058593008667230606,
    0.05687124654650688,
    -0.02776700258255005,
    -0.05475659668445587,
    -0.023945402354002,
    -0.04011502489447594,
    0.001850189990364015,
    -0.015951210632920265,
    0.03914424777030945,
    -0.012885949574410915,
    -0.07479521632194519,
    -0.026282235980033875,
    -3.976226089065516e-33,
    -0.07736273854970932,
    0.012007501907646656,
    0.03245773911476135,
    0.064951092004776,
    0.05713623762130737,
    0.009230349212884903,
    -0.030609790235757828,
    -0.030035926029086113,
    0.07490845769643784,
    0.026360996067523956,
    -0.033061835914850235,
    -0.019459417089819908,
    0.043995656073093414,
    -0.028822192922234535,
    -0.07939029484987259,
    -0.009273921139538288,
    0.0553886741399765,
    0.037556666880846024,
    -0.0020445268601179123,
    -0.011299820616841316,
    -0.08763550966978073,
    0.02749210223555565,
    -0.08446533977985382,
    0.04532288387417793,
    -0.06648964434862137,
    0.021010760217905045,
    -0.03037416934967041,
    -0.051385968923568726,
    0.0738992914557457,
    0.01457878015935421,
    -0.025510603561997414,
    -0.11187683790922165,
    0.029631145298480988,
    0.02887975238263607,
    0.02799634449183941,
    -0.04960397258400917,
    0.04494967684149742,
    0.020405564457178116,
    0.02781488560140133,
    0.015117455273866653,
    0.06968513131141663,
    -0.1028861552476883,
    0.022658227011561394,
    0.012694384902715683,
    -0.05619441717863083,
    -0.08218610286712646,
    -0.0375794880092144,
    -0.06783123314380646,
    -0.07825034856796265,
    0.021354109048843384,
    0.08938968926668167,
    0.00436262646690011,
    0.0037057430017739534,
    -0.07940313220024109,
    -0.05621674656867981,
    0.08180782943964005,
    0.0037724643480032682,
    -0.054154034703969955,
    0.05494163557887077,
    0.005013337358832359,
    0.054494813084602356,
    -0.030576158314943314,
    -0.04574013873934746,
    0.011780367232859135,
    -0.04690413549542427,
    0.027888188138604164,
    0.010789293795824051,
    -0.02446267381310463,
    0.003757427679374814,
    -0.030544603243470192,
    0.08829254657030106,
    0.06570712476968765,
    -0.025163115933537483,
    -0.11104018986225128,
    -0.012843789532780647,
    -0.03836977109313011,
    -0.07240291684865952,
    -0.004445324186235666,
    0.06470455229282379,
    0.04650465399026871,
    -0.061543386429548264,
    0.03491143137216568,
    0.03944959491491318,
