{
  "id": 1053,
  "vector": [
    0.012876962311565876,
    0.01657678186893463,
    -0.037081483751535416,
    0.01915048621594906,
    -0.012089647352695465,
    0.0072901323437690735,
    0.04618051275610924,
    0.19112570583820343,
    0.024649934843182564,
    -0.033090438693761826,
    0.04002682492136955,
    -0.0631416067481041,
    0.010251360014081001,
    -0.06383796781301498,
    -0.025108102709054947,
    -0.0716007798910141,
    -0.025967372581362724,
    0.023302283138036728,
    -0.06208214536309242,
    0.0014704165514558554,
    0.03334474563598633,
    -0.04414338245987892,
    -0.01524282619357109,
    0.044913940131664276,
    -0.009820573963224888,
    0.004694194532930851,
    0.011035269126296043,
    -0.031268708407878876,
    -0.04193016141653061,
    -0.017438316717743874,
    -0.02686942182481289,
    0.00040478675509802997,
    0.11098141968250275,
    -0.021102886646986008,
    0.05383727326989174,
    -0.021409735083580017,
    -0.006556920241564512,
    -0.031196430325508118,
    0.012673084624111652,
    -0.07141271233558655,
    -0.002359726931899786,
    0.015223170630633831,
    -0.0045990534126758575,
    0.0411844402551651,
    0.07541916519403458,
    -0.023742344230413437,
    -0.04914579913020134,
    0.058471716940402985,
    -0.014484401792287827,
    0.07920578867197037,
    0.02076653204858303,
    0.005163554567843676,
    -0.10078787803649902,
    0.014889445155858994,
    0.05447228252887726,
    -0.05883827432990074,
    -0.030632970854640007,
    0.0112124839797616,
    0.06496453285217285,
    0.03495336323976517,
    -0.038372840732336044,
    -0.0748399943113327,
    0.0272116269916296,
    0.03370271995663643,
    -0.021876733750104904,
    0.05134282633662224,
    0.0021034986712038517,
    -0.022804468870162964,
    -0.028118140995502472,
    -0.05014457553625107,
    -0.044131986796855927,
    0.060447029769420624,
    0.05337519571185112,
    -0.04484538733959198,
    -0.01603415422141552,
    0.04316374659538269,
    0.013275107368826866,
    -0.026324694976210594,
    0.0036024325527250767,
    0.016643233597278595,
    0.0015461682341992855,
    -0.011471647769212723,
    -0.09322294592857361,
    -0.011022249236702919,
    0.03700171038508415,
    -0.040393877774477005,
    0.04452110454440117,
    -0.006731721572577953,
    0.03829782456159592,
    -0.027305394411087036,
    -0.09253881126642227,
    0.004009219817817211,
    0.03905799612402916,
    0.033606015145778656,
    -0.07744307070970535,
    0.01333719864487648,
    -0.0769694596529007,
    -0.08994443714618683,
    0.049182843416929245,
    -0.0016615561908110976,
    0.043318022042512894,
    -0.010439242236316204,
    0.1346416175365448,
    -0.063904769718647,
    -0.02311910316348076,
    0.009524829685688019,
    -0.04354068264365196,
    0.025217873975634575,
    0.00668802997097373,
    0.05983590707182884,
    -0.0974016785621643,
    -0.01618531346321106,
    -0.0455564521253109,
    -0.03015369176864624,
    0.040515195578336716,
    0.06793450564146042,
    0.08373385667800903,
    0.04171786457300186,
    0.049140434712171555,
    0.05758846551179886,
    0.08034329116344452,
    -0.0119808753952384,
    0.07986629754304886,
    -0.057890232652425766,
    -0.13683205842971802,
    -0.01576457917690277,
    0.06646379083395004,
    4.3600830346425646e-33,
    -0.10850555449724197,
    0.03778855875134468,
    0.03542400524020195,
    0.039646729826927185,
    0.0489078089594841,
    0.03065458871424198,
    0.02713247388601303,
    0.040773238986730576,
    0.045342881232500076,
    0.03429218754172325,
    -0.009599663317203522,
    0.02024005353450775,
    0.021917294710874557,
    0.18688590824604034,
    -0.07791978120803833,
    -0.02397177368402481,
    0.024713868275284767,
    0.007472488563507795,
    0.028765128925442696,
    -0.05183475464582443,
    -0.07017461955547333,
    0.04899357259273529,
    0.06117607280611992,
    0.03409460932016373,
    -0.02563893236219883,
    0.02267470210790634,
    -0.02811126597225666,
    0.027701934799551964,
    -0.056007303297519684,
    0.015999548137187958,
    0.06505158543586731,
    -0.07612146437168121,
    0.023739881813526154,
    -0.0685599073767662,
    0.06965724378824234,
    0.051650822162628174,
    -0.001669686520472169,
    -0.051451727747917175,
    0.038601070642471313,
    0.011438362300395966,
    -0.0077271247282624245,
    -0.008136231452226639,
    0.04195334389805794,
    0.05001651123166084,
    -0.05638894811272621,
    0.06360425800085068,
    0.04676118120551109,
    -0.02768188714981079,
    0.05623012036085129,
    -0.0370178297162056,
    -0.05226323381066322,
    -0.015327672474086285,
    -0.0546334832906723,
    -0.014306899160146713,
    0.07957359403371811,
    -0.028909455984830856,
    -0.03191080316901207,
    0.039366018027067184,
    -0.009525862522423267,
    0.06944819539785385,
    -0.005275823641568422,
    0.0018010917119681835,
    -0.014714381657540798,
    -0.004844468552619219,
    -0.048472512513399124,
    -0.011657061986625195,
    -0.137977734208107,
    -0.028650684282183647,
    -0.036150362342596054,
    -0.009057929739356041,
    0.048153169453144073,
    0.038677796721458435,
    0.023940544575452805,
    -0.03574351593852043,
    0.016515051946043968,
    0.00010381752508692443,
    0.03079240210354328,
    0.07621704787015915,
    -0.03859168291091919,
    0.03268015757203102,
    -0.08227591961622238,
    -0.0023699719458818436,
    -0.02957773394882679,
    -0.02400250732898712,
    -0.08875367045402527,
    0.018945662304759026,
    -0.046572327613830566,
    0.04495078697800636,
    0.022675829008221626,
    0.0016884281067177653,
    -0.026950355619192123,
    0.02363438904285431,
    0.004137639421969652,
    0.013726946897804737,
    0.00609726645052433,
    -5.0240323660297324e-33,
    0.03595130518078804,
    0.08856070041656494,
    0.00840506050735712,
    0.017371540889143944,
    0.013815543614327908,
    0.001779121463187039,
    0.018941357731819153,
    0.0684148520231247,
    0.0052310083992779255,
    -0.06518754363059998,
    -0.10432121902704239,
    0.014077268540859222,
    0.02523363195359707,
    0.01875879429280758,
    -0.0715264305472374,
    0.12492052465677261,
    0.08315175026655197,
    -0.015348512679338455,
    0.0002530026831664145,
    -0.07790504395961761,
    -0.0938100591301918,
    0.036003027111291885,
    0.07244564592838287,
    0.08753690123558044,
    0.010241788811981678,
    0.03897984325885773,
    0.016108227893710136,
    -0.00769170094281435,
    0.014055395498871803,
    0.03422559052705765,
    0.024975324049592018,
    -0.14430585503578186,
    -0.00391802005469799,
    -0.00263418210670352,
    -0.09157909452915192,
    -0.008061542175710201,
    0.07198803126811981,
    0.0005191056407056749,
    0.007792911026626825,
    0.06324483454227448,
    -0.02686505764722824,
    -0.04982037469744682,
    -0.01191561296582222,
    -0.08210068941116333,
    -0.018608050420880318,
    0.020702246576547623,
    0.1250564455986023,
    -0.07013673335313797,
    0.06597265601158142,
    0.004747216124087572,
    0.022357551380991936,
    -0.0009731706231832504,
    -0.080758236348629,
    0.007310814224183559,
    -0.023432962596416473,
    0.04038414731621742,
    -0.04521673545241356,
    0.062443505972623825,
    0.039139486849308014,
    -0.09304769337177277,
    0.02249709889292717,
    -0.019483983516693115,
    -0.03693157806992531,
    -0.04986460134387016,
    0.009701316244900227,
    -0.01479016337543726,
    -0.001764080487191677,
    -0.0803048312664032,
    -0.02322506345808506,
    -0.03924931585788727,
    0.02547108195722103,
    -0.0009092219988815486,
    0.030605105683207512,
    -0.046996261924505234,
    -0.10572782158851624,
    0.024897977709770203,
    -0.006695642601698637,
    -0.06853535026311874,
    0.08034279197454453,
    -0.060318637639284134,
    -0.07560541480779648,
    -0.05905623361468315,
    0.008980915881693363,
