{
  "id": 322,
  "vector": [
    -0.06848900020122528,
    0.04960967227816582,
    0.01994195766746998,
    -0.012672008946537971,
    0.027018222957849503,
    0.01744544506072998,
    0.08459196984767914,
    0.12531881034374237,
    -0.14894768595695496,
    0.05095541849732399,
    -0.024404089897871017,
    -0.09167088568210602,
    -0.0026629273779690266,
    0.018161103129386902,
    -0.006799420807510614,
    -0.03513503074645996,
    -0.0010510938009247184,
    0.00007346436177613214,
    -0.06060245633125305,
    -0.06306774914264679,
    0.06865940243005753,
    -0.059920020401477814,
    0.01126086711883545,
    0.022922679781913757,
    -0.020735478028655052,
    0.040352921932935715,
    -0.04591740667819977,
    -0.012684573419392109,
    0.0393887497484684,
    -0.05345941334962845,
    0.04439356550574303,
    0.04914669692516327,
    0.039001986384391785,
    0.020460739731788635,
    0.029024304822087288,
    -0.009636390022933483,
    0.0005987203330732882,
    -0.05176335945725441,
    0.07981734722852707,
    -0.028062336146831512,
    0.03612750396132469,
    0.05283008888363838,
    -0.007260611746460199,
    0.006831745617091656,
    -0.011622884310781956,
    -0.041111089289188385,
    0.012295310385525227,
    0.10960511863231659,
    -0.0029016127809882164,
    0.022146545350551605,
    0.03420979902148247,
    -0.04440324380993843,
    -0.10824305564165115,
    -0.02941884472966194,
    0.013624997809529305,
    -0.08236221969127655,
    -0.029894156381487846,
    -0.03200243413448334,
    0.011479775421321392,
    -0.05327639728784561,
    0.03972265496850014,
    -0.04964670166373253,
    -0.03426486253738403,
    0.022222138941287994,
    0.0612785667181015,
    0.01775561273097992,
    0.023665448650717735,
    -0.049858640879392624,
    0.000776197703089565,
    0.0707884356379509,
    0.0017449910519644618,
    0.047164447605609894,
    0.004159894306212664,
    0.09287935495376587,
    -0.021625425666570663,
    0.009479259140789509,
    0.0751371681690216,
    -0.08985812962055206,
    -0.07093530148267746,
    0.04659885913133621,
    -0.11493294686079025,
    0.016992338001728058,
    -0.018290745094418526,
    -0.027506252750754356,
    -0.04375419393181801,
    0.005264180712401867,
    -0.0889863669872284,
    0.0816970020532608,
    0.07411644607782364,
    -0.031126324087381363,
    -0.07177143543958664,
    -0.021721361204981804,
    -0.015243161469697952,
    0.037996117025613785,
    -0.08658590912818909,
    0.029695279896259308,
    -0.02231304906308651,
    0.02121819369494915,
    0.005852133966982365,
    0.05929134413599968,
    0.02150983177125454,
    0.04575308412313461,
    0.08408050984144211,
    -0.11651356518268585,
    0.023227255791425705,
    -0.013511688448488712,
    0.04727892577648163,
    0.06224304810166359,
    -0.014744780957698822,
    0.03680355101823807,
    -0.09018786996603012,
    -0.042117640376091,
    -0.02139214612543583,
    -0.05995343625545502,
    -0.0504898875951767,
    0.001385836978442967,
    0.018905725330114365,
    0.028176654130220413,
    -0.010953409597277641,
    0.04264242574572563,
    0.13387835025787354,
    0.00608015526086092,
    0.037882085889577866,
    -0.027031635865569115,
    -0.04905705526471138,
    -0.02778170071542263,
    0.05888400226831436,
    4.3635654366568756e-33,
    -0.09404775500297546,
    -0.005200773011893034,
    0.0026411849539726973,
    0.08640002459287643,
    -0.0028851116076111794,
    0.05230271443724632,
    0.08831854164600372,
    0.04882205277681351,
    -0.052199315279722214,
    0.05488331988453865,
    -0.08312658965587616,
    0.04195493832230568,
    0.009167691692709923,
    0.14848166704177856,
    -0.030723782256245613,
    -0.06873924285173416,
    0.003040941432118416,
    0.002752189990133047,
    0.06209513545036316,
    -0.08516636490821838,
    -0.07425811141729355,
    -0.029681716114282608,
    -0.002480278490111232,
    0.013553006574511528,
    -0.01943005993962288,
    0.030914152041077614,
    0.0007304792525246739,
    0.01734902895987034,
    0.025529399514198303,
    0.0546908937394619,
    0.11262650787830353,
    0.043969448655843735,
    0.013449772261083126,
    0.03412017226219177,
    -0.0258345864713192,
    -0.038407839834690094,
    -0.05642170086503029,
    -0.021779343485832214,
    0.09139895439147949,
    -0.03776774927973747,
    0.06972439587116241,
    0.05845222249627113,
    0.03281235694885254,
    0.012825453653931618,
    -0.08803483098745346,
    0.040295880287885666,
    0.018126264214515686,
    -0.011251072399318218,
    0.07143573462963104,
    -0.04764232411980629,
    0.06134672835469246,
    0.019075460731983185,
    0.01706668548285961,
    0.05640279874205589,
    0.013096502982079983,
    -0.06186129152774811,
    0.0027538444846868515,
    0.01350962370634079,
    0.0371333509683609,
    0.049407605081796646,
    0.039620183408260345,
    0.06495033949613571,
    -0.011573285795748234,
    0.032236285507678986,
    0.028417911380529404,
    0.0004329692746978253,
    -0.03314322233200073,
    0.005876787472516298,
    -0.020789312198758125,
    -0.020529821515083313,
    -0.004770589526742697,
    0.010801633819937706,
    0.061599258333444595,
    -0.033287666738033295,
    0.024881983175873756,
    -0.04740360751748085,
    0.12506093084812164,
    0.06238256394863129,
    -0.03144548088312149,
    0.046259962022304535,
    -0.06460164487361908,
    -0.009620276279747486,
    -0.040271930396556854,
    -0.07639974355697632,
    -0.07082478702068329,
    0.02160477638244629,
    -0.01621956378221512,
    0.027349192649126053,
    0.00840578880161047,
    -0.04600346088409424,
    0.011759083718061447,
    -0.11470867693424225,
    -0.0499766506254673,
    -0.04213258996605873,
    -0.04053331911563873,
    -4.297173515722433e-33,
    0.0019093009177595377,
    0.0649181604385376,
    -0.044168684631586075,
    0.07710392028093338,
    0.028919363394379616,
    -0.00643178028985858,
    0.057020604610443115,
    0.053533509373664856,
    0.03081691823899746,
    0.011530034244060516,
    -0.010277437046170235,
    -0.031166039407253265,
    0.05161506310105324,
    -0.024427859112620354,
    -0.010218845680356026,
    0.07640277594327927,
    0.040459588170051575,
    -0.011561372317373753,
    0.05142269656062126,
    -0.08832027018070221,
    -0.07053226977586746,
    0.0027911688666790724,
    -0.00453092809766531,
    -0.018204370513558388,
    0.006844772957265377,
    0.046397462487220764,
    0.021607378497719765,
    -0.059609074145555496,
    0.01732974871993065,
    0.053713541477918625,
    0.03616684302687645,
    -0.12681029736995697,
    -0.024032270535826683,
    0.01501420047134161,
    -0.055878255516290665,
    -0.04485613852739334,
    0.036955513060092926,
    0.05198583006858826,
    0.040512312203645706,
    -0.07678200304508209,
    0.06940274685621262,
    0.02810247614979744,
    -0.011547799222171307,
    0.02900623343884945,
    -0.013215422630310059,
    -0.02478700317442417,
    -0.012915404513478279,
    0.02180049754679203,
    -0.021458778530359268,
    0.07302013784646988,
    0.03785157576203346,
    0.040473468601703644,
    -0.07437604665756226,
    -0.04262199252843857,
    0.035386327654123306,
    0.09324713051319122,
    -0.042641203850507736,
    -0.029403135180473328,
    -0.021117007359862328,
    -0.07247764617204666,
    0.028445256873965263,
    0.011755337007343769,
    -0.0795116275548935,
    0.0182802677154541,
    0.009403631091117859,
    -0.04252004995942116,
    -0.008359155617654324,
    0.02222246117889881,
    -0.007133245002478361,
    0.010866444557905197,
    0.01688135601580143,
    -0.06302625685930252,
    0.029040347784757614,
    -0.09811344742774963,
    -0.06954959034919739,
    0.011658944189548492,
    0.008577637374401093,
    0.00551248574629426,
    0.021389083936810493,
    -0.025867972522974014,
    -0.07405860722064972,
    -0.035679660737514496,
    0.044206924736499786,
