{
  "id": 401,
  "vector": [
    -0.014863797463476658,
    0.018325772136449814,
    -0.009874704293906689,
    -0.012372749857604504,
    -0.14221927523612976,
    0.0019735917448997498,
    0.07499620318412781,
    0.06318318843841553,
    -0.06007950380444527,
    0.02230408601462841,
    0.010542718693614006,
    -0.04722784832119942,
    0.05885612964630127,
    -0.014891502447426319,
    -0.020318254828453064,
    -0.011109069921076298,
    0.027380365878343582,
    -0.004963762126863003,
    -0.07685085386037827,
    -0.003880622098222375,
    0.048747722059488297,
    -0.030986875295639038,
    -0.024844985455274582,
    -0.035271964967250824,
    -0.04464581608772278,
    0.08232122659683228,
    -0.052941761910915375,
    -0.017498310655355453,
    0.0023493904154747725,
    -0.018971536308526993,
    0.036578960716724396,
    0.08949416130781174,
    0.08758150786161423,
    0.0075484272092580795,
    0.01514305081218481,
    -0.061987053602933884,
    -0.0346992090344429,
    -0.028423026204109192,
    0.13260424137115479,
    0.011454649269580841,
    0.015151171945035458,
    0.002128605032339692,
    -0.03208183869719505,
    0.03923080489039421,
    0.009250153787434101,
    -0.08207901567220688,
    0.0067922454327344894,
    0.035387713462114334,
    0.05967271327972412,
    -0.013026278465986252,
    0.027161039412021637,
    0.06825710833072662,
    -0.08902376890182495,
    0.014725763350725174,
    0.006753380410373211,
    -0.12873852252960205,
    -0.04952921345829964,
    -0.011163889430463314,
    0.011912803165614605,
    0.04436379298567772,
    -0.0013455315493047237,
    0.051297884434461594,
    -0.04045018181204796,
    0.033371660858392715,
    0.02976488322019577,
    0.058132708072662354,
    0.013166476972401142,
    -0.009668285958468914,
    -0.05261848866939545,
    0.030719216912984848,
    -0.0041144052520394325,
    0.00819205678999424,
    -0.010373747907578945,
    0.05159548297524452,
    0.025884278118610382,
    -0.0700797364115715,
    0.07515573501586914,
    -0.05378910154104233,
    -0.10003078728914261,
    0.00026171645731665194,
    -0.12431969493627548,
    -0.02107558585703373,
    -0.04070797935128212,
    0.021835390478372574,
    -0.02827591262757778,
    -0.05476649850606918,
    -0.019889842718839645,
    0.042763885110616684,
    0.05625976622104645,
    -0.0263373963534832,
    -0.06787844747304916,
    -0.0029098500963300467,
    -0.044758640229701996,
    0.01548020076006651,
    0.025031868368387222,
    0.01834418810904026,
    -0.043263521045446396,
    -0.006512383930385113,
    0.03406565636396408,
    0.0769660472869873,
    0.03029286488890648,
    0.02120976150035858,
    0.10203475505113602,
    -0.10261910408735275,
    -0.03681618720293045,
    0.007362170610576868,
    0.03826789930462837,
    0.07702197879552841,
    0.0442536324262619,
    0.04252412170171738,
    -0.09315761178731918,
    -0.026239577680826187,
    -0.03770377114415169,
    0.00039292123983614147,
    -0.05831516161561012,
    -0.049913227558135986,
    0.050881385803222656,
    0.032511334866285324,
    0.05795595049858093,
    -0.035032905638217926,
    0.09799889475107193,
    -0.01743851602077484,
    0.033892158418893814,
    -0.02003904990851879,
    -0.10884495079517365,
    0.043180081993341446,
    0.07342898845672607,
    3.520861985418024e-33,
    -0.12452101707458496,
    -0.05107898265123367,
    0.029215723276138306,
    0.0329572856426239,
    0.025978144258260727,
    0.05543937906622887,
    0.039885014295578,
    -0.029922673478722572,
    0.019602401182055473,
    0.10277199000120163,
    -0.030153315514326096,
    0.031635086983442307,
    -0.04227786138653755,
    0.05703340470790863,
    0.02789129503071308,
    -0.001478441758081317,
    -0.031714536249637604,
    -0.025925086811184883,
    -0.0018354804487898946,
    -0.11800462007522583,
    -0.10379212349653244,
    0.0650685653090477,
    0.06594296544790268,
    0.019938359037041664,
    -0.04598822072148323,
    0.034491222351789474,
    0.0705062597990036,
    0.007306832820177078,
    -0.03471657633781433,
    0.06429991126060486,
    0.02537454478442669,
    -0.02846778742969036,
    0.06841002404689789,
    -0.02043517306447029,
    -0.02635529264807701,
    0.05191690847277641,
    -0.07010790705680847,
    -0.033858522772789,
    0.008211600594222546,
    -0.07869600504636765,
    -0.0075115482322871685,
    -0.02824055217206478,
    0.06415874511003494,
    0.046436816453933716,
    -0.1128714457154274,
    0.08832757920026779,
    -0.016546210274100304,
    -0.01758791133761406,
    0.03096105344593525,
    -0.0071287802420556545,
    0.012797079980373383,
    0.05538962408900261,
    -0.04905468598008156,
    0.04189956560730934,
    0.007514670491218567,
    -0.02737203799188137,
    -0.033437348902225494,
    0.04484497010707855,
    -0.019850678741931915,
    0.08705741912126541,
    0.016350608319044113,
    0.001680532586760819,
    0.022514792159199715,
    0.033674921840429306,
    0.026836708188056946,
    -0.00331230484880507,
    -0.031433623284101486,
    0.03423291817307472,
    -0.0102763706818223,
    0.04049324989318848,
    0.011787699535489082,
    -0.026931529864668846,
    0.09766874462366104,
    0.0014639772707596421,
    0.03899798542261124,
    0.0024441760033369064,
    0.10163663327693939,
    0.06601522117853165,
    -0.03208167105913162,
    0.08057129383087158,
    -0.05960775539278984,
    0.002299086656421423,
    0.0014579896815121174,
    -0.01684059388935566,
    -0.032762814313173294,
    0.04331681877374649,
    0.029336540028452873,
    0.0005540125421248376,
    -0.06196969747543335,
    -0.0318540595471859,
    0.002792538143694401,
    0.015583077445626259,
    -0.013701090589165688,
    -0.015094456262886524,
    -0.025809459388256073,
    -5.3791073324268974e-33,
    -0.03972088545560837,
    0.055763401091098785,
    -0.015550878830254078,
    -0.013112432323396206,
    0.026549167931079865,
    0.0028640427626669407,
    0.0447528138756752,
    0.055016305297613144,
    -0.07488644123077393,
    -0.0011674658162519336,
    -0.062239255756139755,
    -0.059241026639938354,
    -0.014758100733160973,
    -0.06092255190014839,
    -0.06702540814876556,
    0.11513416469097137,
    0.08545006066560745,
    -0.05576947331428528,
    -0.060586731880903244,
    -0.0412060022354126,
    -0.01454387791454792,
    0.030227525159716606,
    0.015852821990847588,
    0.13849401473999023,
    -0.031068097800016403,
    -0.019694335758686066,
    0.03379834070801735,
    0.05032769590616226,
    -0.010930216871201992,
    0.015216123312711716,
    0.04755019024014473,
    -0.10005008429288864,
    -0.002232916885986924,
    -0.055266208946704865,
    -0.05858077481389046,
    -0.02007261849939823,
    0.10135117173194885,
    0.040846288204193115,
    -0.04028978571295738,
    -0.024492159485816956,
    0.05771217495203018,
    -0.05925092101097107,
    -0.0061735110357403755,
    0.028444478288292885,
    0.0246565118432045,
    -0.00257241353392601,
    0.03452566638588905,
    -0.10292718559503555,
    -0.0030521685257554054,
    0.0152192497625947,
    0.058578018099069595,
    0.07404904067516327,
    -0.05271593853831291,
    0.015413022600114346,
    0.031564876437187195,
    0.04750281572341919,
    -0.03494606912136078,
    0.02612193301320076,
    -0.02144523710012436,
    -0.02318241447210312,
    0.00644080201163888,
    0.03382422775030136,
    -0.0067358738742768764,
    0.031007368117570877,
    0.05523642897605896,
    -0.04759301617741585,
    0.03352917730808258,
    -0.11320342868566513,
    -0.08370869606733322,
    0.04459177702665329,
    0.01155751571059227,
    -0.023725777864456177,
    -0.01373482495546341,
    -0.05278066173195839,
    -0.038658127188682556,
    -0.01990114524960518,
    0.018735982477664948,
    -0.03403554856777191,
    0.009758135303854942,
    -0.022437261417508125,
    0.016420776024460793,
    -0.026383044198155403,
