{
  "id": 834,
  "vector": [
    0.02575535513460636,
    0.012458610348403454,
    0.014133150689303875,
    -0.06461341679096222,
    -0.050970178097486496,
    -0.02820434980094433,
    0.15823432803153992,
    0.0909050777554512,
    -0.061640702188014984,
    0.037894900888204575,
    0.04123806580901146,
    -0.06564749777317047,
    0.03324823081493378,
    -0.008217045105993748,
    -0.018465392291545868,
    -0.007379364222288132,
    -0.015173119492828846,
    -0.05391936004161835,
    -0.09002888947725296,
    -0.037092939019203186,
    -0.0051010362803936005,
    0.03250952437520027,
    0.08160506933927536,
    0.022679299116134644,
    -0.04120328649878502,
    0.043747544288635254,
    -0.016562925651669502,
    -0.09858880192041397,
    -0.0007229415932670236,
    0.002084692008793354,
    0.0010835252469405532,
    0.09615040570497513,
    0.017055470496416092,
    -0.007240347098559141,
    -0.0406457893550396,
    0.019284546375274658,
    -0.05639660358428955,
    -0.005316383671015501,
    0.034566231071949005,
    -0.008549164049327374,
    0.022575508803129196,
    0.04470972716808319,
    -0.061922039836645126,
    0.04294547066092491,
    0.029949532821774483,
    -0.053897272795438766,
    -0.05182316526770592,
    -0.004748966079205275,
    0.014170513488352299,
    0.017231613397598267,
    0.0574701726436615,
    -0.01632637344300747,
    -0.09445250034332275,
    0.062481753528118134,
    0.061838094145059586,
    -0.019270189106464386,
    -0.09701301157474518,
    0.018203794956207275,
    -0.05265366658568382,
    0.03484216704964638,
    -0.02010604366660118,
    -0.035333529114723206,
    0.02204694226384163,
    -0.03646233305335045,
    0.011109397746622562,
    0.08803246170282364,
    -0.08440755307674408,
    0.03184656426310539,
    -0.007829868234694004,
    0.025705968961119652,
    -0.09116113930940628,
    0.07051132619380951,
    0.012824920006096363,
    0.0486958771944046,
    0.013143873773515224,
    0.032328251749277115,
    0.038469020277261734,
    -0.06281223148107529,
    0.003598214592784643,
    0.02981514483690262,
    -0.10777664184570312,
    -0.026341473683714867,
    0.012583410367369652,
    -0.024003686383366585,
    -0.03021218255162239,
    -0.0888047143816948,
    0.008699805475771427,
    0.01054859533905983,
    -0.05247309431433678,
    -0.056767310947179794,
    -0.03140794113278389,
    0.01851029321551323,
    0.046073198318481445,
    -0.02534857764840126,
    0.00617293082177639,
    0.011470667086541653,
    -0.06443431228399277,
    0.017506783828139305,
    0.05102361738681793,
    0.034575507044792175,
    0.03246983885765076,
    -0.04438167065382004,
    0.06625477224588394,
    -0.08501201122999191,
    0.009811279363930225,
    -0.018065771088004112,
    -0.10690169036388397,
    0.01389421708881855,
    -0.026970798149704933,
    0.058238785713911057,
    -0.09712247550487518,
    0.0029935073107481003,
    0.05926396697759628,
    -0.00974668562412262,
    0.012618337757885456,
    -0.029142050072550774,
    -0.016248736530542374,
    0.055139437317848206,
    0.09268725663423538,
    -0.01784566603600979,
    0.08962332457304001,
    0.010186269879341125,
    0.12244384735822678,
    -0.033819928765296936,
    -0.01934029348194599,
    -0.03480672836303711,
    0.04235996678471565,
    2.3948939666607644e-33,
    -0.012925657443702221,
    -0.03822736814618111,
    -0.023613587021827698,
    0.06638453900814056,
    0.04922756180167198,
    -0.05587213486433029,
    0.02795291878283024,
    0.01315967459231615,
    0.06090841442346573,
    0.06687914580106735,
    -0.11529240012168884,
    0.03841662034392357,
    -0.0026237093843519688,
    0.10896577686071396,
    -0.003654598956927657,
    -0.06924659758806229,
    -0.06923413276672363,
    0.023406367748975754,
    0.03292400389909744,
    -0.042260993272066116,
    -0.06981083005666733,
    0.008543846197426319,
    0.025129279121756554,
    0.042265813797712326,
    -0.011431338265538216,
    0.06277313083410263,
    -0.04926960542798042,
    0.008470412343740463,
    0.014992096461355686,
    0.001701719593256712,
    0.023701420053839684,
    0.03628859296441078,
    0.06581932306289673,
    -0.04681374505162239,
    -0.01729441061615944,
    0.08175238221883774,
    0.002963077975437045,
    0.032784078270196915,
    0.025813227519392967,
    -0.07258950173854828,
    0.07241807878017426,
    -0.007821680046617985,
    0.030600713565945625,
    0.006188588682562113,
    0.0023179310373961926,
    0.06527606397867203,
    0.016968676820397377,
    -0.032195545732975006,
    0.06676410138607025,
    -0.03241071105003357,
    -0.003289018524810672,
    -0.034509774297475815,
    -0.0457892119884491,
    0.059677496552467346,
    0.037826210260391235,
    -0.031471364200115204,
    0.005315469577908516,
    0.09115982055664062,
    0.027941172942519188,
    0.07652807980775833,
    0.009773081168532372,
    -0.005753888748586178,
    0.010427611880004406,
    -0.0021257055923342705,
    -0.00000846768671181053,
    0.04280358552932739,
    -0.04289068281650543,
    -0.0215328149497509,
    -0.06576234847307205,
    0.01745845004916191,
    0.022001637145876884,
    0.033309780061244965,
    0.014936361461877823,
    -0.07629814743995667,
    -0.003477364545688033,
    0.0013222128618508577,
    0.050782669335603714,
    0.011256258934736252,
    -0.03931658715009689,
    -0.020985137671232224,
    -0.09800402820110321,
    0.03545655310153961,
    0.07382011413574219,
    0.00490551209077239,
    0.04623832926154137,
    0.00043236068449914455,
    -0.029253290966153145,
    -0.0428241491317749,
    -0.03488614410161972,
    -0.019257018342614174,
    -0.018152335658669472,
    0.02599813975393772,
    -0.04087263345718384,
    -0.07019982486963272,
    -0.0021262282971292734,
    -4.314834216317584e-33,
    -0.012418456375598907,
    0.0698699802160263,
    0.031245162710547447,
    0.07348869740962982,
    0.04359336942434311,
    0.04490913823246956,
    0.04544248804450035,
    0.04048776626586914,
    0.08731377869844437,
    0.0015528987860307097,
    -0.0829911157488823,
    -0.011329561471939087,
    0.01629847101867199,
    -0.0262773260474205,
    -0.03477777540683746,
    -0.000200555135961622,
    0.043161265552043915,
    -0.024253256618976593,
    -0.004221485927700996,
    -0.028011567890644073,
    -0.10487423092126846,
    0.007502380758523941,
    -0.002138339215889573,
    0.020766038447618484,
    -0.04038946330547333,
    0.041185591369867325,
    0.037452954798936844,
    -0.072171151638031,
    0.10406790673732758,
    -0.004601525608450174,
    0.01909918710589409,
    -0.1080610379576683,
    0.0007640640833415091,
    0.0032566485460847616,
    -0.014997716061770916,
    -0.025049550458788872,
    0.03115866146981716,
    0.06574974209070206,
    0.03195132315158844,
    0.01188188698142767,
    0.047306180000305176,
    -0.05731147900223732,
    -0.011025426909327507,
    -0.03628627955913544,
    -0.037945739924907684,
    -0.09527850151062012,
    -0.022513002157211304,
    -0.031096315011382103,
    -0.053968027234077454,
    -0.004997290205210447,
    0.06685110926628113,
    0.027550993487238884,
    -0.0020566151943057775,
    -0.07429435104131699,
    -0.06076062098145485,
    0.12637582421302795,
    -0.027243955060839653,
    -0.059903211891651154,
    0.09507253766059875,
    -0.06500417739152908,
    -0.006635990459471941,
    -0.10239548236131668,
    -0.05480954051017761,
    -0.013078617863357067,
    -0.06384216248989105,
    0.02007365971803665,
    -0.002115881070494652,
    -0.026829807087779045,
    -0.0016542788362130523,
    -0.010361590422689915,
    0.08563107252120972,
    0.04890532046556473,
    -0.03981095552444458,
    -0.10107944905757904,
    -0.003794505028054118,
    0.018795272335410118,
    -0.06776508688926697,
    0.019792599603533745,
    0.12027635425329208,
    0.04635346308350563,
    -0.06730632483959198,
    0.061216291040182114,
