{
  "id": 251,
  "vector": [
    0.01859302818775177,
    0.04520804435014725,
    -0.10260399430990219,
    -0.046487703919410706,
    -0.07624850422143936,
    0.02154085598886013,
    -0.0235525444149971,
    0.08591601252555847,
    0.013122056610882282,
    -0.06093167886137962,
    0.04794701188802719,
    0.002822999143972993,
    -0.03755081817507744,
    0.04504887014627457,
    -0.0005110655911266804,
    -0.07345857471227646,
    0.000656396325211972,
    0.0252454224973917,
    -0.10624027252197266,
    -0.031415365636348724,
    0.042683351784944534,
    -0.055363718420267105,
    0.011678104288876057,
    0.015292397700250149,
    0.01840135082602501,
    0.050927016884088516,
    -0.008455976843833923,
    -0.05824349448084831,
    -0.006870865821838379,
    -0.0579807348549366,
    0.042346831411123276,
    0.015426145866513252,
    0.024384114891290665,
    -0.005311512853950262,
    0.02996605634689331,
    -0.09220191836357117,
    -0.023610970005393028,
    -0.01502978429198265,
    0.1017104834318161,
    -0.011996203102171421,
    0.061662737280130386,
    0.03885228559374809,
    0.02770218625664711,
    0.0821322426199913,
    0.028479672968387604,
    0.001646442455239594,
    -0.07161098718643188,
    0.02126050926744938,
    0.0469210147857666,
    0.056808654218912125,
    -0.03533175587654114,
    0.02715199440717697,
    -0.059196893125772476,
    -0.023420386016368866,
    0.0631638839840889,
    -0.0893421471118927,
    -0.0048774732276797295,
    -0.03540845960378647,
    0.01946670562028885,
    0.09643742442131042,
    0.027345264330506325,
    -0.05019799992442131,
    -0.007004928309470415,
    0.04367028921842575,
    -0.04285890609025955,
    0.05035986006259918,
    -0.07356161624193192,
    0.0069485981948673725,
    -0.11061784625053406,
    0.03742619976401329,
    -0.04659044370055199,
    0.040577176958322525,
    0.031400177627801895,
    0.024798519909381866,
    -0.021411091089248657,
    0.00279835588298738,
    -0.02030433528125286,
    -0.0724017396569252,
    -0.07263700664043427,
    0.11491288989782333,
    -0.10738939791917801,
    -0.006399200763553381,
    -0.07284291833639145,
    0.06829508394002914,
    0.00234029907733202,
    -0.08804664015769958,
    -0.0029513912741094828,
    0.08357562124729156,
    -0.05234602093696594,
    -0.02483758144080639,
    -0.009655344299972057,
    0.033271875232458115,
    0.10210337489843369,
    -0.024507882073521614,
    -0.08346572518348694,
    0.01907942071557045,
    -0.0006305529968813062,
    -0.07714011520147324,
    0.07338374853134155,
    -0.02354155294597149,
    0.002092777518555522,
    0.004294495098292828,
    0.14967624843120575,
    -0.10343465954065323,
    -0.048081088811159134,
    -0.028952619060873985,
    -0.013328716158866882,
    0.009337830357253551,
    0.0841149091720581,
    0.012054831720888615,
    -0.04988771677017212,
    -0.01525597833096981,
    -0.022027619183063507,
    -0.03002169169485569,
    -0.04901226609945297,
    0.0076410798355937,
    0.015416961163282394,
    -0.0373498797416687,
    -0.002740072086453438,
    -0.00898890569806099,
    0.059906255453825,
    0.033723995089530945,
    0.0022174236364662647,
    -0.011097058653831482,
    -0.03918144106864929,
    -0.04562433809041977,
    0.022167442366480827,
    6.014727249959248e-33,
    -0.08132075518369675,
    -0.0782712921500206,
    0.004164124373346567,
    0.08738890290260315,
    0.041515473276376724,
    0.03214525431394577,
    0.04908179119229317,
    -0.02018790692090988,
    0.03422681614756584,
    0.07327695935964584,
    -0.04371047765016556,
    0.02974741719663143,
    -0.03727322071790695,
    0.1159731075167656,
    -0.06897256523370743,
    -0.04542502015829086,
    0.05605395510792732,
    0.04024460166692734,
    -0.009697332046926022,
    -0.0777144506573677,
    -0.03057333640754223,
    -0.03885355219244957,
    0.05125727504491806,
    0.023923417553305626,
    -0.03339771926403046,
    0.05375707894563675,
    -0.010413418523967266,
    -0.001429117051884532,
    0.06415365636348724,
    0.020522575825452805,
    0.07765049487352371,
    -0.007462870795279741,
    -0.029624024406075478,
    -0.02686595544219017,
    0.022023139521479607,
    -0.011033129878342152,
    -0.028053730726242065,
    -0.012414929457008839,
    0.13116735219955444,
    -0.051890987902879715,
    0.005183997098356485,
    0.04546325281262398,
    0.061681147664785385,
    0.06335970014333725,
    -0.03851243481040001,
    0.06291349232196808,
    0.028494685888290405,
    -0.005538669880479574,
    0.050992514938116074,
    0.018052909523248672,
    -0.08515483886003494,
    -0.0073319608345627785,
    0.04327864199876785,
    0.0730784609913826,
    0.021304329857230186,
    -0.036584723740816116,
    -0.0840657502412796,
    0.0732734203338623,
    0.01513390801846981,
    0.030704783275723457,
    -0.0031959128100425005,
    0.09480684995651245,
    -0.03453514724969864,
    0.038549091666936874,
    0.00039195665158331394,
    0.06282278150320053,
    -0.05061034858226776,
    -0.04780565947294235,
    -0.013873100280761719,
    0.021561209112405777,
    0.010967894457280636,
    0.031189201399683952,
    0.04305108264088631,
    -0.05285190790891647,
    0.01324373483657837,
    0.01665147952735424,
    0.08361588418483734,
    0.020376544445753098,
    -0.06748686730861664,
    -0.07006150484085083,
    -0.09529714286327362,
    -0.020639076828956604,
    -0.0009662393713369966,
    -0.007690781727433205,
    -0.0507761687040329,
    0.05339176580309868,
    -0.06761913746595383,
    0.037756066769361496,
    -0.006324967835098505,
    -0.04510583356022835,
    -0.02263183705508709,
    -0.029182128608226776,
    -0.01514054462313652,
    -0.02850906364619732,
    0.019109489396214485,
    -5.842277820589803e-33,
    0.018328724429011345,
    0.02661924436688423,
    0.0002528554177843034,
    0.03423812612891197,
    0.12811759114265442,
    0.030023375526070595,
    0.05041929706931114,
    -0.013099363073706627,
    0.02202119119465351,
    -0.00886949896812439,
    -0.12362357974052429,
    0.035423364490270615,
    0.03151886165142059,
    0.0031373838428407907,
    -0.06260783225297928,
    0.09055593609809875,
    0.047911543399095535,
    0.027215445414185524,
    0.01717126928269863,
    -0.09415312111377716,
    -0.11180708557367325,
    0.08724144846200943,
    0.017322979867458344,
    0.02252444624900818,
    0.09601663798093796,
    0.07629227638244629,
    -0.026960985735058784,
    -0.0981648713350296,
    0.02207236923277378,
    0.0435427688062191,
    -0.011952785775065422,
    -0.11956652253866196,
    -0.028316058218479156,
    -0.01604672148823738,
    -0.028290359303355217,
    -0.047106362879276276,
    0.050731394439935684,
    0.07291697710752487,
    0.05190563201904297,
    -0.0029534792993217707,
    0.043791066855192184,
    -0.05745280906558037,
    -0.015787702053785324,
    -0.02452791854739189,
    0.04435727000236511,
    0.018384139984846115,
    0.0038832821883261204,
    -0.034099072217941284,
    0.054695453494787216,
    0.03836909309029579,
    -0.06471236795186996,
    0.10875168442726135,
    -0.09441488236188889,
    0.01940748654305935,
    0.05933578684926033,
    0.03552677482366562,
    0.035197850316762924,
    -0.03215985745191574,
    -0.06309811025857925,
    -0.07547898590564728,
    -0.114874467253685,
    -0.01042433176189661,
    0.02018875442445278,
    -0.019273342564702034,
    0.002558395965024829,
    -0.012401238083839417,
    -0.0286541860550642,
    -0.03167528286576271,
    -0.07028387486934662,
    0.015285683795809746,
    0.030881023034453392,
    0.039622075855731964,
    0.046686891466379166,
    -0.03627211973071098,
    -0.08379731327295303,
    0.012743456289172173,
    -0.05781111866235733,
    -0.08756314218044281,
    0.02385532297194004,
    0.061589475721120834,
    -0.01649804413318634,
    -0.0024151112884283066,
    0.009376103058457375,
    0.04921851307153702,
