{
  "id": 662,
  "vector": [
    0.012293403968214989,
    0.004750106018036604,
    -0.04534810408949852,
    0.10357893258333206,
    0.0445130318403244,
    0.012101717293262482,
    0.05763133242726326,
    0.1348574161529541,
    -0.0983402356505394,
    0.039361149072647095,
    0.04009976610541344,
    -0.10346142947673798,
    -0.048489462584257126,
    -0.001458142651244998,
    -0.02719295397400856,
    -0.018643097952008247,
    0.005547975189983845,
    0.012569508515298367,
    -0.06799310445785522,
    -0.028944147750735283,
    0.03370145335793495,
    -0.020601237192749977,
    -0.05340803042054176,
    0.06724883615970612,
    0.00797250121831894,
    0.061997298151254654,
    -0.021928513422608376,
    -0.05613546073436737,
    0.011418805457651615,
    -0.005721507593989372,
    -0.04823167622089386,
    0.03146281838417053,
    0.10428951680660248,
    0.037250127643346786,
    -0.007496797479689121,
    -0.08535020053386688,
    -0.009182257577776909,
    -0.003937119152396917,
    0.029946723952889442,
    -0.04075365513563156,
    0.009859769605100155,
    0.018811039626598358,
    0.04612608999013901,
    0.034973520785570145,
    -0.012931016273796558,
    -0.03952929750084877,
    0.024211779236793518,
    0.06530436873435974,
    0.0019802157767117023,
    0.04393446072936058,
    0.04327263683080673,
    0.03371209651231766,
    -0.1542035937309265,
    0.026652254164218903,
    0.026289984583854675,
    -0.056328028440475464,
    -0.002028567250818014,
    -0.02553822658956051,
    0.012563124299049377,
    0.07106442749500275,
    -0.016965243965387344,
    -0.031084369868040085,
    -0.09975510835647583,
    0.005910695996135473,
    0.038999468088150024,
    0.03628731891512871,
    -0.08555807918310165,
    -0.06556529551744461,
    -0.02293618954718113,
    0.0028833041433244944,
    -0.0018794623902067542,
    0.037232838571071625,
    0.08242808282375336,
    -0.008197402581572533,
    0.0011041229590773582,
    -0.00682336650788784,
    0.0882488340139389,
    0.00330205075442791,
    -0.04397566616535187,
    0.014325952157378197,
    -0.009701537899672985,
    0.021381288766860962,
    0.0749291479587555,
    0.010157608427107334,
    -0.014780937694013119,
    0.002070437651127577,
    0.03472594544291496,
    -0.03779277950525284,
    0.014327410608530045,
    -0.09074599295854568,
    -0.05927643924951553,
    0.036625247448682785,
    -0.027616847306489944,
    0.0409565232694149,
    -0.05241461843252182,
    0.01902143284678459,
    0.008866991847753525,
    -0.04228445142507553,
    0.009453883394598961,
    0.021434025838971138,
    0.01515455637127161,
    -0.022541090846061707,
    0.09513377398252487,
    -0.05880054086446762,
    -0.05701887607574463,
    -0.028061246499419212,
    -0.0055044833570718765,
    -0.0405128113925457,
    0.025784539058804512,
    0.1447746306657791,
    -0.04725835844874382,
    0.016407519578933716,
    -0.06561453640460968,
    0.014118448831140995,
    0.015028015710413456,
    -0.02156975120306015,
    -0.02100139483809471,
    0.00875934585928917,
    0.03743110969662666,
    0.02181515470147133,
    0.04253167286515236,
    0.023789023980498314,
    0.07946877926588058,
    -0.020728478208184242,
    -0.013515308499336243,
    -0.05327805504202843,
    0.08168181031942368,
    4.9614982706178945e-33,
    -0.13294725120067596,
    0.00998311210423708,
    0.008904454298317432,
    0.04026500880718231,
    0.020985811948776245,
    -0.04418695345520973,
    0.053781308233737946,
    -0.016410494223237038,
    0.00822498183697462,
    0.06637430936098099,
    -0.014381617307662964,
    0.07026071846485138,
    -0.035087231546640396,
    0.097498819231987,
    -0.017793040722608566,
    0.00460145715624094,
    -0.020119132474064827,
    -0.005041501950472593,
    0.006848522461950779,
    -0.08531225472688675,
    -0.08477064967155457,
    0.08419594913721085,
    0.00953524187207222,
    0.04039594158530235,
    -0.03760461509227753,
    0.04786338657140732,
    0.048797957599163055,
    -0.01652183011174202,
    -0.04424561187624931,
    0.027805736288428307,
    0.09791121631860733,
    0.061075422912836075,
    0.026686416938900948,
    -0.023773806169629097,
    -0.08474138379096985,
    0.027220524847507477,
    -0.058202654123306274,
    -0.05267402157187462,
    -0.006552296690642834,
    0.015589045360684395,
    0.018454696983098984,
    0.06268901377916336,
    0.06949714571237564,
    -0.04308553412556648,
    -0.019907552748918533,
    0.019779138267040253,
    0.04204521328210831,
    -0.05682600662112236,
    0.04351763054728508,
    0.03163176402449608,
    -0.042495667934417725,
    -0.004938594065606594,
    -0.028804607689380646,
    0.0996599867939949,
    0.03907851502299309,
    -0.08035951852798462,
    -0.04334638640284538,
    0.0007603389676660299,
    0.017113594338297844,
    0.06752768903970718,
    0.024761516600847244,
    -0.027663448825478554,
    -0.06995217502117157,
    0.012604190036654472,
    -0.06732059270143509,
    0.01860448531806469,
    -0.10954312235116959,
    -0.05909881368279457,
    0.010660889558494091,
    0.04946820065379143,
    0.009157317690551281,
    0.04509273171424866,
    0.08290648460388184,
    -0.0490419901907444,
    -0.000025111887225648388,
    -0.05532704293727875,
    0.10196328908205032,
    0.17600972950458527,
    -0.041977252811193466,
    0.04321267083287239,
    -0.0727384090423584,
    -0.013872618786990643,
    0.0050082700327038765,
    -0.004876735620200634,
    -0.018957538530230522,
    0.030537132173776627,
    -0.04661943018436432,
    0.007312756963074207,
    -0.008602670393884182,
    0.026755794882774353,
    -0.03396071121096611,
    0.00868260394781828,
    -0.06233334168791771,
    -0.03257325291633606,
    -0.0551324225962162,
    -4.604389331651822e-33,
    0.05287894979119301,
    0.011129280552268028,
    -0.03842421621084213,
    0.08502571284770966,
    0.01431226171553135,
    0.016011985018849373,
    0.006989982910454273,
    0.061184149235486984,
    0.05005702003836632,
    -0.115452341735363,
    -0.0003607418911997229,
    0.011865945532917976,
    0.05440913140773773,
    0.006769851315766573,
    0.001104666036553681,
    0.07166702300310135,
    0.04602496698498726,
    -0.007899390533566475,
    -0.012091084383428097,
    -0.06964975595474243,
    -0.06867816299200058,
    0.040668245404958725,
    0.044385455548763275,
    -0.014405428431928158,
    0.05115138739347458,
    -0.06344100087881088,
    0.05055386200547218,
    0.015406212769448757,
    0.02305259183049202,
    -0.007348357699811459,
    0.029449352994561195,
    -0.07289338111877441,
    -0.00988410972058773,
    0.05358424410223961,
    -0.09758524596691132,
    -0.074700728058815,
    0.029062319546937943,
    0.07832559198141098,
    -0.0243698600679636,
    0.05730041116476059,
    -0.004700581543147564,
    -0.004255246836692095,
    -0.03283245861530304,
    -0.0353783443570137,
    -0.017800740897655487,
    0.0010208033490926027,
    0.0037886593490839005,
    -0.00209717801772058,
    0.04458136856555939,
    -0.0399378277361393,
    0.09625795483589172,
    -0.08205687254667282,
    -0.09910409152507782,
    -0.05769515410065651,
    -0.02263534627854824,
    0.08271925896406174,
    -0.01622290350496769,
    0.032167356461286545,
    -0.004391098394989967,
    -0.10465919971466064,
    0.026985393837094307,
    0.039682187139987946,
    -0.0277269147336483,
    -0.04837457835674286,
    0.01902579888701439,
    -0.0037632721941918135,
    -0.03303438052535057,
    -0.07698371261358261,
    0.019859077408909798,
    0.04132648929953575,
    0.0737689658999443,
    0.03520367667078972,
    0.017898855730891228,
    -0.015397117473185062,
    -0.057173993438482285,
    0.0056929513812065125,
    0.09817484021186829,
    0.026248494163155556,
    0.03427709639072418,
    -0.03954073414206505,
    -0.04896573722362518,
    0.034785255789756775,
    0.03758552670478821,
