{
  "id": 405,
  "vector": [
    -0.034850653260946274,
    0.023982185870409012,
    -0.014189395122230053,
    -0.049597274512052536,
    -0.12190614640712738,
    -0.022725455462932587,
    0.0793457105755806,
    0.08955933898687363,
    -0.03264502435922623,
    0.026450658217072487,
    -0.004117232281714678,
    -0.018695145845413208,
    0.07832576334476471,
    0.02716110646724701,
    -0.02583254873752594,
    -0.02663683332502842,
    0.002218447858467698,
    0.014127063564956188,
    -0.09563174098730087,
    -0.01170661486685276,
    0.07005583494901657,
    0.02251284196972847,
    -0.019614223390817642,
    -0.05072105675935745,
    -0.08381996303796768,
    0.08893782645463943,
    -0.022749237716197968,
    -0.013144060038030148,
    0.019398465752601624,
    0.004887756425887346,
    0.0590846911072731,
    0.059787217527627945,
    0.05331319198012352,
    -0.017103880643844604,
    -0.010788729414343834,
    -0.07981953769922256,
    -0.06223606318235397,
    -0.013539506122469902,
    0.11929246783256531,
    -0.01648254692554474,
    0.020955342799425125,
    0.006427065934985876,
    -0.016145309433341026,
    0.07220128178596497,
    0.0022079311311244965,
    -0.10253550112247467,
    0.039240673184394836,
    0.03126448765397072,
    0.07502523064613342,
    -0.03775765001773834,
    0.022555546835064888,
    0.031172582879662514,
    -0.10533048212528229,
    0.024654973298311234,
    -0.014691979624330997,
    -0.12196163088083267,
    -0.03718674182891846,
    0.003500040154904127,
    0.03054540604352951,
    0.05535028129816055,
    -0.01285641361027956,
    0.007945169694721699,
    -0.016226142644882202,
    0.02554715983569622,
    0.021226637065410614,
    0.09092308580875397,
    0.02144678868353367,
    -0.019640546292066574,
    -0.023263437673449516,
    0.05186751112341881,
    -0.013439558446407318,
    0.049142975360155106,
    0.030360179021954536,
    0.05163131281733513,
    0.048983123153448105,
    -0.06570456176996231,
    0.06701821088790894,
    -0.032087381929159164,
    -0.08225678652524948,
    -0.03800927847623825,
    -0.08103689551353455,
    -0.03219238668680191,
    -0.019974086433649063,
    0.03734305873513222,
    -0.0320928581058979,
    -0.015479770489037037,
    -0.015375612303614616,
    0.06196966394782066,
    0.04260344058275223,
    -0.023847918957471848,
    -0.07248979061841965,
    0.031732574105262756,
    -0.048920370638370514,
    0.013722766190767288,
    -0.004542927723377943,
    -0.002780014183372259,
    -0.04352483153343201,
    0.014295908622443676,
    0.03648943081498146,
    0.07944660633802414,
    0.012841557152569294,
    0.029245054349303246,
    0.11949038505554199,
    -0.10542658716440201,
    0.0018062968738377094,
    -0.052361130714416504,
    0.039980676025152206,
    0.037295129150152206,
    0.010547569021582603,
    0.05810825899243355,
    -0.0605868436396122,
    -0.02386828325688839,
    -0.038807909935712814,
    0.028679054230451584,
    -0.06488364189863205,
    -0.07625675201416016,
    0.0722636729478836,
    0.04437797889113426,
    0.05195141211152077,
    -0.034792013466358185,
    0.09234271943569183,
    0.0008743578800931573,
    0.015399198047816753,
    -0.03767681121826172,
    -0.10407958179712296,
    0.038217589259147644,
    0.07213450223207474,
    4.186371050871939e-33,
    -0.12870444357395172,
    -0.042500950396060944,
    0.031098291277885437,
    0.03699873387813568,
    0.041358284652233124,
    0.02145281806588173,
    0.0310117918998003,
    0.008782472461462021,
    0.05868767946958542,
    0.07818859070539474,
    -0.04681563004851341,
    0.012143907137215137,
    -0.07549143582582474,
    0.12318035215139389,
    0.01384084951132536,
    -0.02080398052930832,
    -0.021333251148462296,
    -0.0020628543570637703,
    0.017324184998869896,
    -0.08206444978713989,
    -0.07051429152488708,
    0.079460009932518,
    0.03087923675775528,
    0.02189001999795437,
    -0.053495243191719055,
    0.045622818171978,
    0.05367593467235565,
    0.023297440260648727,
    0.005644005257636309,
    0.03722560778260231,
    0.06738493591547012,
    -0.05142568051815033,
    0.031840793788433075,
    -0.04563736543059349,
    -0.04882568120956421,
    0.01948840171098709,
    -0.12007825076580048,
    -0.0436326339840889,
    0.01563163846731186,
    -0.05445152148604393,
    -0.023334091529250145,
    -0.0021068209316581488,
    0.05644230544567108,
    0.05321873351931572,
    -0.06011837720870972,
    0.03231123462319374,
    -0.020725807175040245,
    -0.004787369631230831,
    0.04316457360982895,
    0.013541375286877155,
    0.0022903294302523136,
    0.042769499123096466,
    -0.04041813313961029,
    0.05493638664484024,
    0.005844854284077883,
    -0.07616325467824936,
    -0.0531960129737854,
    0.027538903057575226,
    -0.01743805781006813,
    0.11456063389778137,
    -0.0009327501174993813,
    0.01585715264081955,
    0.00020782458886969835,
    0.07054877281188965,
    0.0004690192290581763,
    0.009759727865457535,
    -0.062211666256189346,
    0.0567966103553772,
    -0.02351268380880356,
    -0.004712222144007683,
    0.037446193397045135,
    -0.01872938498854637,
    0.07906775176525116,
    -0.02313929609954357,
    0.0020340362098068,
    -0.011602289043366909,
    0.11876653134822845,
    0.04926331713795662,
    -0.05366980656981468,
    0.03749288246035576,
    -0.07502281665802002,
    -0.029983986169099808,
    -0.02884068712592125,
    -0.012019195593893528,
    -0.09069769084453583,
    0.07833538949489594,
    0.03170522674918175,
    -0.02176542393863201,
    -0.05967304855585098,
    -0.04143849387764931,
    -0.043458905071020126,
    0.003371038706973195,
    -0.026403527706861496,
    0.0000988985993899405,
    -0.03469134494662285,
    -5.753299877730264e-33,
    -0.02824149839580059,
    0.017055463045835495,
    -0.00715726800262928,
    0.000495350977871567,
    0.0380745567381382,
    0.011459131725132465,
    0.06421610713005066,
    0.09071608632802963,
    -0.025412214919924736,
    -0.013209485448896885,
    -0.0564102940261364,
    -0.025993410497903824,
    0.03399725630879402,
    -0.04817333072423935,
    -0.09848355501890182,
    0.11211355775594711,
    0.07963932305574417,
    -0.03280750662088394,
    -0.021906498819589615,
    -0.03933481499552727,
    -0.05397697165608406,
    0.06832725554704666,
    0.05074794590473175,
    0.13928794860839844,
    0.018474094569683075,
    -0.018228083848953247,
    0.031078599393367767,
    0.04678608849644661,
    -0.005984866060316563,
    0.05809597671031952,
    0.043492499738931656,
    -0.10287100076675415,
    0.006513298023492098,
    -0.0008450571913272142,
    -0.05428050085902214,
    -0.040463972836732864,
    0.11005538702011108,
    -0.003742009634152055,
    -0.033827848732471466,
    -0.0298045314848423,
    0.042939331382513046,
    -0.03669216111302376,
    -0.018689842894673347,
    0.0315973125398159,
    0.007586408872157335,
    0.03248743712902069,
    0.04398621991276741,
    -0.041464194655418396,
    -0.04374612122774124,
    0.0014256660360842943,
    0.014519627206027508,
    0.0821877047419548,
    -0.049048036336898804,
    -0.044841524213552475,
    0.05705247446894646,
    0.05722927302122116,
    -0.020933371037244797,
    0.012064686976373196,
    -0.02055186592042446,
    -0.04283463582396507,
    -0.026682240888476372,
    0.0006245764088816941,
    -0.02726580761373043,
    0.02791963703930378,
    0.03296724334359169,
    -0.04086954519152641,
    0.04779241606593132,
    -0.060066405683755875,
    -0.08012118935585022,
    0.06104227900505066,
    0.0353965125977993,
    -0.0003596512251533568,
    -0.029735136777162552,
    -0.07049761712551117,
    -0.04250249266624451,
    0.027029402554035187,
    0.017470601946115494,
    -0.0798988863825798,
    -0.026267802342772484,
    -0.03694511204957962,
    -0.02465648762881756,
    -0.036030661314725876,
    0.052047986537218094,
