{
  "id": 17,
  "vector": [
    -0.0001804880885174498,
    0.054122790694236755,
    -0.0195225290954113,
    -0.005283607169985771,
    -0.0958595722913742,
    0.016380231827497482,
    0.06433653831481934,
    0.056853581219911575,
    -0.006796915549784899,
    0.04870755597949028,
    0.07154583930969238,
    -0.06522014737129211,
    0.021046340465545654,
    0.05918240174651146,
    0.006940828170627356,
    0.030981142073869705,
    0.06314799934625626,
    -0.000002518995415812242,
    -0.13483624160289764,
    -0.05499701201915741,
    0.06131986901164055,
    -0.0653458833694458,
    0.028609512373805046,
    -0.04873761534690857,
    0.018859636038541794,
    0.03258705139160156,
    -0.028589483350515366,
    -0.018525628373026848,
    -0.011275853030383587,
    -0.04271411895751953,
    0.0369018018245697,
    0.11307349801063538,
    0.057170867919921875,
    0.011492948047816753,
    -0.011356339789927006,
    0.0030005513690412045,
    -0.049128711223602295,
    -0.05906788259744644,
    0.14774437248706818,
    -0.037128746509552,
    -0.021463816985487938,
    0.02144634537398815,
    0.07405019551515579,
    0.042122162878513336,
    -0.01234285905957222,
    -0.044946715235710144,
    -0.02770446427166462,
    0.06961303949356079,
    0.07502515614032745,
    -0.04561914503574371,
    -0.047591160982847214,
    0.028286108747124672,
    -0.0972888171672821,
    0.022744206711649895,
    0.050142887979745865,
    -0.11371541023254395,
    -0.0873318612575531,
    -0.036058198660612106,
    -0.07197761535644531,
    0.03597472235560417,
    -0.009715576656162739,
    0.06784746795892715,
    -0.010137991979718208,
    0.0019072304712608457,
    -0.03920444846153259,
    0.013658520765602589,
    -0.024753397330641747,
    -0.06471098214387894,
    -0.05673261731863022,
    0.06823156028985977,
    -0.008591578342020512,
    0.028303824365139008,
    0.04462851211428642,
    -0.015734778717160225,
    -0.004140681587159634,
    -0.056364506483078,
    0.06701960414648056,
    -0.10405439883470535,
    -0.07936568558216095,
    0.03788560628890991,
    -0.11475881934165955,
    0.034244194626808167,
    -0.03494223207235336,
    0.012971297837793827,
    -0.10874074697494507,
    -0.04784990847110748,
    -0.015198186971247196,
    0.017878549173474312,
    -0.02237369865179062,
    -0.01893896795809269,
    -0.024246804416179657,
    -0.032089963555336,
    0.052388425916433334,
    -0.03947015851736069,
    0.005082521587610245,
    0.044407449662685394,
    -0.05378028750419617,
    -0.033147767186164856,
    0.049754299223423004,
    0.056301217526197433,
    0.04920373111963272,
    -0.05587615445256233,
    0.07905653119087219,
    -0.08586952090263367,
    -0.05853050947189331,
    0.008050373755395412,
    0.030962735414505005,
    0.04703206941485405,
    -0.023355426266789436,
    0.04614180698990822,
    -0.07164009660482407,
    0.012898367829620838,
    -0.02916898764669895,
    0.025543533265590668,
    -0.08477660268545151,
    0.006732966285198927,
    0.03493691235780716,
    0.0028042742051184177,
    0.03443577513098717,
    0.06288401037454605,
    0.059062838554382324,
    -0.02728145942091942,
    0.04343650862574577,
    0.040967829525470734,
    -0.08594657480716705,
    0.062270693480968475,
    0.0094872722402215,
    5.038010095886963e-33,
    -0.0375470332801342,
    -0.04126247391104698,
    0.0842975452542305,
    0.050440769642591476,
    0.001920152921229601,
    -0.0122968265786767,
    0.012598282657563686,
    0.005026802886277437,
    0.005264031235128641,
    0.00009454511746298522,
    -0.06774558126926422,
    0.0009585892548784614,
    -0.006301707122474909,
    0.08076068758964539,
    0.0010268627665936947,
    -0.057913485914468765,
    0.03383487090468407,
    0.010659446939826012,
    0.06366460025310516,
    -0.06430858373641968,
    -0.09791870415210724,
    0.006003934890031815,
    0.02815450169146061,
    -0.005540704354643822,
    -0.05650286376476288,
    0.07519654184579849,
    0.10453496873378754,
    0.030374279245734215,
    -0.03408385068178177,
    0.03227624669671059,
    0.11490417271852493,
    -0.003619689494371414,
    -0.02854705974459648,
    0.0027272861916571856,
    -0.008337273262441158,
    0.04500030726194382,
    -0.0603606179356575,
    -0.015837380662560463,
    0.03425509110093117,
    -0.1088821142911911,
    0.03675267845392227,
    0.031142501160502434,
    0.06257686018943787,
    0.06635770946741104,
    -0.06887736916542053,
    0.0895569920539856,
    -0.0673883855342865,
    -0.009443715214729309,
    0.11264117062091827,
    0.046252213418483734,
    0.000035086963180219755,
    0.0676673874258995,
    0.020082619041204453,
    0.08327066898345947,
    0.02774783968925476,
    -0.018128005787730217,
    -0.04064743220806122,
    -0.002074324991554022,
    -0.02554813027381897,
    0.10047120600938797,
    -0.019058944657444954,
    -0.012535745278000832,
    -0.04359204322099686,
    0.03741881251335144,
    -0.006983709055930376,
    0.04267530515789986,
    -0.03361649811267853,
    0.0069898571819067,
    -0.021251365542411804,
    -0.0036051960196346045,
    -0.004751989152282476,
    -0.01079119648784399,
    0.060857225209474564,
    0.030984897166490555,
    0.02422594651579857,
    0.0015381291741505265,
    0.16174374520778656,
    0.030319195240736008,
    -0.05291738733649254,
    0.04949013516306877,
    -0.04713315889239311,
    0.028909804299473763,
    0.042121000587940216,
    -0.011667419224977493,
    -0.05669616162776947,
    0.06186069920659065,
    -0.09148785471916199,
    0.02338801510632038,
    0.022029947489500046,
    0.0014611427905038,
    0.006129842717200518,
    -0.028375662863254547,
    -0.030818838626146317,
    -0.0244026817381382,
    -0.08088532835245132,
    -5.1489624362671865e-33,
    -0.021588943898677826,
    0.025545570999383926,
    -0.0188582893460989,
    0.015386663377285004,
    0.061650168150663376,
    -0.009683719836175442,
    0.026659108698368073,
    0.07372241467237473,
    -0.021168969571590424,
    0.015223884955048561,
    -0.07936843484640121,
    -0.009481263346970081,
    0.06468020379543304,
    -0.060515958815813065,
    -0.147991344332695,
    0.044668130576610565,
    0.09981325268745422,
    0.031109001487493515,
    0.020154107362031937,
    0.030025681480765343,
    -0.06988410651683807,
    0.07354225218296051,
    0.033841315656900406,
    0.015399252995848656,
    -0.00012320464884396642,
    0.015273869037628174,
    0.035368662327528,
    0.036102984100580215,
    -0.05581530183553696,
    0.056978438049554825,
    0.10105554014444351,
    -0.17693305015563965,
    -0.08295772969722748,
    -0.05159201845526695,
    -0.027149658650159836,
    -0.0829053446650505,
    0.02827395126223564,
    -0.01800111122429371,
    -0.05263629928231239,
    0.056365158408880234,
    0.036431245505809784,
    0.00634765625,
    -0.04468691349029541,
    -0.008118878118693829,
    0.006481626071035862,
    -0.03685213252902031,
    -0.006359504070132971,
    -0.033313967287540436,
    0.053629614412784576,
    -0.02677045948803425,
    -0.011311592534184456,
    0.014303927309811115,
    -0.008563620038330555,
    -0.04538080841302872,
    0.027583228424191475,
    0.07689724862575531,
    0.0223112553358078,
    0.07296651601791382,
    0.0234240610152483,
    -0.014401079155504704,
    -0.0176351647824049,
    0.005949530750513077,
    0.013239550404250622,
    0.02138795144855976,
    0.012344632297754288,
    -0.010781795717775822,
    0.025945095345377922,
    -0.04058404266834259,
    -0.048298366367816925,
    0.017667686566710472,
    0.04131876304745674,
    -0.00003488013317110017,
    -0.05744438245892525,
    -0.012137321755290031,
    -0.06026604771614075,
    0.028860772028565407,
    0.004047321155667305,
    -0.04989580810070038,
    -0.004508383572101593,
    0.013951269909739494,
    -0.00016533098823856562,
    -0.020956819877028465,
    -0.03781114146113396,
