{
  "id": 1001,
  "vector": [
    -0.004122299142181873,
    0.04570857435464859,
    -0.0207307618111372,
    0.03968248888850212,
    -0.05606645345687866,
    -0.054778024554252625,
    0.12016606330871582,
    0.09911158680915833,
    -0.054714396595954895,
    0.03669683635234833,
    0.04092124477028847,
    -0.048165589570999146,
    -0.05300736799836159,
    0.010454255156219006,
    -0.014825177378952503,
    -0.015931833535432816,
    -0.0036949249915778637,
    0.06005081161856651,
    -0.04165550321340561,
    0.014660721644759178,
    0.043661367148160934,
    -0.12024854868650436,
    -0.029891105368733406,
    0.05746286362409592,
    -0.0922585055232048,
    0.00683082640171051,
    -0.0012291210005059838,
    -0.08249284327030182,
    -0.03356197476387024,
    -0.004724767059087753,
    -0.014872495085000992,
    0.05769090726971626,
    0.09126549959182739,
    -0.033322084695100784,
    0.03378865122795105,
    -0.09029445797204971,
    -0.012336356565356255,
    -0.027414808049798012,
    0.03821737691760063,
    -0.06146113947033882,
    -0.012915775179862976,
    0.038172848522663116,
    0.03097233735024929,
    0.06732940673828125,
    -0.009106596931815147,
    -0.07047560811042786,
    -0.05001913011074066,
    0.06324723362922668,
    0.005622275173664093,
    -0.014250044710934162,
    0.03027844987809658,
    0.02371760457754135,
    -0.10584857314825058,
    0.038158923387527466,
    -0.01472085528075695,
    -0.026841260492801666,
    -0.09722317010164261,
    -0.003095114603638649,
    0.028910815715789795,
    0.023235773667693138,
    -0.077695831656456,
    -0.028591018170118332,
    -0.0434606559574604,
    0.03321465849876404,
    -0.025999408215284348,
    0.0333344005048275,
    -0.005683351308107376,
    -0.045217711478471756,
    -0.05434666946530342,
    0.014291640371084213,
    -0.010491082444787025,
    0.049786198884248734,
    0.0873398706316948,
    -0.027295494452118874,
    0.06333144009113312,
    0.02772465907037258,
    0.0764211043715477,
    0.023546701297163963,
    0.017720242962241173,
    -0.04421083256602287,
    -0.05252847075462341,
    -0.060174088925123215,
    0.04433870315551758,
    0.002568092430010438,
    -0.01513358112424612,
    -0.05813594162464142,
    0.03285210207104683,
    0.05184457451105118,
    0.06982693076133728,
    -0.0686097964644432,
    -0.0673084482550621,
    -0.022858919575810432,
    -0.0415026880800724,
    0.015455852262675762,
    -0.03516096621751785,
    -0.02822987735271454,
    0.013516206294298172,
    0.0009320577373728156,
    0.03374780714511871,
    0.02509639412164688,
    0.07847052067518234,
    0.029237981885671616,
    0.10979723930358887,
    -0.10124176740646362,
    -0.009999046102166176,
    0.01965292915701866,
    -0.030621524900197983,
    0.020059362053871155,
    0.07642526179552078,
    0.06872782111167908,
    -0.09948009252548218,
    0.050077542662620544,
    0.024630850180983543,
    -0.01684514991939068,
    -0.03697821497917175,
    -0.050806157290935516,
    -0.004362117499113083,
    -0.005429732613265514,
    0.1156797930598259,
    -0.00021692817972507328,
    0.07884252071380615,
    0.06626546382904053,
    0.05350998416543007,
    -0.03895258903503418,
    0.005296878982335329,
    0.011772111989557743,
    0.07989078015089035,
    4.9941656259692305e-33,
    -0.09881731122732162,
    -0.013741154223680496,
    0.00382839422672987,
    0.0025362614542245865,
    0.03549593314528465,
    0.006094748619943857,
    0.05095628276467323,
    -0.0190645270049572,
    -0.024362841621041298,
    0.05872499942779541,
    -0.057022854685783386,
    0.015081429854035378,
    0.014640780165791512,
    0.11591986566781998,
    -0.037632059305906296,
    0.04206355661153793,
    -0.004610796924680471,
    -0.010044040158390999,
    0.05354726314544678,
    -0.012451802380383015,
    -0.1221926361322403,
    0.05642088130116463,
    0.04602835699915886,
    0.002588653704151511,
    -0.02025901898741722,
    0.04201927036046982,
    -0.06679436564445496,
    0.012813751585781574,
    -0.01511343102902174,
    0.025167882442474365,
    0.07363371551036835,
    -0.01416313461959362,
    0.02640645019710064,
    -0.05612817034125328,
    -0.018406663089990616,
    0.0793137401342392,
    0.015586275607347488,
    -0.0009315112256444991,
    0.022128676995635033,
    -0.0798284113407135,
    0.02705496735870838,
    -0.005384246818721294,
    0.0008496472728438675,
    0.0060815587639808655,
    -0.04151805117726326,
    -0.046117424964904785,
    0.0428764745593071,
    -0.0022589340806007385,
    0.03568384051322937,
    0.05255505442619324,
    -0.08004166185855865,
    0.009651005268096924,
    -0.08589284867048264,
    0.04020139202475548,
    0.049441948533058167,
    -0.08868569135665894,
    0.04625490680336952,
    0.03946944698691368,
    0.02164035476744175,
    0.012146453373134136,
    0.009835454635322094,
    0.0007591369212605059,
    -0.0685153529047966,
    -0.043082334101200104,
    0.0033597631845623255,
    -0.009914746508002281,
    -0.04048900306224823,
    -0.004797019530087709,
    -0.08154438436031342,
    0.06179698929190636,
    0.0029165297746658325,
    -0.014477178454399109,
    0.06029128655791283,
    -0.06985219568014145,
    -0.05615491792559624,
    0.011300262063741684,
    0.0881178230047226,
    0.06850041449069977,
    -0.0430293083190918,
    0.060409218072891235,
    -0.008608579635620117,
    -0.009080437012016773,
    -0.027559343725442886,
    0.043837450444698334,
    -0.026050129905343056,
    0.04838874563574791,
    -0.05216842517256737,
    0.024966921657323837,
    -0.02474026568233967,
    0.003565572900697589,
    -0.03140444681048393,
    -0.022671418264508247,
    -0.004486046265810728,
    -0.007463779300451279,
    -0.034471575170755386,
    -5.655533277888405e-33,
    -0.04416290298104286,
    0.06357883661985397,
    -0.027176158502697945,
    0.03935855254530907,
    -0.006025632843375206,
    -0.01006433553993702,
    -0.005215772893279791,
    0.031713176518678665,
    0.12712596356868744,
    -0.11050503700971603,
    -0.05537523329257965,
    -0.027754247188568115,
    0.014413001947104931,
    -0.03265133500099182,
    -0.06497833132743835,
    0.09087053686380386,
    -0.04464953392744064,
    0.06742780655622482,
    0.0008637189166620374,
    -0.0525236614048481,
    -0.048258792608976364,
    0.12911877036094666,
    -0.006668442860245705,
    0.10427118092775345,
    0.0634535551071167,
    -0.01856774277985096,
    0.07128245383501053,
    0.058200903236866,
    0.034025151282548904,
    0.01880592852830887,
    0.021724533289670944,
    -0.16920232772827148,
    0.06905540823936462,
    -0.004908123519271612,
    -0.019238045439124107,
    -0.016701815649867058,
    0.037492528557777405,
    0.05364374816417694,
    -0.015532588586211205,
    0.03334922716021538,
    -0.06381367892026901,
    -0.012732383795082569,
    0.007551863789558411,
    0.014238648116588593,
    0.022098412737250328,
    0.06229976937174797,
    0.010769544169306755,
    -0.009448311291635036,
    -0.002882249653339386,
    0.0686086118221283,
    -0.032028283923864365,
    -0.050396036356687546,
    -0.11534267663955688,
    -0.07650060951709747,
    0.014027884230017662,
    0.10089011490345001,
    -0.08450086414813995,
    0.019213903695344925,
    -0.01812601275742054,
    -0.16087079048156738,
    -0.03637523949146271,
    -0.013358734548091888,
    -0.003238922916352749,
    0.003907476551830769,
    0.02548503316938877,
    0.046887628734111786,
    -0.08646848797798157,
    -0.036885183304548264,
    0.010255585424602032,
    0.0358913280069828,
    0.001953298458829522,
    0.10074109584093094,
    -0.031279340386390686,
    -0.04831773787736893,
    -0.03812111169099808,
    -0.006317087449133396,
    0.008504489436745644,
    -0.027651511132717133,
    0.08273197710514069,
    -0.0003302052791696042,
    -0.06977854669094086,
    0.012319388799369335,
    0.06151090934872627,
