{
  "id": 633,
  "vector": [
    -0.023825928568840027,
    -0.004077881574630737,
    0.004443120677024126,
    0.023830672726035118,
    0.02249692566692829,
    0.026378709822893143,
    -0.03054531291127205,
    0.14684948325157166,
    0.011442942544817924,
    -0.12110502272844315,
    0.00037616793997585773,
    -0.07128360867500305,
    -0.10567696392536163,
    -0.041255127638578415,
    -0.00640485342592001,
    0.01615479215979576,
    -0.016883427277207375,
    0.0435294546186924,
    -0.03570890426635742,
    -0.06912610679864883,
    0.007174528669565916,
    -0.0012570053804665804,
    0.010436302982270718,
    0.06160472333431244,
    -0.06124398484826088,
    0.05498410761356354,
    0.0026568989269435406,
    -0.0038098450750112534,
    -0.006961883045732975,
    -0.07779337465763092,
    0.03334382176399231,
    0.035691164433956146,
    -0.005100215319544077,
    -0.05414331704378128,
    0.0316014289855957,
    -0.06308828294277191,
    0.008668161928653717,
    -0.03797932714223862,
    0.07128400355577469,
    0.014973861165344715,
    0.0797123908996582,
    -0.06930730491876602,
    -0.009394939057528973,
    -0.03733833506703377,
    0.018486352637410164,
    -0.011460598558187485,
    0.026534639298915863,
    0.10518507659435272,
    0.04699190333485603,
    -0.03615456074476242,
    0.034887321293354034,
    0.004797276109457016,
    -0.09061788022518158,
    -0.05160212516784668,
    0.05618972331285477,
    -0.11377076804637909,
    -0.015606675297021866,
    0.03788645565509796,
    -0.005178965628147125,
    0.050436146557331085,
    0.040943559259176254,
    0.06458106637001038,
    -0.045129794627428055,
    0.07815469801425934,
    -0.027622362598776817,
    0.008356458507478237,
    -0.04351944476366043,
    -0.07999502867460251,
    -0.0514153316617012,
    0.03683576360344887,
    -0.015640847384929657,
    -0.0019072716822847724,
    -0.002255296101793647,
    -0.0494270995259285,
    -0.08531291782855988,
    -0.01614735834300518,
    0.026231272146105766,
    -0.10158721357584,
    -0.0026970654726028442,
    0.05912918969988823,
    -0.03545690327882767,
    0.00543862534686923,
    -0.07564086467027664,
    0.03615454211831093,
    0.0048522911965847015,
    -0.03442680835723877,
    -0.048933256417512894,
    0.01161154918372631,
    0.0170847550034523,
    0.006134753115475178,
    -0.08856111019849777,
    -0.01711556874215603,
    -0.03236410766839981,
    -0.01571676693856716,
    0.01047989260405302,
    0.043866727501153946,
    0.03550693765282631,
    -0.008729337714612484,
    -0.018207943066954613,
    0.05460965260863304,
    0.015095561742782593,
    -0.05385829880833626,
    0.004777400754392147,
    -0.06638078391551971,
    -0.058709148317575455,
    0.005743594840168953,
    -0.006281552370637655,
    0.007278493605554104,
    0.048393283039331436,
    0.049734361469745636,
    -0.014718200080096722,
    -0.029166337102651596,
    -0.05495341494679451,
    -0.06384959816932678,
    0.01645398885011673,
    -0.01945274882018566,
    0.06947873532772064,
    -0.04704263433814049,
    0.1133270263671875,
    -0.022769952192902565,
    0.047426532953977585,
    -0.021722236648201942,
    0.03181852400302887,
    -0.07898640632629395,
    -0.044040173292160034,
    -0.04579302668571472,
    0.07047402113676071,
    2.6866066651417387e-33,
    -0.07170409709215164,
    -0.04139427840709686,
    0.07939427345991135,
    0.07812267541885376,
    -0.027965016663074493,
    0.033508170396089554,
    -0.030412331223487854,
    -0.08810052275657654,
    0.05715673044323921,
    -0.001425718073733151,
    -0.04605156555771828,
    0.023424649611115456,
    -0.012742286548018456,
    0.10230152308940887,
    -0.060768354684114456,
    -0.09812146425247192,
    0.09234701842069626,
    0.0618848092854023,
    0.12830573320388794,
    -0.11486349254846573,
    -0.05310246720910072,
    0.03037746623158455,
    -0.0283049326390028,
    0.04366276040673256,
    -0.010143383406102657,
    -0.022378211840987206,
    0.04341961070895195,
    -0.0654706209897995,
    0.0448562428355217,
    0.018321558833122253,
    0.04469868168234825,
    0.016999797895550728,
    0.003594794077798724,
    0.007867752574384212,
    -0.0298501905053854,
    -0.02236056700348854,
    -0.06904271990060806,
    -0.04457663372159004,
    0.059561070054769516,
    -0.041762642562389374,
    0.034361544996500015,
    0.08294863998889923,
    0.060822993516922,
    -0.012427669018507004,
    -0.09315639734268188,
    0.045298248529434204,
    0.00012380551197566092,
    -0.06420035660266876,
    0.08236590027809143,
    -0.07455673813819885,
    -0.016425160691142082,
    0.06091427803039551,
    -0.0767027735710144,
    0.062363334000110626,
    0.06769605726003647,
    -0.04969548061490059,
    -0.02180880680680275,
    0.0997827872633934,
    0.044940829277038574,
    0.034800250083208084,
    -0.0006108189118094742,
    0.11586061865091324,
    -0.02580862119793892,
    -0.02193496562540531,
    0.03760216757655144,
    -0.02755272202193737,
    -0.12339840084314346,
    0.015517265535891056,
    0.022329218685626984,
    -0.003061183961108327,
    0.0027625933289527893,
    0.032054007053375244,
    0.08957403153181076,
    -0.015655623748898506,
    0.11495619267225266,
    0.04055934026837349,
    0.08322828263044357,
    0.08600200712680817,
    0.0158712025731802,
    0.053452249616384506,
    -0.02802892215549946,
    -0.05961993336677551,
    0.0426831990480423,
    0.005037000402808189,
    -0.016102470457553864,
    -0.028961675241589546,
    -0.05328691378235817,
    0.041334331035614014,
    0.011111889034509659,
    -0.05605270341038704,
    -0.04779547452926636,
    -0.062306225299835205,
    -0.00716086570173502,
    -0.01881365478038788,
    -0.01768498867750168,
    -5.4338357780072907e-33,
    -0.058530960232019424,
    0.07564515620470047,
    0.05038972198963165,
    0.01583639159798622,
    0.09073818475008011,
    0.0362505204975605,
    0.04191303253173828,
    0.04880402609705925,
    0.10399524122476578,
    -0.013738244771957397,
    -0.06756693124771118,
    0.004192041698843241,
    0.05976489186286926,
    0.030485013499855995,
    -0.04005018621683121,
    0.02090238779783249,
    0.01663369871675968,
    0.017518697306513786,
    -0.010403014719486237,
    -0.06835923343896866,
    -0.05584346130490303,
    0.06666099280118942,
    0.04316902905702591,
    0.06313452124595642,
    0.05025458708405495,
    -0.05080033466219902,
    -0.013652900233864784,
    -0.04692720249295235,
    -0.0018183736829087138,
    0.08352433145046234,
    0.06230824813246727,
    -0.06458737701177597,
    0.0003460876177996397,
    0.06743026524782181,
    -0.12041816115379333,
    -0.07235702872276306,
    0.062321651726961136,
    0.031416069716215134,
    -0.011489427648484707,
    0.04656262323260307,
    0.012079544365406036,
    -0.09743797779083252,
    0.09674537926912308,
    -0.02774455025792122,
    0.02292519435286522,
    -0.07362429797649384,
    0.04482387751340866,
    -0.10114124417304993,
    0.037246353924274445,
    -0.01670687645673752,
    0.005377382040023804,
    0.1343659907579422,
    -0.10194339603185654,
    -0.025249456986784935,
    -0.01313752867281437,
    0.007711285259574652,
    0.016673628240823746,
    0.021136589348316193,
    0.06686048954725266,
    -0.06137619912624359,
    -0.00529630109667778,
    -0.017822591587901115,
    -0.03016253560781479,
    0.0013025463558733463,
    0.006619611289352179,
    -0.06636728346347809,
    -0.059012558311223984,
    -0.06311777234077454,
    0.0017964483704417944,
    -0.025530479848384857,
    0.052488334476947784,
    0.035022687166929245,
    0.039067137986421585,
    -0.005278030410408974,
    0.013014771975576878,
    -0.03084457851946354,
    -0.0017168499762192369,
    -0.01446819119155407,
    0.09174823015928268,
    0.021614382043480873,
    -0.04641769826412201,
    -0.056597381830215454,
    0.00018544185149949044,
