{
  "id": 353,
  "vector": [
    0.05460444092750549,
    -0.035741571336984634,
    -0.04965260252356529,
    0.051688313484191895,
    -0.016142908483743668,
    -0.017278188839554787,
    0.02356923185288906,
    0.07044676691293716,
    -0.019983496516942978,
    -0.03418947383761406,
    0.009356662631034851,
    -0.09987593442201614,
    -0.06651333719491959,
    0.04715268686413765,
    0.05583779513835907,
    -0.03240200877189636,
    -0.008747323416173458,
    -0.05433136597275734,
    -0.0647786408662796,
    0.022104423493146896,
    0.015439357608556747,
    -0.05531392619013786,
    0.03584137558937073,
    0.08374952524900436,
    0.016864463686943054,
    0.012965735048055649,
    0.04070063307881355,
    0.04805007204413414,
    0.06378952413797379,
    -0.05505270138382912,
    0.039161913096904755,
    0.07714316248893738,
    0.030300574377179146,
    -0.015386644750833511,
    0.053257960826158524,
    -0.09251543879508972,
    0.04291247949004173,
    -0.007981128059327602,
    0.05280838534235954,
    0.0026461805682629347,
    0.09395292401313782,
    -0.01782487891614437,
    0.06742393225431442,
    0.06853755563497543,
    0.0006594762089662254,
    0.010946993716061115,
    -0.044266168028116226,
    0.09463945776224136,
    0.060537755489349365,
    -0.020836586132645607,
    -0.042164139449596405,
    -0.09183945506811142,
    -0.0876859501004219,
    -0.02941560558974743,
    0.02117973193526268,
    -0.07039962708950043,
    -0.0030726403929293156,
    -0.0071260808035731316,
    0.028856569901108742,
    0.07155542820692062,
    0.11538583785295486,
    0.035203833132982254,
    -0.01952921599149704,
    -0.020730506628751755,
    -0.032070450484752655,
    -0.01341682393103838,
    -0.11684927344322205,
    0.00411525322124362,
    -0.019337747246026993,
    -0.001587962149642408,
    -0.028042767196893692,
    0.0005432512843981385,
    0.023480050265789032,
    -0.05591632053256035,
    -0.025391830131411552,
    -0.09146732836961746,
    0.025414614006876945,
    -0.15813879668712616,
    -0.07447586208581924,
    0.089776411652565,
    -0.08034267276525497,
    -0.07013501226902008,
    -0.09239301085472107,
    0.0566745400428772,
    -0.07640401273965836,
    -0.032846882939338684,
    0.033830784261226654,
    -0.0211852565407753,
    -0.07203474640846252,
    -0.05632321909070015,
    -0.08418766409158707,
    0.004632101394236088,
    0.06404129415750504,
    -0.10352862626314163,
    -0.05162876471877098,
    0.07260070741176605,
    -0.03791545331478119,
    -0.013355989940464497,
    0.06822389364242554,
    0.026722334325313568,
    0.012452893890440464,
    0.028267422690987587,
    0.02603161334991455,
    -0.0524817630648613,
    0.026924550533294678,
    -0.00317837530747056,
    -0.004670827183872461,
    0.03149592876434326,
    0.07609932869672775,
    -0.008435326628386974,
    -0.10250014066696167,
    0.015608865767717361,
    0.0007320315926335752,
    0.053460102528333664,
    -0.012167705222964287,
    -0.013824038207530975,
    0.02433239296078682,
    0.0028973487205803394,
    0.07974378764629364,
    0.03911864385008812,
    0.05011117085814476,
    0.0501866415143013,
    0.046223610639572144,
    -0.0263732448220253,
    -0.032132837921381,
    -0.04273669049143791,
    0.02126206085085869,
    3.8252114318413304e-33,
    -0.08979713916778564,
    -0.02072814665734768,
    0.03505693003535271,
    0.1522149294614792,
    0.03729617968201637,
    -0.001754852826707065,
    0.059739213436841965,
    -0.09466525912284851,
    -0.005695708561688662,
    0.01697048731148243,
    -0.0032759476453065872,
    -0.024549802765250206,
    -0.01603781245648861,
    0.1006055548787117,
    0.026297299191355705,
    -0.09696447849273682,
    0.023007817566394806,
    -0.04396287724375725,
    -0.03462565317749977,
    -0.06920681893825531,
    -0.08014237135648727,
    0.06842455267906189,
    0.026011882349848747,
    0.02506130374968052,
    -0.062380556017160416,
    -0.007142170332372189,
    0.006772294640541077,
    0.011914720758795738,
    -0.020867308601737022,
    0.013251062482595444,
    0.01363776158541441,
    0.04876800253987312,
    0.02821207232773304,
    0.07454963028430939,
    -0.008161898702383041,
    -0.04589889943599701,
    -0.055503226816654205,
    -0.057936567813158035,
    0.061418063938617706,
    -0.01596764475107193,
    0.04857124388217926,
    0.09096544981002808,
    0.025215426459908485,
    0.04988575726747513,
    -0.07783647626638412,
    0.06974125653505325,
    0.0037439248990267515,
    0.009218686260282993,
    0.0886823907494545,
    -0.03009871020913124,
    -0.0254159327596426,
    0.0110471211373806,
    -0.024462252855300903,
    0.07091357558965683,
    -0.003174132900312543,
    -0.06472783535718918,
    -0.017732886597514153,
    0.01457812450826168,
    0.03653518855571747,
    -0.023254645988345146,
    -0.009123927913606167,
    0.03538182005286217,
    -0.01477961614727974,
    0.017425626516342163,
    0.019632788375020027,
    0.09357568621635437,
    -0.037002984434366226,
    -0.018627427518367767,
    0.033882025629282,
    -0.06356116384267807,
    -0.015642257407307625,
    0.011038978584110737,
    -0.011573812924325466,
    -0.09980594366788864,
    0.04204341024160385,
    -0.04164787009358406,
    0.10056222230195999,
    0.005162655375897884,
    -0.0758686289191246,
    0.022299477830529213,
    -0.0666254460811615,
    0.02180776372551918,
    0.07790876924991608,
    0.025979235768318176,
    -0.00021818482491653413,
    -0.01238698698580265,
    -0.028014782816171646,
    -0.032472699880599976,
    0.012444375082850456,
    -0.01952834241092205,
    -0.01794600300490856,
    -0.025782806798815727,
    0.013829255476593971,
    -0.055514149367809296,
    -0.014449755661189556,
    -3.7870853745983634e-33,
    0.020475048571825027,
    0.001190257491543889,
    0.02197710983455181,
    0.05687028542160988,
    0.09845134615898132,
    -0.04222724959254265,
    -0.008521963842213154,
    0.0013049071421846747,
    0.07081262022256851,
    -0.041646458208560944,
    -0.035668011754751205,
    -0.03723541274666786,
    0.0214137751609087,
    -0.06470552831888199,
    -0.006011880934238434,
    0.08949684351682663,
    0.12592813372612,
    -0.02650470845401287,
    0.045965004712343216,
    -0.054130326956510544,
    -0.024798471480607986,
    0.021953029558062553,
    -0.016370030120015144,
    -0.041911475360393524,
    0.029540080577135086,
    -0.02287861704826355,
    0.05725299194455147,
    -0.10153000056743622,
    0.018400520086288452,
    0.03752171993255615,
    0.05383840203285217,
    -0.09768008440732956,
    -0.006262793205678463,
    -0.005690301302820444,
    -0.040219828486442566,
    -0.0855531319975853,
    0.043564170598983765,
    -0.0056297448463737965,
    -0.002928841160610318,
    0.005480919498950243,
    0.05427420511841774,
    -0.0350542850792408,
    0.00861227884888649,
    0.0063399397768080235,
    0.023462193086743355,
    -0.05062125250697136,
    0.02955997921526432,
    -0.11351294070482254,
    -0.03499150648713112,
    0.012400198727846146,
    0.09047078341245651,
    -0.059180907905101776,
    -0.07746852934360504,
    -0.006514000240713358,
    0.039260443300008774,
    0.016979841515421867,
    0.048433445394039154,
    0.03512580692768097,
    0.049534887075424194,
    -0.04835321009159088,
    0.025079404935240746,
    0.006141298916190863,
    -0.08476600050926208,
    -0.0076772416941821575,
    -0.013020222075283527,
    -0.007561977952718735,
    -0.016987377777695656,
    0.001781540340743959,
    -0.009199726395308971,
    0.02361048199236393,
    0.078843854367733,
    0.07315827906131744,
    0.026707131415605545,
    0.042821869254112244,
    -0.06877630203962326,
    -0.012445032596588135,
    -0.05438275262713432,
    0.02943977527320385,
    0.10282780230045319,
    0.06486951559782028,
    -0.10309280455112457,
    0.03462914749979973,
    -0.025859197601675987,
