{
  "id": 677,
  "vector": [
    0.038848839700222015,
    0.03897189721465111,
    -0.018418656662106514,
    0.10049598664045334,
    -0.04245510697364807,
    -0.007987062446773052,
    0.04350094124674797,
    0.08340401947498322,
    -0.058858197182416916,
    0.026687204837799072,
    0.050341296941041946,
    -0.09882715344429016,
    -0.032073840498924255,
    0.014874326065182686,
    0.003903559409081936,
    -0.059159088879823685,
    -0.016043614596128464,
    0.008027896285057068,
    -0.09035525470972061,
    -0.04065663740038872,
    0.05849789083003998,
    -0.08388490974903107,
    -0.04958420619368553,
    0.03163523226976395,
    0.009996346198022366,
    0.04044372960925102,
    0.054965484887361526,
    -0.06899569183588028,
    0.020334048196673393,
    -0.012537726201117039,
    0.011003200896084309,
    0.030783627182245255,
    0.10473804920911789,
    -0.02666834369301796,
    -0.04120706394314766,
    -0.01077580451965332,
    -0.040796034038066864,
    -0.040907811373472214,
    0.02616831287741661,
    -0.033495690673589706,
    0.023116299882531166,
    -0.011310266330838203,
    0.014852562919259071,
    -0.001435073558241129,
    0.005754043813794851,
    -0.041026875376701355,
    -0.0588359609246254,
    0.06233519688248634,
    -0.0024865777231752872,
    0.024700205773115158,
    -0.01937520131468773,
    0.025629328563809395,
    -0.10469385981559753,
    0.009955771267414093,
    0.015228226780891418,
    -0.1254228949546814,
    -0.05366802588105202,
    -0.047473229467868805,
    0.047683604061603546,
    0.0435958132147789,
    -0.022255253046751022,
    0.00030524932662956417,
    -0.08309786766767502,
    -0.003125259419903159,
    -0.021005133166909218,
    0.01205475628376007,
    -0.04144464433193207,
    -0.0036401567049324512,
    -0.05577145516872406,
    0.08117399364709854,
    0.0037466390058398247,
    0.06973147392272949,
    0.10994894802570343,
    -0.03702326491475105,
    0.032827042043209076,
    -0.05560310184955597,
    0.06646204739809036,
    -0.04826493188738823,
    -0.033245187252759933,
    0.011541008949279785,
    -0.02653219737112522,
    -0.0054526845924556255,
    0.055615153163671494,
    0.045328978449106216,
    -0.018937930464744568,
    0.027284342795610428,
    -0.008178380317986012,
    -0.0027194232679903507,
    -0.01542657520622015,
    -0.13124777376651764,
    -0.02934139035642147,
    0.02235579490661621,
    -0.03779936209321022,
    0.06005115434527397,
    -0.02664257027208805,
    0.028182927519083023,
    -0.009313108399510384,
    -0.09697525948286057,
    0.017865903675556183,
    0.022995686158537865,
    0.043761108070611954,
    0.02323533594608307,
    0.11779579520225525,
    -0.0505889393389225,
    -0.024116190150380135,
    -0.002967523643746972,
    0.00008837060886435211,
    0.012563303112983704,
    0.037808675318956375,
    0.05176983401179314,
    -0.05273739993572235,
    0.04206303507089615,
    0.020659025758504868,
    0.004272577818483114,
    -0.04520557448267937,
    0.04235127195715904,
    -0.009982669726014137,
    0.01898811198771,
    0.07472387701272964,
    0.03836585953831673,
    0.008949480019509792,
    0.03242471441626549,
    0.09662748128175735,
    -0.032608602195978165,
    -0.006364482454955578,
    -0.039429452270269394,
    0.040671031922101974,
    5.87109653396815e-33,
    -0.08674628287553787,
    -0.05029333382844925,
    -0.003246693406254053,
    0.05191764235496521,
    0.05580634996294975,
    -0.02703442983329296,
    0.03447713330388069,
    -0.026608148589730263,
    0.03979959711432457,
    0.022377489134669304,
    0.02022414654493332,
    0.014576681889593601,
    -0.02921571023762226,
    0.07331939786672592,
    -0.0015034684911370277,
    -0.018391933292150497,
    0.008919733576476574,
    0.01351833250373602,
    0.02362430840730667,
    -0.05601293221116066,
    -0.08795889467000961,
    -0.013958955183625221,
    0.04422837495803833,
    0.004488385748118162,
    -0.03201134875416756,
    0.035692356526851654,
    0.06560736149549484,
    0.00756062613800168,
    -0.04261726886034012,
    0.03205487132072449,
    0.09671907871961594,
    0.036200713366270065,
    0.0356672964990139,
    -0.03206443041563034,
    -0.04709886759519577,
    0.060518596321344376,
    -0.005739203654229641,
    0.019758298993110657,
    -0.06963658332824707,
    -0.018162444233894348,
    0.025607142597436905,
    0.0616907998919487,
    0.06993003189563751,
    -0.01229157391935587,
    -0.03002178855240345,
    0.045887887477874756,
    0.08642154932022095,
    -0.025649238377809525,
    0.035420406609773636,
    0.06428325921297073,
    -0.07026635110378265,
    0.040829043835401535,
    -0.0480811707675457,
    0.006806047633290291,
    0.012307742610573769,
    -0.11810077726840973,
    -0.004389334935694933,
    0.05947859212756157,
    0.06416262686252594,
    0.018633432686328888,
    0.028418762609362602,
    -0.05433976277709007,
    -0.08545376360416412,
    0.023598719388246536,
    -0.03577180579304695,
    -0.013501560315489769,
    -0.12251193076372147,
    -0.08476170897483826,
    -0.019467370584607124,
    -0.007360817398875952,
    -0.0038040068466216326,
    0.04448491334915161,
    0.0599089078605175,
    -0.03864811360836029,
    -0.016762735322117805,
    -0.018908530473709106,
    0.07105112820863724,
    0.1268996298313141,
    -0.06492929905653,
    0.007448870688676834,
    -0.05164939910173416,
    -0.005861759651452303,
    0.011499260552227497,
    -0.016955288127064705,
    -0.016293315216898918,
    0.05485784634947777,
    -0.05380077660083771,
    -0.06717964261770248,
    -0.010510818101465702,
    -0.032762035727500916,
    -0.08989299088716507,
    0.011193815618753433,
    0.022626370191574097,
    -0.06594142317771912,
    -0.036803387105464935,
    -5.387582646696326e-33,
    -0.005602108780294657,
    0.07010634243488312,
    -0.030882060527801514,
    0.0972525030374527,
    0.045355118811130524,
    0.003123357193544507,
    0.0660775825381279,
    0.05363701283931732,
    0.07440308481454849,
    -0.055646300315856934,
    -0.01922931708395481,
    0.03987334668636322,
    0.029249608516693115,
    -0.03134883940219879,
    0.02602389268577099,
    0.12339857220649719,
    0.08644286543130875,
    0.017839888110756874,
    -0.02457612194120884,
    -0.04899334907531738,
    -0.05170716345310211,
    0.13938596844673157,
    -0.003726867726072669,
    0.055592719465494156,
    0.04150105640292168,
    0.038513291627168655,
    0.04170510545372963,
    -0.03004842810332775,
    0.012525244615972042,
    0.007260073907673359,
    0.03724951669573784,
    -0.1020040512084961,
    -0.005428439471870661,
    0.008074533194303513,
    -0.10041728615760803,
    -0.07339287549257278,
    0.06420166045427322,
    0.06858819723129272,
    -0.026504646986722946,
    0.10623442381620407,
    -0.0152141647413373,
    -0.013081544078886509,
    -0.01634436659514904,
    0.0013821793254464865,
    0.019893499091267586,
    -0.04507279396057129,
    0.03920804336667061,
    -0.07061788439750671,
    -0.010255633853375912,
    -0.03086443431675434,
    0.031101727858185768,
    -0.059603553265333176,
    -0.11356985569000244,
    -0.08854841440916061,
    0.047239817678928375,
    0.05552200600504875,
    -0.008071430027484894,
    0.004253295715898275,
    0.018390996381640434,
    -0.17177054286003113,
    -0.05878600478172302,
    0.03927495703101158,
    0.03355960175395012,
    -0.026941724121570587,
    -0.007162449881434441,
    0.03701496496796608,
    -0.04055104777216911,
    -0.09244086593389511,
    0.030701495707035065,
    0.028738297522068024,
    -0.017156323418021202,
    0.018350495025515556,
    -0.07046975940465927,
    -0.0588243268430233,
    -0.08064011484384537,
    -0.018212851136922836,
    0.03141346201300621,
    0.03858451917767525,
    0.04225674644112587,
    0.00450277142226696,
    -0.07115290313959122,
    -0.017789077013731003,
    0.025661498308181763,
