{
  "id": 512,
  "vector": [
    -0.020240427926182747,
    -0.0030033455695956945,
    -0.012410050258040428,
    -0.06467244774103165,
    -0.047660328447818756,
    -0.06437667459249496,
    0.04653119668364525,
    -0.008530695922672749,
    0.038935258984565735,
    -0.10493142902851105,
    -0.016755830496549606,
    -0.07056472450494766,
    0.01697682775557041,
    0.043180812150239944,
    -0.04784092679619789,
    -0.05362657085061073,
    0.00022185908164829016,
    0.06961409747600555,
    -0.049097102135419846,
    0.026323655620217323,
    0.057933103293180466,
    -0.012643877416849136,
    0.05134947970509529,
    0.08339313417673111,
    -0.003113799961283803,
    0.11363181471824646,
    -0.017477378249168396,
    0.041141610592603683,
    0.04481387138366699,
    -0.07708167284727097,
    0.09488164633512497,
    0.006672628223896027,
    -0.06045651435852051,
    -0.005204323213547468,
    0.11132775247097015,
    -0.07240607589483261,
    -0.06300990283489227,
    0.06579649448394775,
    -0.006413562688976526,
    0.11400854587554932,
    0.07313280552625656,
    0.04659640043973923,
    0.07246492058038712,
    0.029933884739875793,
    -0.009453552775084972,
    0.04398403316736221,
    0.020419355481863022,
    -0.0334426574409008,
    -0.026247171685099602,
    -0.006604568101465702,
    0.0004767864884342998,
    -0.07303435355424881,
    -0.14542803168296814,
    0.08835408836603165,
    -0.01237812265753746,
    -0.059724144637584686,
    0.05395680293440819,
    0.03737993538379669,
    -0.0923239141702652,
    0.03754180669784546,
    0.0008348597912117839,
    0.022491807118058205,
    -0.09698908776044846,
    -0.009829943999648094,
    0.004673592746257782,
    0.007539601530879736,
    -0.08601055294275284,
    -0.05200805515050888,
    -0.0405958816409111,
    0.01819557696580887,
    0.02752336859703064,
    0.051353711634874344,
    0.04258023202419281,
    0.041022587567567825,
    -0.029769252985715866,
    -0.05839512124657631,
    0.00997209083288908,
    -0.016926327720284462,
    0.05509457737207413,
    0.039692915976047516,
    0.0004141605459153652,
    0.05478430166840553,
    -0.07201560586690903,
    0.0469246543943882,
    0.017942477017641068,
    -0.0321391224861145,
    0.013290971517562866,
    0.04777107015252113,
    0.04244942590594292,
    -0.03421861678361893,
    -0.05038967356085777,
    0.02895759977400303,
    -0.025465480983257294,
    -0.04263366013765335,
    -0.006913641933351755,
    0.03648979589343071,
    -0.0045896717347204685,
    -0.04259096831083298,
    -0.002183352829888463,
    0.004765758756548166,
    -0.018432868644595146,
    -0.09289611876010895,
    0.12367293238639832,
    -0.02682654932141304,
    -0.05585183575749397,
    -0.019095145165920258,
    0.018787655979394913,
    0.044588491320610046,
    0.004069015383720398,
    0.026144586503505707,
    -0.062305353581905365,
    -0.006549477111548185,
    -0.0503242090344429,
    -0.0075794393196702,
    0.10776868462562561,
    -0.03425486758351326,
    0.01195993460714817,
    0.020849624648690224,
    0.0626305565237999,
    -0.006681240629404783,
    0.00058043806347996,
    0.036266740411520004,
    -0.0038876880425959826,
    -0.004932047333568335,
    -0.11013638228178024,
    0.05446184426546097,
    0.02682657726109028,
    3.862568274968478e-33,
    -0.049674320966005325,
    0.037551552057266235,
    0.004992824979126453,
    0.06392378360033035,
    -0.04532850533723831,
    0.052935488522052765,
    0.03211963549256325,
    -0.03286521136760712,
    0.04751081019639969,
    0.01675761304795742,
    -0.013803234323859215,
    0.001555789727717638,
    -0.07432481646537781,
    0.08955137431621552,
    0.041003622114658356,
    -0.09111454337835312,
    0.040373872965574265,
    0.0339900441467762,
    -0.027150223031640053,
    -0.04529924690723419,
    -0.05364712327718735,
    0.06942214071750641,
    -0.03076881170272827,
    0.04313870519399643,
    -0.060524553060531616,
    -0.033179882913827896,
    -0.0334128737449646,
    -0.04013494402170181,
    -0.04605187103152275,
    0.02647729590535164,
    0.06521661579608917,
    0.08206861466169357,
    -0.006326446775346994,
    -0.02374393679201603,
    -0.053400132805109024,
    0.05096068233251572,
    -0.11677411943674088,
    -0.049846865236759186,
    0.026929698884487152,
    -0.013211770914494991,
    -0.02692377008497715,
    -0.02335383929312229,
    0.07215745002031326,
    -0.01111828163266182,
    -0.041854213923215866,
    0.030010966584086418,
    -0.0665087029337883,
    -0.010017375461757183,
    0.16440202295780182,
    -0.09321198612451553,
    0.002375743817538023,
    0.0009012611117213964,
    -0.024579083546996117,
    0.021502584218978882,
    0.006460314616560936,
    0.036984264850616455,
    -0.009552107192575932,
    0.04252669960260391,
    0.03895939886569977,
    0.02611478604376316,
    -0.040193237364292145,
    0.011028136126697063,
    0.014417075552046299,
    0.012232639826834202,
    0.03125033900141716,
    -0.005086230579763651,
    -0.03518668934702873,
    -0.059663016349077225,
    -0.010469608940184116,
    -0.05999106913805008,
    -0.08863043785095215,
    -0.019952399656176567,
    0.025617949664592743,
    -0.06308146566152573,
    0.018499387428164482,
    -0.05884077027440071,
    0.11963942646980286,
    -0.045071713626384735,
    0.038237564265728,
    0.037934377789497375,
    -0.07497630268335342,
    -0.06279772520065308,
    0.008924944326281548,
    -0.1072765588760376,
    -0.04753844067454338,
    -0.00017139481496997178,
    0.036207180470228195,
    0.05133562162518501,
    0.010234399698674679,
    0.05048500746488571,
    -0.008759943768382072,
    -0.035613127052783966,
    0.02955390140414238,
    0.034219466149806976,
    -0.06102239340543747,
    -4.1793592270692844e-33,
    -0.020407460629940033,
    -0.004982417449355125,
    0.05377268046140671,
    0.0575091652572155,
    0.05229160934686661,
    0.0684950202703476,
    0.005336229223757982,
    0.026310380548238754,
    -0.03432523086667061,
    0.02430533617734909,
    -0.06367900967597961,
    -0.033978939056396484,
    0.04792172834277153,
    0.021160533651709557,
    -0.018798351287841797,
    0.06238671392202377,
    0.03803414851427078,
    -0.047561950981616974,
    0.1233656033873558,
    -0.04217349737882614,
    0.01168094202876091,
    0.02849459834396839,
    -0.028485126793384552,
    -0.0038372057024389505,
    -0.05526021867990494,
    0.012244053184986115,
    0.07938724011182785,
    -0.028350206092000008,
    0.06592439115047455,
    0.061495017260313034,
    -0.01440611481666565,
    -0.049707088619470596,
    0.012270096689462662,
    0.024842698127031326,
    -0.023728810250759125,
    -0.011912998743355274,
    0.1282915472984314,
    0.02522277645766735,
    -0.02366185002028942,
    -0.048247404396533966,
    -0.014026287011802197,
    -0.046533674001693726,
    0.0049823676235973835,
    0.003578545292839408,
    -0.016419697552919388,
    0.023939065635204315,
    0.09356850385665894,
    -0.08933400362730026,
    0.014661071822047234,
    0.024203592911362648,
    0.03910361975431442,
    -0.04930650442838669,
    -0.040821753442287445,
    0.02038761042058468,
    -0.02948700077831745,
    -0.016765732318162918,
    -0.077017642557621,
    -0.036912016570568085,
    0.07886640727519989,
    -0.046875979751348495,
    -0.029664216563105583,
    0.07085736840963364,
    -0.05495118722319603,
    -0.021265223622322083,
    0.017915457487106323,
    -0.00008805995457805693,
    -0.02445394918322563,
    -0.020350221544504166,
    -0.03243240341544151,
    -0.019069083034992218,
    -0.026301518082618713,
    0.051061611622571945,
    0.0713200569152832,
    -0.09885954856872559,
    0.02245066873729229,
    -0.06383191049098969,
    -0.012815260328352451,
    0.024919157847762108,
    -0.037209849804639816,
    -0.01699870452284813,
    0.03761479631066322,
    0.06700505316257477,
