{
  "id": 969,
  "vector": [
    -0.010443389415740967,
    0.014153800904750824,
    0.02311694622039795,
    -0.032112717628479004,
    -0.00566558912396431,
    -0.037403471767902374,
    0.07089482247829437,
    0.07181744277477264,
    -0.07868228107690811,
    0.0000046886757445463445,
    0.07686416059732437,
    -0.035558804869651794,
    -0.020740121603012085,
    0.036380525678396225,
    -0.0727858915925026,
    0.0053362431935966015,
    -0.051268357783555984,
    0.024088725447654724,
    -0.12414781004190445,
    -0.02521233633160591,
    0.12173955142498016,
    -0.007724786177277565,
    0.005954342428594828,
    0.014332730323076248,
    -0.027546565979719162,
    0.04565725848078728,
    0.043106697499752045,
    -0.049949221312999725,
    -0.03847768157720566,
    -0.03334014490246773,
    0.05366794019937515,
    0.03856329247355461,
    0.017647121101617813,
    -0.10207197815179825,
    -0.0206746943295002,
    -0.05095088109374046,
    -0.02524440363049507,
    -0.040729671716690063,
    0.09531940519809723,
    0.008241829462349415,
    -0.006339563988149166,
    -0.011190412566065788,
    -0.057474520057439804,
    -0.0107046477496624,
    -0.020369404926896095,
    -0.046818315982818604,
    -0.00454451609402895,
    0.0730968713760376,
    0.06206587329506874,
    0.03279287740588188,
    0.08210111409425735,
    -0.01713886484503746,
    -0.02488219365477562,
    0.002897340804338455,
    -0.005953787360340357,
    -0.062470488250255585,
    -0.015840642154216766,
    0.006248481571674347,
    0.011740976013243198,
    -0.004193923901766539,
    0.0012919963337481022,
    0.025589143857359886,
    -0.05732409283518791,
    0.005158683285117149,
    0.027795441448688507,
    0.026242051273584366,
    0.014545518904924393,
    0.027539648115634918,
    -0.07712765783071518,
    0.10737502574920654,
    0.009470134973526001,
    0.03152335435152054,
    0.04832103103399277,
    0.05063406750559807,
    0.03587735444307327,
    0.017685819417238235,
    0.09083520621061325,
    -0.14533056318759918,
    -0.039910003542900085,
    0.03096248209476471,
    -0.13193213939666748,
    -0.05073142424225807,
    -0.00004841140253120102,
    0.06421034038066864,
    0.026560883969068527,
    0.02068212814629078,
    -0.001766931964084506,
    0.03659842163324356,
    0.03452351689338684,
    -0.0801137164235115,
    -0.014175060205161572,
    0.07428047806024551,
    -0.004734082613140345,
    -0.048502031713724136,
    0.0034953788854181767,
    0.031870726495981216,
    -0.016405077651143074,
    -0.04436618834733963,
    0.008898812346160412,
    0.011526966467499733,
    0.0023209373466670513,
    0.034519389271736145,
    0.04431409761309624,
    -0.07453420013189316,
    -0.004783060401678085,
    -0.02017080970108509,
    0.03586320951581001,
    0.05345921590924263,
    0.027667362242937088,
    -0.004795724526047707,
    0.0482553169131279,
    0.047977808862924576,
    0.06999427080154419,
    0.03767865523695946,
    -0.01039274875074625,
    0.07333676517009735,
    -0.004971860442310572,
    -0.013397276401519775,
    -0.031482089310884476,
    0.026263583451509476,
    0.05301239341497421,
    0.01842723973095417,
    -0.0926600992679596,
    -0.017487064003944397,
    -0.07173668593168259,
    0.022706953808665276,
    0.043112438172101974,
    5.17135156288852e-33,
    -0.06141737103462219,
    -0.023932676762342453,
    0.023895898833870888,
    -0.03846040368080139,
    0.01769210584461689,
    -0.02277996577322483,
    0.020170997828245163,
    0.018352244049310684,
    0.05694527551531792,
    0.041991040110588074,
    -0.021152952685952187,
    -0.028107453137636185,
    -0.0847008228302002,
    0.001915756263770163,
    -0.06263798475265503,
    -0.05788080766797066,
    0.0678679347038269,
    0.04995391517877579,
    0.01747569814324379,
    -0.039978086948394775,
    -0.06899187713861465,
    -0.013603092171251774,
    -0.026253899559378624,
    -0.07018058747053146,
    -0.05709783732891083,
    -0.0116476621478796,
    -0.008577194064855576,
    0.044251322746276855,
    0.028342165052890778,
    0.004417946096509695,
    0.16033974289894104,
    0.03366811200976372,
    -0.03001018613576889,
    0.03563856706023216,
    -0.07343633472919464,
    -0.03369562700390816,
    -0.05575507879257202,
    0.04669737443327904,
    0.009937074035406113,
    -0.025342436507344246,
    0.03600656986236572,
    0.10143987834453583,
    0.05379624664783478,
    0.00028742224094457924,
    -0.05032249167561531,
    -0.010071152821183205,
    0.062424927949905396,
    0.02525351382791996,
    0.08260038495063782,
    0.06061258539557457,
    0.024740183725953102,
    0.046722739934921265,
    -0.020892294123768806,
    -0.00888947956264019,
    0.06516504287719727,
    0.0014134367229416966,
    0.004761791322380304,
    0.01557422149926424,
    0.014575395733118057,
    0.06341353803873062,
    0.06310751289129257,
    0.035808369517326355,
    -0.03077385574579239,
    0.03824399411678314,
    0.0092214560136199,
    0.014495661482214928,
    -0.07232491672039032,
    -0.010623609647154808,
    -0.022970065474510193,
    -0.017224594950675964,
    -0.03792320191860199,
    0.04757697880268097,
    0.026335686445236206,
    -0.033890485763549805,
    0.013740613125264645,
    0.010041523724794388,
    0.09285233914852142,
    0.05853753909468651,
    -0.03706476464867592,
    -0.05406276881694794,
    -0.07008136808872223,
    -0.05258011817932129,
    -0.07568182796239853,
    -0.05369880050420761,
    -0.08290030062198639,
    0.07770401984453201,
    -0.02518848516047001,
    0.06738166511058807,
    -0.0555511973798275,
    -0.02307519130408764,
    -0.0035610029008239508,
    -0.03506344556808472,
    -0.028492070734500885,
    -0.10174833983182907,
    -0.07487700134515762,
    -4.463182338075326e-33,
    0.00418081833049655,
    0.09275324642658234,
    -0.04505527764558792,
    0.05587019398808479,
    0.04960425943136215,
    0.03905399143695831,
    0.13944678008556366,
    0.009354344569146633,
    -0.0143505884334445,
    0.007008712273091078,
    -0.056127019226551056,
    0.06202908605337143,
    -0.02021915838122368,
    0.022880742326378822,
    -0.036303307861089706,
    0.1572151482105255,
    0.0604141466319561,
    0.02453896775841713,
    -0.06545185297727585,
    -0.10973770171403885,
    -0.05725563317537308,
    0.15708693861961365,
    0.08857841044664383,
    0.12155558913946152,
    -0.01589941419661045,
    -0.016107801347970963,
    0.006616311613470316,
    0.0039846873842179775,
    -0.018382510170340538,
    0.00005836980926687829,
    0.017666371539235115,
    -0.07730473577976227,
    0.04174673929810524,
    0.021267039701342583,
    -0.0010183523409068584,
    -0.06676269322633743,
    0.072517529129982,
    -0.001936123939231038,
    0.03112013079226017,
    0.08985971659421921,
    -0.03987511992454529,
    -0.05971837043762207,
    -0.01512387115508318,
    0.015426991507411003,
    -0.05360306426882744,
    -0.04411254823207855,
    -0.020036224275827408,
    -0.10398662090301514,
    -0.0056138369254767895,
    -0.006844145245850086,
    0.011909286491572857,
    0.03940878435969353,
    -0.051042407751083374,
    -0.05272263288497925,
    0.03919103741645813,
    0.07896115630865097,
    0.015368627384305,
    -0.02903788909316063,
    -0.0038099847733974457,
    -0.05134950205683708,
    -0.0316447988152504,
    0.06575389206409454,
    -0.013168743811547756,
    -0.014144291169941425,
    0.019718334078788757,
    -0.020272303372621536,
    -0.0727219432592392,
    -0.0743308961391449,
    -0.0028285477310419083,
    0.019018445163965225,
    -0.010859698057174683,
    0.052364449948072433,
    0.02922501415014267,
    -0.12035374343395233,
    -0.12306473404169083,
    -0.11018210649490356,
    0.014146041125059128,
    -0.0715356394648552,
    0.028292592614889145,
    -0.019257809966802597,
    -0.03453478217124939,
    -0.025166848674416542,
    0.022346163168549538,
