{
  "id": 892,
  "vector": [
    -0.02476678043603897,
    -0.02942640706896782,
    -0.040697481483221054,
    0.04853761941194534,
    -0.0656748116016388,
    -0.012636330910027027,
    0.06246601790189743,
    0.0730409175157547,
    -0.026681043207645416,
    0.012950222007930279,
    0.06713984161615372,
    -0.02115205116569996,
    -0.028801221400499344,
    -0.07742711156606674,
    0.01474650390446186,
    -0.03865725174546242,
    0.01438719592988491,
    0.03557569533586502,
    -0.09216909855604172,
    -0.08925586938858032,
    0.06209753081202507,
    -0.043712031096220016,
    0.014505292288959026,
    -0.012258363887667656,
    0.03843306005001068,
    0.01354185864329338,
    0.042476266622543335,
    -0.008114073425531387,
    -0.03283346816897392,
    -0.005025332327932119,
    -0.008384324610233307,
    0.04750529304146767,
    -0.06471022218465805,
    0.012839451432228088,
    0.017693346366286278,
    0.021567540243268013,
    -0.08251897990703583,
    -0.09223781526088715,
    0.08335461467504501,
    0.02141118422150612,
    0.01261959783732891,
    -0.0025831330567598343,
    0.040707215666770935,
    0.03162678703665733,
    -0.060351528227329254,
    -0.02087141014635563,
    -0.061317309737205505,
    0.12950843572616577,
    -0.0491182766854763,
    -0.0563204251229763,
    0.019112100824713707,
    0.019316593185067177,
    -0.07626096159219742,
    -0.0155922407284379,
    0.07119360566139221,
    -0.043530963361263275,
    -0.09432658553123474,
    0.004570780787616968,
    -0.013717381283640862,
    0.04309520497918129,
    -0.011717742308974266,
    -0.014248701743781567,
    -0.023695746436715126,
    0.008575579151511192,
    -0.026739710941910744,
    0.06003899127244949,
    -0.04293045401573181,
    -0.038797736167907715,
    -0.019886435940861702,
    0.07534961402416229,
    -0.04458232596516609,
    0.044564004987478256,
    0.0035589870531111956,
    0.0530368834733963,
    -0.031869467347860336,
    -0.06882140040397644,
    0.07476288080215454,
    -0.0994478166103363,
    -0.03174864128232002,
    0.028524301946163177,
    -0.02162388525903225,
    -0.006145021878182888,
    -0.03278781846165657,
    0.0407506600022316,
    0.026121018454432487,
    -0.046811871230602264,
    -0.0023018682841211557,
    0.04517919942736626,
    -0.02012011408805847,
    0.0029511323664337397,
    0.05009091645479202,
    0.013580054976046085,
    0.0045975735411047935,
    -0.012048838660120964,
    -0.0771884173154831,
    0.06995877623558044,
    0.0007931849104352295,
    -0.10430897027254105,
    -0.009344043210148811,
    -0.015739986672997475,
    0.04307945445179939,
    -0.07350341230630875,
    0.04176132380962372,
    -0.0768977701663971,
    -0.0509193018078804,
    0.039763160049915314,
    0.034013181924819946,
    -0.004098919220268726,
    0.013540075160562992,
    0.07243888080120087,
    -0.09156471490859985,
    0.005099225789308548,
    -0.012009036727249622,
    -0.09064517915248871,
    -0.01979651302099228,
    0.0037030884996056557,
    0.06312165409326553,
    -0.014121354557573795,
    0.09919693320989609,
    -0.02642626129090786,
    0.000035977001971332356,
    0.05965369939804077,
    0.05114465951919556,
    0.028773950412869453,
    -0.04412493854761124,
    0.010813664644956589,
    0.04848049208521843,
    3.825917463135793e-33,
    -0.08323336392641068,
    0.011968817561864853,
    -0.00636969693005085,
    0.03582180663943291,
    0.06624904274940491,
    -0.03159218654036522,
    0.05106227099895477,
    -0.04368768632411957,
    -0.026583673432469368,
    0.06471268832683563,
    -0.10480862855911255,
    0.0031852840911597013,
    -0.043186161667108536,
    0.1260148137807846,
    0.00771654536947608,
    0.03006068989634514,
    -0.014316791668534279,
    0.05507490038871765,
    0.031585730612277985,
    -0.02250891737639904,
    -0.07474495470523834,
    0.03394800052046776,
    0.08718480914831161,
    0.054503463208675385,
    -0.03139417618513107,
    0.043365154415369034,
    0.014730309136211872,
    0.02254907228052616,
    -0.0017392997397109866,
    0.010525672696530819,
    0.09755491465330124,
    0.035821981728076935,
    -0.022210946306586266,
    -0.019119249656796455,
    -0.0641254261136055,
    0.05285569280385971,
    -0.0037560509517788887,
    0.005762321874499321,
    -0.0002704139915294945,
    -0.004750056192278862,
    0.05489739775657654,
    0.022369513288140297,
    0.045869503170251846,
    0.05842118710279465,
    -0.03772410377860069,
    0.043538227677345276,
    0.0322909951210022,
    -0.007736086845397949,
    0.03456002473831177,
    -0.023563269525766373,
    0.003107825294137001,
    0.01061756256967783,
    -0.018910683691501617,
    0.03456464782357216,
    0.03251601383090019,
    -0.01050626952201128,
    0.0770520493388176,
    0.08228469640016556,
    0.0668693482875824,
    0.06485992670059204,
    0.0019981013610959053,
    -0.03166443854570389,
    0.02287093922495842,
    -0.06364544481039047,
    0.019437476992607117,
    0.029415486380457878,
    -0.07462657988071442,
    -0.07962168753147125,
    -0.03582394868135452,
    0.006285145413130522,
    0.025809207931160927,
    -0.002761075273156166,
    0.1007491946220398,
    -0.01952284760773182,
    0.05369047448039055,
    0.014042590744793415,
    0.032580453902482986,
    0.01065079402178526,
    -0.012097755447030067,
    0.06612837314605713,
    -0.024375444278120995,
    -0.013814296573400497,
    0.06637641787528992,
    -0.05962507054209709,
    -0.04847194626927376,
    -0.07007596641778946,
    -0.09675770998001099,
    0.007361735682934523,
    0.054692573845386505,
    0.04699869826436043,
    -0.04658449441194534,
    -0.05530651658773422,
    -0.008555701933801174,
    -0.007075674831867218,
    -0.07657996565103531,
    -4.083397011055938e-33,
    -0.042786695063114166,
    0.0878477543592453,
    -0.05668433755636215,
    0.12527601420879364,
    -0.016393562778830528,
    -0.028860852122306824,
    0.001984771341085434,
    0.013624018058180809,
    0.020628655329346657,
    -0.03411843255162239,
    0.024612605571746826,
    -0.052792735397815704,
    -0.02180442400276661,
    -0.06543875485658646,
    -0.028868066146969795,
    0.05599824711680412,
    0.003962960559874773,
    0.06562139093875885,
    0.011122987605631351,
    -0.03619358688592911,
    -0.0756654441356659,
    0.019155504181981087,
    0.0354575514793396,
    0.11160185933113098,
    0.0005955278757028282,
    -0.014004667289555073,
    0.07274271547794342,
    0.01595141366124153,
    0.020050887018442154,
    0.02037641406059265,
    0.07384684681892395,
    -0.14231310784816742,
    0.027685537934303284,
    0.013175519183278084,
    -0.05154852941632271,
    -0.012586145661771297,
    0.05612212046980858,
    0.028357407078146935,
    0.02690427377820015,
    0.04740293696522713,
    0.08904457837343216,
    -0.019405419006943703,
    0.0040871514938771725,
    0.010559572838246822,
    0.012841136194765568,
    -0.055903490632772446,
    -0.0015077153220772743,
    -0.10116731375455856,
    -0.03386808559298515,
    -0.010893630795180798,
    0.07479296624660492,
    0.04008377715945244,
    -0.0435606874525547,
    -0.0219515822827816,
    0.02975938469171524,
    0.1040998175740242,
    -0.08822043985128403,
    0.002078019781038165,
    0.07641812413930893,
    -0.12251901626586914,
    -0.0627908706665039,
    -0.06749850511550903,
    -0.035530027002096176,
    0.043868906795978546,
    0.07715629786252975,
    0.012350809760391712,
    -0.06833963096141815,
    -0.06431252509355545,
    0.03510504215955734,
    0.03374236449599266,
    -0.06949865818023682,
    -0.0016577066853642464,
    -0.01578366383910179,
    -0.056029051542282104,
    0.04728647693991661,
    -0.0316791757941246,
    -0.004055257886648178,
    0.012858385220170021,
    0.11549025028944016,
    0.008689743466675282,
    -0.09731409698724747,
    -0.013195442967116833,
    -0.007454784587025642,
