{
  "id": 26,
  "vector": [
    -0.04118511453270912,
    0.038588996976614,
    -0.04752640798687935,
    0.054966095834970474,
    -0.03420650586485863,
    0.019389331340789795,
    0.09559419751167297,
    0.07096447050571442,
    -0.01991950161755085,
    -0.017707504332065582,
    0.006505311466753483,
    -0.0931120440363884,
    -0.0011343880323693156,
    -0.050070423632860184,
    0.025375857949256897,
    -0.036693114787340164,
    0.052267301827669144,
    0.008083746768534184,
    -0.10040554404258728,
    -0.05854814872145653,
    0.04377979785203934,
    -0.047393545508384705,
    0.010456620715558529,
    -0.010632652789354324,
    0.04742175340652466,
    -0.009708634577691555,
    0.03245716169476509,
    -0.0557524636387825,
    0.00834269355982542,
    -0.07734250277280807,
    0.039620500057935715,
    0.06523171812295914,
    -0.020970946177840233,
    -0.006214552093297243,
    -0.0019338543061167002,
    -0.029863929376006126,
    -0.0632389560341835,
    -0.014356730505824089,
    0.04256709665060043,
    -0.03814410790801048,
    -0.020042655989527702,
    0.06224396079778671,
    0.010981747880578041,
    -0.07597488909959793,
    -0.01832246035337448,
    -0.05488340184092522,
    0.055315177887678146,
    -0.021284913644194603,
    0.02181275188922882,
    -0.017505576834082603,
    0.025614820420742035,
    0.03630400821566582,
    -0.0779803916811943,
    0.022995533421635628,
    0.03896959125995636,
    -0.0880923718214035,
    -0.12488918751478195,
    -0.006774028763175011,
    -0.07573695480823517,
    0.07809488475322723,
    0.007869058288633823,
    0.013319292105734348,
    -0.0636056438088417,
    0.037227459251880646,
    0.01385952066630125,
    -0.034127164632081985,
    -0.017941057682037354,
    -0.06271915882825851,
    -0.03274894133210182,
    0.0024718104396015406,
    -0.05768349766731262,
    0.021114205941557884,
    0.09038634598255157,
    0.028385909274220467,
    0.007460280321538448,
    -0.018356068059802055,
    0.08244432508945465,
    -0.018050646409392357,
    0.04488873481750488,
    -0.05413610115647316,
    -0.09114116430282593,
    -0.0634232833981514,
    0.028448622673749924,
    0.035694997757673264,
    -0.010392210446298122,
    -0.01961246132850647,
    -0.02235824055969715,
    0.0815938338637352,
    0.04512931779026985,
    -0.03855283185839653,
    0.02738001197576523,
    0.09973389655351639,
    0.03904585912823677,
    0.027764976024627686,
    -0.04497471824288368,
    0.027997560799121857,
    -0.022801797837018967,
    0.035635557025671005,
    -0.01766323670744896,
    0.08268552273511887,
    0.04597952216863632,
    0.0038637907709926367,
    0.12754566967487335,
    -0.03069409355521202,
    -0.07412824034690857,
    -0.033497098833322525,
    -0.02977762371301651,
    -0.03456767275929451,
    0.03851044550538063,
    0.012877177447080612,
    -0.028589198365807533,
    -0.0043281447142362595,
    0.0077911377884447575,
    -0.01900521293282509,
    -0.0002685085928533226,
    0.05457271635532379,
    0.06676328927278519,
    -0.053343918174505234,
    0.0748724713921547,
    -0.036075908690690994,
    0.006886940915137529,
    -0.05381942540407181,
    0.02999057061970234,
    0.05058613047003746,
    -0.06666873395442963,
    0.007283841259777546,
    -0.022724779322743416,
    7.047389853607012e-33,
    -0.0354425311088562,
    -0.020695656538009644,
    0.002382327103987336,
    0.007432157639414072,
    -0.02537122182548046,
    -0.07241956144571304,
    0.03274771571159363,
    -0.04642053321003914,
    0.006394095253199339,
    0.08418572694063187,
    -0.045783232897520065,
    0.0032181914430111647,
    0.01669963449239731,
    0.05308257043361664,
    -0.012183090671896935,
    -0.0719112679362297,
    -0.023119857534766197,
    -0.07356128096580505,
    0.0611458495259285,
    -0.03261943534016609,
    -0.10119285434484482,
    -0.008438514545559883,
    0.041635993868112564,
    0.054008834064006805,
    -0.015529059804975986,
    0.005102868191897869,
    0.033226378262043,
    -0.047295913100242615,
    -0.07277325540781021,
    0.04156788811087608,
    0.10306238383054733,
    0.019495889544487,
    -0.042436253279447556,
    0.03481188789010048,
    -0.06987893581390381,
    -0.0022178504150360823,
    -0.012375746853649616,
    0.016696186736226082,
    0.024508053436875343,
    -0.012879230082035065,
    0.060674842447042465,
    0.060553908348083496,
    0.03192348778247833,
    0.033385396003723145,
    0.023300180211663246,
    0.010075688362121582,
    0.050660815089941025,
    0.09348588436841965,
    0.11624037474393845,
    0.06038389354944229,
    -0.00598913012072444,
    0.036550749093294144,
    0.01000927947461605,
    0.051092728972435,
    0.046038832515478134,
    0.034808266907930374,
    -0.004745694808661938,
    0.0562196709215641,
    0.06042363494634628,
    0.09378954023122787,
    -0.022311417385935783,
    0.012671016156673431,
    -0.1021299958229065,
    0.057880304753780365,
    -0.04255397617816925,
    0.0537748709321022,
    -0.04336099326610565,
    -0.0493444949388504,
    -0.02348627708852291,
    0.00411086343228817,
    -0.04717009514570236,
    0.012683209031820297,
    0.10859671980142593,
    0.0007794456323608756,
    -0.01936204917728901,
    -0.044207874685525894,
    0.06289354711771011,
    0.1066964641213417,
    0.0345209464430809,
    0.0810379758477211,
    0.034985095262527466,
    0.009925173595547676,
    0.05753982439637184,
    -0.021072356030344963,
    -0.04707782343029976,
    0.0339820571243763,
    0.023441454395651817,
    -0.0012449620990082622,
    0.01899183914065361,
    0.07364360988140106,
    0.05836404114961624,
    0.041422341018915176,
    -0.014854183420538902,
    -0.05132097005844116,
    0.02813948504626751,
    -5.6203889355346955e-33,
    0.008473316207528114,
    0.07104691863059998,
    -0.11112365871667862,
    0.06669960170984268,
    0.09968526661396027,
    0.02545599266886711,
    0.0800134688615799,
    0.05008334293961525,
    0.09947928041219711,
    -0.020701836794614792,
    0.02348301373422146,
    0.007346495985984802,
    0.05580248683691025,
    -0.022125951945781708,
    -0.019308270886540413,
    0.003523272927850485,
    0.0011356361210346222,
    0.07362029701471329,
    0.056969866156578064,
    -0.05420789495110512,
    -0.01854090392589569,
    0.10052693635225296,
    0.034380119293928146,
    -0.013957848772406578,
    0.0010731539223343134,
    -0.005828188732266426,
    0.012577001005411148,
    0.033287208527326584,
    -0.051626887172460556,
    0.031667858362197876,
    0.04604059085249901,
    -0.10012701898813248,
    0.0031181357335299253,
    0.0047960057854652405,
    -0.06646133959293365,
    -0.10420587658882141,
    0.04923894628882408,
    0.04934677481651306,
    -0.01994359865784645,
    0.06793169677257538,
    -0.0038910454604774714,
    0.0009016763651743531,
    0.021622976288199425,
    0.02788153663277626,
    -0.05434031784534454,
    -0.01956251449882984,
    -0.010599123314023018,
    -0.061106231063604355,
    -0.025488775223493576,
    -0.0821537896990776,
    0.03190222382545471,
    -0.021314185112714767,
    -0.052585091441869736,
    -0.06234844774007797,
    -0.04467193782329559,
    0.09398935735225677,
    0.008050861768424511,
    0.06652246415615082,
    -0.016733365133404732,
    -0.013134915381669998,
    0.01495148055255413,
    0.04839335009455681,
    0.021962104365229607,
    -0.02229667641222477,
    0.09061402082443237,
    0.02201705612242222,
    -0.0314209870994091,
    -0.07840222865343094,
    -0.042234867811203,
    0.06428662687540054,
    0.007773264776915312,
    -0.08578629046678543,
    -0.004714156035333872,
    -0.04722697287797928,
    0.007972349412739277,
    0.001217287266626954,
    -0.011945616453886032,
    0.043800823390483856,
    0.036156971007585526,
    -0.011136908084154129,
    -0.04116407781839371,
    0.057724729180336,
    0.03007945790886879,
    0.03682484105229378,
