{
  "id": 598,
  "vector": [
    0.009578668512403965,
    0.042702674865722656,
    0.01857704669237137,
    0.08043542504310608,
    -0.05273500457406044,
    0.048559557646512985,
    0.0568830780684948,
    0.08313732594251633,
    -0.07882324606180191,
    -0.034283604472875595,
    0.10734853148460388,
    -0.13386504352092743,
    0.024728169664740562,
    -0.012979747727513313,
    -0.01595890149474144,
    0.03029482439160347,
    0.03548448160290718,
    0.02935265563428402,
    -0.18758738040924072,
    -0.07228415459394455,
    0.07251031696796417,
    -0.05123519152402878,
    -0.04393959045410156,
    0.011666623875498772,
    0.015305311419069767,
    0.006835686042904854,
    0.006035739555954933,
    -0.07207685708999634,
    0.005704639013856649,
    -0.03613191470503807,
    -0.045531291514635086,
    0.10768412053585052,
    0.0831414982676506,
    -0.0009267952409572899,
    0.026703104376792908,
    -0.04425991326570511,
    -0.010936056263744831,
    -0.02974650263786316,
    0.11731918156147003,
    -0.01812591217458248,
    0.022672422230243683,
    -0.03501279279589653,
    0.05420508608222008,
    -0.05840115621685982,
    -0.006854822393506765,
    -0.04424333572387695,
    -0.015206560492515564,
    0.019034478813409805,
    0.03521474823355675,
    0.00691326754167676,
    0.009973875246942043,
    0.054562270641326904,
    -0.092698834836483,
    0.05138026550412178,
    0.041263680905103683,
    -0.07687575370073318,
    -0.004797828383743763,
    0.01625431701540947,
    -0.05354585498571396,
    0.01928866282105446,
    -0.06019863486289978,
    -0.014647808857262135,
    -0.03793066367506981,
    -0.012037730775773525,
    -0.03925640136003494,
    0.04437621310353279,
    -0.07048637419939041,
    -0.04485109820961952,
    0.02449488826096058,
    0.016587819904088974,
    -0.0023710369132459164,
    0.06023619696497917,
    0.015626221895217896,
    0.021528396755456924,
    0.0042764050886034966,
    -0.010499412193894386,
    0.08983007818460464,
    -0.05291030555963516,
    -0.01712263934314251,
    -0.031053055077791214,
    -0.05098911002278328,
    -0.02152838557958603,
    0.02693283185362816,
    -0.02698582038283348,
    -0.02238290198147297,
    0.010930766351521015,
    0.0035570755135267973,
    0.04140957072377205,
    0.027760397642850876,
    -0.05484464764595032,
    -0.01729576475918293,
    0.010228383354842663,
    -0.007913917303085327,
    0.038086045533418655,
    -0.08187734335660934,
    0.02347658760845661,
    -0.06585332006216049,
    -0.06231208145618439,
    -0.018224144354462624,
    0.016308065503835678,
    0.05323125049471855,
    -0.024788517504930496,
    0.13653802871704102,
    -0.01663125306367874,
    -0.02738700434565544,
    -0.0516631156206131,
    0.009641407057642937,
    -0.03768171742558479,
    0.006137255113571882,
    0.02988710068166256,
    -0.02398042380809784,
    -0.0504748597741127,
    -0.03619305416941643,
    0.016123997047543526,
    -0.037819620221853256,
    0.05176444351673126,
    0.039788857102394104,
    0.005344024859368801,
    -0.015103890560567379,
    -0.024512171745300293,
    0.09493132680654526,
    -0.006562608759850264,
    0.06119542568922043,
    -0.013665246777236462,
    -0.08932250738143921,
    0.053439170122146606,
    -0.012300695292651653,
    8.053351470417832e-33,
    -0.09180288016796112,
    0.011200646869838238,
    0.029852062463760376,
    0.045179929584264755,
    -0.04085368663072586,
    -0.10666210949420929,
    0.01386340707540512,
    -0.0716230496764183,
    0.09677647054195404,
    0.016922302544116974,
    -0.06977709382772446,
    0.0015432588988915086,
    -0.008620906621217728,
    0.06207845360040665,
    0.015443750657141209,
    -0.03918871656060219,
    -0.056276533752679825,
    -0.041440993547439575,
    0.04978937655687332,
    0.02840854972600937,
    -0.026378855109214783,
    0.056874312460422516,
    0.01050619501620531,
    -0.0796971470117569,
    -0.07181773334741592,
    -0.04422309622168541,
    0.12693412601947784,
    -0.04453972727060318,
    -0.02360028773546219,
    0.012699509970843792,
    0.07674216479063034,
    -0.002343931933864951,
    0.02678794600069523,
    -0.024294013157486916,
    -0.047853097319602966,
    0.021782075986266136,
    -0.02754279039800167,
    -0.00698356656357646,
    0.04244711250066757,
    0.01995946280658245,
    0.055416811257600784,
    0.09053313732147217,
    0.061144959181547165,
    0.03928051516413689,
    0.02253526635468006,
    0.026445431634783745,
    0.08218314498662949,
    -0.02490515261888504,
    0.0755818784236908,
    0.02161569707095623,
    -0.017996909096837044,
    0.01403019204735756,
    -0.00563390739262104,
    0.06109703332185745,
    0.10338309407234192,
    -0.01078482810407877,
    0.03386945277452469,
    0.0032201632857322693,
    -0.007064455654472113,
    0.06132740527391434,
    -0.013726255856454372,
    -0.042120154947042465,
    -0.025737224146723747,
    0.054824184626340866,
    -0.004693809896707535,
    0.030253104865550995,
    -0.1367781162261963,
    -0.0502786710858345,
    -0.04478070139884949,
    -0.061284735798835754,
    -0.012365180999040604,
    -0.04015280678868294,
    0.06446259468793869,
    -0.04365942254662514,
    -0.041783407330513,
    -0.05560176819562912,
    0.08458885550498962,
    0.04615754634141922,
    -0.07669933885335922,
    0.038261279463768005,
    -0.021674972027540207,
    0.06845945864915848,
    0.025915050879120827,
    -0.055541276931762695,
    -0.07990607619285583,
    0.09318016469478607,
    -0.08966929465532303,
    -0.00009492315439274535,
    0.07698867470026016,
    -0.03780876472592354,
    -0.008997054770588875,
    0.0031335963867604733,
    -0.01976550929248333,
    -0.02504783682525158,
    -0.027922436594963074,
    -6.493282387780525e-33,
    0.009388023056089878,
    0.0761634111404419,
    -0.0032380276825278997,
    0.06581024825572968,
    0.07213477790355682,
    -0.007540409453213215,
    0.008327629417181015,
    0.08977363258600235,
    0.08773674815893173,
    0.03569762781262398,
    -0.0732397809624672,
    0.08432246744632721,
    0.04067974537611008,
    -0.04322805255651474,
    -0.007536094170063734,
    0.050554972141981125,
    0.07709765434265137,
    0.039339736104011536,
    -0.004337735008448362,
    -0.0043890224769711494,
    -0.09298712015151978,
    0.07155091315507889,
    0.024006791412830353,
    0.05820086598396301,
    -0.022802069783210754,
    0.03893487900495529,
    0.0366574227809906,
    0.03314748778939247,
    0.02666853927075863,
    -0.03993815928697586,
    0.09330328553915024,
    -0.14685644209384918,
    -0.008223623968660831,
    0.024522170424461365,
    -0.014676463790237904,
    -0.06991703808307648,
    0.07234090566635132,
    0.02910487912595272,
    -0.006195753812789917,
    0.06049147993326187,
    -0.0036270965356379747,
    -0.00872830394655466,
    0.02043985202908516,
    0.015985727310180664,
    -0.02992151491343975,
    -0.03792813420295715,
    0.011808331124484539,
    -0.039579764008522034,
    -0.023241301998496056,
    -0.03510227054357529,
    -0.009013097733259201,
    -0.041232697665691376,
    -0.07171154022216797,
    -0.06972061842679977,
    -0.052332889288663864,
    0.03583753481507301,
    0.01563888043165207,
    0.09658567607402802,
    0.014225040562450886,
    -0.0888877809047699,
    0.008630315773189068,
    0.018968546763062477,
    0.01153229083865881,
    -0.05457387864589691,
    -0.021555529907345772,
    0.03905124589800835,
    -0.014441447332501411,
    -0.06002955511212349,
    -0.03743723779916763,
    0.053097259253263474,
    -0.022263597697019577,
    0.001223088358528912,
    -0.027296286076307297,
    -0.034408409148454666,
    0.006908638868480921,
    0.000012787476407538634,
    -0.05135940760374069,
    0.029754802584648132,
    0.06360656768083572,
    0.013809838332235813,
    -0.0827988013625145,
    0.003552332753315568,
    -0.031370073556900024,
