{
  "id": 371,
  "vector": [
    0.007883069105446339,
    0.03842297941446304,
    0.016543133184313774,
    -0.008697383105754852,
    0.011313478462398052,
    -0.00714306952431798,
    -0.0071980590000748634,
    0.036013394594192505,
    -0.006593124009668827,
    0.043583840131759644,
    -0.004253332503139973,
    -0.04440256580710411,
    0.001156069803982973,
    0.07853914052248001,
    -0.05755838379263878,
    -0.03792790696024895,
    0.005685789976269007,
    0.04768125340342522,
    -0.026922456920146942,
    0.0874885618686676,
    0.03845701739192009,
    0.10497842729091644,
    0.06849078088998795,
    0.03413981571793556,
    -0.04281666502356529,
    -0.009077100083231926,
    -0.08102601766586304,
    0.0018689106218516827,
    -0.032032910734415054,
    -0.090133897960186,
    0.06886911392211914,
    0.06716755032539368,
    0.054831888526678085,
    -0.021103691309690475,
    0.13306830823421478,
    -0.048561979085206985,
    -0.01452458556741476,
    -0.03020547330379486,
    0.1342911720275879,
    -0.02489587478339672,
    -0.002986557548865676,
    -0.046475496143102646,
    0.05175944045186043,
    0.02231699228286743,
    -0.00627064099535346,
    0.05124774947762489,
    -0.002316600177437067,
    0.04075559973716736,
    0.016660176217556,
    -0.05130282789468765,
    -0.06393305212259293,
    -0.09721962362527847,
    -0.0987246036529541,
    0.05016704276204109,
    0.022177228704094887,
    -0.09080301225185394,
    0.01068562176078558,
    -0.04439155012369156,
    -0.006924146320670843,
    -0.030002670362591743,
    -0.02015169896185398,
    0.04614255204796791,
    -0.010814383625984192,
    0.027207810431718826,
    -0.050337161868810654,
    0.02568219229578972,
    -0.0785057544708252,
    0.07737512141466141,
    -0.012456468306481838,
    -0.05557467043399811,
    -0.02689322829246521,
    0.02962506003677845,
    -0.0270482636988163,
    0.05712290108203888,
    -0.03748292848467827,
    -0.0183096956461668,
    0.003306797705590725,
    -0.046266820281744,
    -0.08677493780851364,
    0.02554134652018547,
    -0.08360306173563004,
    0.0036209789104759693,
    0.015974462032318115,
    0.0877523422241211,
    -0.0523880235850811,
    0.015585031360387802,
    0.009998174384236336,
    -0.0084017189219594,
    -0.05007394030690193,
    -0.09227029234170914,
    0.07681535929441452,
    0.04489518329501152,
    0.048684850335121155,
    -0.010652353055775166,
    -0.0626322478055954,
    -0.025016868487000465,
    -0.033130139112472534,
    -0.046343810856342316,
    0.016085192561149597,
    0.024393826723098755,
    -0.01889965310692787,
    0.00952610932290554,
    0.08399859815835953,
    -0.05773153156042099,
    0.02478991635143757,
    -0.1158745065331459,
    -0.04065079614520073,
    -0.045078493654727936,
    0.10392894595861435,
    -0.03317587822675705,
    -0.013022245839238167,
    -0.055215638130903244,
    -0.05751805379986763,
    0.014492593705654144,
    -0.07358990609645844,
    -0.015409315004944801,
    0.09646470844745636,
    -0.05480986461043358,
    -0.029918821528553963,
    0.011948316358029842,
    -0.03830472752451897,
    -0.016461409628391266,
    -0.041941672563552856,
    -0.08765239268541336,
    -0.11774417757987976,
    0.01770535297691822,
    -0.02780095301568508,
    3.79378091695225e-33,
    -0.01781567558646202,
    0.03655724227428436,
    0.05907556414604187,
    0.06294406950473785,
    -0.004311974626034498,
    -0.012191400863230228,
    -0.010990560986101627,
    -0.08250667154788971,
    0.03311854228377342,
    0.021883107721805573,
    -0.10590506345033646,
    -0.0020858326461166143,
    -0.04275940731167793,
    0.08722454309463501,
    0.002548219170421362,
    0.045635901391506195,
    -0.09807576984167099,
    0.0028986441902816296,
    -0.05991354584693909,
    0.047128550708293915,
    -0.02403007447719574,
    0.0505123995244503,
    0.01251229364424944,
    0.001181366853415966,
    0.018299588933587074,
    -0.024237608537077904,
    0.016037553548812866,
    -0.06878751516342163,
    0.00069675367558375,
    0.04034890979528427,
    0.05172741040587425,
    -0.055918872356414795,
    -0.025500169023871422,
    0.03769684210419655,
    -0.10941313207149506,
    -0.00029154910589568317,
    -0.03563300520181656,
    -0.08313343673944473,
    -0.11671677231788635,
    0.04497556388378143,
    -0.016582351177930832,
    0.05123688653111458,
    0.10689616203308105,
    0.05645674839615822,
    0.07084550708532333,
    -0.010859519243240356,
    -0.02635900303721428,
    0.041810352355241776,
    0.10696379095315933,
    0.04272397607564926,
    0.0058569698594510555,
    0.06548751145601273,
    -0.0067300694063305855,
    -0.037233829498291016,
    -0.020303117111325264,
    -0.07860136032104492,
    0.08680714666843414,
    0.05129055306315422,
    0.012156005017459393,
    0.045114174485206604,
    0.03841574490070343,
    0.010887397453188896,
    -0.030936086550354958,
    0.003478116123005748,
    0.04503735899925232,
    0.057377684861421585,
    -0.0484093613922596,
    0.0505790077149868,
    0.048284247517585754,
    -0.03480153903365135,
    -0.04532494395971298,
    -0.0030739891808480024,
    0.009583861567080021,
    0.03620988503098488,
    -0.011762537993490696,
    -0.019131043925881386,
    0.028934936970472336,
    -0.01912699081003666,
    0.004780847579240799,
    -0.03925539553165436,
    -0.01977299153804779,
    -0.001805450883693993,
    -0.006893598474562168,
    -0.04653304070234299,
    -0.08400293439626694,
    0.007440489716827869,
    0.03165413439273834,
    0.12191976606845856,
    -0.02794579416513443,
    -0.029449863359332085,
    -0.004221241921186447,
    0.03006606362760067,
    0.06732356548309326,
    -0.01824309304356575,
    -0.11910583078861237,
    -4.252761869780428e-33,
    0.0013465369120240211,
    -0.044931620359420776,
    -0.004698008298873901,
    0.11036398261785507,
    0.08310560882091522,
    0.062355659902095795,
    -0.06866606324911118,
    0.0337025448679924,
    -0.023867875337600708,
    0.009429327212274075,
    0.008115200325846672,
    0.0029648765921592712,
    0.13396158814430237,
    -0.01930658333003521,
    0.09108715504407883,
    0.06985453516244888,
    0.043869420886039734,
    -0.053758397698402405,
    -0.05514751374721527,
    0.023462684825062752,
    -0.08268217742443085,
    0.015416295267641544,
    0.028158847242593765,
    0.03290163353085518,
    -0.0674828439950943,
    0.028264163061976433,
    -0.005567915737628937,
    -0.07526073604822159,
    0.022031528875231743,
    0.026874158531427383,
    -0.042679015547037125,
    -0.07166113704442978,
    -0.008160851895809174,
    0.09642838686704636,
    -0.028174811974167824,
    -0.029735099524259567,
    0.022620191797614098,
    -0.08284009993076324,
    -0.0450599379837513,
    0.03308788314461708,
    -0.024281641468405724,
    -0.044262200593948364,
    0.06205549091100693,
    0.10293213278055191,
    -0.0234269630163908,
    -0.06772812455892563,
    -0.08933728188276291,
    -0.017087422311306,
    0.021813150495290756,
    0.05453081056475639,
    0.01986471749842167,
    0.002384340623393655,
    0.030893899500370026,
    -0.07840903103351593,
    -0.018920302391052246,
    0.043985724449157715,
    -0.046101778745651245,
    -0.0058959233574569225,
    -0.07921038568019867,
    0.059272650629282,
    0.018918069079518318,
    0.07118960469961166,
    -0.03728505223989487,
    0.01802430860698223,
    -0.002725182566791773,
    0.0025280597619712353,
    -0.08768164366483688,
    -0.06561321020126343,
    -0.14751441776752472,
    0.07272019982337952,
    -0.008181123062968254,
    0.05437035113573074,
    0.01882900856435299,
    -0.03994632512331009,
    0.08202556520700455,
    0.003996977116912603,
    0.0021456796675920486,
    -0.007656747475266457,
    -0.02387704886496067,
    0.021377412602305412,
    -0.021604148671030998,
    0.047424715012311935,
    0.030979275703430176,
