{
  "id": 46,
  "vector": [
    0.0027671640273183584,
    0.0090327188372612,
    -0.04808953031897545,
    -0.01090317964553833,
    -0.017698239535093307,
    -0.02451535128057003,
    -0.0069825369864702225,
    0.10122988373041153,
    -0.01692553050816059,
    -0.030444758012890816,
    0.011249150149524212,
    -0.05939317122101784,
    -0.004380399361252785,
    -0.016590170562267303,
    -0.02504221349954605,
    -0.020939862355589867,
    -0.00008635894482722506,
    0.025894321501255035,
    -0.05969835817813873,
    0.004245039075613022,
    0.09053263813257217,
    -0.022971512749791145,
    -0.025214971974492073,
    0.07216601818799973,
    -0.03668394684791565,
    0.01415413711220026,
    0.0032488559372723103,
    -0.05280463397502899,
    0.004143958445638418,
    -0.0953005850315094,
    0.02003808692097664,
    -0.00648598512634635,
    -0.010618127882480621,
    -0.004838448017835617,
    0.03961816057562828,
    -0.02648904360830784,
    0.0011617743875831366,
    -0.03468119353055954,
    0.07814055681228638,
    -0.04698992148041725,
    0.08299560844898224,
    0.014021619223058224,
    0.062115296721458435,
    0.009354065172374249,
    0.0042409589514136314,
    -0.008456503972411156,
    -0.04402686655521393,
    0.03585430979728699,
    0.0746871829032898,
    -0.02667253464460373,
    0.010528785176575184,
    -0.022701697424054146,
    -0.1150701493024826,
    -0.017180899158120155,
    0.059773486107587814,
    -0.05697387084364891,
    -0.03801345452666283,
    -0.00038654441596008837,
    0.02002079039812088,
    0.08170177042484283,
    -0.006634522695094347,
    0.021765636280179024,
    0.019787456840276718,
    0.02674115262925625,
    0.04964035376906395,
    -0.03044837713241577,
    -0.04281553626060486,
    -0.05212822183966637,
    -0.08543805778026581,
    0.0332556776702404,
    -0.04612802714109421,
    0.027376670390367508,
    0.04314876347780228,
    -0.023201806470751762,
    -0.03216907009482384,
    -0.013743518851697445,
    0.027161628007888794,
    -0.016179369762539864,
    -0.030602626502513885,
    0.17002475261688232,
    -0.07842414826154709,
    0.019213326275348663,
    -0.051028091460466385,
    0.0036957073025405407,
    -0.04374858736991882,
    -0.07954946905374527,
    0.009546862915158272,
    0.002939754631370306,
    0.03229183331131935,
    -0.07902944087982178,
    -0.06575077027082443,
    0.029193393886089325,
    0.024260565638542175,
    0.026123639196157455,
    0.007410157006233931,
    -0.02195979468524456,
    -0.08163908869028091,
    -0.019581414759159088,
    0.0094143720343709,
    0.013682041317224503,
    0.023456444963812828,
    -0.011726883240044117,
    0.04838959127664566,
    -0.10264874994754791,
    -0.035116273909807205,
    -0.011598112992942333,
    -0.034909721463918686,
    -0.022536518052220345,
    0.17484799027442932,
    0.11645953357219696,
    -0.06387268751859665,
    -0.031044481322169304,
    -0.05337550491094589,
    0.013595933094620705,
    0.0067245387472212315,
    -0.03324899449944496,
    0.05345388874411583,
    -0.05070912465453148,
    -0.00236617517657578,
    0.006938374601304531,
    0.007416738662868738,
    -0.06379465013742447,
    0.023636480793356895,
    -0.05174655467271805,
    -0.012267757207155228,
    0.02564464695751667,
    0.06848973780870438,
    4.3477594457421314e-33,
    -0.07029382139444351,
    -0.003740051295608282,
    0.12718595564365387,
    0.016111867502331734,
    0.07669301331043243,
    0.004252898972481489,
    0.03849128633737564,
    -0.038118693977594376,
    0.049758244305849075,
    0.009403234347701073,
    -0.00705148046836257,
    0.03828643262386322,
    -0.04044053331017494,
    0.09864819049835205,
    -0.022182544693350792,
    -0.0953851193189621,
    0.07561557739973068,
    0.03306559473276138,
    -0.05519711226224899,
    -0.061328280717134476,
    -0.13419418036937714,
    0.03153716027736664,
    0.036285243928432465,
    0.04187822714447975,
    -0.04701974242925644,
    -0.0015344423009082675,
    -0.036369770765304565,
    -0.0599096342921257,
    0.0018759975209832191,
    0.03404059633612633,
    0.029511718079447746,
    -0.022074349224567413,
    -0.10262341797351837,
    0.03994956612586975,
    -0.06473029404878616,
    -0.07324788719415665,
    0.01417193841189146,
    -0.0337085947394371,
    0.05740128830075264,
    -0.048451017588377,
    0.02499420940876007,
    0.01687433198094368,
    0.14516381919384003,
    0.024410435929894447,
    -0.07714317739009857,
    0.12500159442424774,
    -0.017197372391819954,
    0.003338230773806572,
    0.02535860426723957,
    -0.014281832613050938,
    -0.047978322952985764,
    0.016724511981010437,
    -0.06198633834719658,
    -0.00595953781157732,
    0.0192036684602499,
    -0.032497454434633255,
    -0.07059359550476074,
    0.019495053216814995,
    0.014008448459208012,
    0.07276889681816101,
    0.0029950840398669243,
    0.028020214289426804,
    0.01730315387248993,
    0.08685698360204697,
    -0.030026286840438843,
    -0.0064622689969837666,
    -0.0682886466383934,
    -0.0155420433729887,
    0.05558328703045845,
    -0.05597233399748802,
    -0.023525850847363472,
    -0.028356999158859253,
    0.07352033257484436,
    -0.0442044660449028,
    -0.02895343117415905,
    -0.003897702554240823,
    0.09084603190422058,
    0.09489312767982483,
    0.0021664344239979982,
    0.06166632100939751,
    -0.038280073553323746,
    -0.00006157674215501174,
    0.05397501960396767,
    -0.038669463247060776,
    -0.04182180389761925,
    0.0376044362783432,
    -0.06545780599117279,
    0.04497439041733742,
    0.07536057382822037,
    -0.010662197135388851,
    -0.02367972955107689,
    -0.01213455107063055,
    0.0070524029433727264,
    -0.08073539286851883,
    -0.04019934684038162,
    -5.143945646783068e-33,
    0.06568659096956253,
    0.04633846506476402,
    0.0026530639734119177,
    0.02672271989285946,
    0.08265911787748337,
    -0.04980028420686722,
    0.0402536578476429,
    0.14447209239006042,
    0.024352187290787697,
    -0.06509843468666077,
    -0.048094768077135086,
    -0.05306434631347656,
    0.044127970933914185,
    -0.001560242148116231,
    -0.0667884573340416,
    0.13001377880573273,
    0.05441249534487724,
    0.0482577309012413,
    -0.007115873508155346,
    -0.06575799733400345,
    -0.013390054926276207,
    0.018332432955503464,
    0.032339420169591904,
    0.0735778883099556,
    -0.017727693542838097,
    0.026217840611934662,
    -0.017377862706780434,
    -0.05747494474053383,
    -0.04633323475718498,
    -0.005852473899722099,
    -0.018380356952548027,
    -0.12098772078752518,
    -0.0021943666506558657,
    0.009601525031030178,
    -0.06297735869884491,
    -0.11405026912689209,
    0.02579585835337639,
    -0.0022106000687927008,
    -0.010056334547698498,
    0.05375822260975838,
    0.0485600046813488,
    -0.01700056530535221,
    0.015551873482763767,
    -0.058459632098674774,
    -0.05264614522457123,
    -0.0770338848233223,
    0.06316743046045303,
    -0.06549172848463058,
    0.09694267809391022,
    0.03087042272090912,
    0.01743924245238304,
    0.01897374354302883,
    0.014899109490215778,
    0.03331978991627693,
    -0.01722392626106739,
    0.060302797704935074,
    0.021051621064543724,
    0.035166073590517044,
    -0.004550067242234945,
    -0.007797985337674618,
    0.012151254341006279,
    -0.012460414320230484,
    -0.017496315762400627,
    -0.02479301020503044,
    0.041766777634620667,
    -0.003809872781857848,
    -0.0026907180435955524,
    -0.11924842745065689,
    -0.03240866959095001,
    0.011457213200628757,
    0.04210934415459633,
    0.010820201598107815,
    0.04824034124612808,
    0.03218629211187363,
    -0.008024560287594795,
    0.0004398322489578277,
    0.02124748006463051,
    -0.09316432476043701,
    0.01592112146317959,
    -0.02163035422563553,
    -0.10364166647195816,
    0.008015777915716171,
