{
  "id": 1015,
  "vector": [
    -0.015337035059928894,
    0.072585329413414,
    -0.091586172580719,
    0.04727480933070183,
    -0.08358709514141083,
    -0.019177908077836037,
    0.05060035362839699,
    0.049262724816799164,
    -0.01803458295762539,
    -0.04017350822687149,
    0.11088547110557556,
    -0.1400870680809021,
    -0.07599099725484848,
    -0.05307299643754959,
    0.04322319105267525,
    -0.048802636563777924,
    0.07978835701942444,
    0.032189518213272095,
    -0.11398743093013763,
    -0.07930582761764526,
    0.044823989272117615,
    0.003114596474915743,
    -0.011184773407876492,
    -0.06817993521690369,
    -0.003945479169487953,
    0.10929486155509949,
    -0.05491674318909645,
    0.013931822031736374,
    -0.007491788361221552,
    -0.0220988430082798,
    -0.013442585244774818,
    0.07711713016033173,
    -0.01711704023182392,
    -0.014043671078979969,
    0.04248722270131111,
    -0.03739883378148079,
    -0.09436263144016266,
    -0.08649244904518127,
    0.07531498372554779,
    0.06911653280258179,
    0.05376105010509491,
    0.004281549248844385,
    0.07377289980649948,
    0.022101564332842827,
    -0.07621701806783676,
    -0.05776938796043396,
    -0.06814888119697571,
    0.0682850107550621,
    0.020560702309012413,
    -0.038311731070280075,
    -0.056960996240377426,
    -0.0220190417021513,
    -0.09100247174501419,
    0.05476526916027069,
    0.022948406636714935,
    -0.08730287849903107,
    -0.012436500750482082,
    -0.011562417261302471,
    -0.05183417722582817,
    0.05655083805322647,
    -0.0012369428295642138,
    0.01589053124189377,
    -0.06956900656223297,
    -0.030934788286685944,
    0.025447458028793335,
    -0.055200617760419846,
    -0.02815300039947033,
    -0.05892675369977951,
    0.02126319520175457,
    0.02432631514966488,
    -0.01355939544737339,
    0.02906372956931591,
    0.05073714628815651,
    0.04138794541358948,
    -0.11306054890155792,
    -0.011397458612918854,
    0.06985633820295334,
    -0.018151933327317238,
    0.06473623216152191,
    0.019515521824359894,
    -0.019438467919826508,
    -0.02390306256711483,
    -0.003529344918206334,
    -0.0498766228556633,
    -0.011083287186920643,
    -0.008730987086892128,
    -0.007411465980112553,
    0.07239004969596863,
    0.010712291114032269,
    0.034124623984098434,
    -0.007876057177782059,
    0.030559102073311806,
    0.046981219202280045,
    -0.02048160322010517,
    -0.06831410527229309,
    0.08330598473548889,
    -0.050911471247673035,
    -0.05172990635037422,
    -0.03285844996571541,
    -0.02723483368754387,
    0.0453936867415905,
    -0.06962224841117859,
    0.0484052337706089,
    -0.039234939962625504,
    -0.06853369623422623,
    -0.03607333078980446,
    -0.021608617156744003,
    0.027874134480953217,
    0.03562745079398155,
    0.002619639504700899,
    -0.09649766236543655,
    -0.03678364306688309,
    0.020853722468018532,
    -0.02969236671924591,
    0.00035890412982553244,
    -0.03754124790430069,
    0.0926545262336731,
    -0.002696127397939563,
    0.035105254501104355,
    -0.021262934431433678,
    -0.009376892820000648,
    -0.07922939956188202,
    0.142617329955101,
    -0.02378387376666069,
    -0.044458795338869095,
    0.044632989913225174,
    -0.015103237703442574,
    5.8786821459508e-33,
    -0.029276179149746895,
    -0.05842234194278717,
    0.04013064503669739,
    -0.02087940089404583,
    0.07401483505964279,
    -0.09739664942026138,
    -0.0958864837884903,
    -0.003367713652551174,
    -0.006556675303727388,
    0.0030713523738086224,
    -0.06398561596870422,
    0.06859169900417328,
    -0.09869439154863358,
    0.04096714407205582,
    0.015482420101761818,
    -0.033439140766859055,
    0.00694304658100009,
    0.04086141660809517,
    -0.017983170226216316,
    0.0014139693230390549,
    -0.04697756841778755,
    0.06392369419336319,
    0.07949651032686234,
    -0.0006238057976588607,
    -0.055289894342422485,
    0.0700392946600914,
    0.06626061350107193,
    -0.06470129638910294,
    -0.020894521847367287,
    0.053831469267606735,
    0.08245931565761566,
    -0.047012630850076675,
    -0.028018102049827576,
    -0.057565733790397644,
    -0.05252869054675102,
    0.04870416969060898,
    -0.04707052558660507,
    -0.03319060429930687,
    -0.08371320366859436,
    -0.015910601243376732,
    -0.0008326966781169176,
    -0.014925690367817879,
    0.0896853357553482,
    0.04992840439081192,
    -0.0035032983869314194,
    0.0278882198035717,
    -0.016722161322832108,
    0.04310029000043869,
    0.056634195148944855,
    0.0202784463763237,
    0.01350878830999136,
    -0.009610985405743122,
    -0.03739193454384804,
    0.06933732330799103,
    -0.019089939072728157,
    0.048074837774038315,
    -0.005655072629451752,
    0.11391698569059372,
    0.020176976919174194,
    0.02921687252819538,
    -0.10377216339111328,
    0.048103462904691696,
    -0.04381044581532478,
    0.025848884135484695,
    0.02311849780380726,
    -0.0061074960976839066,
    -0.046084798872470856,
    -0.030750682577490807,
    0.021196575835347176,
    0.03535511717200279,
    0.042371075600385666,
    -0.03462589532136917,
    0.04921461269259453,
    -0.011806169524788857,
    0.019113052636384964,
    -0.031956009566783905,
    0.13525797426700592,
    0.02691645734012127,
    -0.10411190986633301,
    0.05717995762825012,
    -0.06931092590093613,
    0.022160019725561142,
    0.0697697252035141,
    -0.037294961512088776,
    -0.043962717056274414,
    0.03540710359811783,
    -0.0624886117875576,
    0.005390156526118517,
    0.09273527562618256,
    0.06138327717781067,
    0.05012676492333412,
    0.02016850933432579,
    -0.003758530132472515,
    -0.009291327558457851,
    -0.043687716126441956,
    -4.0922903605038775e-33,
    -0.006641904823482037,
    0.008713042363524437,
    -0.040480244904756546,
    0.10069505870342255,
    0.048031996935606,
    -0.004761382006108761,
    0.023665767163038254,
    0.032222237437963486,
    0.05409569665789604,
    -0.02298540621995926,
    -0.055670592933893204,
    -0.00867447629570961,
    0.019488584250211716,
    -0.056361548602581024,
    -0.036400653421878815,
    -0.004866474773734808,
    0.07739566266536713,
    0.05732142552733421,
    0.020284205675125122,
    0.007358735892921686,
    -0.05510488897562027,
    0.06886895000934601,
    0.06434024125337601,
    0.11939874291419983,
    -0.034053999930620193,
    0.0014630724908784032,
    0.07691444456577301,
    -0.00418926402926445,
    -0.0491168238222599,
    -0.014402816072106361,
    0.10505276918411255,
    -0.037062179297208786,
    0.010082311928272247,
    -0.01009385660290718,
    -0.08341540396213531,
    -0.06468524038791656,
    0.09831468760967255,
    0.04842745140194893,
    0.03871152177453041,
    0.08909996598958969,
    0.07425596565008163,
    0.03791281580924988,
    0.028860026970505714,
    0.041981399059295654,
    -0.06773638725280762,
    -0.01548643410205841,
    -0.007171077188104391,
    -0.06274254620075226,
    -0.01745709218084812,
    0.00824290607124567,
    0.035800669342279434,
    -0.04496541991829872,
    -0.09708023816347122,
    -0.06080109626054764,
    0.030274895951151848,
    0.02576180174946785,
    -0.03510516509413719,
    0.0470023974776268,
    -0.03275398164987564,
    0.006813374813646078,
    -0.01642880216240883,
    -0.04272586479783058,
    0.010298612527549267,
    0.03311203420162201,
    0.06286849826574326,
    0.11358867585659027,
    0.0254975575953722,
    -0.022275041788816452,
    -0.0036374679766595364,
    0.004555796273052692,
    0.04012826830148697,
    0.03988189622759819,
    -0.044967345893383026,
    -0.007272528950124979,
    0.05174659565091133,
    0.01516483724117279,
    -0.02833579108119011,
    -0.012908346019685268,
    0.10088959336280823,
    -0.01846003532409668,
    -0.049637965857982635,
    0.037539683282375336,
    -0.07623113691806793,
