{
  "id": 140,
  "vector": [
    -0.012160233221948147,
    0.007416738662868738,
    0.004991451278328896,
    0.003028308739885688,
    0.010051530785858631,
    -0.012709030881524086,
    0.03520748019218445,
    0.11745135486125946,
    -0.05507270246744156,
    -0.054762307554483414,
    -0.017368661239743233,
    -0.02616056427359581,
    0.015458126552402973,
    0.02729838527739048,
    -0.03579659014940262,
    -0.03323378786444664,
    -0.055934008210897446,
    0.008760594762861729,
    -0.09598921984434128,
    -0.045625846832990646,
    0.07057518512010574,
    -0.061990804970264435,
    0.010500299744307995,
    0.08452345430850983,
    -0.03163567930459976,
    0.10362602025270462,
    -0.036075375974178314,
    -0.033191170543432236,
    0.042153358459472656,
    -0.05757862702012062,
    0.01091969758272171,
    0.07729385793209076,
    0.05535784736275673,
    -0.040581587702035904,
    0.04013274237513542,
    -0.03543791547417641,
    -0.03159842640161514,
    -0.005119692534208298,
    0.12249032407999039,
    -0.045770686119794846,
    0.04582837224006653,
    0.02497013285756111,
    0.03280913084745407,
    0.08414377272129059,
    -0.027343185618519783,
    -0.0482189767062664,
    -0.01630173809826374,
    0.04281682148575783,
    0.035439226776361465,
    0.01536662969738245,
    -0.01729222573339939,
    0.006445321254432201,
    -0.10430830717086792,
    -0.03728349879384041,
    0.07312572002410889,
    -0.061882294714450836,
    0.045810624957084656,
    -0.019986271858215332,
    0.0039476994425058365,
    0.05064839497208595,
    0.028849206864833832,
    -0.007213245145976543,
    -0.004734284710139036,
    0.028086917474865913,
    -0.0006932012620382011,
    0.0859433114528656,
    -0.05384007841348648,
    -0.07041419297456741,
    -0.0652054026722908,
    0.026538431644439697,
    0.02630363032221794,
    0.06022864580154419,
    0.04212740808725357,
    -0.005094916559755802,
    -0.009258698672056198,
    -0.030630996450781822,
    0.0801040455698967,
    -0.09340804815292358,
    -0.09664857387542725,
    0.12753181159496307,
    -0.07311244308948517,
    0.05070415511727333,
    -0.06178823485970497,
    -0.023246455937623978,
    -0.0412290021777153,
    -0.025355827063322067,
    -0.00858675129711628,
    0.013477273285388947,
    -0.04094356298446655,
    -0.033283334225416183,
    -0.11252641677856445,
    0.008343392051756382,
    -0.005056398455053568,
    -0.052940260618925095,
    -0.07825743407011032,
    -0.002683405764400959,
    -0.007715062238276005,
    -0.012696894817054272,
    0.10229834914207458,
    0.03304067999124527,
    0.04550609737634659,
    0.02800433523952961,
    0.03443603962659836,
    -0.08345483243465424,
    0.04332887753844261,
    -0.02610611543059349,
    -0.01677033305168152,
    -0.01870720461010933,
    0.03547074645757675,
    0.10333531349897385,
    -0.08842508494853973,
    -0.03226884827017784,
    -0.027667107060551643,
    0.050437189638614655,
    -0.04763474315404892,
    -0.06445539742708206,
    0.010568958707153797,
    0.03163323551416397,
    0.024617895483970642,
    0.03294650837779045,
    0.09108153730630875,
    -0.006854362320154905,
    0.024788979440927505,
    -0.09516756236553192,
    -0.07139972597360611,
    -0.0065699294209480286,
    0.031744565814733505,
    1.780182971222673e-33,
    -0.09982612729072571,
    -0.042207829654216766,
    0.04691958427429199,
    0.06836098432540894,
    0.05429014191031456,
    0.058299869298934937,
    0.08570041507482529,
    0.021211644634604454,
    0.06058647483587265,
    0.06962649524211884,
    -0.027144158259034157,
    -0.004143520724028349,
    -0.0003904021286871284,
    0.12426957488059998,
    -0.020694643259048462,
    -0.05483931675553322,
    0.010459881275892258,
    0.009109054692089558,
    -0.028278257697820663,
    -0.124027319252491,
    -0.07875975966453552,
    0.03480052575469017,
    0.03583003953099251,
    0.06291390210390091,
    -0.014859680086374283,
    -0.022843360900878906,
    0.0034785098396241665,
    0.025750746950507164,
    0.03395421430468559,
    0.018000807613134384,
    0.029027052223682404,
    0.02114242874085903,
    0.043482229113578796,
    0.0234858188778162,
    -0.015424518845975399,
    -0.0412135124206543,
    -0.05392149090766907,
    -0.05131048709154129,
    0.09560956805944443,
    -0.05111531540751457,
    0.019204722717404366,
    0.04046740382909775,
    0.07395333796739578,
    -0.00224156491458416,
    -0.09164716303348541,
    0.11499784886837006,
    -0.015469874255359173,
    -0.04471157118678093,
    0.05675669386982918,
    0.006318109109997749,
    -0.07963098585605621,
    0.033188942819833755,
    -0.019261222332715988,
    0.035429295152425766,
    0.07617662847042084,
    -0.05889003723859787,
    -0.09443720430135727,
    -0.025674330070614815,
    -0.019330065697431564,
    0.033519141376018524,
    0.004454217851161957,
    0.04639112949371338,
    0.01099394541233778,
    0.04642545431852341,
    0.03980782628059387,
    0.08740637451410294,
    -0.053649719804525375,
    0.015731237828731537,
    0.010300234891474247,
    -0.0060481238178908825,
    -0.04062456637620926,
    0.00037230236921459436,
    0.008352326229214668,
    -0.02718289941549301,
    0.021125642582774162,
    0.02118937484920025,
    0.06606204807758331,
    0.05918894708156586,
    -0.04261995479464531,
    0.015882791951298714,
    -0.10992397367954254,
    0.04604156315326691,
    0.040045998990535736,
    -0.009071861393749714,
    0.009239372797310352,
    0.009452352300286293,
    -0.01076573971658945,
    0.030186615884304047,
    0.01812395080924034,
    -0.026365382596850395,
    -0.0950145572423935,
    -0.10262938588857651,
    -0.013659968972206116,
    -0.03908278048038483,
    -0.03372958302497864,
    -3.796379126809552e-33,
    0.02491013891994953,
    0.059944089502096176,
    0.04943443462252617,
    -0.008282342925667763,
    0.04398195818066597,
    -0.057624801993370056,
    -0.0047979396767914295,
    0.07626090943813324,
    0.06686488538980484,
    -0.03091118298470974,
    -0.09052035212516785,
    0.017760690301656723,
    0.02742723934352398,
    0.018264176324009895,
    -0.08480869978666306,
    0.09980374574661255,
    0.05177054554224014,
    -0.0006295971106737852,
    -0.009535010904073715,
    -0.06463659554719925,
    -0.030208291485905647,
    0.05935850366950035,
    -0.003058229573071003,
    0.03349822387099266,
    0.04627922922372818,
    -0.007621195167303085,
    -0.02206351049244404,
    -0.08544110506772995,
    0.0476524643599987,
    0.025652345269918442,
    -0.0021571009419858456,
    -0.11860734969377518,
    0.026089157909154892,
    0.016338497400283813,
    -0.05089002847671509,
    -0.07253333181142807,
    0.016177579760551453,
    -0.008006196469068527,
    0.03247533738613129,
    -0.00851572398096323,
    0.046644486486911774,
    -0.03589068353176117,
    0.020862724632024765,
    0.003450042800977826,
    0.01614627055823803,
    -0.06801572442054749,
    -0.004865879658609629,
    -0.10029976814985275,
    0.04619252681732178,
    0.035642944276332855,
    -0.00943802297115326,
    0.044371284544467926,
    -0.09125358611345291,
    -0.0065139289945364,
    0.01093208696693182,
    0.0280525553971529,
    0.01383055467158556,
    0.028751850128173828,
    0.007053273264318705,
    -0.07802295684814453,
    0.03507687523961067,
    -0.0034278975799679756,
    -0.06921520829200745,
    -0.00033834687201306224,
    -0.04657122492790222,
    -0.049434252083301544,
    -0.006632799282670021,
    -0.06486034393310547,
    0.03349584713578224,
    -0.02103031799197197,
    0.07122135907411575,
    0.08337537199258804,
    0.05785289779305458,
    0.019935715943574905,
    -0.12602756917476654,
    -0.02498183585703373,
    -0.0545106865465641,
    -0.01951625384390354,
    0.062088556587696075,
    0.036283787339925766,
    -0.009214088320732117,
    0.01198546402156353,
    -0.0006349317845888436,
