{
  "id": 238,
  "vector": [
    -0.05118156224489212,
    0.03738837689161301,
    0.00010082649532705545,
    0.007886593230068684,
    -0.02788977138698101,
    0.009947724640369415,
    0.13276124000549316,
    0.08146241307258606,
    -0.0945999026298523,
    0.0896867886185646,
    -0.02706306055188179,
    -0.055694375187158585,
    0.010320809669792652,
    0.045504406094551086,
    -0.01228999812155962,
    -0.04058102145791054,
    -0.03111373819410801,
    0.015987910330295563,
    -0.08238797634840012,
    -0.020185943692922592,
    0.047525614500045776,
    -0.004422372672706842,
    0.008541309274733067,
    0.02295028418302536,
    0.06238054856657982,
    0.07722257077693939,
    0.023574307560920715,
    -0.050904422998428345,
    0.03489036113023758,
    0.0031451922841370106,
    0.006757939234375954,
    0.045681171119213104,
    -0.025910956785082817,
    0.0029372426215559244,
    -0.07580217719078064,
    -0.005020489450544119,
    0.0017796860774978995,
    -0.08694930374622345,
    0.08176829665899277,
    -0.08350803703069687,
    0.021967506036162376,
    0.03301629424095154,
    -0.01874367892742157,
    0.04502112790942192,
    0.024845238775014877,
    0.008494789712131023,
    -0.01844046823680401,
    0.036632537841796875,
    0.03555138409137726,
    -0.0014206304913386703,
    0.036970105022192,
    0.017064452171325684,
    -0.08585440367460251,
    -0.014280132949352264,
    0.019834419712424278,
    -0.08238397538661957,
    -0.05095552280545235,
    0.013773513026535511,
    0.03952465206384659,
    0.0454474538564682,
    -0.015976516529917717,
    -0.040595464408397675,
    -0.03420981392264366,
    0.033208586275577545,
    0.0306943841278553,
    0.02724701724946499,
    -0.04231833666563034,
    0.05024540424346924,
    -0.029098285362124443,
    0.013681966811418533,
    0.0014104192377999425,
    0.02307814545929432,
    0.0339975543320179,
    -0.017079655081033707,
    0.018362494185566902,
    -0.01713421940803528,
    0.09494554251432419,
    -0.04710649698972702,
    -0.13263382017612457,
    0.03194582462310791,
    -0.0887351930141449,
    0.034089699387550354,
    0.02657168172299862,
    0.0554792694747448,
    -0.04075196757912636,
    -0.030361780896782875,
    0.031751599162817,
    0.06633023172616959,
    -0.0226593017578125,
    -0.06599967926740646,
    -0.05633019283413887,
    0.07697299867868423,
    -0.020454593002796173,
    0.07214874029159546,
    -0.02849063277244568,
    0.04520241916179657,
    -0.015150845982134342,
    -0.014997430145740509,
    0.008042559027671814,
    0.04097526893019676,
    -0.01866328716278076,
    0.0544285885989666,
    0.056509070098400116,
    -0.07235735654830933,
    0.010353682562708855,
    -0.02860865369439125,
    -0.024169325828552246,
    -0.007474229205399752,
    0.06726595759391785,
    0.06933391094207764,
    -0.06019162759184837,
    0.0316653698682785,
    -0.038761455565690994,
    0.052350860089063644,
    -0.07265347242355347,
    -0.05059701204299927,
    -0.0008159988792613149,
    0.03486217185854912,
    0.025086870416998863,
    0.0006234925240278244,
    0.014452632516622543,
    -0.017450598999857903,
    0.03946633264422417,
    -0.045857999473810196,
    -0.10177154093980789,
    -0.011785964481532574,
    0.07204125076532364,
    3.21519304658592e-33,
    -0.1320580393075943,
    -0.05825371667742729,
    0.047699224203825,
    0.06337551772594452,
    0.050824783742427826,
    -0.028554895892739296,
    0.024662833660840988,
    0.017556073144078255,
    0.03810660168528557,
    -0.026786739006638527,
    -0.10484766960144043,
    -0.019598662853240967,
    -0.04844735935330391,
    0.13764385879039764,
    -0.060012899339199066,
    -0.08760735392570496,
    -0.03530607745051384,
    0.04895787686109543,
    0.04519253224134445,
    -0.048893120139837265,
    -0.11582306027412415,
    -0.0011114048538729548,
    0.04541176185011864,
    0.03982029855251312,
    -0.045739904046058655,
    0.007630723062902689,
    0.08998186886310577,
    0.003800074802711606,
    0.031140247359871864,
    0.02433818019926548,
    0.09789440780878067,
    0.0017519285902380943,
    0.027489429339766502,
    -0.015209633857011795,
    -0.05265454947948456,
    0.014415939338505268,
    0.002597763668745756,
    -0.04387051239609718,
    0.025811849161982536,
    0.016678685322403908,
    -0.008761328645050526,
    0.04746861383318901,
    0.07261644303798676,
    0.04205029830336571,
    -0.1134323924779892,
    0.02797439508140087,
    0.06091650575399399,
    0.007477605249732733,
    0.023411406204104424,
    0.029651392251253128,
    -0.03050421178340912,
    0.0528460294008255,
    -0.07336495816707611,
    0.07695560902357101,
    0.001977041596546769,
    -0.07420148700475693,
    -0.061842627823352814,
    0.06375386565923691,
    0.060601264238357544,
    0.06989996135234833,
    0.024293899536132812,
    -0.01346508227288723,
    0.0027024985756725073,
    0.04290327429771423,
    -0.00552145391702652,
    0.04317780211567879,
    -0.11431510001420975,
    -0.04748528078198433,
    -0.023755252361297607,
    0.012704973109066486,
    0.006515250541269779,
    -0.008570406585931778,
    0.06768089532852173,
    -0.03580247238278389,
    0.06373419612646103,
    0.0024541637394577265,
    0.09121040254831314,
    0.10138136148452759,
    -0.06035228073596954,
    0.03481041640043259,
    -0.11549069732427597,
    0.02895377390086651,
    -0.013954691588878632,
    -0.014275561086833477,
    -0.04408737272024155,
    0.021812649443745613,
    -0.054503653198480606,
    -0.025493744760751724,
    0.00718854833394289,
    0.027479106560349464,
    -0.04157514125108719,
    -0.0668872594833374,
    -0.006192356813699007,
    -0.027143120765686035,
    -0.0673711746931076,
    -2.7433913074811095e-33,
    -0.02668808586895466,
    0.058931607753038406,
    -0.05073465034365654,
    0.08572697639465332,
    0.04097764566540718,
    -0.0314907431602478,
    0.09199044853448868,
    0.036193590611219406,
    0.06668861210346222,
    0.02121128886938095,
    0.01524601224809885,
    0.010471921414136887,
    0.0747474953532219,
    -0.006213197950273752,
    -0.1064661294221878,
    0.027317369356751442,
    0.07025071233510971,
    0.024621283635497093,
    -0.0073259309865534306,
    -0.007274300325661898,
    -0.00910535641014576,
    0.044388383626937866,
    0.019817998632788658,
    -0.010721499100327492,
    0.05665920302271843,
    0.015308775939047337,
    0.005513965617865324,
    0.040772441774606705,
    0.007763904519379139,
    0.003301905933767557,
    0.07321704924106598,
    -0.07411311566829681,
    -0.052124302834272385,
    0.005559221375733614,
    -0.019227495416998863,
    -0.04359682649374008,
    0.04200337827205658,
    0.013078560121357441,
    -0.010178838856518269,
    0.023392023518681526,
    0.03159064054489136,
    -0.030334334820508957,
    -0.0831056460738182,
    0.053741682320833206,
    0.03655969351530075,
    -0.04071822017431259,
    0.0034105482045561075,
    -0.03480375558137894,
    0.020262908190488815,
    0.047046512365341187,
    0.042730845510959625,
    0.07577124238014221,
    -0.02226036600768566,
    -0.0574578121304512,
    0.03602450713515282,
    0.02564435452222824,
    -0.03354373201727867,
    0.012439455837011337,
    0.007807599380612373,
    -0.09063661843538284,
    0.01572110876441002,
    0.007298387587070465,
    0.00314528401941061,
    0.02701309695839882,
    0.004043940454721451,
    0.009417605586349964,
    -0.057024527341127396,
    -0.057309553027153015,
    0.009477331303060055,
    0.041173990815877914,
    0.013637731783092022,
    -0.040177345275878906,
    0.05432651564478874,
    -0.08597612380981445,
    -0.05038585513830185,
    0.004096659366041422,
    0.04362824559211731,
    -0.0867185890674591,
    0.06156162917613983,
    -0.05155881866812706,
    -0.09883107244968414,
    0.03666096553206444,
    0.015183239243924618,
    0.08222334831953049,
