{
  "id": 61,
  "vector": [
    0.011516978032886982,
    0.045884083956480026,
    0.023608392104506493,
    -0.012439996004104614,
    -0.05117354914546013,
    -0.026313835754990578,
    0.0864439606666565,
    -0.004098016768693924,
    -0.0018299025250598788,
    0.004895869176834822,
    0.00843491218984127,
    -0.05415787547826767,
    0.03375064209103584,
    -0.0006657451740466058,
    -0.07057192921638489,
    -0.044266343116760254,
    -0.0702766552567482,
    -0.009275072254240513,
    -0.10543186962604523,
    -0.0037156115286052227,
    0.0038040373474359512,
    -0.00477190688252449,
    -0.021931329742074013,
    0.023906642571091652,
    -0.057432420551776886,
    0.06968314200639725,
    -0.024004096165299416,
    -0.06985664367675781,
    0.02559547685086727,
    -0.032882049679756165,
    0.08014312386512756,
    0.03388199955224991,
    0.017465515062212944,
    0.016599005088210106,
    0.024738671258091927,
    -0.0030367067083716393,
    -0.07143431156873703,
    -0.022557655349373817,
    0.05919894948601723,
    -0.016156762838363647,
    0.023926403373479843,
    0.04776640608906746,
    0.011934184469282627,
    0.10106872022151947,
    0.0013076774775981903,
    -0.04228968918323517,
    -0.04495951905846596,
    -0.07003547996282578,
    0.0029131744522601366,
    -0.03061864897608757,
    0.026344554498791695,
    0.01008288748562336,
    -0.1043105348944664,
    0.04365410655736923,
    -0.02884124405682087,
    -0.0692375898361206,
    -0.11176441609859467,
    -0.022476419806480408,
    -0.03483610227704048,
    0.04105498641729355,
    0.0402710884809494,
    -0.016373980790376663,
    -0.009623107500374317,
    0.00337125058285892,
    0.02968604303896427,
    0.10163076221942902,
    -0.12722523510456085,
    0.007000397425144911,
    -0.005405780393630266,
    0.029629649594426155,
    -0.033066779375076294,
    0.06042654439806938,
    0.12013966590166092,
    0.05265315622091293,
    -0.00831674225628376,
    -0.07470770925283432,
    0.0752897709608078,
    -0.0456390306353569,
    -0.02272297628223896,
    0.04436222091317177,
    -0.09656311571598053,
    -0.03742266073822975,
    -0.027921803295612335,
    0.03795497864484787,
    -0.016862493008375168,
    -0.058697909116744995,
    -0.015686724334955215,
    0.055403053760528564,
    -0.04112089425325394,
    -0.04154425859451294,
    -0.02335500903427601,
    0.003627720521762967,
    0.13209843635559082,
    -0.03536369651556015,
    -0.031211819499731064,
    0.007342915050685406,
    -0.0868174210190773,
    -0.023768916726112366,
    0.028310753405094147,
    -0.00021213766012806445,
    0.03973625972867012,
    -0.003693642094731331,
    0.09412209689617157,
    -0.08282304555177689,
    -0.010595051571726799,
    -0.030147025361657143,
    0.011827560141682625,
    0.013432762585580349,
    0.024461766704916954,
    0.002055402146652341,
    -0.11419074237346649,
    -0.05242178216576576,
    -0.0385563038289547,
    -0.008054177276790142,
    -0.014611735939979553,
    0.04387080296874046,
    0.04292498528957367,
    -0.021472979336977005,
    0.04454812780022621,
    0.006133176386356354,
    0.05801637843251228,
    -0.027270209044218063,
    0.07237029820680618,
    -0.029951496049761772,
    -0.07639584690332413,
    0.061673179268836975,
    0.037737827748060226,
    5.086344954224837e-33,
    -0.009578718803822994,
    -0.027046624571084976,
    -0.01585434004664421,
    0.03335367143154144,
    0.1277945190668106,
    0.007750303950160742,
    0.09294770658016205,
    -0.014139433391392231,
    0.06283403933048248,
    0.017252957448363304,
    -0.0886688232421875,
    0.041260190308094025,
    -0.010415257886052132,
    0.09332580119371414,
    -0.05204248055815697,
    -0.0745714008808136,
    -0.048793669790029526,
    0.003326939418911934,
    0.022496528923511505,
    -0.047251079231500626,
    -0.05967764928936958,
    0.005600312724709511,
    -0.023996932432055473,
    0.041595496237277985,
    -0.036553606390953064,
    0.013759207911789417,
    -0.008329352363944054,
    0.037761807441711426,
    -0.03718063607811928,
    0.03821269050240517,
    0.10438992828130722,
    -0.0006088825175538659,
    -0.0037478359881788492,
    0.02611769177019596,
    0.0009376798407174647,
    0.024969909340143204,
    -0.023611009120941162,
    -0.024809956550598145,
    0.11512982845306396,
    0.005249678622931242,
    -0.006980016361922026,
    -0.023943163454532623,
    0.05174631252884865,
    0.03209493309259415,
    0.02938668243587017,
    0.00973962340503931,
    -0.016123071312904358,
    0.02499646320939064,
    0.06742607802152634,
    0.002591703785583377,
    -0.03183120861649513,
    0.013302390463650227,
    -0.05149218812584877,
    0.015666214749217033,
    0.01466342993080616,
    -0.05488158389925957,
    -0.11024613678455353,
    0.02560778707265854,
    0.01637544296681881,
    0.11165698617696762,
    0.010652405209839344,
    0.004526033531874418,
    -0.06704755872488022,
    0.05778428167104721,
    -0.03120269440114498,
    0.07739493995904922,
    -0.07084707170724869,
    -0.06292632222175598,
    -0.03939894959330559,
    0.020034577697515488,
    -0.05015669763088226,
    0.01600499078631401,
    0.00849140901118517,
    -0.04126618802547455,
    0.0594206303358078,
    -0.018634507432579994,
    0.06270447373390198,
    0.012014753185212612,
    -0.11763221025466919,
    0.06639676541090012,
    -0.084665946662426,
    0.037106651812791824,
    0.06889980286359787,
    0.05653245374560356,
    -0.04180511087179184,
    0.06674762070178986,
    0.049450088292360306,
    0.036633554846048355,
    -0.0048896935768425465,
    -0.006744849495589733,
    0.008451391011476517,
    -0.029413871467113495,
    0.031111864373087883,
    -0.06202046945691109,
    -0.021221863105893135,
    -5.203433007774368e-33,
    -0.02723405323922634,
    0.028865085914731026,
    -0.0909285843372345,
    0.010270197875797749,
    0.07887673377990723,
    -0.008218705654144287,
    0.07080759108066559,
    0.050133928656578064,
    0.11649849265813828,
    -0.021582329645752907,
    -0.08790607750415802,
    0.03584694117307663,
    0.04494105279445648,
    -0.05867600440979004,
    -0.1402149647474289,
    0.08834662288427353,
    0.08953791111707687,
    -0.012683209031820297,
    0.06262661516666412,
    -0.0491807758808136,
    -0.019820397719740868,
    0.08334089815616608,
    0.07228200137615204,
    0.024630658328533173,
    -0.024218017235398293,
    -0.021597418934106827,
    0.06026294082403183,
    -0.07278800755739212,
    0.10410995781421661,
    0.06970369815826416,
    0.01615256257355213,
    -0.042680226266384125,
    0.019091449677944183,
    0.017049258574843407,
    -0.08952958881855011,
    -0.02730722911655903,
    0.00902116671204567,
    -0.014089602045714855,
    0.0013680753763765097,
    0.02393660508096218,
    0.050112586468458176,
    -0.1186404824256897,
    -0.06183575466275215,
    -0.005444688256829977,
    0.0028679410461336374,
    0.016315490007400513,
    -0.008194575086236,
    -0.03836212307214737,
    -0.03981832042336464,
    -0.011607042513787746,
    -0.04751703515648842,
    -0.01394488476216793,
    -0.04059186205267906,
    0.01749761961400509,
    0.0062505812384188175,
    0.07574918121099472,
    0.0053286259062588215,
    0.0112895667552948,
    0.06351754814386368,
    -0.01548715028911829,
    0.010425323620438576,
    0.0187953133136034,
    0.013525168411433697,
    -0.013701610267162323,
    0.00843818299472332,
    -0.021761268377304077,
    0.018422028049826622,
    -0.022861408069729805,
    -0.06368634849786758,
    -0.024927115067839622,
    0.027436362579464912,
    -0.03314479812979698,
    -0.03990384563803673,
    -0.03483596444129944,
    -0.05992906540632248,
    0.030173154547810555,
    -0.09424616396427155,
    -0.026031142100691795,
    0.022834522649645805,
    0.00048117380356416106,
    -0.038390327244997025,
    0.0360521599650383,
    0.04297787323594093,
