{
  "id": 202,
  "vector": [
    -0.056294091045856476,
    -0.02602798491716385,
    0.010343395173549652,
    0.05265696719288826,
    -0.0005855360650457442,
    -0.05203169956803322,
    0.03493492305278778,
    0.09627703577280045,
    -0.030512722209095955,
    0.006825638934969902,
    -0.041452907025814056,
    -0.06689795851707458,
    0.026432322338223457,
    -0.03467394784092903,
    -0.046968962997198105,
    -0.0800209790468216,
    0.0542839951813221,
    -0.03857484459877014,
    -0.01708579994738102,
    -0.020800821483135223,
    0.03535005450248718,
    -0.12077063322067261,
    0.0102259311825037,
    0.06226538121700287,
    0.049066219478845596,
    0.054223377257585526,
    -0.003833063878118992,
    0.008409976959228516,
    0.037766873836517334,
    -0.070878766477108,
    -0.01418512873351574,
    0.05758986994624138,
    0.053276125341653824,
    0.026042213663458824,
    -0.02305889129638672,
    -0.01824064552783966,
    0.04944206401705742,
    -0.009419410489499569,
    0.05541176721453667,
    -0.06727384030818939,
    0.05958641692996025,
    -0.019897228106856346,
    0.07356970757246017,
    0.03824138641357422,
    0.025651678442955017,
    -0.01394763495773077,
    -0.025691883638501167,
    0.006056640297174454,
    0.024309827014803886,
    0.008445672690868378,
    -0.015363742597401142,
    0.017307505011558533,
    -0.08251632750034332,
    -0.010181890800595284,
    0.03291970491409302,
    -0.04718011990189552,
    0.023111287504434586,
    0.010101853869855404,
    0.034564241766929626,
    0.11916526407003403,
    -0.021536799147725105,
    -0.0044580260291695595,
    -0.02566409856081009,
    0.03035556897521019,
    -0.029141031205654144,
    -0.021090837195515633,
    -0.07317544519901276,
    0.03197911009192467,
    -0.007638019509613514,
    0.0615023598074913,
    0.018093761056661606,
    0.06449265033006668,
    0.00864318199455738,
    -0.035885829478502274,
    0.011351599358022213,
    0.05324206501245499,
    0.051648903638124466,
    0.0020893162582069635,
    -0.029177190735936165,
    0.03366642817854881,
    -0.09781672060489655,
    -0.022916005924344063,
    -0.0014274241402745247,
    -0.011541428044438362,
    -0.12384984642267227,
    -0.01681818626821041,
    0.03763382136821747,
    -0.006082173436880112,
    -0.014485363848507404,
    -0.07057750225067139,
    -0.043893203139305115,
    0.06076899170875549,
    0.08467927575111389,
    0.06138736754655838,
    -0.061041656881570816,
    0.03641176223754883,
    -0.06073841452598572,
    0.018961001187562943,
    0.095171719789505,
    0.008543530479073524,
    -0.013303163461387157,
    0.05601969361305237,
    0.13911297917366028,
    -0.006814510561525822,
    0.011950761079788208,
    -0.023578017950057983,
    -0.020111018791794777,
    0.04243004322052002,
    0.12073085457086563,
    0.05838119983673096,
    -0.0068998783826828,
    -0.04654921591281891,
    -0.05829935520887375,
    0.09197592735290527,
    -0.03230005130171776,
    -0.05271483212709427,
    0.08050145208835602,
    -0.040176160633563995,
    -0.0351882129907608,
    0.0026870467700064182,
    0.049729350954294205,
    -0.07745261490345001,
    -0.026140961796045303,
    -0.09478123486042023,
    -0.11085940152406693,
    0.011986583471298218,
    0.08752531558275223,
    5.7150022717804736e-33,
    -0.0031450800597667694,
    -0.007991740480065346,
    0.008179054595530033,
    0.0157096479088068,
    0.037934012711048126,
    -0.0028636918868869543,
    0.014877746812999249,
    -0.0347268283367157,
    0.010425045154988766,
    0.0751083642244339,
    -0.09237493574619293,
    0.09170544147491455,
    -0.08024457097053528,
    0.16276586055755615,
    -0.02471075765788555,
    -0.11356992274522781,
    -0.04084644839167595,
    0.01405918225646019,
    -0.0021911291405558586,
    -0.0414062924683094,
    -0.04698353260755539,
    0.10333246737718582,
    0.009722375310957432,
    0.002289307303726673,
    -0.021489577367901802,
    0.06069052964448929,
    0.02038789540529251,
    -0.040728770196437836,
    -0.08579424023628235,
    0.006631702650338411,
    0.0344894640147686,
    0.0011306635569781065,
    0.03892289102077484,
    0.01308049913495779,
    -0.05670437216758728,
    0.012734630145132542,
    0.025161221623420715,
    -0.03437824174761772,
    0.038157153874635696,
    -0.04694680497050285,
    -0.031104622408747673,
    0.03709893301129341,
    0.1010001078248024,
    -0.01738949865102768,
    -0.09359806776046753,
    0.016966741532087326,
    0.03779264912009239,
    0.031634923070669174,
    0.08269388973712921,
    0.054741110652685165,
    -0.05073448270559311,
    0.0019378814613446593,
    -0.05231434479355812,
    0.08157835155725479,
    0.007643891964107752,
    -0.0171524565666914,
    -0.01707613840699196,
    0.04453567788004875,
    0.08845411241054535,
    -0.016175558790564537,
    0.04993322119116783,
    0.026431355625391006,
    0.013429244048893452,
    0.08161836117506027,
    0.019932232797145844,
    0.014434736222028732,
    -0.05079355835914612,
    0.021431999281048775,
    0.10204938054084778,
    0.010205866768956184,
    0.032699160277843475,
    -0.03386016935110092,
    -0.024476250633597374,
    -0.034777458757162094,
    0.0683734267950058,
    0.007037495728582144,
    0.05790001153945923,
    0.05000537633895874,
    -0.10312731564044952,
    0.07591688632965088,
    0.009053358808159828,
    -0.027718333527445793,
    -0.02426469326019287,
    -0.04396199807524681,
    -0.027725962921977043,
    0.09208951145410538,
    -0.006429616827517748,
    0.09843547642230988,
    -0.04555019363760948,
    0.050988245755434036,
    -0.021226420998573303,
    0.02442898601293564,
    0.02817743830382824,
    0.01156652346253395,
    -0.10577220469713211,
    -4.751678773809855e-33,
    0.081511490046978,
    0.018011776730418205,
    -0.0016899706097319722,
    0.08231515437364578,
    0.024553388357162476,
    0.03901974484324455,
    0.009162466041743755,
    0.036823902279138565,
    -0.03720785677433014,
    -0.06156395748257637,
    -0.005121927708387375,
    -0.011020656675100327,
    0.07725211977958679,
    0.027423150837421417,
    -0.10045545548200607,
    0.06787369400262833,
    0.04950385540723801,
    -0.0027586957439780235,
    -0.06821633130311966,
    -0.05584755912423134,
    -0.03542894497513771,
    0.012305215932428837,
    -0.11832501739263535,
    0.04450773447751999,
    0.04631096124649048,
    -0.012936556711792946,
    0.029262352734804153,
    -0.017655091360211372,
    -0.1285388022661209,
    0.00857737846672535,
    -0.03019593469798565,
    -0.06766428798437119,
    0.005020458716899157,
    0.01528825145214796,
    0.039942484349012375,
    -0.10601542145013809,
    0.10223652422428131,
    0.06160800904035568,
    0.004536507651209831,
    -0.0454743392765522,
    0.013534520752727985,
    -0.035329677164554596,
    -0.003361603245139122,
    0.04437541961669922,
    0.03264341875910759,
    -0.05712876096367836,
    0.01675982028245926,
    -0.06154821440577507,
    0.0009796838276088238,
    0.11299138516187668,
    0.006235452368855476,
    -0.047322046011686325,
    -0.04571811482310295,
    -0.040282707661390305,
    0.020138021558523178,
    0.014097277075052261,
    0.0014981142012402415,
    0.04459454491734505,
    -0.0460149347782135,
    -0.042219776660203934,
    0.0013682107673957944,
    0.007624646183103323,
    -0.04144035279750824,
    -0.02769964374601841,
    0.03198852390050888,
    0.00005140903886058368,
    -0.023477351292967796,
    -0.033878229558467865,
    -0.021616118028759956,
    -0.03711672127246857,
    0.1160418763756752,
    0.029183467850089073,
    0.044654954224824905,
    -0.0853656753897667,
    -0.0489579439163208,
    0.005117588210850954,
    0.03658543899655342,
    -0.017480820417404175,
    0.03797389194369316,
    -0.04501868039369583,
    0.0014464212581515312,
    0.04802686348557472,
    0.005414435174316168,
