{
  "id": 995,
  "vector": [
    -0.0037160248029977083,
    0.04612638056278229,
    0.09372886270284653,
    0.010501808486878872,
    0.0850958302617073,
    -0.06295103579759598,
    0.057235751301050186,
    0.024679196998476982,
    -0.06156543642282486,
    -0.021276572719216347,
    -0.007380632683634758,
    -0.03327963873744011,
    0.017626607790589333,
    0.010871833190321922,
    -0.0683365985751152,
    0.00349845876917243,
    -0.013957221060991287,
    0.020207758992910385,
    -0.138397678732872,
    0.027287499979138374,
    0.12752968072891235,
    -0.0500713512301445,
    0.018620524555444717,
    -0.02225998230278492,
    -0.04012766852974892,
    0.08564972877502441,
    0.08878761529922485,
    -0.0642705112695694,
    -0.056070733815431595,
    -0.04851103946566582,
    0.06800298392772675,
    0.05446677282452583,
    -0.012774443253874779,
    -0.060421910136938095,
    -0.022558633238077164,
    0.022071009501814842,
    -0.013767660595476627,
    -0.03172583878040314,
    0.0728192999958992,
    0.0031598471105098724,
    0.034637920558452606,
    -0.03278140351176262,
    -0.03583389148116112,
    -0.013921994715929031,
    -0.04249648004770279,
    -0.00241391034796834,
    0.021987460553646088,
    0.06244916096329689,
    0.08210194855928421,
    0.012324225157499313,
    0.06200966611504555,
    -0.023525970056653023,
    -0.0884198248386383,
    -0.006654511205852032,
    -0.03557616472244263,
    -0.05528450757265091,
    -0.020974010229110718,
    0.005247580353170633,
    -0.022594546899199486,
    0.027373995631933212,
    -0.011495628394186497,
    0.00660017179325223,
    -0.05879688635468483,
    0.04716777428984642,
    0.06208735331892967,
    0.04799973592162132,
    0.048126425594091415,
    0.04605310782790184,
    -0.020890530198812485,
    0.06199037656188011,
    -0.0344630666077137,
    0.012324017472565174,
    0.04316747933626175,
    0.06963544338941574,
    0.011136511340737343,
    0.02930409274995327,
    0.04770262539386749,
    -0.1192072257399559,
    0.03183956816792488,
    0.05627540498971939,
    -0.14159107208251953,
    -0.022242428734898567,
    -0.025531195104122162,
    0.03650973364710808,
    0.04959229752421379,
    0.03639376163482666,
    -0.06039644405245781,
    -0.007536225952208042,
    0.034765198826789856,
    -0.11498568207025528,
    -0.011189458891749382,
    0.019118594005703926,
    0.021063700318336487,
    0.01571744866669178,
    0.0011693042470142245,
    0.03300895169377327,
    -0.07943001389503479,
    0.012810816988348961,
    -0.04693039134144783,
    0.03411868214607239,
    -0.006299701519310474,
    0.04823001101613045,
    0.039617907255887985,
    -0.007860599085688591,
    0.01638142764568329,
    -0.06886683404445648,
    0.07306201010942459,
    0.03157727047801018,
    -0.024403041228652,
    -0.0011555636301636696,
    0.02317080833017826,
    0.054090600460767746,
    0.0315256342291832,
    0.07601983845233917,
    0.002336014062166214,
    0.029824290424585342,
    0.07592669874429703,
    0.015085109509527683,
    -0.08030424267053604,
    0.0012707755668088794,
    0.02003919892013073,
    -0.01059652678668499,
    -0.06398254632949829,
    -0.022446393966674805,
    -0.053443316370248795,
    0.0164556335657835,
    0.06306300312280655,
    3.166014771051331e-33,
    -0.08642394095659256,
    0.03534117713570595,
    0.08568428456783295,
    0.0018604790093377233,
    -0.014177847653627396,
    -0.048084136098623276,
    0.026648113504052162,
    0.040657952427864075,
    0.05484188720583916,
    0.10354841500520706,
    0.0010913980659097433,
    -0.020058032125234604,
    -0.0815977081656456,
    -0.04053591936826706,
    -0.037450842559337616,
    -0.034321706742048264,
    0.020078876987099648,
    0.028981318697333336,
    0.036838993430137634,
    -0.00840480625629425,
    0.016688989475369453,
    -0.04961222782731056,
    -0.04435335472226143,
    -0.02192690782248974,
    -0.04906168952584267,
    0.005537315271794796,
    -0.049630582332611084,
    -0.043889228254556656,
    0.11805849522352219,
    0.01080617867410183,
    0.07045388966798782,
    0.0021688975393772125,
    -0.03183804079890251,
    0.01357993483543396,
    -0.14537058770656586,
    0.008016472682356834,
    -0.10647772252559662,
    0.024596964940428734,
    0.028698520734906197,
    -0.028438040986657143,
    0.01554951723664999,
    0.02703893557190895,
    0.04091135784983635,
    0.027918590232729912,
    -0.011681076139211655,
    0.008101784624159336,
    -0.0010351118398830295,
    0.03224136307835579,
    0.009987397119402885,
    0.007905708625912666,
    0.05470668524503708,
    -0.03728743642568588,
    -0.004634552635252476,
    -0.00032469339203089476,
    -0.016285032033920288,
    -0.007685302756726742,
    0.06550708413124084,
    -0.05091024190187454,
    0.013470584526658058,
    0.06729089468717575,
    0.028864191845059395,
    0.12997765839099884,
    -0.024846376851201057,
    0.1132662370800972,
    0.014865647070109844,
    -0.042698897421360016,
    -0.03855600208044052,
    0.03578284755349159,
    0.006949984468519688,
    -0.030761271715164185,
    0.03032519482076168,
    0.02937694452702999,
    0.0016945094102993608,
    0.07505915313959122,
    -0.010205734521150589,
    -0.02529679425060749,
    0.07995642721652985,
    -0.023149114102125168,
    -0.02313242293894291,
    -0.023764051496982574,
    0.05575450882315636,
    -0.13094380497932434,
    -0.06033870205283165,
    -0.04788419231772423,
    -0.13376708328723907,
    0.0757751613855362,
    -0.015326750464737415,
    0.020697306841611862,
    0.032576337456703186,
    -0.0252730380743742,
    -0.012933648191392422,
    -0.03415845334529877,
    -0.02706190198659897,
    -0.09507078677415848,
    -0.0774725079536438,
    -2.818287562701767e-33,
    0.10703887045383453,
    -0.0009394096559844911,
    0.004994772840291262,
    0.08353788405656815,
    0.05207325890660286,
    0.0631595030426979,
    0.12454327940940857,
    0.013101290911436081,
    -0.029708968475461006,
    0.020555933937430382,
    -0.04281172528862953,
    0.01594185084104538,
    0.023723727092146873,
    0.06075267866253853,
    0.027228068560361862,
    0.11140532046556473,
    0.0412905290722847,
    0.0823214128613472,
    -0.03153720498085022,
    -0.027065211907029152,
    -0.04879334941506386,
    0.06054508313536644,
    0.06530911475419998,
    0.1197100505232811,
    -0.02121271938085556,
    -0.012931860983371735,
    0.05376427620649338,
    0.06515364348888397,
    -0.06314770877361298,
    -0.0589328333735466,
    -0.016354423016309738,
    -0.03606337681412697,
    0.07402444630861282,
    -0.06557707488536835,
    0.04331904649734497,
    -0.06787774711847305,
    0.03317447379231453,
    -0.033968549221754074,
    -0.013188927434384823,
    0.024036770686507225,
    -0.0763840600848198,
    -0.03789044916629791,
    -0.020616326481103897,
    0.03799087926745415,
    -0.08169190585613251,
    -0.049833476543426514,
    -0.032872192561626434,
    -0.0892619714140892,
    0.03245384618639946,
    -0.00282458309084177,
    0.046959951519966125,
    0.03292820602655411,
    -0.08880540728569031,
    -0.01829831302165985,
    -0.037146277725696564,
    0.12071917206048965,
    0.027269909158349037,
    -0.04341869801282883,
    -0.012205314822494984,
    -0.03744175657629967,
    -0.0475957989692688,
    0.04442695155739784,
    -0.02849891409277916,
    -0.013706400990486145,
    0.017279110848903656,
    -0.05290592461824417,
    -0.009126748889684677,
    0.030420269817113876,
    -0.02712852507829666,
    0.011616608127951622,
    -0.06556645035743713,
    -0.006703713443130255,
    0.06532519310712814,
    -0.13237552344799042,
    -0.052593085914850235,
    -0.08398673683404922,
    -0.002600128063932061,
    -0.017983507364988327,
    0.03663002699613571,
    -0.020293785259127617,
    -0.04103855788707733,
    -0.038425788283348083,
    0.019091209396719933,
