{
  "id": 430,
  "vector": [
    -0.056517358869314194,
    0.038044631481170654,
    0.014569681137800217,
    -0.03593716397881508,
    0.022370077669620514,
    -0.025752289220690727,
    0.11072549968957901,
    0.13562561571598053,
    -0.039135199040174484,
    -0.012566003017127514,
    -0.04313526675105095,
    -0.0702371597290039,
    0.04362030327320099,
    0.0071248277090489864,
    -0.03127998113632202,
    -0.0365782305598259,
    0.01382431574165821,
    0.07163740694522858,
    -0.08994562923908234,
    -0.037667158991098404,
    0.05612644553184509,
    -0.029969582334160805,
    0.003383988281711936,
    -0.030489997938275337,
    0.011355037800967693,
    0.13342984020709991,
    0.03665866702795029,
    -0.05556444078683853,
    0.02621210366487503,
    -0.07797093689441681,
    -0.013776378706097603,
    -0.004974219482392073,
    -0.07025186717510223,
    0.0006965745124034584,
    -0.039340391755104065,
    0.03244581073522568,
    -0.11171241104602814,
    -0.01196205336600542,
    0.06273187696933746,
    0.03390849009156227,
    0.02969384752213955,
    0.03090427815914154,
    -0.0036476084496825933,
    -0.013700482435524464,
    -0.015586912631988525,
    -0.0166041050106287,
    0.00020778420730493963,
    -0.026450838893651962,
    0.049660537391901016,
    -0.0037665311247110367,
    0.046085432171821594,
    -0.010093187913298607,
    -0.06070244312286377,
    0.005050994455814362,
    0.0796559602022171,
    -0.04718709737062454,
    -0.08142825216054916,
    -0.014222280122339725,
    -0.015922635793685913,
    0.008886303752660751,
    0.02082696743309498,
    0.022031808272004128,
    -0.044845033437013626,
    -0.019950587302446365,
    0.029213303700089455,
    0.032507508993148804,
    -0.0302209984511137,
    -0.017899662256240845,
    -0.0285713579505682,
    -0.030543677508831024,
    -0.04655953869223595,
    0.061148956418037415,
    -0.016087621450424194,
    0.05365108698606491,
    0.029812030494213104,
    -0.011789870448410511,
    0.05567583814263344,
    -0.07718390971422195,
    -0.02939014695584774,
    0.03828676417469978,
    -0.06615997105836868,
    0.036874182522296906,
    0.011978382244706154,
    -0.044249117374420166,
    -0.011649138294160366,
    -0.029550082981586456,
    0.015233634039759636,
    0.03419483080506325,
    0.055920250713825226,
    -0.012059804983437061,
    -0.03552335500717163,
    0.029551589861512184,
    -0.004549332894384861,
    0.008210483938455582,
    -0.04063107445836067,
    0.053617868572473526,
    -0.07175001502037048,
    0.03469220921397209,
    -0.035865917801856995,
    0.028583228588104248,
    0.03227687627077103,
    0.03490562364459038,
    0.07933437824249268,
    -0.06147429347038269,
    0.02753513678908348,
    -0.08880774676799774,
    0.015217125415802002,
    0.02719017304480076,
    -0.03220357000827789,
    0.08780897408723831,
    -0.033765703439712524,
    -0.01636086218059063,
    -0.05403811112046242,
    -0.024809477850794792,
    -0.021022025495767593,
    0.05846446752548218,
    0.07038802653551102,
    -0.042191412299871445,
    -0.02257624827325344,
    -0.07992961257696152,
    0.09553278982639313,
    -0.00777528015896678,
    0.024174848571419716,
    0.0326128788292408,
    -0.025405138731002808,
    0.08636486530303955,
    0.029732827097177505,
    4.90018815869885e-33,
    -0.06754953414201736,
    -0.010959920473396778,
    0.023212967440485954,
    0.05803566053509712,
    -0.08415840566158295,
    -0.03096332773566246,
    0.017113450914621353,
    -0.0005317874019965529,
    0.05948919802904129,
    0.01730242371559143,
    -0.10213122516870499,
    0.0417252741754055,
    -0.004850326105952263,
    0.05302013084292412,
    -0.014875772409141064,
    -0.04177798330783844,
    -0.024464191868901253,
    -0.01093298476189375,
    0.05485944822430611,
    -0.025951623916625977,
    -0.08454027771949768,
    0.02647295594215393,
    0.08479727804660797,
    0.047217998653650284,
    -0.06550760567188263,
    -0.06906414777040482,
    0.06546854227781296,
    -0.08333689719438553,
    0.014282369054853916,
    0.0016725989989936352,
    0.0763852596282959,
    -0.014261515811085701,
    -0.008488982915878296,
    0.021409496665000916,
    -0.06941330432891846,
    0.049827612936496735,
    -0.02886284328997135,
    -0.014835531823337078,
    0.03734353184700012,
    0.01870594173669815,
    0.04769225791096687,
    0.033371180295944214,
    0.08134359121322632,
    0.02351137064397335,
    0.0015502478927373886,
    0.007388286292552948,
    0.022952178493142128,
    0.009441034868359566,
    0.036650627851486206,
    0.021671656519174576,
    0.04138251021504402,
    0.06565900146961212,
    -0.030488714575767517,
    0.11561091989278793,
    0.02886126935482025,
    0.05781198665499687,
    0.005349340848624706,
    0.026610657572746277,
    0.0064410436898469925,
    0.07558313757181168,
    0.0125289186835289,
    0.03754996135830879,
    -0.0018067659111693501,
    0.03316838666796684,
    0.012392478063702583,
    0.03605356067419052,
    -0.08789071440696716,
    0.000813520688097924,
    -0.03691384568810463,
    -0.06857645511627197,
    -0.004119395278394222,
    -0.06930582225322723,
    0.09574869275093079,
    0.019720256328582764,
    0.010039674118161201,
    -0.020891645923256874,
    0.04364340379834175,
    0.09307880699634552,
    -0.02944866381585598,
    0.015059399418532848,
    -0.027781007811427116,
    -0.00036896378151141107,
    0.027475561946630478,
    0.003991591744124889,
    -0.07420842349529266,
    0.009109806269407272,
    -0.0037008109502494335,
    0.005587792489677668,
    -0.011993193998932838,
    0.023856135085225105,
    -0.04406873509287834,
    0.016312867403030396,
    -0.045990265905857086,
    -0.06441909074783325,
    -0.02552753873169422,
    -4.158534609960498e-33,
    0.05970314145088196,
    0.09275931119918823,
    -0.08195314556360245,
    0.10470637679100037,
    0.059542279690504074,
    -0.056819114834070206,
    0.07826469093561172,
    0.06622293591499329,
    0.036985497921705246,
    -0.03009183332324028,
    -0.02478323131799698,
    -0.04260818287730217,
    0.06872571259737015,
    -0.03245636448264122,
    -0.0428890585899353,
    -0.0039228154346346855,
    -0.04406217113137245,
    0.10126412659883499,
    -0.04649656265974045,
    -0.043241601437330246,
    -0.04005061462521553,
    0.06820400059223175,
    0.05293688550591469,
    0.046337105333805084,
    0.00751369446516037,
    -0.008995200507342815,
    0.0707579031586647,
    -0.016683736816048622,
    -0.013041136786341667,
    -0.006338995881378651,
    0.07093990594148636,
    -0.038121841847896576,
    0.020513486117124557,
    0.018935667350888252,
    -0.069318026304245,
    -0.04725637659430504,
    0.06472745537757874,
    -0.00026850480935536325,
    0.005521831102669239,
    0.02156851813197136,
    -0.005251205526292324,
    -0.04745039343833923,
    -0.03726385906338692,
    -0.015878429636359215,
    -0.04362616315484047,
    -0.017202766612172127,
    0.0636267215013504,
    -0.09128397703170776,
    0.04623488336801529,
    -0.056745633482933044,
    0.03332814946770668,
    0.005194169003516436,
    -0.044794559478759766,
    -0.04482583329081535,
    -0.04131758213043213,
    0.05182987079024315,
    0.01163464691489935,
    0.03768501430749893,
    0.04616839438676834,
    -0.04220353811979294,
    -0.009966904297471046,
    0.03641549125313759,
    0.05742865055799484,
    -0.08300074189901352,
    0.023231379687786102,
    -0.009925995022058487,
    -0.020817942917346954,
    -0.05826529860496521,
    -0.014115024358034134,
    0.06028125062584877,
    0.017440039664506912,
    -0.035187143832445145,
    0.0791899636387825,
    -0.08900413662195206,
    0.05628270283341408,
    -0.04794377461075783,
    0.024595171213150024,
    0.08376151323318481,
    0.12169632315635681,
    -0.030596822500228882,
    -0.06207987666130066,
    0.02483578398823738,
    -0.030065305531024933,
