{
  "id": 791,
  "vector": [
    -0.023034609854221344,
    0.00012554512068163604,
    -0.03705482557415962,
    0.02796100825071335,
    0.009803276509046555,
    -0.015457425266504288,
    0.0632515549659729,
    0.08345576375722885,
    -0.02147402986884117,
    -0.10397326201200485,
    0.0378401055932045,
    -0.06368932873010635,
    -0.0439193956553936,
    0.05397586524486542,
    -0.044621892273426056,
    -0.015974322333931923,
    -0.1152627095580101,
    0.023385079577565193,
    -0.11720898002386093,
    -0.017151465639472008,
    0.04245443269610405,
    -0.049118850380182266,
    -0.019104009494185448,
    0.042793259024620056,
    -0.04443422332406044,
    0.0437011681497097,
    0.0371527373790741,
    0.0046394686214625835,
    0.04682622104883194,
    -0.009964005090296268,
    -0.00257656117901206,
    0.13349758088588715,
    0.031879931688308716,
    -0.06916242837905884,
    0.042841602116823196,
    -0.05891859531402588,
    -0.007802310865372419,
    -0.01210862584412098,
    0.0712038055062294,
    -0.015529158525168896,
    0.06261061131954193,
    0.02807837352156639,
    0.061313629150390625,
    0.05914130434393883,
    -0.013066872954368591,
    -0.048688411712646484,
    -0.05297533795237541,
    0.09084714949131012,
    -0.0028499045874923468,
    -0.00024669087724760175,
    0.024769693613052368,
    0.021844124421477318,
    -0.11217758804559708,
    0.010070371441543102,
    0.022202525287866592,
    -0.05325835570693016,
    -0.044902969151735306,
    -0.001348214573226869,
    0.005506560206413269,
    0.043715037405490875,
    0.010168629698455334,
    0.059543177485466,
    -0.01531093567609787,
    0.025151798501610756,
    -0.029451273381710052,
    0.04207279160618782,
    -0.11181905120611191,
    -0.04820912331342697,
    -0.03978531062602997,
    0.013956268317997456,
    -0.017349911853671074,
    -0.01366190891712904,
    0.07861081510782242,
    -0.05822893604636192,
    -0.08045569062232971,
    -0.05739232897758484,
    0.04323424771428108,
    -0.06314369291067123,
    -0.02937270887196064,
    0.13326740264892578,
    -0.050920721143484116,
    -0.013998626731336117,
    -0.05781121179461479,
    0.039675451815128326,
    0.03019038960337639,
    -0.03895897418260574,
    -0.0014552988577634096,
    -0.07218977808952332,
    0.012937603518366814,
    -0.0797593891620636,
    -0.09228062629699707,
    -0.020126517862081528,
    0.0031699873507022858,
    -0.058195341378450394,
    -0.01556311547756195,
    0.08636274188756943,
    -0.011064675636589527,
    -0.02812773734331131,
    0.022972794249653816,
    0.0071904417127370834,
    0.04246283322572708,
    -0.037617482244968414,
    0.0671105831861496,
    -0.06711743772029877,
    0.016271956264972687,
    0.0253461804240942,
    0.060488421469926834,
    0.0485527478158474,
    0.011347627267241478,
    0.03180060163140297,
    -0.08636841922998428,
    -0.059672653675079346,
    -0.008367207832634449,
    0.015840919688344002,
    0.03980463370680809,
    0.04025167599320412,
    0.029390504583716393,
    0.005942681338638067,
    0.023568352684378624,
    0.058059144765138626,
    0.036055952310562134,
    -0.024465421214699745,
    0.0646323710680008,
    -0.04640473052859306,
    -0.03818817809224129,
    0.011962467804551125,
    0.0477461963891983,
    4.178577155984003e-33,
    -0.035941146314144135,
    -0.058557718992233276,
    0.036432068794965744,
    0.010872513987123966,
    0.02833438850939274,
    -0.02337747998535633,
    0.040895476937294006,
    -0.03062986209988594,
    0.002281361958011985,
    0.00517317745834589,
    -0.025908270850777626,
    0.0594651997089386,
    -0.03739465773105621,
    0.04557717218995094,
    -0.10572652518749237,
    -0.05247799679636955,
    0.05300138145685196,
    0.004297312814742327,
    0.004901858512312174,
    -0.06912853568792343,
    -0.016003260388970375,
    0.009082627482712269,
    0.0032963473349809647,
    -0.0023329260293394327,
    -0.0630507692694664,
    -0.016111884266138077,
    0.008088245056569576,
    0.021287253126502037,
    0.06326834857463837,
    0.03310232236981392,
    0.07942872494459152,
    -0.04839190095663071,
    -0.020510518923401833,
    0.04522478207945824,
    -0.05051528289914131,
    0.020496955141425133,
    -0.029689041897654533,
    0.001743611297570169,
    0.08503185957670212,
    -0.023627135902643204,
    0.019665909931063652,
    0.06321143358945847,
    0.11402910947799683,
    0.003329515689983964,
    -0.03714132308959961,
    0.076151043176651,
    -0.008777494542300701,
    -0.02701534703373909,
    0.08826269209384918,
    -0.015218125656247139,
    -0.04989799112081528,
    0.008900630287826061,
    -0.06008446589112282,
    0.07403469830751419,
    0.09115813672542572,
    -0.06174279376864433,
    -0.04795815423130989,
    0.062469590455293655,
    -0.023407602682709694,
    0.05928319692611694,
    -0.07857881486415863,
    -0.007505900226533413,
    -0.042451951652765274,
    0.019067728891968727,
    0.0635731965303421,
    0.07410730421543121,
    -0.06180621683597565,
    -0.01474710088223219,
    0.03191516920924187,
    -0.06318424642086029,
    -0.06543385982513428,
    0.05914108455181122,
    -0.007612392771989107,
    0.01084958203136921,
    0.06763222813606262,
    -0.024831455200910568,
    0.16354884207248688,
    0.050493691116571426,
    -0.03523331508040428,
    0.13192784786224365,
    -0.07733120769262314,
    0.015640988945961,
    0.061456046998500824,
    0.10348279029130936,
    -0.049416083842515945,
    -0.05071844905614853,
    -0.04952859506011009,
    0.03432513773441315,
    0.0214554276317358,
    -0.0783601850271225,
    0.02559548243880272,
    -0.019671939313411713,
    0.01520175114274025,
    -0.08192899078130722,
    -0.0227976031601429,
    -4.6521030146936835e-33,
    -0.013154778629541397,
    0.050324294716119766,
    -0.009450416080653667,
    0.004324697889387608,
    0.06181386485695839,
    -0.010588285513222218,
    0.04672081768512726,
    0.06706206500530243,
    0.09351600706577301,
    -0.041027847677469254,
    -0.06347492337226868,
    0.021826157346367836,
    0.02312326803803444,
    -0.016386549919843674,
    -0.14593589305877686,
    0.08334954082965851,
    0.14776666462421417,
    0.0005889639724045992,
    0.011986596509814262,
    -0.05307944864034653,
    -0.055026356130838394,
    0.06953813135623932,
    0.025512073189020157,
    -0.01794731803238392,
    -0.009069960564374924,
    -0.01164457481354475,
    0.0379045233130455,
    -0.07334979623556137,
    -0.00570575101301074,
    0.09829405695199966,
    0.07828725874423981,
    -0.049446236342191696,
    0.044140707701444626,
    0.005824343767017126,
    -0.06977773457765579,
    -0.04322531819343567,
    0.010375425219535828,
    -0.04280945658683777,
    -0.054775308817625046,
    0.06376448273658752,
    0.05185459554195404,
    -0.10776489228010178,
    0.06996246427297592,
    -0.08223449438810349,
    0.040163516998291016,
    -0.013139955699443817,
    0.05108066648244858,
    -0.08211694657802582,
    -0.0035732570104300976,
    -0.03774864226579666,
    0.027954811230301857,
    0.010476648807525635,
    -0.09171246737241745,
    0.005467445123940706,
    0.030183635652065277,
    0.007588891312479973,
    0.08429980278015137,
    0.07517417520284653,
    -0.018425947055220604,
    -0.04170067235827446,
    0.05744528770446777,
    -0.03893910348415375,
    -0.05470392107963562,
    -0.03610408678650856,
    -0.0625053271651268,
    -0.019101209938526154,
    -0.04060579091310501,
    -0.019843097776174545,
    -0.016348745673894882,
    -0.03653564304113388,
    0.05285739526152611,
    0.003961625508964062,
    0.017070457339286804,
    0.008971737697720528,
    -0.048478174954652786,
    -0.06475478410720825,
    -0.07045068591833115,
    -0.01880142278969288,
    0.059204623103141785,
    -0.010486611165106297,
    -0.018371006473898888,
    -0.024674449115991592,
    -0.03330548480153084,
