{
  "id": 595,
  "vector": [
    -0.026047881692647934,
    0.008310379460453987,
    0.019821427762508392,
    0.08179478347301483,
    0.0035365899093449116,
    0.02744274027645588,
    0.08277712017297745,
    0.06103501841425896,
    -0.046444591134786606,
    -0.009524781256914139,
    0.12485671043395996,
    -0.10359863191843033,
    -0.00033004427677951753,
    -0.020979568362236023,
    -0.016601042822003365,
    0.016390768811106682,
    0.00011872683535329998,
    0.03520698845386505,
    -0.14796806871891022,
    -0.09581564366817474,
    0.061025358736515045,
    -0.04032248631119728,
    -0.034766536206007004,
    0.02764812298119068,
    -0.005469737108796835,
    0.03790167719125748,
    0.027331827208399773,
    -0.026390552520751953,
    -0.024134032428264618,
    -0.06984774768352509,
    -0.0391043946146965,
    0.07841817289590836,
    0.08642216771841049,
    0.0006610368727706373,
    -0.0028627219144254923,
    0.004392616916447878,
    0.01695653423666954,
    -0.04425131529569626,
    0.07077930867671967,
    -0.0001289161591557786,
    0.01656162180006504,
    -0.06288580596446991,
    0.032685041427612305,
    -0.006608479656279087,
    0.005484152119606733,
    0.0018100511515513062,
    -0.01804211735725403,
    0.009547263383865356,
    0.018228547647595406,
    -0.0051896111108362675,
    0.03836393728852272,
    0.04088800400495529,
    -0.10619433969259262,
    0.044103655964136124,
    0.0309638399630785,
    -0.07810430228710175,
    0.0006412451039068401,
    -0.010705500841140747,
    -0.032986339181661606,
    0.0426480770111084,
    -0.07466103136539459,
    0.011643729172647,
    -0.0744732916355133,
    0.008343079127371311,
    -0.0484139584004879,
    0.061076872050762177,
    -0.06904096901416779,
    -0.03933929279446602,
    0.005677514243870974,
    -0.001615245477296412,
    -0.028811240568757057,
    0.019093258306384087,
    0.02773885987699032,
    0.017928555607795715,
    -0.03160882368683815,
    0.009227486327290535,
    0.08532402664422989,
    -0.060621604323387146,
    -0.0421723797917366,
    -0.018686749041080475,
    -0.097889244556427,
    -0.0033989916555583477,
    -0.028288615867495537,
    -0.024829208850860596,
    -0.019261687994003296,
    0.03326884284615517,
    -0.06746270507574081,
    0.01063413918018341,
    0.01594960317015648,
    -0.09302408993244171,
    0.012284155003726482,
    0.057648565620183945,
    0.023540038615465164,
    0.06929422169923782,
    -0.0672464594244957,
    0.03507787734270096,
    -0.09824036806821823,
    -0.10436621308326721,
    -0.05249631032347679,
    0.021403741091489792,
    0.06363788992166519,
    -0.0025577268097549677,
    0.13162821531295776,
    -0.026632806286215782,
    -0.06222297251224518,
    -0.09190759807825089,
    0.024303071200847626,
    -0.021410269662737846,
    -0.0026987672317773104,
    0.03511037304997444,
    -0.06099901348352432,
    -0.03264954686164856,
    -0.07393591105937958,
    -0.0039092907682061195,
    -0.04030630365014076,
    0.03582681715488434,
    0.045153480023145676,
    -0.007176046259701252,
    -0.01284107193350792,
    -0.012114212848246098,
    0.0443728081882,
    -0.012645574286580086,
    0.0562530979514122,
    -0.02510802261531353,
    -0.15827004611492157,
    4.769171368934622e-7,
    0.010213908739387989,
    7.918726510521971e-33,
    -0.08301593363285065,
    0.007223258260637522,
    0.03600878268480301,
    0.048284146934747696,
    -0.0683869943022728,
    -0.06914160400629044,
    0.03459179773926735,
    -0.10436394810676575,
    0.09849147498607635,
    0.01704278774559498,
    -0.04706449434161186,
    0.01054388377815485,
    -0.031093813478946686,
    0.0467582605779171,
    0.041338492184877396,
    0.003855026327073574,
    -0.07820075005292892,
    0.0002392387978034094,
    0.06523992121219635,
    0.06141864135861397,
    -0.029137765988707542,
    0.0566507950425148,
    0.02175121009349823,
    -0.06572611629962921,
    -0.0070866127498447895,
    0.029546331614255905,
    0.08500746637582779,
    -0.07923430949449539,
    0.00553369615226984,
    0.00262798392213881,
    0.06355010718107224,
    0.015917394310235977,
    0.07599577307701111,
    -0.03608699142932892,
    -0.054421812295913696,
    0.0263323076069355,
    0.004781770519912243,
    -0.0022379173897206783,
    0.02395477518439293,
    0.07456374913454056,
    0.03861435130238533,
    0.022753629833459854,
    0.06774786114692688,
    0.09521055221557617,
    0.009868660010397434,
    0.06572332978248596,
    0.048017002642154694,
    -0.01358240470290184,
    0.04562317952513695,
    0.001842192024923861,
    -0.02104969695210457,
    -0.00683497404679656,
    0.018595915287733078,
    0.07206737250089645,
    0.09264830499887466,
    -0.026386069133877754,
    0.00805734097957611,
    0.02044033445417881,
    0.012020253576338291,
    0.03358175605535507,
    0.0057748910039663315,
    0.0269561018794775,
    -0.011142362840473652,
    0.013371013104915619,
    -0.0037807035259902477,
    0.03139035776257515,
    -0.10291311144828796,
    -0.05612138658761978,
    -0.018814537674188614,
    -0.013092993758618832,
    -0.008803216740489006,
    -0.0553249716758728,
    0.05421341210603714,
    0.026374995708465576,
    -0.009054460562765598,
    -0.06490442901849747,
    0.058520857244729996,
    0.055960386991500854,
    -0.05737210065126419,
    0.06670970469713211,
    -0.01974477805197239,
    0.00247273244895041,
    0.03158817067742348,
    -0.011274768970906734,
    -0.08547193557024002,
    0.11054351925849915,
    -0.022245606407523155,
    -0.010261934250593185,
    0.05049705132842064,
    -0.016107087954878807,
    0.002443111501634121,
    0.047500018030405045,
    0.023035043850541115,
    -0.04412063583731651,
    -0.029265664517879486,
    -6.41258910870039e-33,
    0.020059488713741302,
    0.06978636234998703,
    -0.007046722806990147,
    0.09939460456371307,
    0.07011646777391434,
    -0.012029031291604042,
    0.0016970066353678703,
    0.012185413390398026,
    0.07230180501937866,
    0.022071626037359238,
    -0.09080258011817932,
    0.04063020646572113,
    0.027566734701395035,
    -0.021849261596798897,
    -0.018622688949108124,
    0.08922389894723892,
    0.054761942476034164,
    0.048572368919849396,
    0.0052596586756408215,
    0.021140018478035927,
    -0.07132583111524582,
    0.05531064048409462,
    0.04089860990643501,
    0.02841247245669365,
    0.003407128620892763,
    0.04560095816850662,
    0.03151225671172142,
    -0.016470326110720634,
    0.03546178713440895,
    -0.07284699380397797,
    0.06980524212121964,
    -0.1381841003894806,
    -0.00029536784859374166,
    0.01120777241885662,
    -0.036410149186849594,
    -0.05283219367265701,
    0.05057131499052048,
    0.037807874381542206,
    -0.00555971497669816,
    0.05949432775378227,
    -0.011728744022548199,
    -0.017836641520261765,
    0.041841208934783936,
    -0.016004053875803947,
    -0.09063904732465744,
    -0.07454901933670044,
    0.015064765699207783,
    -0.028256360441446304,
    -0.011620249599218369,
    -0.026281137019395828,
    0.001554096699692309,
    0.004623894114047289,
    -0.12634193897247314,
    -0.0538061298429966,
    -0.040515463799238205,
    0.03537360206246376,
    0.04167448729276657,
    0.09136825799942017,
    0.004999350756406784,
    -0.10033221542835236,
    -0.04697887599468231,
    -0.00852286908775568,
    0.013338490389287472,
    -0.06023886799812317,
    0.01862318255007267,
    0.05490027368068695,
    0.07185731083154678,
    -0.037233877927064896,
    -0.034948427230119705,
    0.04804009944200516,
    -0.05517878383398056,
    -0.021864093840122223,
    0.04129331186413765,
    -0.05225015804171562,
    -0.004829376470297575,
    0.02982182241976261,
    -0.02090795338153839,
    0.0699317455291748,
    0.09549305588006973,
    0.026846030727028847,
    -0.07335610687732697,
    -0.015163978561758995,
    -0.03363056108355522,
