{
  "id": 541,
  "vector": [
    -0.02087327279150486,
    0.07413576543331146,
    -0.015771692618727684,
    -0.05301237851381302,
    0.0328444242477417,
    -0.0145577946677804,
    0.03793220967054367,
    0.11188577115535736,
    0.030868738889694214,
    -0.0203509833663702,
    -0.0014201973099261522,
    -0.07188175618648529,
    0.023355018347501755,
    0.1051873192191124,
    -0.04066286236047745,
    -0.05508185550570488,
    -0.07521999627351761,
    -0.00735248439013958,
    -0.09962165355682373,
    -0.0002567938354332,
    0.002411083783954382,
    0.029888758435845375,
    -0.012483678758144379,
    -0.008899673819541931,
    -0.009749017655849457,
    0.08139373362064362,
    -0.02478165179491043,
    -0.009360807947814465,
    0.11801218241453171,
    -0.0843549594283104,
    0.06153762340545654,
    0.010010330937802792,
    -0.0033834914211183786,
    -0.04665354639291763,
    0.02078136056661606,
    -0.06061248481273651,
    -0.032491281628608704,
    0.021781252697110176,
    0.05982564017176628,
    0.05203232914209366,
    0.06189331039786339,
    0.06541173160076141,
    -0.004008142743259668,
    0.013162018731236458,
    -0.04225826635956764,
    0.009353694505989552,
    -0.05766020342707634,
    0.13301964104175568,
    0.009919521398842335,
    -0.03664274513721466,
    0.045775700360536575,
    -0.020499061793088913,
    -0.1475118100643158,
    0.09499382227659225,
    0.050536755472421646,
    -0.11942754685878754,
    0.008815592154860497,
    0.05239899083971977,
    -0.06517224758863449,
    0.09848925471305847,
    0.041800614446401596,
    0.014059560373425484,
    0.0006722946418449283,
    -0.011828704737126827,
    -0.022784123197197914,
    -0.03617950156331062,
    -0.07304763048887253,
    -0.036121319979429245,
    -0.024666596204042435,
    0.03651351481676102,
    -0.06225995346903801,
    -0.008349346928298473,
    0.06408242136240005,
    -0.01763913594186306,
    0.0047830925323069096,
    -0.04363536089658737,
    0.04240167513489723,
    -0.017818965017795563,
    0.002945852233096957,
    0.12321684509515762,
    0.012472700327634811,
    -0.028519505634903908,
    -0.017940426245331764,
    0.038508009165525436,
    0.07376815378665924,
    -0.019745275378227234,
    0.00488291447982192,
    0.0013085792306810617,
    0.05205434933304787,
    -0.06606908142566681,
    -0.04778686910867691,
    0.0764593705534935,
    0.017889276146888733,
    -0.0785183236002922,
    -0.031399600207805634,
    0.06745216250419617,
    -0.1061282753944397,
    0.01603139005601406,
    0.01723572611808777,
    0.019216427579522133,
    -0.04235364869236946,
    -0.04201130196452141,
    0.04012556001543999,
    -0.03701583668589592,
    -0.0778442770242691,
    0.001376201631501317,
    -0.005558319855481386,
    0.031725961714982986,
    0.01851635053753853,
    -0.03798922151327133,
    -0.024791814386844635,
    0.001000775140710175,
    -0.04127948358654976,
    0.009792916476726532,
    0.0037262006662786007,
    -0.02623370662331581,
    0.08602932095527649,
    -0.025605663657188416,
    -0.018940111622214317,
    0.006187986116856337,
    0.06597578525543213,
    -0.038906946778297424,
    0.01553911529481411,
    -0.014433102682232857,
    -0.12224994599819183,
    -0.003840171732008457,
    0.10428624600172043,
    3.50528044045589e-33,
    -0.09389228373765945,
    0.029194146394729614,
    0.022573817521333694,
    -0.056134819984436035,
    0.035308293998241425,
    -0.004218314308673143,
    0.021418917924165726,
    0.022730110213160515,
    0.0032096304930746555,
    0.028262946754693985,
    0.05282801762223244,
    -0.03976992890238762,
    -0.0870060995221138,
    0.06124591454863548,
    -0.03993931785225868,
    -0.023337824270129204,
    0.07933515310287476,
    0.0614611878991127,
    -0.03377506509423256,
    -0.0786401629447937,
    0.03180145472288132,
    0.0253142137080431,
    -0.03854622319340706,
    0.024812202900648117,
    -0.015651345252990723,
    0.014192097820341587,
    -0.024380754679441452,
    0.004666824359446764,
    0.02619149349629879,
    -0.0054108696058392525,
    0.10015150904655457,
    0.023083502426743507,
    -0.037230234593153,
    0.026279710233211517,
    -0.05845315009355545,
    -0.06511270254850388,
    -0.09391375631093979,
    -0.016217727214097977,
    0.09473493695259094,
    -0.1103004515171051,
    0.006275331135839224,
    0.08815217763185501,
    0.10179126262664795,
    0.014901753515005112,
    -0.022623136639595032,
    0.04603040590882301,
    -0.09045904129743576,
    0.0031659419182687998,
    0.11247038096189499,
    -0.029563724994659424,
    -0.032155271619558334,
    0.05569180101156235,
    -0.01939265988767147,
    0.047292109578847885,
    0.011862590909004211,
    0.034453682601451874,
    -0.013512397184967995,
    0.04570361599326134,
    0.03222712501883507,
    -0.011570658534765244,
    -0.011057508178055286,
    0.06846912205219269,
    -0.05090748891234398,
    0.016691366210579872,
    0.096124067902565,
    -0.029930317774415016,
    -0.01035902090370655,
    0.0028295605443418026,
    0.0665721669793129,
    -0.04655180498957634,
    -0.08568957448005676,
    0.0027274966705590487,
    -0.021394699811935425,
    -0.030123336240649223,
    -0.001246194588020444,
    -0.07977522909641266,
    0.1233350858092308,
    0.02782720886170864,
    -0.01012440212070942,
    0.07666490972042084,
    -0.078886017203331,
    0.0006333818892017007,
    -0.0023492402397096157,
    -0.06488022208213806,
    -0.09860285371541977,
    -0.019964832812547684,
    0.04166431352496147,
    0.05027275159955025,
    -0.026704929769039154,
    -0.054142992943525314,
    0.06240253522992134,
    -0.0284294281154871,
    -0.029575416818261147,
    -0.03388417512178421,
    -0.027278494089841843,
    -4.0000195640940975e-33,
    0.057377349585294724,
    0.011578289791941643,
    0.046924393624067307,
    0.047165293246507645,
    0.08673448115587234,
    -0.004684223793447018,
    0.011654702015221119,
    0.06383559852838516,
    0.0727696418762207,
    0.07712501287460327,
    -0.02535555139183998,
    0.046371255069971085,
    -0.022982148453593254,
    0.08062136173248291,
    -0.02836086042225361,
    0.05883556231856346,
    0.10330486297607422,
    -0.008575205691158772,
    -0.039029575884342194,
    -0.02534644305706024,
    -0.05978529155254364,
    0.019622351974248886,
    0.001952483900822699,
    -0.037844881415367126,
    -0.023014768958091736,
    0.027020413428544998,
    0.04902276396751404,
    -0.10108447819948196,
    0.007319964934140444,
    0.0574689656496048,
    -0.04686740040779114,
    -0.02344595454633236,
    -0.034334391355514526,
    -0.005443663336336613,
    -0.07144533842802048,
    -0.10652641206979752,
    0.05719970911741257,
    -0.044995203614234924,
    -0.007051852531731129,
    -0.005259613040834665,
    0.11143551766872406,
    -0.0301358625292778,
    -0.0013630888424813747,
    0.007622960954904556,
    -0.033247970044612885,
    -0.023134905844926834,
    0.04770669341087341,
    0.014244141057133675,
    -0.013502374291419983,
    -0.01913616806268692,
    0.020750654861330986,
    0.11065348982810974,
    -0.10669773817062378,
    0.01966763846576214,
    0.024202633649110794,
    -0.000015862575310165994,
    0.049872010946273804,
    -0.05072026327252388,
    -0.053708549588918686,
    -0.0014977693790569901,
    0.04060634598135948,
    -0.04280402883887291,
    -0.10751823335886002,
    0.009953401051461697,
    -0.014043563976883888,
    0.010572517290711403,
    0.0131743885576725,
    0.043437276035547256,
    0.035349201411008835,
    -0.05802438035607338,
    0.04547055438160896,
    0.11288952082395554,
    0.09384161978960037,
    -0.12323514372110367,
    -0.09829505532979965,
    -0.035628724843263626,
    -0.032686542719602585,
    -0.03953252732753754,
    0.02095654234290123,
    0.023088112473487854,
    -0.012709434144198895,
    -0.018213922157883644,
    -0.0857720822095871,
