{
  "id": 732,
  "vector": [
    0.00010134141484741122,
    -0.004852307494729757,
    -0.034356966614723206,
    -0.028410794213414192,
    -0.013325008563697338,
    0.007856014184653759,
    0.05995761975646019,
    0.12787699699401855,
    0.013456365093588829,
    -0.03003018908202648,
    0.08145461976528168,
    -0.030840713530778885,
    -0.03026643767952919,
    0.004249499645084143,
    -0.03314465284347534,
    -0.06952200084924698,
    -0.044727906584739685,
    0.045705173164606094,
    -0.10829539597034454,
    -0.0441986583173275,
    0.10239517688751221,
    -0.06664237380027771,
    -0.02673250064253807,
    0.07913658022880554,
    0.006665109656751156,
    0.03162486106157303,
    0.015756996348500252,
    -0.04990231618285179,
    0.011176181957125664,
    -0.03519425541162491,
    0.025636030361056328,
    0.04104744270443916,
    0.0902891606092453,
    -0.04598747938871384,
    0.0032281698659062386,
    0.001234260038472712,
    0.02920834720134735,
    -0.0713416039943695,
    0.05786369740962982,
    -0.02045225352048874,
    0.017799492925405502,
    0.024186531081795692,
    0.02262154221534729,
    -0.007416156120598316,
    0.0008375172619707882,
    -0.06154073402285576,
    -0.09457308053970337,
    0.07837323099374771,
    0.005982228089123964,
    0.07445557415485382,
    0.04026903957128525,
    -0.04327361285686493,
    -0.08584213256835938,
    -0.0025720454286783934,
    0.029637109488248825,
    -0.08248423039913177,
    -0.015574423596262932,
    0.033549193292856216,
    0.01900748908519745,
    0.08782470971345901,
    -0.02151455543935299,
    -0.01673644781112671,
    -0.011154092848300934,
    0.039695627987384796,
    -0.05048539862036705,
    0.058376941829919815,
    -0.0493946336209774,
    -0.04215003177523613,
    -0.07841967791318893,
    0.055537253618240356,
    -0.02078518085181713,
    0.0498947948217392,
    0.09690403938293457,
    -0.015920180827379227,
    -0.01861005835235119,
    -0.003221546532586217,
    0.024566255509853363,
    -0.032932352274656296,
    0.030685387551784515,
    0.051623743027448654,
    -0.09023293852806091,
    -0.014365451410412788,
    -0.0864221528172493,
    -0.04245647415518761,
    -0.0045599197037518024,
    -0.028309861198067665,
    -0.011489623226225376,
    -0.008596101775765419,
    0.029118165373802185,
    -0.08562863618135452,
    -0.04090537130832672,
    -0.006486972793936729,
    0.008751601912081242,
    0.03149738162755966,
    -0.013308643363416195,
    0.024642935022711754,
    -0.026527760550379753,
    -0.03050035797059536,
    0.019606079906225204,
    0.02603256329894066,
    0.032514024525880814,
    0.00223147077485919,
    0.05992192029953003,
    -0.10082440078258514,
    -0.09164946526288986,
    -0.04398968070745468,
    -0.008145314641296864,
    -0.011123651638627052,
    -0.01365770772099495,
    0.02996695041656494,
    -0.08978799730539322,
    -0.021601634100079536,
    0.0008900423999875784,
    0.01118214800953865,
    -0.051952481269836426,
    -0.010828722268342972,
    0.023900320753455162,
    -0.05363771319389343,
    0.040567733347415924,
    0.06372128427028656,
    0.05248735472559929,
    0.008672752417623997,
    0.05995669215917587,
    -0.05530242994427681,
    0.006770794279873371,
    -0.020953580737113953,
    0.1014469712972641,
    6.0052527654916204e-33,
    -0.10184115916490555,
    0.0034782178699970245,
    0.030534055083990097,
    0.0724693238735199,
    0.0841558426618576,
    0.013431328348815441,
    0.010604196228086948,
    -0.03216800093650818,
    0.020785367116332054,
    0.012108110822737217,
    -0.03596854582428932,
    0.012756908312439919,
    -0.007611822336912155,
    0.11992255598306656,
    -0.00825763400644064,
    -0.012808972038328648,
    0.04737259820103645,
    -0.003643699223175645,
    0.04992619529366493,
    -0.06296432763338089,
    -0.057855285704135895,
    0.040861763060092926,
    0.09072189778089523,
    0.020438648760318756,
    -0.03529723361134529,
    0.05865933746099472,
    -0.030289387330412865,
    0.02627456746995449,
    0.018796583637595177,
    0.06348806619644165,
    0.09221307188272476,
    -0.03248283267021179,
    0.019092628732323647,
    -0.0036152154207229614,
    -0.00547062186524272,
    0.06037160009145737,
    0.018215110525488853,
    -0.028747541829943657,
    0.07222839444875717,
    -0.03307391703128815,
    0.05457025393843651,
    0.02205236256122589,
    0.039115019142627716,
    0.0649862214922905,
    -0.09562020003795624,
    0.060372721403837204,
    0.03537813574075699,
    -0.09308133274316788,
    0.061916183680295944,
    -0.06879899650812149,
    -0.06607310473918915,
    -0.03988494351506233,
    -0.043452780693769455,
    -0.007308105938136578,
    0.07650062441825867,
    -0.04103345423936844,
    -0.02814037911593914,
    0.06950674951076508,
    0.01744641549885273,
    0.06569737941026688,
    0.0037323241122066975,
    0.014709138311445713,
    0.0555918887257576,
    0.03861923888325691,
    0.039226170629262924,
    0.011953495442867279,
    -0.05027436465024948,
    -0.09134992212057114,
    0.0062814923003315926,
    -0.034137651324272156,
    0.033261507749557495,
    0.02396193891763687,
    0.033803991973400116,
    -0.0008478668169118464,
    -0.009359676390886307,
    0.042855460196733475,
    0.09497736394405365,
    0.06601924449205399,
    -0.02890286222100258,
    0.07090762257575989,
    -0.10010180622339249,
    -0.03398952633142471,
    -0.037530675530433655,
    0.048610080033540726,
    -0.0032160449773073196,
    0.028307586908340454,
    -0.09065698087215424,
    0.02694271132349968,
    0.023337477818131447,
    0.03745080530643463,
    -0.03202981501817703,
    -0.0005578228156082332,
    -0.009599706158041954,
    -0.10161256045103073,
    -0.020880812779068947,
    -5.7681731873460274e-33,
    0.03072626143693924,
    0.11482834070920944,
    0.031370919197797775,
    0.07042493671178818,
    0.016738787293434143,
    -0.005253562703728676,
    0.03804481402039528,
    0.05625541880726814,
    0.0837947353720665,
    -0.0202906783670187,
    -0.0591016560792923,
    -0.014047030359506607,
    0.022670086473226547,
    0.04458405822515488,
    -0.0804363414645195,
    0.1412341147661209,
    0.09555171430110931,
    0.031028617173433304,
    0.008699329569935799,
    -0.08717861771583557,
    -0.045215506106615067,
    0.03882080689072609,
    0.060857247561216354,
    0.07390139251947403,
    0.050204887986183167,
    0.04542339965701103,
    -0.034249886870384216,
    -0.005900957155972719,
    -0.02301733009517193,
    -0.011315157637000084,
    0.031752828508615494,
    -0.16975049674510956,
    -0.04455024003982544,
    -0.030185876414179802,
    -0.07772548496723175,
    0.0038763571064919233,
    0.07519087195396423,
    0.06491491198539734,
    -0.0008843826362863183,
    0.05089632794260979,
    -0.018056582659482956,
    -0.041072141379117966,
    0.03865949064493179,
    -0.10435143113136292,
    -0.05921762436628342,
    -0.09719478338956833,
    0.06768488138914108,
    -0.05180928111076355,
    0.03556298464536667,
    -0.00742429168894887,
    -0.01576077938079834,
    -0.020930560305714607,
    -0.0544004887342453,
    -0.0040063816122710705,
    0.014310698956251144,
    0.01453466434031725,
    -0.017558628693223,
    -0.004573637619614601,
    -0.04384058713912964,
    -0.06429536640644073,
    -0.02461630292236805,
    0.01859428361058235,
    -0.06994491070508957,
    -0.058002226054668427,
    0.004598407540470362,
    -0.028892479836940765,
    -0.0571148544549942,
    -0.06271688640117645,
    0.010831517167389393,
    0.01698894612491131,
    0.054762303829193115,
    -0.019722113385796547,
    -0.0042124344035983086,
    0.02149996906518936,
    -0.12463279068470001,
    0.0023273841943591833,
    -0.060072802007198334,
    -0.03474222496151924,
    0.07760314643383026,
    -0.05852434039115906,
    -0.06788728386163712,
    -0.06031594052910805,
    -0.03227861225605011,
