{
  "id": 967,
  "vector": [
    -0.024300873279571533,
    0.022583583369851112,
    0.0930863544344902,
    -0.034297727048397064,
    0.08165249228477478,
    -0.03438317030668259,
    0.07930557429790497,
    0.010263347066938877,
    -0.06726619601249695,
    -0.032397422939538956,
    0.0071179564110934734,
    -0.03044924885034561,
    0.018947605043649673,
    0.002663376508280635,
    -0.02903285250067711,
    0.051964737474918365,
    -0.021302856504917145,
    0.04179108142852783,
    -0.09481432288885117,
    0.041622344404459,
    0.09273824095726013,
    -0.030736815184354782,
    0.017368663102388382,
    0.02896234579384327,
    -0.026980120688676834,
    0.09853778779506683,
    0.041967254132032394,
    -0.053550735116004944,
    -0.04082264378666878,
    -0.031259939074516296,
    0.05014069378376007,
    0.04396991804242134,
    -0.059227317571640015,
    -0.048295121639966965,
    0.04110873118042946,
    0.006480289623141289,
    -0.07932779937982559,
    -0.034821294248104095,
    0.07846030592918396,
    -0.022376224398612976,
    -0.01056155189871788,
    0.05372243747115135,
    -0.061914850026369095,
    -0.0013399572344496846,
    -0.04576429724693298,
    -0.03384070470929146,
    -0.01409577950835228,
    0.03475400060415268,
    0.10300121456384659,
    -0.016260778531432152,
    0.05225861072540283,
    0.02045639604330063,
    -0.042320746928453445,
    -0.01748024858534336,
    -0.0004819236637558788,
    -0.033453892916440964,
    0.053690582513809204,
    0.0007502060616388917,
    -0.03992640972137451,
    0.061052318662405014,
    0.0031378723215311766,
    0.006099040620028973,
    -0.020345589146018028,
    0.010925511829555035,
    0.11184567958116531,
    0.03270648419857025,
    0.007578645367175341,
    0.05634976923465729,
    -0.070213183760643,
    0.08704439550638199,
    -0.0365227609872818,
    0.0576266348361969,
    0.04904555901885033,
    0.10215921700000763,
    0.09020115435123444,
    0.023344583809375763,
    0.05020364001393318,
    -0.12124288827180862,
    -0.04774266108870506,
    0.08889928460121155,
    -0.13560503721237183,
    0.0001308715873165056,
    -0.00978497788310051,
    -0.0159083791077137,
    0.028903350234031677,
    0.03381430730223656,
    -0.018639491870999336,
    0.024901125580072403,
    0.004954474978148937,
    -0.05378154665231705,
    -0.03631055727601051,
    0.08671274781227112,
    0.07861198484897614,
    -0.04652366414666176,
    0.04126116260886192,
    0.0490947924554348,
    -0.06591754406690598,
    -0.014384482987225056,
    0.045452628284692764,
    0.015937959775328636,
    -0.03078237548470497,
    0.0158076249063015,
    0.03245440497994423,
    -0.06454259157180786,
    -0.02062409184873104,
    -0.09520365297794342,
    0.014249855652451515,
    0.024594711139798164,
    0.04746510460972786,
    -0.0023300182074308395,
    0.02054888755083084,
    -0.0359843447804451,
    0.03400706872344017,
    0.05967434495687485,
    -0.04478955641388893,
    0.039884068071842194,
    0.031691789627075195,
    0.006224273703992367,
    -0.05366303026676178,
    -0.013236766681075096,
    0.06943393498659134,
    -0.048158034682273865,
    -0.051132746040821075,
    -0.03199101239442825,
    -0.08555549383163452,
    0.03827682137489319,
    0.039354316890239716,
    3.665624849405758e-33,
    -0.030214522033929825,
    0.0006762482225894928,
    0.05774495378136635,
    0.004742678254842758,
    -0.0070676859468221664,
    -0.05175796523690224,
    0.03426012024283409,
    0.07426486909389496,
    0.0472329743206501,
    0.045094944536685944,
    -0.01102414820343256,
    -0.03350253030657768,
    -0.10492636263370514,
    -0.014647226780653,
    -0.05151527374982834,
    -0.10587377101182938,
    0.009841891005635262,
    0.0751541256904602,
    -0.022296706214547157,
    -0.045717913657426834,
    -0.025211438536643982,
    -0.01514848880469799,
    -0.0650787279009819,
    -0.03410473093390465,
    -0.027009140700101852,
    -0.016962269321084023,
    -0.026285475119948387,
    -0.011540457606315613,
    0.09301313757896423,
    0.010770411230623722,
    0.10524734854698181,
    0.04748159274458885,
    -0.055579666048288345,
    0.028821246698498726,
    -0.054230932146310806,
    -0.02883959747850895,
    -0.11167535185813904,
    0.018810272216796875,
    0.024337615817785263,
    -0.029402922838926315,
    0.007611270062625408,
    0.05866309627890587,
    0.05962538719177246,
    0.016063712537288666,
    -0.054375551640987396,
    0.02683546021580696,
    -0.01919279806315899,
    0.028732409700751305,
    0.03093726560473442,
    0.003674999112263322,
    0.044853366911411285,
    0.0203633401542902,
    -0.03125348314642906,
    -0.027489500120282173,
    -0.014992544427514076,
    -0.010375468991696835,
    0.007499785162508488,
    -0.07507806271314621,
    -0.006701129954308271,
    0.05038348585367203,
    0.013318431563675404,
    0.1059420257806778,
    0.00919454824179411,
    0.050583191215991974,
    0.029922356829047203,
    0.007135174702852964,
    -0.023561755195260048,
    0.0668666884303093,
    0.025021059438586235,
    -0.05369023233652115,
    0.004183091688901186,
    0.01675025001168251,
    -0.026034781709313393,
    -0.025538422167301178,
    -0.02938835322856903,
    -0.036294419318437576,
    0.12427263706922531,
    0.0067255557514727116,
    -0.06434651464223862,
    -0.06044181063771248,
    -0.020546715706586838,
    -0.0743509903550148,
    -0.04296557977795601,
    -0.06229056045413017,
    -0.1064796894788742,
    0.06564495712518692,
    0.01984395831823349,
    0.06664906442165375,
    0.05450470745563507,
    -0.024316832423210144,
    0.029765190556645393,
    -0.08845718204975128,
    -0.04018590226769447,
    -0.0759599506855011,
    -0.09719740599393845,
    -2.7971501538930667e-33,
    0.025737181305885315,
    0.02522210031747818,
    0.019710106775164604,
    0.048868026584386826,
    0.03439804166555405,
    0.0019234607461839914,
    0.11611824482679367,
    0.033235788345336914,
    0.02199794352054596,
    0.0624210350215435,
    -0.040183622390031815,
    0.05463691055774689,
    0.045451413840055466,
    0.08014098554849625,
    -0.08363105356693268,
    0.12234967947006226,
    0.0715290978550911,
    0.04458834230899811,
    -0.05299832299351692,
    -0.014801234006881714,
    -0.04663468152284622,
    0.0433669276535511,
    0.0860690101981163,
    0.10423648357391357,
    -0.014511923305690289,
    -0.005827190820127726,
    0.03921990469098091,
    0.015718284994363785,
    0.0232846699655056,
    -0.0676722452044487,
    -0.007086673751473427,
    -0.016793228685855865,
    0.030865471810102463,
    -0.04006441310048103,
    0.04624447226524353,
    -0.04975125566124916,
    0.010742081329226494,
    -0.03628866747021675,
    0.02234341762959957,
    0.06729913502931595,
    -0.06303506344556808,
    -0.05425215885043144,
    -0.050156064331531525,
    0.026113975793123245,
    -0.07175708562135696,
    -0.06813356280326843,
    0.0003676943888422102,
    -0.05487873777747154,
    0.02446099743247032,
    0.023313887417316437,
    -0.03192172944545746,
    0.010407798923552036,
    -0.051519472151994705,
    -0.05586027726531029,
    -0.008491444401443005,
    0.09893085807561874,
    0.05264076963067055,
    -0.057167649269104004,
    -0.041703641414642334,
    -0.02359921671450138,
    0.022350026294589043,
    0.09383594244718552,
    -0.022660674527287483,
    0.026979587972164154,
    -0.008213757537305355,
    -0.03708842396736145,
    0.005386834032833576,
    -0.043501537293195724,
    -0.05380786955356598,
    -0.024282656610012054,
    -0.00955879595130682,
    0.032481417059898376,
    0.09547968208789825,
    -0.09748301655054092,
    -0.07389189302921295,
    -0.09967499226331711,
    -0.021172933280467987,
    -0.05869859829545021,
    0.02444390393793583,
    0.018694613128900528,
    0.0006162525387480855,
    -0.02056547813117504,
    -0.012467305175960064,
