{
  "id": 734,
  "vector": [
    -0.008192958310246468,
    0.027069060131907463,
    -0.003979923669248819,
    -0.017285022884607315,
    -0.02772032469511032,
    0.016100121662020683,
    0.13216464221477509,
    0.04678387567400932,
    -0.031890250742435455,
    -0.016917137429118156,
    0.089711032807827,
    -0.05506018176674843,
    -0.014694655314087868,
    -0.012829599902033806,
    -0.05007815733551979,
    0.046145204454660416,
    -0.04048517346382141,
    0.013719645328819752,
    -0.0869218111038208,
    -0.018200770020484924,
    0.05458974838256836,
    -0.049202583730220795,
    0.03444454446434975,
    0.02241167239844799,
    -0.027698159217834473,
    0.02758857049047947,
    0.05357605591416359,
    -0.029625969007611275,
    -0.04066118597984314,
    -0.04656950756907463,
    -0.00019664833962451667,
    0.0504145585000515,
    0.07943535596132278,
    -0.07623632252216339,
    -0.0021273379679769278,
    -0.030629420652985573,
    0.02015385404229164,
    -0.025478443130850792,
    0.07104264199733734,
    0.015110026113688946,
    -0.012561232782900333,
    0.0006043758476153016,
    -0.0477413684129715,
    -0.024683533236384392,
    -0.04604581743478775,
    -0.06037023663520813,
    0.009696767665445805,
    0.07561183720827103,
    -0.009169632568955421,
    0.008741416037082672,
    0.0948215201497078,
    -0.004143464844673872,
    -0.057968687266111374,
    0.051957085728645325,
    0.03568750619888306,
    -0.06325975060462952,
    -0.09025315195322037,
    0.019745448604226112,
    -0.005695618689060211,
    0.013606468215584755,
    0.008367049507796764,
    -0.020378952845931053,
    -0.062453579157590866,
    0.031127260997891426,
    -0.00590541074052453,
    0.033719778060913086,
    0.009861391969025135,
    0.040647003799676895,
    -0.04972739890217781,
    0.06649564951658249,
    -0.0476299487054348,
    0.0348537340760231,
    0.05681411176919937,
    0.017903560772538185,
    0.04250822961330414,
    0.03402628377079964,
    0.1016099601984024,
    -0.1251244693994522,
    -0.02190609835088253,
    0.0006606451352126896,
    -0.14779645204544067,
    -0.05220212787389755,
    -0.05175381526350975,
    0.08496751636266708,
    0.02372759021818638,
    0.007635861169546843,
    -0.005800571758300066,
    0.04752392694354057,
    0.013935942202806473,
    -0.08832818269729614,
    -0.02807580679655075,
    0.012088988907635212,
    0.01585029810667038,
    -0.0587482750415802,
    -0.02642783150076866,
    0.0257718525826931,
    -0.0017678751610219479,
    -0.03092028945684433,
    0.03887130692601204,
    0.035559896379709244,
    0.03917602449655533,
    0.02911492995917797,
    0.06524723023176193,
    -0.09595149755477905,
    -0.014724805019795895,
    -0.044827017933130264,
    -0.0000018331247702008113,
    0.017480148002505302,
    0.023108631372451782,
    0.01793350838124752,
    0.02398163639008999,
    -0.010947244241833687,
    0.03530863672494888,
    0.006176423281431198,
    -0.056065745651721954,
    0.08449866622686386,
    -0.03444550931453705,
    0.012310019694268703,
    0.000010624152309901547,
    0.03573586791753769,
    0.06293333321809769,
    0.006303301081061363,
    -0.03529534116387367,
    -0.021233422681689262,
    -0.09305275976657867,
    -0.005010589491575956,
    0.03444049134850502,
    4.391085963461533e-33,
    -0.010961221531033516,
    -0.00191271654330194,
    0.015233579091727734,
    0.01110593881458044,
    0.04108886048197746,
    -0.05910274386405945,
    0.05241207033395767,
    -0.019129829481244087,
    0.0031336264219135046,
    0.04354702681303024,
    -0.028491757810115814,
    0.006176249124109745,
    -0.04410867020487785,
    0.06719543784856796,
    -0.03525668382644653,
    -0.06364370137453079,
    0.006123966071754694,
    0.006021750625222921,
    0.059435050934553146,
    -0.06514202058315277,
    -0.05286940932273865,
    0.023508694022893906,
    0.007172371260821819,
    -0.07457661628723145,
    -0.058060575276613235,
    0.00323527492582798,
    -0.028688328340649605,
    0.08237628638744354,
    0.038301631808280945,
    0.01066919881850481,
    0.10797751694917679,
    0.03072938695549965,
    -0.013602721504867077,
    0.02229149080812931,
    -0.05321865901350975,
    -0.004535576328635216,
    -0.04330248013138771,
    -0.0006619238411076367,
    0.05056559666991234,
    -0.04243065416812897,
    0.02763044647872448,
    0.07070115208625793,
    -0.007324208505451679,
    0.022184137254953384,
    -0.059135373681783676,
    0.011680074036121368,
    0.05468543618917465,
    -0.0029540304094552994,
    0.12496618181467056,
    0.03678051754832268,
    -0.01988513022661209,
    -0.010308980010449886,
    -0.01435210183262825,
    -0.02818373590707779,
    0.04637982323765755,
    0.0049436055123806,
    0.033705826848745346,
    0.04961409047245979,
    0.026570456102490425,
    0.10156814008951187,
    0.04514539986848831,
    0.027553686872124672,
    -0.0016180304810404778,
    0.04540885239839554,
    0.004798296373337507,
    0.023808270692825317,
    -0.07814981788396835,
    -0.01983666606247425,
    -0.012856111861765385,
    -0.05307849869132042,
    -0.012929526157677174,
    0.09935059398412704,
    0.002562575042247772,
    -0.033426400274038315,
    0.04876448214054108,
    0.0045667728409171104,
    0.09023699909448624,
    0.05848415940999985,
    -0.04952550679445267,
    0.018443629145622253,
    -0.02389281801879406,
    -0.08012863248586655,
    -0.08182984590530396,
    -0.020802468061447144,
    -0.1271628588438034,
    0.10482249408960342,
    -0.03881014510989189,
    0.02408827841281891,
    -0.03125453740358353,
    -0.04082496464252472,
    -0.03157787770032883,
    0.0029534297063946724,
    -0.017556317150592804,
    -0.12323113530874252,
    -0.07207433134317398,
    -4.707300555988452e-33,
    0.017850449308753014,
    0.07449780404567719,
    0.01984906569123268,
    0.055837664753198624,
    0.08162972331047058,
    0.05787798762321472,
    0.1330312341451645,
    0.023946689441800117,
    0.01722940243780613,
    0.01722894236445427,
    -0.07416968047618866,
    0.08366437256336212,
    0.004631524905562401,
    0.03784222528338432,
    -0.04246557503938675,
    0.12979310750961304,
    0.05889002978801727,
    0.06389491260051727,
    -0.03303973004221916,
    -0.09831638634204865,
    -0.06625976413488388,
    0.11570100486278534,
    0.05644126236438751,
    0.06933147460222244,
    -0.049170173704624176,
    0.010039414279162884,
    0.03915417194366455,
    0.03448254615068436,
    0.02924681082367897,
    0.015794314444065094,
    0.08967345952987671,
    -0.08006664365530014,
    0.022498296573758125,
    0.017309339717030525,
    -0.032002586871385574,
    -0.03725318983197212,
    0.07806168496608734,
    0.008110501803457737,
    0.003762781387194991,
    0.08723419159650803,
    -0.039088159799575806,
    -0.06145782396197319,
    -0.012598532252013683,
    0.027545088902115822,
    -0.042373932898044586,
    -0.10395889729261398,
    -0.024903787299990654,
    -0.04799512401223183,
    0.019352564588189125,
    -0.008637136779725552,
    -0.016199983656406403,
    0.037923384457826614,
    -0.08978740125894547,
    -0.037163786590099335,
    0.04469871520996094,
    0.09087137132883072,
    -0.043618910014629364,
    -0.011982332915067673,
    0.008130492642521858,
    -0.0639500841498375,
    -0.0680227056145668,
    0.05266319215297699,
    -0.0005952389910817146,
    -0.01918020099401474,
    0.028023207560181618,
    -0.023588065057992935,
    -0.0729302316904068,
    -0.1184888407588005,
    -0.03240213543176651,
    0.015386980958282948,
    -0.02277638390660286,
    0.0049584247171878815,
    -0.009587823413312435,
    -0.17475482821464539,
    -0.09896328300237656,
    -0.06326045840978622,
    -0.030408017337322235,
    -0.048919301480054855,
    0.029311371967196465,
    0.005254094954580069,
    -0.05691806972026825,
    -0.05679585412144661,
    0.021937357261776924,
