{
  "id": 994,
  "vector": [
    -0.022381991147994995,
    0.01297445222735405,
    0.09148919582366943,
    -0.04782823100686073,
    0.08248384296894073,
    -0.07607977837324142,
    0.028512483462691307,
    0.022864215075969696,
    -0.03436318784952164,
    -0.013289867900311947,
    -0.02933070808649063,
    -0.07718320190906525,
    0.006924455054104328,
    0.018121816217899323,
    -0.016702361404895782,
    -0.003982520196586847,
    -0.025056881830096245,
    0.05974942818284035,
    -0.10258149355649948,
    0.05540400370955467,
    0.10651222616434097,
    -0.02808815985918045,
    0.04070476070046425,
    0.0001601191470399499,
    -0.014840004034340382,
    0.09859830886125565,
    0.10252974182367325,
    -0.03697682172060013,
    -0.05975077301263809,
    -0.04064305126667023,
    0.05570239946246147,
    0.009564759209752083,
    -0.022756271064281464,
    -0.0840039998292923,
    0.04744861274957657,
    0.028110357001423836,
    -0.03966870903968811,
    -0.054290998727083206,
    0.04876290261745453,
    0.006197123788297176,
    0.03413248062133789,
    0.010984128341078758,
    -0.009269587695598602,
    -0.04711539298295975,
    -0.04924942925572395,
    -0.013087980449199677,
    0.002543129725381732,
    0.02345164120197296,
    0.09282924234867096,
    -0.03629469498991966,
    0.038599371910095215,
    -0.027233270928263664,
    -0.04228145629167557,
    -0.021863780915737152,
    -0.03571873530745506,
    -0.062191110104322433,
    0.026328137144446373,
    0.036216672509908676,
    -0.03293337672948837,
    0.045874256640672684,
    -0.023126348853111267,
    0.0013895394513383508,
    -0.00752179604023695,
    0.004354354925453663,
    0.09046952426433563,
    0.04487815126776695,
    -0.007001911755651236,
    0.018884483724832535,
    -0.02135293558239937,
    0.08382467925548553,
    -0.04515555128455162,
    0.026582401245832443,
    -0.000411565531976521,
    0.03328188881278038,
    0.009967459365725517,
    -0.00534699996933341,
    0.06974365562200546,
    -0.09222404658794403,
    0.002509831450879574,
    0.055024199187755585,
    -0.10912557691335678,
    -0.01955900900065899,
    -0.0272042416036129,
    0.02796989679336548,
    0.03697580471634865,
    0.0342380553483963,
    -0.027647854760289192,
    -0.031016632914543152,
    0.018662281334400177,
    -0.07516728341579437,
    -0.055267274379730225,
    0.043242137879133224,
    0.06415769457817078,
    -0.013421851210296154,
    0.026531018316745758,
    0.07870684564113617,
    -0.046279408037662506,
    -0.016188742592930794,
    0.0056487200781702995,
    0.04859527200460434,
    -0.015855977311730385,
    0.0633692815899849,
    0.0006420041900128126,
    -0.011546788737177849,
    0.03604273125529289,
    -0.037371035665273666,
    0.016816986724734306,
    0.045872580260038376,
    -0.014026623219251633,
    0.05189193785190582,
    0.044297002255916595,
    -0.010116218589246273,
    0.02930152416229248,
    0.08288691937923431,
    -0.05273159220814705,
    0.017527172341942787,
    0.053384434431791306,
    -0.024220488965511322,
    -0.07400984317064285,
    -0.01305585727095604,
    0.07010453194379807,
    -0.03953586146235466,
    -0.06682293862104416,
    -0.06012608855962753,
    -0.06005622446537018,
    0.012308730743825436,
    0.06625996530056,
    2.108077936834934e-33,
    -0.0745316743850708,
    -0.0008176543051376939,
    0.09139072149991989,
    -0.05280514806509018,
    -0.008068383671343327,
    -0.030841978266835213,
    0.0014456254430115223,
    0.06431522965431213,
    0.06847836822271347,
    0.05743152275681496,
    0.0009390342165715992,
    -0.015065851621329784,
    -0.11086804419755936,
    -0.03030124306678772,
    -0.041733089834451675,
    -0.06291889399290085,
    0.01590605266392231,
    0.05206522345542908,
    0.02760763093829155,
    -0.02795526199042797,
    0.031893711537122726,
    -0.054150115698575974,
    -0.04591084271669388,
    0.023503674194216728,
    -0.06040279194712639,
    -0.03496966138482094,
    -0.033593419939279556,
    -0.049737583845853806,
    0.12303409725427628,
    -0.0025278334505856037,
    0.11801263689994812,
    0.003063992829993367,
    -0.032171159982681274,
    -0.0033037285320460796,
    -0.11334732919931412,
    -0.009263833053410053,
    -0.1572294682264328,
    -0.006312552373856306,
    0.0179013479501009,
    -0.011880716308951378,
    -0.008219840936362743,
    0.01336400955915451,
    0.07808199524879456,
    0.019299080595374107,
    -0.05614481121301651,
    0.03156092017889023,
    0.0092919385060668,
    0.004653889685869217,
    0.02771424502134323,
    0.018916312605142593,
    0.08338098973035812,
    -0.00411771098151803,
    -0.02906845510005951,
    -0.0011214024852961302,
    0.010380364023149014,
    -0.03200947120785713,
    0.06398876756429672,
    -0.06887147575616837,
    -0.008042228408157825,
    0.04285860061645508,
    -0.009638589806854725,
    0.13366210460662842,
    0.006356328260153532,
    0.0995333343744278,
    0.007571084424853325,
    -0.032688044011592865,
    -0.029734903946518898,
    0.11361370980739594,
    0.04532739520072937,
    -0.025436731055378914,
    0.008734628558158875,
    0.04221463203430176,
    -0.009972733445465565,
    0.048425182700157166,
    -0.03160366788506508,
    -0.028119396418333054,
    0.06123046204447746,
    -0.02964964509010315,
    -0.011153869330883026,
    -0.047038305550813675,
    0.03927627205848694,
    -0.08098655939102173,
    -0.07045135647058487,
    -0.04141131415963173,
    -0.12792977690696716,
    0.036819081753492355,
    -0.008368918672204018,
    0.05222907289862633,
    0.027902932837605476,
    -0.03184206411242485,
    -0.008167088963091373,
    -0.04334620013833046,
    -0.044499073177576065,
    -0.0517214871942997,
    -0.09326118230819702,
    -2.668296320246766e-33,
    0.08674867451190948,
    0.03091328777372837,
    0.024884646758437157,
    0.07062510401010513,
    0.028363384306430817,
    0.04198704659938812,
    0.11987770348787308,
    0.0540190227329731,
    0.001673031016252935,
    0.0409199558198452,
    -0.06068690866231918,
    0.025455903261899948,
    0.0392620675265789,
    0.042441822588443756,
    0.028228046372532845,
    0.08923821896314621,
    0.030682507902383804,
    0.050954464823007584,
    -0.0545373298227787,
    -0.020735951140522957,
    -0.018389631062746048,
    0.05197175219655037,
    0.047832660377025604,
    0.1515340358018875,
    -0.04088589549064636,
    -0.04338141903281212,
    0.03129984065890312,
    0.036551348865032196,
    -0.042831726372241974,
    -0.03806452080607414,
    -0.02549547329545021,
    -0.011563007719814777,
    0.0710412859916687,
    -0.08137109875679016,
    0.05414623022079468,
    -0.10424289852380753,
    0.07507675141096115,
    -0.057864125818014145,
    -0.015536676160991192,
    0.006155731156468391,
    -0.03826609253883362,
    -0.05056412145495415,
    -0.0062966905534267426,
    0.039916180074214935,
    -0.05083116143941879,
    -0.006031203083693981,
    -0.03279560059309006,
    -0.06002645194530487,
    0.039006996899843216,
    0.033184461295604706,
    0.006414797157049179,
    -0.018877645954489708,
    -0.04953181743621826,
    -0.02546081691980362,
    -0.0062711769714951515,
    0.09351195394992828,
    0.030758118256926537,
    -0.046924035996198654,
    -0.03561907261610031,
    -0.03568626195192337,
    -0.006596934981644154,
    0.04284847155213356,
    -0.0058276597410440445,
    0.031025942414999008,
    -0.04079558700323105,
    -0.04495440796017647,
    -0.015892017632722855,
    0.008758937940001488,
    -0.03125587850809097,
    0.015944497659802437,
    -0.0414729043841362,
    0.020906297490000725,
    0.11564327031373978,
    -0.14709532260894775,
    -0.053866345435380936,
    -0.09915013611316681,
    -0.03278760612010956,
    -0.004137245938181877,
    0.04835323616862297,
    -0.02453332580626011,
    0.01441962830722332,
    0.010033514350652695,
    0.027161795645952225,
