{
  "id": 168,
  "vector": [
    0.014907938428223133,
    -0.05990627035498619,
    -0.017067257314920425,
    0.02058183215558529,
    -0.04788787662982941,
    0.01516797300428152,
    0.05305271968245506,
    0.025539498776197433,
    -0.00010522449883865193,
    -0.1000133827328682,
    0.04202670603990555,
    -0.052062809467315674,
    -0.00969987828284502,
    -0.014439370483160019,
    0.07302501797676086,
    -0.005208258517086506,
    0.016408493742346764,
    0.037598997354507446,
    -0.09364055842161179,
    0.010735475458204746,
    0.042092595249414444,
    -0.056553538888692856,
    -0.01439051516354084,
    0.08026755601167679,
    0.03756048157811165,
    -0.04268850013613701,
    0.06442619115114212,
    -0.0011674503330141306,
    -0.032762207090854645,
    -0.08375769853591919,
    0.047399621456861496,
    0.027181550860404968,
    0.04834168404340744,
    0.01097916066646576,
    -0.0016556908376514912,
    -0.042896196246147156,
    0.0011693511623889208,
    -0.059000637382268906,
    0.08220906555652618,
    -0.02314794808626175,
    0.05330288037657738,
    0.08605500310659409,
    0.054581716656684875,
    0.08470360189676285,
    -0.04740464687347412,
    -0.012031291611492634,
    -0.04326349496841431,
    0.058571022003889084,
    0.03073837421834469,
    -0.027926256880164146,
    -0.052462685853242874,
    -0.01526061911135912,
    -0.11996953934431076,
    0.002918086014688015,
    0.07170481234788895,
    -0.0707305520772934,
    0.02492845058441162,
    -0.04113484546542168,
    -0.03196152299642563,
    0.03835111856460571,
    0.01157389022409916,
    -0.017937714233994484,
    0.03077072463929653,
    -0.006256244145333767,
    0.0036989732179790735,
    -0.04338642582297325,
    -0.07591227442026138,
    0.0702369436621666,
    -0.05531943216919899,
    -0.003076788503676653,
    -0.06497704237699509,
    0.03745388984680176,
    0.0028074870351701975,
    -0.06254146248102188,
    -0.12439008057117462,
    -0.03400515392422676,
    0.023219723254442215,
    -0.012019620276987553,
    -0.0781107023358345,
    0.1202271357178688,
    -0.05560364946722984,
    0.028057528659701347,
    -0.07208900153636932,
    0.04393205791711807,
    0.009799407795071602,
    0.0010772658279165626,
    -0.032232653349637985,
    0.00888554472476244,
    -0.057688452303409576,
    0.015342950820922852,
    -0.06070922687649727,
    0.046815332025289536,
    0.014924436807632446,
    -0.06534325331449509,
    -0.009410384111106396,
    -0.004059117753058672,
    -0.033390387892723083,
    -0.0413731224834919,
    0.06948476284742355,
    0.01381599809974432,
    -0.004407672677189112,
    0.059469737112522125,
    0.1296418309211731,
    -0.08991599828004837,
    -0.04274974763393402,
    0.04261808097362518,
    -0.020366843789815903,
    0.03404361754655838,
    0.11297878623008728,
    0.0872037261724472,
    -0.00022475475270766765,
    -0.03261752799153328,
    -0.02413073740899563,
    0.07030688971281052,
    -0.006642856635153294,
    0.023435039445757866,
    0.09278609603643417,
    -0.016719577834010124,
    0.07870391756296158,
    0.031092537567019463,
    0.03651225566864014,
    -0.02209402620792389,
    0.048787105828523636,
    -0.035531964153051376,
    -0.11796408891677856,
    0.006504907738417387,
    0.0856126993894577,
    4.0231937005365896e-33,
    -0.0648251622915268,
    -0.037453919649124146,
    -0.013491027057170868,
    0.10373681038618088,
    0.1000266969203949,
    0.016258051618933678,
    -0.0054757921025156975,
    -0.012127310037612915,
    0.02815825119614601,
    0.049472104758024216,
    -0.07661361992359161,
    -0.0279788039624691,
    -0.016524754464626312,
    0.06823881715536118,
    -0.0721386969089508,
    -0.11185642331838608,
    0.011237230151891708,
    0.03246296942234039,
    -0.01476226281374693,
    -0.11430080235004425,
    -0.08353085070848465,
    0.005435384344309568,
    -0.0477251298725605,
    -0.009572086855769157,
    -0.10809685289859772,
    0.02365022897720337,
    0.006413694936782122,
    0.0022829852532595396,
    0.0809323638677597,
    0.00020984576258342713,
    0.06080161780118942,
    0.046503566205501556,
    -0.035856492817401886,
    0.051021259278059006,
    0.031222647055983543,
    -0.031109783798456192,
    -0.05090085417032242,
    0.00158201705198735,
    0.09872490912675858,
    -0.02777709998190403,
    0.03853088617324829,
    0.003042476484552026,
    0.07646861672401428,
    0.014113682322204113,
    -0.08593031764030457,
    -0.008474327623844147,
    0.037343259900808334,
    0.015364176593720913,
    0.057752735912799835,
    0.018583841621875763,
    -0.0641847476363182,
    0.04077191650867462,
    -0.01133039128035307,
    -0.014758513309061527,
    0.04800660163164139,
    -0.0643652006983757,
    -0.029426658526062965,
    0.04875125735998154,
    0.03125442937016487,
    0.039039965718984604,
    -0.048574067652225494,
    0.08189749717712402,
    -0.043997637927532196,
    0.014683444984257221,
    -0.036295630037784576,
    0.07058441638946533,
    -0.11341928690671921,
    -0.021946845576167107,
    0.026925837621092796,
    -0.032195694744586945,
    0.0030855233781039715,
    0.00879684742540121,
    -0.019343551248311996,
    -0.02240581251680851,
    0.005725362338125706,
    0.009792675264179707,
    0.08373027294874191,
    0.03392229974269867,
    -0.002225365024060011,
    0.01754254847764969,
    -0.06719547510147095,
    0.006226341240108013,
    -0.001243996899574995,
    0.009681960567831993,
    -0.025785885751247406,
    0.024205759167671204,
    -0.039600782096385956,
    0.044283777475357056,
    0.047550350427627563,
    -0.02017371356487274,
    -0.01473130565136671,
    -0.02940843626856804,
    0.003445808310061693,
    -0.028869565576314926,
    -0.008073681965470314,
    -5.095256303430024e-33,
    0.003219167934730649,
    -0.04204956814646721,
    0.05604724958539009,
    -0.0035550128668546677,
    0.06804823875427246,
    -0.04210833087563515,
    -0.019261332228779793,
    0.05979781970381737,
    0.03272749111056328,
    -0.046556226909160614,
    -0.0773063600063324,
    0.02420525625348091,
    0.03926381468772888,
    -0.012226481921970844,
    -0.02927566133439541,
    0.10649707168340683,
    0.08009984344244003,
    0.012184309773147106,
    -0.028999662026762962,
    -0.06775715202093124,
    -0.0005949595361016691,
    0.029580669477581978,
    -0.02269251085817814,
    0.04158158600330353,
    -0.030383529141545296,
    0.02890429086983204,
    0.04491941258311272,
    -0.057862788438797,
    0.056386079639196396,
    0.10494734346866608,
    0.08100880682468414,
    -0.16516250371932983,
    0.02483285404741764,
    0.029652796685695648,
    -0.10757435113191605,
    -0.026323817670345306,
    0.012558010406792164,
    -0.00929228961467743,
    0.02551494911313057,
    0.018386591225862503,
    0.021743614226579666,
    -0.03994141146540642,
    -0.015981459990143776,
    0.04682173207402229,
    0.008013254962861538,
    -0.017477242276072502,
    -0.004864418413490057,
    -0.09862524271011353,
    0.011635880917310715,
    0.06900561600923538,
    0.03308728337287903,
    0.02857060916721821,
    -0.08470224589109421,
    -0.006564816925674677,
    -0.002749913139268756,
    0.006582542788237333,
    0.05787622928619385,
    -0.022107545286417007,
    -0.021422460675239563,
    -0.10849542170763016,
    -0.051344603300094604,
    0.005269898567348719,
    -0.051847193390131,
    -0.040869034826755524,
    -0.014173132367432117,
    -0.04876801371574402,
    -0.013416958041489124,
    0.004819366615265608,
    -0.026970546692609787,
    -0.0063078878447413445,
    0.060635991394519806,
    0.09473171830177307,
    0.0014570264611393213,
    -0.05186406150460243,
    -0.038080375641584396,
    -0.007546572480350733,
    -0.03984838351607323,
    -0.05895283445715904,
    0.004865938797593117,
    0.046231042593717575,
    -0.021469855681061745,
    0.013128643855452538,
