{
  "id": 569,
  "vector": [
    -0.037215009331703186,
    0.025707826018333435,
    -0.04129229113459587,
    0.07652637362480164,
    -0.0843566283583641,
    -0.06496170908212662,
    0.00474533112719655,
    0.09646087884902954,
    -0.004285829141736031,
    -0.03009100630879402,
    0.014179672114551067,
    -0.054240524768829346,
    -0.08620348572731018,
    0.03178035840392113,
    -0.04379761591553688,
    -0.10532703995704651,
    0.031239353120326996,
    -0.01582580804824829,
    -0.0310750063508749,
    -0.05641041696071625,
    0.08158321678638458,
    -0.009611614048480988,
    -0.012067241594195366,
    0.05512876808643341,
    0.008335139602422714,
    -0.046772487461566925,
    -0.027954643592238426,
    0.052879463881254196,
    -0.030791815370321274,
    -0.02965611033141613,
    -0.03806254640221596,
    0.06641078740358353,
    0.06310385465621948,
    -0.028652116656303406,
    -0.027498679235577583,
    -0.06087365746498108,
    0.003629034850746393,
    -0.023043490946292877,
    0.03928826004266739,
    0.03786085546016693,
    0.09318915754556656,
    -0.018557187169790268,
    0.03534727543592453,
    -0.011543397791683674,
    0.0014067408628761768,
    -0.01809043623507023,
    -0.07475818693637848,
    0.05327818915247917,
    -0.020006811246275902,
    0.030573079362511635,
    0.03800679370760918,
    0.009732854552567005,
    -0.059219762682914734,
    0.024062175303697586,
    0.04694065824151039,
    -0.09952741116285324,
    -0.047506436705589294,
    -0.01096224132925272,
    0.028789378702640533,
    0.03849730268120766,
    -0.004005495924502611,
    -0.0007238748366944492,
    -0.07958545535802841,
    0.02068452723324299,
    -0.08749661594629288,
    -0.04961331561207771,
    -0.03578775003552437,
    -0.05019171163439751,
    -0.0685344710946083,
    0.03710350766777992,
    0.023311259225010872,
    0.04558992385864258,
    0.054389506578445435,
    -0.007085098419338465,
    -0.07173319905996323,
    -0.009291271679103374,
    0.11532676964998245,
    -0.06030414626002312,
    0.0321437232196331,
    -0.05757677182555199,
    -0.020376453176140785,
    -0.05117552727460861,
    0.007295249495655298,
    -0.010169878602027893,
    -0.037876520305871964,
    -0.009499824605882168,
    -0.0020348194520920515,
    0.025261802598834038,
    0.05561301112174988,
    -0.05553414300084114,
    0.05620025470852852,
    0.07939963042736053,
    -0.04266166314482689,
    0.008403823710978031,
    -0.08715416491031647,
    0.07164838165044785,
    -0.02538306452333927,
    -0.06108890101313591,
    -0.0012682861415669322,
    0.005271687638014555,
    0.03397132828831673,
    -0.03618577495217323,
    0.060588035732507706,
    -0.026432082056999207,
    -0.05238322913646698,
    0.05364924296736717,
    -0.06727602332830429,
    0.07030418515205383,
    -0.0004544172843452543,
    0.03336551412940025,
    -0.009220841340720654,
    0.06808320432901382,
    -0.009721023961901665,
    -0.00134967768099159,
    -0.010991227813065052,
    0.07887831330299377,
    -0.05316396430134773,
    -0.05053936317563057,
    0.027989022433757782,
    0.020967645570635796,
    0.02022073045372963,
    0.019351843744516373,
    0.0430091992020607,
    0.029322803020477295,
    -0.015992315486073494,
    0.04138322174549103,
    0.04202272370457649,
    5.3482972581498606e-33,
    -0.0449749231338501,
    -0.09417089074850082,
    0.0001392867707181722,
    -0.07401694357395172,
    -0.02269652858376503,
    0.05455715209245682,
    0.016941193491220474,
    -0.027808262035250664,
    0.051767006516456604,
    0.016873283311724663,
    -0.03957238793373108,
    -0.013478368520736694,
    -0.00920740608125925,
    0.0037753358483314514,
    0.06255032867193222,
    -0.0782688558101654,
    0.06985777616500854,
    -0.0005259814206510782,
    -0.006121273618191481,
    -0.020213909447193146,
    -0.028944488614797592,
    0.02913002297282219,
    0.07529667019844055,
    0.02404637821018696,
    -0.011094758287072182,
    -0.0018578240415081382,
    0.04267444089055061,
    -0.05315418168902397,
    -0.09761258959770203,
    -0.011696831323206425,
    0.15561531484127045,
    -0.023216471076011658,
    0.08431573212146759,
    0.005036335438489914,
    -0.026992127299308777,
    0.0038634096272289753,
    0.026496946811676025,
    0.012514748610556126,
    0.0076742880046367645,
    0.03946230188012123,
    0.03164997324347496,
    0.07627031952142715,
    0.10411742329597473,
    -0.027983643114566803,
    -0.09332030266523361,
    0.0916159600019455,
    0.04257744550704956,
    -0.010005968622863293,
    0.09109993278980255,
    0.027075979858636856,
    0.045159243047237396,
    0.04666633531451225,
    0.01733601652085781,
    -0.002367454580962658,
    0.07612741738557816,
    0.056095268577337265,
    -0.008834279142320156,
    0.03395073860883713,
    0.06452439725399017,
    -0.008345243521034718,
    -0.015813730657100677,
    -0.037452541291713715,
    -0.013102084398269653,
    0.005712512414902449,
    -0.0333101861178875,
    -0.009872369468212128,
    -0.08366990089416504,
    -0.029324490576982498,
    -0.0735149160027504,
    0.030945362523198128,
    -0.042713917791843414,
    -0.029229413717985153,
    0.07746673375368118,
    -0.06879030168056488,
    0.0067568207159638405,
    0.02205127850174904,
    0.020231081172823906,
    0.0517292283475399,
    -0.04138336703181267,
    0.0699402466416359,
    -0.07618831843137741,
    0.015446011908352375,
    -0.020222559571266174,
    -0.00025950465351343155,
    -0.062130700796842575,
    -0.011164878495037556,
    -0.07773905992507935,
    0.03651311248540878,
    0.0122957369312644,
    -0.008738546632230282,
    0.03326520323753357,
    0.04121574014425278,
    -0.024929672479629517,
    -0.11543326824903488,
    0.03249657526612282,
    -5.2855508390709054e-33,
    -0.01785307191312313,
    0.09366068989038467,
    -0.020522287115454674,
    0.1090795248746872,
    -0.0040506175719201565,
    -0.013744059950113297,
    0.05348353460431099,
    0.11606761068105698,
    -0.029267476871609688,
    -0.04992341622710228,
    -0.014193554408848286,
    0.06023375317454338,
    -0.035705339163541794,
    -0.07965235412120819,
    -0.04070085659623146,
    0.1196499913930893,
    0.0019013549899682403,
    0.10918547213077545,
    -0.017285430803894997,
    -0.09241937845945358,
    -0.03681192547082901,
    0.08053144812583923,
    -0.0016274614026769996,
    0.09103579074144363,
    0.008201263844966888,
    -0.00574890011921525,
    0.00726485438644886,
    -0.03692932426929474,
    -0.0003437564882915467,
    -0.03223567083477974,
    0.05424918606877327,
    -0.13543415069580078,
    0.0036073103547096252,
    0.04613166302442551,
    -0.08021755516529083,
    -0.040823690593242645,
    0.12312012165784836,
    0.07156238704919815,
    -0.011713051237165928,
    0.09986180067062378,
    0.04014604166150093,
    -0.007028713822364807,
    -0.00047890105633996427,
    0.030320022255182266,
    -0.008972272276878357,
    -0.044751204550266266,
    0.02370629832148552,
    -0.04094840586185455,
    0.009126839227974415,
    -0.0417204312980175,
    -0.003897410351783037,
    -0.0319666713476181,
    -0.059174977242946625,
    -0.07692638039588928,
    0.011236529797315598,
    -0.02088034898042679,
    0.06766907125711441,
    0.03218963369727135,
    -0.06457377225160599,
    -0.03977479040622711,
    0.05441425368189812,
    0.0008988842600956559,
    0.0057235159911215305,
    -0.02893707901239395,
    0.005917752161622047,
    0.04464774951338768,
    -0.01797688752412796,
    -0.13082429766654968,
    0.048666439950466156,
    0.009638385847210884,
    -0.03705625608563423,
    -0.014336606487631798,
    -0.060873378068208694,
    -0.0513346791267395,
    -0.07593091577291489,
    -0.06783714145421982,
    0.007751647382974625,
    -0.040935859084129333,
    0.03609997034072876,
    0.026022834703326225,
    -0.055440738797187805,
    -0.08434998244047165,
