{
  "id": 733,
  "vector": [
    0.002289661206305027,
    0.03137205168604851,
    0.012582207098603249,
    -0.018326083198189735,
    -0.024436194449663162,
    0.01794065721333027,
    0.14997945725917816,
    0.03238547965884209,
    -0.019501736387610435,
    -0.029090164229273796,
    0.06039569899439812,
    -0.06988362967967987,
    0.023701606318354607,
    -0.020013464614748955,
    -0.05264653265476227,
    0.05421273410320282,
    -0.05107584595680237,
    0.008420650847256184,
    -0.08512947708368301,
    -0.00709456205368042,
    0.05574294552206993,
    -0.04905375838279724,
    0.030416708439588547,
    0.01734466478228569,
    -0.01608702912926674,
    0.05572039261460304,
    0.04148964211344719,
    -0.018073558807373047,
    -0.021681945770978928,
    -0.053307898342609406,
    0.014422999694943428,
    0.04104508459568024,
    0.05905666574835777,
    -0.06289789825677872,
    0.004091422539204359,
    -0.025746779516339302,
    -0.023381037637591362,
    -0.005582481622695923,
    0.05323660001158714,
    0.029239503666758537,
    -0.007848605513572693,
    0.0004226153832860291,
    -0.04283614829182625,
    -0.0396156907081604,
    -0.0553668774664402,
    -0.037947315722703934,
    0.006278350483626127,
    0.07413553446531296,
    -0.0016376827843487263,
    -0.017913658171892166,
    0.09392669051885605,
    -0.02039227820932865,
    -0.07805135101079941,
    0.07657355815172195,
    0.05115123093128204,
    -0.053790219128131866,
    -0.06740884482860565,
    0.02175849676132202,
    -0.021861720830202103,
    0.015206403099000454,
    0.0023155324161052704,
    -0.011002142913639545,
    -0.07683519273996353,
    0.017320314422249794,
    0.018487295135855675,
    0.01098694745451212,
    0.014454105868935585,
    0.031627167016267776,
    -0.05877821147441864,
    0.0680883377790451,
    -0.06283772736787796,
    0.045503512024879456,
    0.07112804055213928,
    0.04760070890188217,
    0.045061010867357254,
    0.009885207749903202,
    0.10095147043466568,
    -0.1146344467997551,
    -0.0361054353415966,
    0.007978485897183418,
    -0.16805703938007355,
    -0.025499748066067696,
    -0.03496271371841431,
    0.07570629566907883,
    0.044941700994968414,
    0.016749653965234756,
    -0.010507132858037949,
    0.073674775660038,
    0.021366605535149574,
    -0.08712723106145859,
    -0.02296760305762291,
    0.039975449442863464,
    0.022283075377345085,
    -0.06275387853384018,
    0.011453820392489433,
    0.04731443524360657,
    -0.02932950109243393,
    -0.00864607933908701,
    0.046174876391887665,
    0.031883157789707184,
    0.033751342445611954,
    0.034627243876457214,
    0.0797465518116951,
    -0.07003651559352875,
    -0.02978431060910225,
    -0.05975770577788353,
    -0.014401801861822605,
    0.0456651896238327,
    0.03639381751418114,
    0.01664893887937069,
    0.03828512877225876,
    -0.028788454830646515,
    0.020457666367292404,
    0.012705654837191105,
    -0.04165925085544586,
    0.06058419868350029,
    -0.028420444577932358,
    -0.002180264098569751,
    0.0010836116271093488,
    -0.013034411706030369,
    0.058297354727983475,
    -0.012781728059053421,
    -0.04805615171790123,
    -0.019705433398485184,
    -0.10216350853443146,
    0.013930132612586021,
    0.03253452479839325,
    3.502097422159054e-33,
    -0.01280639786273241,
    0.014370187185704708,
    0.018138699233531952,
    -0.0008608387433923781,
    0.019430797547101974,
    -0.06365951150655746,
    0.04726770147681236,
    -0.003713937010616064,
    0.011785535141825676,
    0.06331289559602737,
    -0.029193207621574402,
    0.004564935807138681,
    -0.06402789056301117,
    0.06484021246433258,
    -0.017070166766643524,
    -0.08442201465368271,
    0.024129096418619156,
    0.018187526613473892,
    0.04343634098768234,
    -0.0598849356174469,
    -0.05679786950349808,
    0.02868645451962948,
    -0.003291696310043335,
    -0.05807187780737877,
    -0.0666138306260109,
    -0.013531021773815155,
    -0.03952506184577942,
    0.05079418420791626,
    0.04141048341989517,
    -0.00023598504776600748,
    0.09022437036037445,
    0.02791636623442173,
    -0.036312807351350784,
    0.02137976512312889,
    -0.05621740221977234,
    -0.019702628254890442,
    -0.06610781699419022,
    -0.0009165848605334759,
    0.042138081043958664,
    -0.04244816675782204,
    0.041197534650564194,
    0.08183491975069046,
    0.01445307768881321,
    0.034244682639837265,
    -0.048267725855112076,
    0.03010701946914196,
    0.024839872494339943,
    0.030377501621842384,
    0.1276380717754364,
    0.01791388913989067,
    0.017725344747304916,
    -0.009666292928159237,
    -0.010948503389954567,
    -0.04696193337440491,
    0.015783680602908134,
    0.035957787185907364,
    0.03633495792746544,
    0.03154377639293671,
    0.02467205934226513,
    0.0988362580537796,
    0.03394292667508125,
    0.03498801961541176,
    0.00106504512950778,
    0.05608677491545677,
    0.0029132047202438116,
    0.028200365602970123,
    -0.04735177010297775,
    -0.015425297431647778,
    0.005266858264803886,
    -0.08289770781993866,
    -0.03763860836625099,
    0.07992414385080338,
    0.025260603055357933,
    -0.028852924704551697,
    0.036104556173086166,
    -0.019001973792910576,
    0.09571972489356995,
    0.020860010758042336,
    -0.04053948074579239,
    0.019918978214263916,
    -0.014712178148329258,
    -0.08510827273130417,
    -0.06455378234386444,
    -0.06169343367218971,
    -0.12539906799793243,
    0.10224461555480957,
    0.0003479164151940495,
    0.01042110100388527,
    -0.025139667093753815,
    -0.0575702041387558,
    -0.033373527228832245,
    -0.012039733119308949,
    -0.00562138669192791,
    -0.12505877017974854,
    -0.09215781837701797,
    -3.74482378129241e-33,
    0.012644981034100056,
    0.054782941937446594,
    0.02386322245001793,
    0.06988158077001572,
    0.101186104118824,
    0.07053589075803757,
    0.11714069545269012,
    0.027153071016073227,
    0.005618037190288305,
    0.04139755293726921,
    -0.049085505306720734,
    0.07944486290216446,
    0.0005434479098767042,
    0.03193851560354233,
    -0.053365517407655716,
    0.12685248255729675,
    0.05320662260055542,
    0.08074377477169037,
    -0.026612870395183563,
    -0.07592165470123291,
    -0.05447157844901085,
    0.09173596650362015,
    0.07601626962423325,
    0.05411199480295181,
    -0.06820493191480637,
    0.0124930739402771,
    0.0698232352733612,
    0.03077019937336445,
    0.02464522235095501,
    0.015318719670176506,
    0.06219477578997612,
    -0.06966473162174225,
    0.01304327417165041,
    0.010939035564661026,
    -0.0338485948741436,
    -0.05615207925438881,
    0.07026292383670807,
    -0.015116045251488686,
    0.014125928282737732,
    0.09181663393974304,
    -0.04663192480802536,
    -0.058142274618148804,
    -0.005397228058427572,
    0.05952223017811775,
    -0.07403505593538284,
    -0.10586350411176682,
    -0.017400749027729034,
    -0.01900610700249672,
    0.015849776566028595,
    -0.020398318767547607,
    -0.016053732484579086,
    0.04205719754099846,
    -0.08971542865037918,
    -0.036577049642801285,
    0.01689789816737175,
    0.08321670442819595,
    -0.05144386366009712,
    -0.013055962510406971,
    0.008728747256100178,
    -0.02762570232152939,
    -0.05671003833413124,
    0.0689990296959877,
    0.002482038689777255,
    -0.0034775054082274437,
    0.04602149873971939,
    -0.0026728666853159666,
    -0.06171244755387306,
    -0.12562990188598633,
    -0.06259211897850037,
    0.03992929309606552,
    -0.038139425218105316,
    -0.013861584477126598,
    0.01946752518415451,
    -0.18098929524421692,
    -0.07741128653287888,
    -0.07862163335084915,
    -0.033691439777612686,
    -0.04682273790240288,
    0.015126490965485573,
    0.02696959488093853,
    -0.02948298677802086,
    -0.04435006529092789,
    0.009706569835543633,
