{
  "id": 451,
  "vector": [
    -0.02535269781947136,
    -0.00005600597069133073,
    0.04923509806394577,
    0.003321800846606493,
    -0.09855792671442032,
    0.04829642176628113,
    0.12090009450912476,
    -0.039533525705337524,
    -0.024963490664958954,
    -0.005471125710755587,
    0.004900774452835321,
    -0.1185506284236908,
    0.0715324729681015,
    -0.008935793302953243,
    -0.019013889133930206,
    0.014631380327045918,
    -0.012859205715358257,
    0.07040144503116608,
    -0.08988236635923386,
    -0.0031654967460781336,
    -0.07305020838975906,
    -0.032029006630182266,
    0.004181800875812769,
    0.03721623867750168,
    0.041680146008729935,
    0.00628328463062644,
    -0.06135186180472374,
    -0.09016016870737076,
    -0.010795383714139462,
    -0.07751437276601791,
    -0.08998715877532959,
    -0.04370759427547455,
    0.019228952005505562,
    0.10696126520633698,
    0.03251141682267189,
    -0.01565578393638134,
    -0.011136290617287159,
    0.11250177025794983,
    0.04224635288119316,
    0.04405943676829338,
    -0.00945451483130455,
    -0.07090931385755539,
    -0.09959834814071655,
    -0.0036846387665718794,
    0.008998425677418709,
    0.005508945323526859,
    -0.030411258339881897,
    -0.0005958713009022176,
    0.030480392277240753,
    0.028773698955774307,
    -0.04393412172794342,
    -0.048418544232845306,
    -0.0711086317896843,
    0.06850338727235794,
    0.016297487542033195,
    -0.054875053465366364,
    -0.026001358404755592,
    -0.0023103621788322926,
    -0.0501578114926815,
    0.0025150026194751263,
    -0.05173699930310249,
    -0.044939301908016205,
    0.004913622047752142,
    0.04855223372578621,
    0.019649455323815346,
    -0.0009194551385007799,
    -0.05386975780129433,
    -0.006320759188383818,
    -0.03102712333202362,
    0.015921737998723984,
    -0.08079341799020767,
    0.05219711735844612,
    0.090480737388134,
    0.05083051323890686,
    0.03948347270488739,
    -0.02285967394709587,
    0.09273035079240799,
    -0.09368531405925751,
    0.04495979845523834,
    0.047317441552877426,
    -0.053071338683366776,
    -0.008938978426158428,
    -0.04441209137439728,
    0.030739720910787582,
    -0.07728908956050873,
    -0.02506638690829277,
    0.00008932942000683397,
    -0.02847202494740486,
    -0.04469451308250427,
    -0.0544702522456646,
    -0.054171573370695114,
    -0.026282843202352524,
    0.1329072266817093,
    -0.049127496778964996,
    -0.01306823454797268,
    -0.0024258478078991175,
    -0.061910711228847504,
    0.02477823756635189,
    0.0332266204059124,
    0.0628868117928505,
    -0.04072292521595955,
    0.049861591309309006,
    0.0845274031162262,
    -0.03591252490878105,
    0.0215834341943264,
    -0.10975100100040436,
    -0.032853130251169205,
    -0.07826855778694153,
    -0.008017035201191902,
    0.00830592680722475,
    0.027115533128380775,
    -0.05540556088089943,
    -0.06113606318831444,
    -0.001112308818846941,
    0.028373543173074722,
    -0.05191389098763466,
    0.02192126028239727,
    -0.0031574193853884935,
    0.04286601394414902,
    0.03471234440803528,
    0.06345251202583313,
    -0.007956331595778465,
    0.014299468137323856,
    0.04423500597476959,
    -0.06284650415182114,
    0.012408723123371601,
    0.11279769241809845,
    1.4211187627079009e-33,
    -0.062396176159381866,
    0.025119323283433914,
    0.12222951650619507,
    0.08056381344795227,
    0.06227090582251549,
    -0.06461571156978607,
    0.006384565029293299,
    0.044008512049913406,
    0.00405412120744586,
    -0.007725166156888008,
    0.0172115471214056,
    -0.01652793399989605,
    -0.04117638245224953,
    0.06732402741909027,
    0.05652240663766861,
    0.051345035433769226,
    -0.09203561395406723,
    0.02282419428229332,
    0.00798762682825327,
    0.027141040191054344,
    0.004443022422492504,
    0.07181784510612488,
    0.01625799387693405,
    0.03646712750196457,
    -0.0937609001994133,
    -0.049555886536836624,
    0.006630539428442717,
    -0.03154506906867027,
    -0.024681691080331802,
    0.021980270743370056,
    0.022484969347715378,
    0.06570890545845032,
    0.06275033950805664,
    0.050953831523656845,
    -0.05483436957001686,
    -0.004344949033111334,
    -0.05168481916189194,
    -0.044610437005758286,
    0.05981237813830376,
    -0.00654572295024991,
    0.004674832336604595,
    0.02195996418595314,
    0.06663846224546432,
    -0.012869155034422874,
    -0.004307762254029512,
    0.013571671210229397,
    -0.011956477537751198,
    0.02037312649190426,
    0.017591403797268867,
    0.027068791911005974,
    0.06654591113328934,
    0.012613124214112759,
    -0.03753422573208809,
    0.03288355469703674,
    0.01453470904380083,
    0.00925788190215826,
    0.05594295635819435,
    -0.028925821185112,
    0.00990901980549097,
    0.11978946626186371,
    -0.001611343352124095,
    0.0693012923002243,
    0.08747692406177521,
    0.008239656686782837,
    0.04875177517533302,
    -0.05870632454752922,
    0.014655359089374542,
    0.01731450855731964,
    0.010649229399859905,
    -0.016236072406172752,
    -0.028031736612319946,
    -0.00910081248730421,
    -0.015968482941389084,
    -0.01853032410144806,
    -0.08361663669347763,
    -0.0288791935890913,
    0.09557989984750748,
    -0.028535982593894005,
    -0.06307262182235718,
    -0.024467620998620987,
    -0.008662816137075424,
    0.015121486969292164,
    -0.01951061189174652,
    -0.0598205029964447,
    -0.040924932807683945,
    0.02888437546789646,
    -0.03826870024204254,
    -0.04659303277730942,
    -0.015868263319134712,
    -0.022506659850478172,
    -0.05020121857523918,
    0.01293992344290018,
    -0.03682131692767143,
    -0.03028952330350876,
    -0.06934290379285812,
    -2.9448613046494568e-33,
    0.06730380654335022,
    -0.0220890324562788,
    0.044812604784965515,
    0.05840855836868286,
    0.09717995673418045,
    0.017199795693159103,
    0.06288671493530273,
    0.032900821417570114,
    0.06300432980060577,
    0.16301347315311432,
    -0.027092980220913887,
    -0.01799612119793892,
    0.08246137946844101,
    0.006529479753226042,
    0.007135472726076841,
    0.09703114628791809,
    0.04872534051537514,
    0.015150503255426884,
    0.05802450329065323,
    -0.0016289129853248596,
    -0.07017826288938522,
    -0.02026457153260708,
    -0.053515855222940445,
    0.11012677103281021,
    0.011204762384295464,
    0.032762251794338226,
    0.03745533898472786,
    0.018436206504702568,
    0.032771624624729156,
    -0.04067140817642212,
    -0.00682669784873724,
    -0.08571264892816544,
    -0.026907166466116905,
    -0.05679773539304733,
    -0.034556735306978226,
    -0.06037420034408569,
    -0.06786860525608063,
    0.05440777912735939,
    0.07761112600564957,
    -0.02452743984758854,
    0.03349016234278679,
    -0.07630053162574768,
    0.03163845092058182,
    0.0416402630507946,
    -0.016747217625379562,
    -0.10954117774963379,
    0.016406655311584473,
    0.029412515461444855,
    -0.04353955015540123,
    0.0033074961975216866,
    0.00743109080940485,
    -0.06509590148925781,
    -0.08712660521268845,
    -0.008151362650096416,
    -0.07243099063634872,
    0.0851680338382721,
    -0.03275950998067856,
    -0.02595103532075882,
    0.04469030350446701,
    0.003478255122900009,
    -0.02046569064259529,
    0.022912776097655296,
    -0.02636643312871456,
    0.02423381246626377,
    -0.007440563291311264,
    -0.07527428865432739,
    0.04273653402924538,
    -0.041358303278684616,
    -0.15666761994361877,
    -0.03745044767856598,
    0.03420143201947212,
    0.041827138513326645,
    0.023190099745988846,
    -0.0912589505314827,
    -0.030589841306209564,
    -0.0037032715044915676,
    -0.05876532569527626,
    0.03631080314517021,
    0.041776493191719055,
    0.04607769101858139,
    -0.08506476879119873,
    -0.04776211455464363,
    -0.05014236643910408,
