{
  "id": 750,
  "vector": [
    -0.030877234414219856,
    -0.09220975637435913,
    -0.003647284582257271,
    0.039841338992118835,
    -0.004560905508697033,
    0.04698671028017998,
    0.03683048114180565,
    -0.0006121252663433552,
    0.04326235130429268,
    -0.044804897159338,
    -0.027198411524295807,
    -0.031555671244859695,
    -0.12253432720899582,
    -0.016921572387218475,
    -0.007962971925735474,
    -0.025415604934096336,
    0.006958203390240669,
    0.03459061309695244,
    -0.067564956843853,
    -0.02386605180799961,
    0.017144106328487396,
    0.023458492010831833,
    0.048663172870874405,
    0.10386946052312851,
    -0.019490212202072144,
    -0.013082758523523808,
    -0.022686589509248734,
    -0.004017549101263285,
    0.05791100859642029,
    -0.03181462362408638,
    0.0828046128153801,
    0.03210559859871864,
    0.02761336788535118,
    -0.014471455477178097,
    -0.005117515102028847,
    -0.07588218152523041,
    -0.04899099841713905,
    -0.07710205763578415,
    0.0588715635240078,
    0.09498568624258041,
    0.0743972659111023,
    -0.015270667150616646,
    -0.017739586532115936,
    0.01389753632247448,
    -0.041060592979192734,
    0.007396271452307701,
    -0.02078489027917385,
    0.04693107306957245,
    0.0722079798579216,
    -0.07231861352920532,
    -0.0026819054037332535,
    -0.04356493428349495,
    -0.21127021312713623,
    -0.07892519235610962,
    0.02320677787065506,
    -0.10918925702571869,
    -0.035634297877550125,
    -0.023441916331648827,
    0.008024384267628193,
    0.05996785685420036,
    0.02580172009766102,
    0.06449970602989197,
    -0.031962618231773376,
    0.04176471009850502,
    -0.003999049309641123,
    0.0595564991235733,
    -0.0911332443356514,
    0.02429286576807499,
    -0.02196132391691208,
    -0.00672097597271204,
    -0.04448125883936882,
    0.02685580588877201,
    -0.05314952880144119,
    -0.0057225278578698635,
    -0.08946006000041962,
    -0.012554540298879147,
    0.09133312106132507,
    -0.11936464160680771,
    -0.021097829565405846,
    -0.020713914185762405,
    -0.08412036299705505,
    -0.0028709322214126587,
    -0.0726756677031517,
    0.07994335889816284,
    -0.014705195091664791,
    -0.04338742420077324,
    -0.06571032851934433,
    0.042666662484407425,
    0.059956032782793045,
    0.001694705686531961,
    -0.013337165117263794,
    0.0025955711025744677,
    -0.058214329183101654,
    -0.03243260085582733,
    -0.02694918029010296,
    0.0823521614074707,
    0.03237364441156387,
    -0.05463414266705513,
    0.015462571755051613,
    0.02930253930389881,
    0.00046510755782946944,
    0.006078486330807209,
    0.06971032917499542,
    -0.1340169459581375,
    -0.07064081728458405,
    0.062338393181562424,
    -0.001130961929447949,
    0.04904639348387718,
    0.01331800501793623,
    0.07711855322122574,
    -0.10397657752037048,
    0.001622009091079235,
    -0.0729907974600792,
    -0.0030862765852361917,
    -0.010794656351208687,
    -0.05316295847296715,
    0.09009592980146408,
    -0.09665565192699432,
    0.06558243185281754,
    0.008907667361199856,
    0.024799510836601257,
    -0.01585686393082142,
    0.11680695414543152,
    -0.017221253365278244,
    -0.08561643213033676,
    -0.007669301703572273,
    0.05572943016886711,
    2.7702967201325008e-33,
    -0.08595214784145355,
    0.012292289175093174,
    -0.008322183974087238,
    0.099799245595932,
    -0.000004596768576448085,
    0.09453804045915604,
    -0.039688125252723694,
    -0.10345042496919632,
    -0.01464718859642744,
    0.08631008863449097,
    -0.05194089934229851,
    0.030368661507964134,
    -0.025801604613661766,
    0.07113070785999298,
    -0.006943991407752037,
    -0.009245658293366432,
    0.05589603632688522,
    0.01860518753528595,
    0.04953179880976677,
    -0.07399259507656097,
    -0.05707988888025284,
    0.0538349449634552,
    -0.0395490825176239,
    0.004302815068513155,
    -0.0627044141292572,
    -0.04793562740087509,
    -0.004743445198982954,
    0.016647793352603912,
    -0.01900942251086235,
    0.0017358387121930718,
    0.1092270091176033,
    -0.008754702284932137,
    0.011035609059035778,
    0.008341480977833271,
    -0.008471047505736351,
    -0.005352913402020931,
    -0.03356502577662468,
    -0.06267551332712173,
    0.054573189467191696,
    -0.027123676612973213,
    0.039520613849163055,
    0.04623265564441681,
    0.062133681029081345,
    0.11182806640863419,
    -0.0578579306602478,
    0.10590824484825134,
    0.009572627954185009,
    0.008979412727057934,
    0.08860532194375992,
    -0.07375943660736084,
    -0.004156035371124744,
    0.06014955788850784,
    -0.03043592907488346,
    0.027935916557908058,
    0.0376712903380394,
    -0.04534604027867317,
    -0.026374274864792824,
    0.09445256739854813,
    0.06680912524461746,
    0.030843323096632957,
    -0.015082052908837795,
    0.06371412426233292,
    -0.02013062685728073,
    -0.06273332238197327,
    0.010393848642706871,
    -0.01314057968556881,
    -0.08676915615797043,
    0.052382346242666245,
    0.012041205540299416,
    -0.03022601455450058,
    0.003920940216630697,
    0.011754884384572506,
    0.08833068609237671,
    -0.02226055972278118,
    0.03972287476062775,
    0.047743890434503555,
    0.082603819668293,
    0.015373778529465199,
    -0.010465272702276707,
    0.06892765313386917,
    -0.08124218136072159,
    -0.017921635881066322,
    0.06747817248106003,
    0.08611523360013962,
    -0.024553915485739708,
    -0.041070375591516495,
    -0.01929687336087227,
    0.0239486675709486,
    0.025251738727092743,
    -0.05091823264956474,
    0.013197489082813263,
    -0.018709419295191765,
    0.014155608601868153,
    -0.041602060198783875,
    -0.03348030149936676,
    -3.831354491850331e-33,
    -0.05353478342294693,
    0.030871566385030746,
    0.002267042640596628,
    0.03434295579791069,
    0.10524189472198486,
    0.00541410269215703,
    0.0326574482023716,
    -0.020875031128525734,
    0.06490431725978851,
    -0.06753508001565933,
    -0.02087557129561901,
    -0.05741745978593826,
    0.017122803255915642,
    -0.049757134169340134,
    -0.0320623442530632,
    0.014702768065035343,
    0.04283329099416733,
    0.002564623486250639,
    0.008749465458095074,
    -0.05238073691725731,
    -0.053896985948085785,
    0.04985883831977844,
    -0.05480131879448891,
    0.09174910187721252,
    0.001531749265268445,
    0.03352249786257744,
    0.015188748948276043,
    -0.02674221433699131,
    -0.020274315029382706,
    0.05473042279481888,
    0.09262377768754959,
    -0.08166567236185074,
    0.04582824930548668,
    -0.0002697753952816129,
    -0.10250197350978851,
    -0.04415269196033478,
    0.09644369781017303,
    -0.020597854629158974,
    -0.05370507761836052,
    0.018736574798822403,
    0.08821158111095428,
    -0.0553668849170208,
    0.03457840159535408,
    0.003405878087505698,
    0.014715666882693768,
    0.009509834460914135,
    0.05279286578297615,
    -0.07901248335838318,
    0.05257289111614227,
    0.029897138476371765,
    0.06234119459986687,
    0.0021845244336873293,
    -0.07401379197835922,
    0.044233936816453934,
    0.04675455763936043,
    -0.008620001375675201,
    0.049474626779556274,
    0.012123823165893555,
    0.10173473507165909,
    -0.05264981463551521,
    0.018223999068140984,
    0.004252339713275433,
    -0.008117790333926678,
    -0.050507668405771255,
    0.0012744194827973843,
    -0.044606585055589676,
    -0.007131144404411316,
    -0.015202747657895088,
    0.02783927321434021,
    0.009547104127705097,
    -0.006385200656950474,
    0.08832401037216187,
    0.011129437945783138,
    -0.04303492605686188,
    -0.023103686049580574,
    0.02141357958316803,
    0.026676442474126816,
    -0.07402350008487701,
    0.02964354120194912,
    -0.0007153669139370322,
    -0.006209936924278736,
    0.006893834564834833,
    -0.04709108918905258,
