{
  "id": 945,
  "vector": [
    -0.01321444008499384,
    0.009508407674729824,
    0.0368599034845829,
    0.008505398407578468,
    0.06638216972351074,
    0.04497980698943138,
    0.034122876822948456,
    0.08104920387268066,
    -0.010215227492153645,
    -0.053153276443481445,
    -0.005324846599251032,
    -0.09091693162918091,
    0.0076078674755990505,
    -0.011753704398870468,
    -0.05608905851840973,
    0.06885543465614319,
    -0.0640362873673439,
    0.09867478162050247,
    -0.11764004081487656,
    -0.07628383487462997,
    0.04498838260769844,
    -0.006135411560535431,
    0.06711249053478241,
    0.014638547785580158,
    -0.09380929172039032,
    0.040294989943504333,
    -0.05058298259973526,
    -0.08089262247085571,
    0.004016713704913855,
    -0.0702546015381813,
    0.1299707442522049,
    0.04668828099966049,
    0.07510571926832199,
    -0.03419105336070061,
    0.02429753728210926,
    -0.09658148139715195,
    -0.034266840666532516,
    -0.029776854440569878,
    0.10117453336715698,
    0.0038366145454347134,
    0.08088105916976929,
    0.06904228031635284,
    -0.064577117562294,
    0.05664810538291931,
    -0.010270863771438599,
    -0.0320507250726223,
    0.02579844556748867,
    0.06494206935167313,
    -0.0313919335603714,
    -0.016871042549610138,
    0.11025049537420273,
    -0.020489513874053955,
    -0.09841013699769974,
    -0.020151732489466667,
    0.017507195472717285,
    -0.10070458054542542,
    0.025491416454315186,
    -0.014427436515688896,
    0.040682099759578705,
    0.07637041807174683,
    0.06431423872709274,
    -0.028029590845108032,
    -0.009230011142790318,
    0.027986586093902588,
    0.015565082430839539,
    0.07740305364131927,
    -0.03125902637839317,
    0.0034829454962164164,
    -0.0178863275796175,
    0.015958573669195175,
    -0.057015277445316315,
    0.01796751096844673,
    -0.028837842866778374,
    0.03422024846076965,
    -0.04005682095885277,
    0.018235361203551292,
    0.06593497842550278,
    -0.1031092181801796,
    -0.05467257276177406,
    0.02265779674053192,
    -0.06726948171854019,
    -0.007640424184501171,
    -0.050669681280851364,
    0.04338255897164345,
    0.04412688687443733,
    -0.013904196210205555,
    -0.009808690287172794,
    -0.03544480726122856,
    -0.042092930525541306,
    0.005223083309829235,
    -0.00693889195099473,
    -0.039075817912817,
    -0.05185685679316521,
    -0.10523736476898193,
    0.0006192849250510335,
    0.034347858279943466,
    -0.05526668578386307,
    -0.018576398491859436,
    0.05683489143848419,
    0.002773960819467902,
    -0.022954130545258522,
    -0.02007227949798107,
    0.03486793860793114,
    -0.07683709263801575,
    -0.06959906220436096,
    -0.01316283643245697,
    0.013265627436339855,
    0.005901880096644163,
    0.07014206051826477,
    0.04189714789390564,
    -0.025492843240499496,
    -0.09094735234975815,
    0.01717846840620041,
    -0.025059890002012253,
    0.02280554175376892,
    0.0012319062370806932,
    0.12573355436325073,
    0.03979690372943878,
    0.05848066881299019,
    0.011870077811181545,
    0.08569035679101944,
    -0.03572747856378555,
    0.040109291672706604,
    -0.11230096966028214,
    -0.1186525896191597,
    -0.006212572567164898,
    0.02903948351740837,
    6.297071074793176e-33,
    -0.05628941208124161,
    0.012362978421151638,
    -0.023506401106715202,
    0.035446371883153915,
    0.0616619847714901,
    0.012156828306615353,
    0.05740213021636009,
    -0.030114827677607536,
    0.0028362662997096777,
    0.05514345318078995,
    -0.043986015021800995,
    0.04772739112377167,
    -0.06645582616329193,
    0.0774594098329544,
    -0.023391995579004288,
    0.04009005427360535,
    0.0692005604505539,
    0.03641963377594948,
    -0.03662993758916855,
    -0.1184801459312439,
    -0.030919572338461876,
    0.06431474536657333,
    -0.027921581640839577,
    -0.006538642570376396,
    -0.04468373954296112,
    -0.01898580975830555,
    -0.012213845737278461,
    0.019972044974565506,
    0.060619402676820755,
    -0.03565768152475357,
    0.08523780107498169,
    0.020763475447893143,
    0.047163594514131546,
    0.04472411423921585,
    -0.10454153269529343,
    0.006585573311895132,
    -0.03793120011687279,
    -0.019420679658651352,
    0.0646115392446518,
    -0.08652633428573608,
    -0.024946128949522972,
    0.09725569188594818,
    0.09823017567396164,
    0.011692860163748264,
    -0.06764985620975494,
    0.05320293828845024,
    -0.07243388146162033,
    -0.0500272735953331,
    0.09978381544351578,
    -0.001067347708158195,
    -0.061877645552158356,
    0.0021727904677391052,
    0.002314824378117919,
    0.04717065021395683,
    0.07974246889352798,
    0.003451651893556118,
    -0.048359982669353485,
    0.05027347430586815,
    0.04812939465045929,
    0.06239098682999611,
    0.021982815116643906,
    0.0709952861070633,
    -0.028933126479387283,
    0.014072670601308346,
    0.09304681420326233,
    0.0039044928271323442,
    -0.061822663992643356,
    0.014564774930477142,
    -0.011512184515595436,
    -0.04992794990539551,
    -0.05638673156499863,
    0.08347488939762115,
    0.04040171951055527,
    -0.07299285382032394,
    0.029326289892196655,
    0.02981327846646309,
    0.07786063104867935,
    -0.004807611461728811,
    0.021154774352908134,
    0.018217073753476143,
    -0.10206037759780884,
    -0.0012636198662221432,
    0.0796809270977974,
    0.04062741622328758,
    -0.027802960947155952,
    -0.008136486634612083,
    -0.05633530765771866,
    0.030187049880623817,
    -0.026957690715789795,
    -0.052798837423324585,
    0.010210066102445126,
    -0.05690671503543854,
    -0.0017442593816667795,
    -0.05876826494932175,
    -0.09815569967031479,
    -5.837600455099484e-33,
    -0.00979818869382143,
    0.10958606749773026,
    0.012018267996609211,
    0.025729220360517502,
    0.0485234297811985,
    0.05039995163679123,
    -0.010315900668501854,
    0.05205686390399933,
    -0.009517582133412361,
    -0.01752440072596073,
    -0.04833819344639778,
    -0.04416593164205551,
    0.018269158899784088,
    0.0035150940530002117,
    -0.030928345397114754,
    0.046213116496801376,
    0.13157807290554047,
    0.035462480038404465,
    -0.07702799141407013,
    -0.07277645170688629,
    -0.08324959129095078,
    0.13839054107666016,
    0.005385274533182383,
    0.029545070603489876,
    -0.016470013186335564,
    -0.003953269682824612,
    0.01493386272341013,
    -0.051245611160993576,
    0.05770920217037201,
    0.002725159516558051,
    0.03625187650322914,
    -0.0033239349722862244,
    0.049316972494125366,
    0.03625709190964699,
    -0.05033298209309578,
    -0.05709654837846756,
    0.06290218234062195,
    -0.013931275345385075,
    -0.02850961685180664,
    0.031411945819854736,
    0.046820785850286484,
    -0.057232994586229324,
    0.00272480770945549,
    -0.008101722225546837,
    0.026813426986336708,
    0.011097639799118042,
    -0.09972386062145233,
    -0.09600212424993515,
    0.05410720035433769,
    -0.03377634659409523,
    -0.012353678233921528,
    0.031050795689225197,
    -0.11510125547647476,
    0.011709916405379772,
    0.0260414257645607,
    0.050965189933776855,
    0.021737845614552498,
    -0.01945527084171772,
    0.02398296818137169,
    -0.03484583646059036,
    -0.001976072322577238,
    -0.007018977776169777,
    -0.031111909076571465,
    -0.004208092577755451,
    -0.07481899112462997,
    -0.007737543899565935,
    -0.019106019288301468,
    0.01560634933412075,
    -0.023526141420006752,
    -0.06989019364118576,
    0.027843065559864044,
    0.08772396296262741,
    0.021358290687203407,
    -0.030902786180377007,
    -0.06857592612504959,
    -0.03592396527528763,
    0.007956663146615028,
    -0.07328721135854721,
    0.022749867290258408,
    0.0015025477623566985,
    -0.01268445048481226,
    -0.02516808547079563,
    -0.013074735179543495,
