{
  "id": 131,
  "vector": [
    -0.039418186992406845,
    -0.05632428452372551,
    -0.0138295479118824,
    0.013475202023983002,
    -0.03506580367684364,
    0.019639287143945694,
    0.017526958137750626,
    0.11481839418411255,
    -0.00394954951480031,
    -0.05262487381696701,
    0.058040767908096313,
    -0.06116990000009537,
    -0.0022672361228615046,
    -0.0011122295400127769,
    -0.007020831108093262,
    -0.00930495373904705,
    -0.02189454436302185,
    0.022564511746168137,
    -0.10058606415987015,
    -0.11846188455820084,
    0.03503715246915817,
    -0.03974286466836929,
    0.013341270387172699,
    0.019149452447891235,
    -0.05524206534028053,
    0.03608155623078346,
    -0.033043067902326584,
    -0.061152633279561996,
    0.0215238519012928,
    -0.08016800880432129,
    0.03236168250441551,
    0.06350156664848328,
    0.04838751628994942,
    -0.04643193259835243,
    0.027211492881178856,
    0.021164096891880035,
    -0.04560449346899986,
    -0.05996432527899742,
    0.13900867104530334,
    -0.022564910352230072,
    0.03805531933903694,
    -0.0036895875819027424,
    0.06324098259210587,
    0.022889699786901474,
    0.033388059586286545,
    -0.01784803718328476,
    -0.04557406157255173,
    0.0456521175801754,
    0.06704850494861603,
    -0.06462152302265167,
    -0.044777292758226395,
    -0.012851119041442871,
    -0.03994227945804596,
    0.023110538721084595,
    0.07098595052957535,
    -0.06156482547521591,
    -0.014924336224794388,
    -0.014702798798680305,
    0.005967583041638136,
    0.09766791015863419,
    -0.00792520772665739,
    0.04354282468557358,
    -0.029189886525273323,
    -0.040855344384908676,
    -0.007794956676661968,
    0.04904616251587868,
    -0.05624422803521156,
    -0.05289202183485031,
    -0.0201900452375412,
    0.0611933171749115,
    0.033433787524700165,
    0.04018779844045639,
    -0.005853200796991587,
    0.05648045986890793,
    -0.053522199392318726,
    -0.05154866352677345,
    0.057866133749485016,
    -0.10159587115049362,
    -0.06822260469198227,
    0.05724969878792763,
    -0.06652875244617462,
    -0.0031018778681755066,
    0.019218647852540016,
    -0.006588210817426443,
    -0.006083351559937,
    -0.02827220968902111,
    0.022301046177744865,
    0.03691529110074043,
    -0.010892180725932121,
    0.002706807339563966,
    -0.11172888427972794,
    0.008566750213503838,
    0.009896415285766125,
    -0.04508761316537857,
    0.0344063825905323,
    0.058979544788599014,
    -0.047733794897794724,
    -0.035221997648477554,
    0.027936816215515137,
    0.04044278338551521,
    0.04295751079916954,
    -0.061718352138996124,
    0.0068837180733680725,
    -0.07622178643941879,
    -0.01731107570230961,
    0.03275802358984947,
    0.04764482378959656,
    0.07246078550815582,
    0.006454962771385908,
    0.06330039352178574,
    -0.05774588882923126,
    0.02648627758026123,
    -0.04285108298063278,
    -0.015111683867871761,
    -0.030013708397746086,
    -0.040496211498975754,
    0.10511504858732224,
    0.01076214574277401,
    0.05340602248907089,
    0.027390647679567337,
    0.09796983748674393,
    0.04059476777911186,
    0.0658767968416214,
    -0.014794031158089638,
    -0.09227802604436874,
    -0.022263377904891968,
    0.06212669983506203,
    5.726020327267525e-33,
    -0.06952294707298279,
    -0.0366058386862278,
    0.0071438089944422245,
    -0.01461346261203289,
    0.04548519104719162,
    0.01478199940174818,
    0.025133075192570686,
    -0.016859710216522217,
    0.009309454821050167,
    -0.028238361701369286,
    -0.07954427599906921,
    0.00017968588508665562,
    -0.011140646412968636,
    0.10315897315740585,
    -0.04410611093044281,
    -0.13015760481357574,
    0.06178347021341324,
    0.07181897014379501,
    0.0537092462182045,
    -0.05275499075651169,
    -0.07931474596261978,
    0.04285162314772606,
    0.052965257316827774,
    0.059299200773239136,
    -0.10759185254573822,
    0.004894091747701168,
    -0.0034180788788944483,
    0.03163963183760643,
    -0.05789211764931679,
    0.032899294048547745,
    0.004558207467198372,
    -0.0006682884995825589,
    0.0473288893699646,
    0.009069499559700489,
    -0.04375942051410675,
    -0.013078001327812672,
    -0.026434527710080147,
    -0.02865726687014103,
    0.03283025696873665,
    0.04160764813423157,
    0.004345200955867767,
    0.06743250787258148,
    0.024278860539197922,
    -0.003122390015050769,
    -0.10705021023750305,
    0.08696576952934265,
    0.030000165104866028,
    -0.027236267924308777,
    0.042357224971055984,
    0.039511945098638535,
    -0.06646846979856491,
    0.020432248711586,
    -0.03646278753876686,
    0.025373373180627823,
    0.10133571922779083,
    -0.021080706268548965,
    -0.03702094033360481,
    0.016283223405480385,
    0.05160728096961975,
    0.024293633177876472,
    0.01628493331372738,
    0.037639617919921875,
    0.011430112645030022,
    0.033357344567775726,
    0.001038911403156817,
    0.020842209458351135,
    -0.08735481649637222,
    0.00683709466829896,
    0.01810993067920208,
    -0.025481361895799637,
    -0.03900810703635216,
    -0.005808521527796984,
    0.06575603038072586,
    -0.07296394556760788,
    0.07526492327451706,
    -0.035907596349716187,
    -0.003262336365878582,
    0.002426635241135955,
    -0.053661443293094635,
    0.08187374472618103,
    -0.08798803389072418,
    -0.0050699468702077866,
    0.024847162887454033,
    0.021922629326581955,
    0.0022795898839831352,
    0.06433789432048798,
    -0.07626643031835556,
    0.03864235430955887,
    -0.031319957226514816,
    -0.03618821129202843,
    -0.0030589946545660496,
    -0.06957532465457916,
    0.0011161250295117497,
    -0.055995818227529526,
    -0.006172283552587032,
    -5.003861617653591e-33,
    0.01075064204633236,
    0.08364557474851608,
    0.0041877226904034615,
    0.06689038872718811,
    0.04117109254002571,
    -0.05728902295231819,
    -0.006428311113268137,
    0.08879431337118149,
    0.06307116150856018,
    0.026846352964639664,
    -0.05404176935553551,
    -0.05237043276429176,
    -0.04557129368185997,
    -0.08556076884269714,
    -0.0893687754869461,
    0.05502937361598015,
    0.047343406826257706,
    0.05047279968857765,
    0.030144287273287773,
    -0.0009006571490317583,
    -0.04659219831228256,
    -0.001087254611775279,
    -0.014290411956608295,
    0.11285239458084106,
    0.0006664528045803308,
    0.05032016336917877,
    0.055137552320957184,
    -0.02616611309349537,
    -0.021997693926095963,
    0.024372287094593048,
    -0.013402635231614113,
    -0.20282992720603943,
    -0.012297451496124268,
    0.016195017844438553,
    -0.0014485877472907305,
    -0.01992705836892128,
    0.06736815720796585,
    0.029088327661156654,
    0.022372225299477577,
    -0.008581938222050667,
    0.06446196883916855,
    0.018405050039291382,
    0.0007633692002855241,
    -0.015428746119141579,
    -0.030998114496469498,
    -0.03520926088094711,
    0.001582650700584054,
    -0.07519607245922089,
    -0.005391285289078951,
    -0.04147878661751747,
    -0.003270368557423353,
    0.06620854884386063,
    -0.05744379386305809,
    -0.04068015515804291,
    -0.026021050289273262,
    -0.028119605034589767,
    0.036977287381887436,
    0.10470980405807495,
    0.07096036523580551,
    0.026326844468712807,
    -0.0033455980010330677,
    -0.06422003358602524,
    -0.04175345227122307,
    0.02765078842639923,
    0.01167111936956644,
    -0.011707739904522896,
    -0.04268454760313034,
    -0.008975284174084663,
    0.031222514808177948,
    0.03791007027029991,
    0.057639945298433304,
    0.010625353083014488,
    0.03428904712200165,
    0.05529389902949333,
    -0.03165489807724953,
    -0.04286117106676102,
    0.01389535702764988,
    -0.03390217944979668,
    0.0795704796910286,
    0.03335122391581535,
    0.016537565737962723,
    -0.07571526616811752,
    -0.046415776014328,
