{
  "id": 442,
  "vector": [
    -0.07257707417011261,
    -0.0006814749795012176,
    -0.021981144323945045,
    -0.008369735442101955,
    -0.0633908063173294,
    -0.02659495919942856,
    0.0728066936135292,
    0.041965585201978683,
    -0.013998403213918209,
    -0.07328459620475769,
    0.03595584258437157,
    -0.05690396577119827,
    -0.04338405653834343,
    0.004081294406205416,
    -0.011925472877919674,
    -0.022694973275065422,
    0.022405417636036873,
    0.08551418036222458,
    -0.1392105668783188,
    -0.016296762973070145,
    -0.012297055684030056,
    -0.017707951366901398,
    0.040842972695827484,
    0.02934967912733555,
    0.0706515833735466,
    0.0035620280541479588,
    0.014933631755411625,
    0.0058220853097736835,
    0.002316278638318181,
    -0.07422322034835815,
    -0.046397704631090164,
    0.023540712893009186,
    0.02394559606909752,
    -0.004609629977494478,
    0.06605353206396103,
    -0.02380954660475254,
    0.003388522192835808,
    -0.04095960408449173,
    0.08138176053762436,
    -0.002203818876296282,
    0.03104693442583084,
    -0.014627274125814438,
    0.007704784162342548,
    -0.0074717034585773945,
    -0.002761785639449954,
    0.011082574725151062,
    -0.07057444006204605,
    0.046857696026563644,
    0.08375368267297745,
    -0.04781912639737129,
    0.014380473643541336,
    -0.024211201816797256,
    -0.03709828481078148,
    -0.08925716578960419,
    0.05588691309094429,
    -0.06613034009933472,
    -0.06496914476156235,
    0.023993708193302155,
    0.02687413990497589,
    0.06015797331929207,
    0.05870798975229263,
    0.016743650659918785,
    -0.02388087846338749,
    0.030832981690764427,
    0.048170506954193115,
    -0.0037998429033905268,
    -0.07097012549638748,
    -0.001878306153230369,
    -0.07461797446012497,
    0.04325154796242714,
    -0.019814327359199524,
    0.007185518741607666,
    -0.061326295137405396,
    -0.06577897071838379,
    -0.006647826172411442,
    -0.018157243728637695,
    0.0762263610959053,
    -0.14146892726421356,
    -0.04549616202712059,
    0.00497070187702775,
    -0.03710835427045822,
    0.01356679480522871,
    -0.0759345293045044,
    0.018045756965875626,
    -0.030699634924530983,
    -0.020169241353869438,
    -0.008866775780916214,
    0.030540233477950096,
    0.0017806253163143992,
    0.02557980641722679,
    -0.05151601880788803,
    -0.023843763396143913,
    0.05992000177502632,
    -0.004203763324767351,
    -0.08847715705633163,
    0.026864733546972275,
    -0.015557178296148777,
    -0.03411615639925003,
    0.021112173795700073,
    0.053911205381155014,
    0.04826650768518448,
    0.016624057665467262,
    0.09982328861951828,
    -0.07408102601766586,
    0.0015016960678622127,
    -0.022840118035674095,
    -0.02815214730799198,
    -0.01171258557587862,
    0.004712489899247885,
    0.09354396164417267,
    -0.03181732818484306,
    0.014102834276854992,
    -0.04318602383136749,
    -0.01943470723927021,
    -0.051422473043203354,
    -0.02772512473165989,
    0.05317912995815277,
    -0.05643342062830925,
    0.034517981112003326,
    0.03905826434493065,
    0.052969321608543396,
    0.029434796422719955,
    0.03574148938059807,
    0.02452222816646099,
    -0.06825735419988632,
    0.051508136093616486,
    0.07397853583097458,
    4.370790686152602e-33,
    -0.056112002581357956,
    0.027955567464232445,
    0.05202500894665718,
    -0.020991818979382515,
    0.03195881098508835,
    -0.05943557247519493,
    0.0457131564617157,
    -0.03454620763659477,
    -0.0054968977347016335,
    -0.030775683000683784,
    -0.07167297601699829,
    -0.010710514150559902,
    0.021085863932967186,
    0.09139279276132584,
    -0.026333879679441452,
    -0.045968685299158096,
    -0.02520168572664261,
    0.07740864902734756,
    0.005858794320374727,
    0.036513153463602066,
    -0.017478572204709053,
    0.01969306357204914,
    0.001075509237125516,
    0.04849524050951004,
    -0.0866408497095108,
    -0.03314982354640961,
    -0.06089584156870842,
    0.0042551178485155106,
    -0.030999459326267242,
    0.007601586636155844,
    0.05409953370690346,
    0.017225567251443863,
    0.05177485942840576,
    0.03404530510306358,
    -0.07578691840171814,
    -0.021133337169885635,
    -0.023919934406876564,
    -0.08619307726621628,
    0.0725276917219162,
    -0.008194556459784508,
    0.006370405666530132,
    0.012247842736542225,
    -0.009929873049259186,
    0.046131182461977005,
    -0.07282499969005585,
    -0.010529215447604656,
    0.08197055757045746,
    0.0920834094285965,
    0.02651902474462986,
    0.01964341290295124,
    -0.021602382883429527,
    0.050881508737802505,
    0.013980687595903873,
    0.04595934972167015,
    0.052136506885290146,
    -0.010266736149787903,
    0.04668547958135605,
    0.007929098792374134,
    0.12785278260707855,
    0.049968421459198,
    -0.053133558481931686,
    0.10377217084169388,
    -0.0004320070147514343,
    0.05578302964568138,
    0.014555101282894611,
    0.03429066017270088,
    -0.08792870491743088,
    0.02079853229224682,
    0.000397853902541101,
    0.0004145495768170804,
    0.024136247113347054,
    -0.04843762144446373,
    0.018132762983441353,
    0.003754977835342288,
    0.04221661016345024,
    -0.017711851745843887,
    -0.02490249089896679,
    0.03368131443858147,
    -0.05421222001314163,
    0.05256952345371246,
    -0.05861165374517441,
    0.0399455763399601,
    0.016431335359811783,
    -0.11580205708742142,
    -0.0734391137957573,
    0.04124331846833229,
    -0.021880779415369034,
    0.006417211145162582,
    0.03296111896634102,
    0.045867569744586945,
    0.016546787694096565,
    -0.031352002173662186,
    -0.030493900179862976,
    -0.10846009105443954,
    -0.002889476716518402,
    -4.78869362154931e-33,
    0.06816913932561874,
    0.07531826943159103,
    0.02716703712940216,
    0.03734618425369263,
    0.0602119155228138,
    -0.06538435816764832,
    -0.025074556469917297,
    0.0510292574763298,
    0.04413729906082153,
    -0.018809599801898003,
    -0.016386425122618675,
    -0.04306597262620926,
    0.07153860479593277,
    -0.07941526174545288,
    -0.033372990787029266,
    0.08194556087255478,
    0.024055246263742447,
    0.1086353287100792,
    -0.006701914593577385,
    -0.08792147040367126,
    -0.050468191504478455,
    -0.02802056446671486,
    -0.0558328814804554,
    0.12581630051136017,
    -0.023819245398044586,
    -0.012938129715621471,
    -0.01556483842432499,
    -0.07356404513120651,
    -0.02911274880170822,
    0.04445311799645424,
    0.005836233031004667,
    -0.1265883892774582,
    0.032907575368881226,
    0.011496602557599545,
    0.034838151186704636,
    -0.02327083796262741,
    0.059543002396821976,
    0.04351842775940895,
    0.011706402525305748,
    -0.00632525933906436,
    -0.005491137038916349,
    0.050286419689655304,
    -0.008030328899621964,
    0.11055731773376465,
    -0.012288370169699192,
    -0.0444447323679924,
    0.009447697550058365,
    -0.06302002817392349,
    0.03767729923129082,
    0.01785155013203621,
    0.03859870880842209,
    0.0027486924082040787,
    -0.03312816470861435,
    -0.03166789188981056,
    0.0077850488014519215,
    0.11528816819190979,
    0.06063343957066536,
    0.011780393309891224,
    0.02473870851099491,
    -0.05335037037730217,
    0.0047329203225672245,
    -0.10601488500833511,
    -0.02216518111526966,
    -0.023725898936390877,
    0.06797727942466736,
    -0.060383182018995285,
    -0.018938496708869934,
    -0.020187469199299812,
    -0.01755519211292267,
    -0.019657639786601067,
    0.011926050297915936,
    0.019972631707787514,
    0.1276189684867859,
    -0.07881448417901993,
    -0.07369005680084229,
    -0.012041309848427773,
    0.03475506976246834,
    0.07835369557142258,
    0.07306741923093796,
    0.0029806734528392553,
    -0.0676899254322052,
    -0.026656821370124817,
    0.0029837116599082947,
