{
  "id": 717,
  "vector": [
    0.017588935792446136,
    0.029184557497501373,
    0.0409301295876503,
    0.02869988977909088,
    -0.02607271447777748,
    0.05176986753940582,
    0.03400932252407074,
    0.044679928570985794,
    -0.057746414095163345,
    -0.002856764942407608,
    -0.017209947109222412,
    -0.053098294883966446,
    0.041129376739263535,
    0.09798982739448547,
    -0.05022459477186203,
    -0.0010210168547928333,
    -0.058420076966285706,
    0.04305877164006233,
    -0.11588290333747864,
    -0.009594525210559368,
    -0.005179508123546839,
    -0.026947706937789917,
    0.059593699872493744,
    0.04502466693520546,
    -0.020454587414860725,
    0.035191040486097336,
    0.005273956805467606,
    -0.056399937719106674,
    -0.01858612149953842,
    -0.06321807950735092,
    0.06862148642539978,
    0.02794158086180687,
    0.0985383614897728,
    0.037757229059934616,
    0.0546218566596508,
    -0.03382328525185585,
    -0.008513526991009712,
    -0.0274380873888731,
    0.10010873526334763,
    0.02665773779153824,
    0.06214437261223793,
    -0.05096464231610298,
    0.0024867120664566755,
    0.033321935683488846,
    0.03129752352833748,
    0.02491706609725952,
    -0.013944542966783047,
    -0.003013533540070057,
    -0.054227568209171295,
    -0.043274641036987305,
    0.036149367690086365,
    -0.022731222212314606,
    -0.16609275341033936,
    0.027746574953198433,
    0.03830937668681145,
    -0.09671773761510849,
    -0.013089591637253761,
    -0.02752242051064968,
    -0.07647712528705597,
    -0.009882350452244282,
    -0.03461412340402603,
    0.04060272127389908,
    -0.07398312538862228,
    0.01766555942595005,
    -0.08196388930082321,
    0.1469116508960724,
    -0.054499734193086624,
    0.03373972326517105,
    -0.05690686032176018,
    0.01977275311946869,
    -0.04099076986312866,
    0.08444862067699432,
    0.059279728680849075,
    -0.031278081238269806,
    -0.000662146310787648,
    -0.03541796654462814,
    0.06917322427034378,
    -0.03272400423884392,
    -0.06964358687400818,
    0.0436447449028492,
    -0.09507004916667938,
    -0.02764863520860672,
    -0.02140541560947895,
    0.010271853767335415,
    -0.10204137116670609,
    -0.027496330440044403,
    0.008229382336139679,
    -0.06300806999206543,
    -0.00967179611325264,
    -0.045419469475746155,
    -0.03634250909090042,
    0.028050372377038002,
    0.05131470412015915,
    0.012876308523118496,
    -0.09122981876134872,
    -0.0010705222375690937,
    0.0011458316585049033,
    -0.006437409669160843,
    0.059312477707862854,
    0.010501217097043991,
    -0.021274562925100327,
    -0.0315551683306694,
    0.109321728348732,
    -0.03910582512617111,
    0.009384660981595516,
    -0.08838363736867905,
    0.005112222395837307,
    -0.036629531532526016,
    0.015433494001626968,
    -0.018972907215356827,
    -0.0198392104357481,
    -0.03969957306981087,
    -0.030918005853891373,
    0.005660833790898323,
    -0.07546257972717285,
    -0.01348144467920065,
    0.011254372075200081,
    -0.040151603519916534,
    -0.00467910710722208,
    -0.011631825007498264,
    0.03772789612412453,
    -0.00725910160690546,
    0.13381478190422058,
    -0.006187812890857458,
    -0.12185400724411011,
    0.02120298333466053,
    0.0522669218480587,
    4.472714862576525e-33,
    -0.05451848357915878,
    0.024525236338377,
    0.03222198411822319,
    0.10111986845731735,
    0.05253498628735542,
    -0.058288898319005966,
    0.04795846715569496,
    -0.042738255113363266,
    0.09567110985517502,
    0.00817773025482893,
    -0.01893644779920578,
    0.043883129954338074,
    0.023963144049048424,
    0.13999031484127045,
    0.00230811326764524,
    -0.0190749354660511,
    -0.01540321484208107,
    0.04002205654978752,
    0.00657594995573163,
    0.025956448167562485,
    -0.07744509726762772,
    0.020715218037366867,
    0.04686145856976509,
    -0.025945575907826424,
    -0.07232975959777832,
    0.04380832985043526,
    -0.008412961848080158,
    0.002261105226352811,
    -0.02597261779010296,
    0.016231976449489594,
    0.11246265470981598,
    0.017993934452533722,
    0.04533619061112404,
    -0.023005980998277664,
    -0.02098884806036949,
    0.012713996693491936,
    0.021051641553640366,
    -0.03330937400460243,
    0.02928874082863331,
    0.030595164746046066,
    -0.057145729660987854,
    -0.058958616107702255,
    0.07442518323659897,
    0.04059839993715286,
    0.09202912449836731,
    0.00525131868198514,
    -0.0182894729077816,
    -0.018632633611559868,
    0.08751363307237625,
    -0.004928999580442905,
    0.002262403490021825,
    0.014308290556073189,
    -0.04530619457364082,
    -0.02044903300702572,
    0.033725954592227936,
    -0.10088478773832321,
    -0.010990576818585396,
    0.013531839475035667,
    0.04285460710525513,
    0.04298501834273338,
    0.06207290291786194,
    0.01862175576388836,
    -0.02441406063735485,
    -0.05109993740916252,
    0.03663767874240875,
    0.003034862456843257,
    0.0060617499984800816,
    -0.0021464568562805653,
    -0.0012935202103108168,
    -0.01970580965280533,
    0.027836907655000687,
    -0.019880305975675583,
    0.004780492279678583,
    -0.04800357297062874,
    0.0724465474486351,
    0.013497991487383842,
    0.11368457227945328,
    0.019765453413128853,
    0.01879311166703701,
    0.0187551099807024,
    -0.013820072636008263,
    0.047304973006248474,
    0.0016440843464806676,
    -0.026704099029302597,
    -0.00686591537669301,
    0.023319242522120476,
    0.035258278250694275,
    0.06872279196977615,
    -0.040057819336652756,
    -0.0030796772334724665,
    0.018973248079419136,
    0.020013485103845596,
    0.041664969176054,
    -0.09694134443998337,
    0.034846559166908264,
    -4.9845258376085184e-33,
    0.006130069959908724,
    0.03972392901778221,
    -0.10259398818016052,
    0.06143183261156082,
    0.01239770371466875,
    0.05860677734017372,
    0.01179059874266386,
    0.07388292253017426,
    0.06613093614578247,
    0.041576460003852844,
    -0.07280313223600388,
    -0.012291129678487778,
    0.04427163675427437,
    -0.028449084609746933,
    -0.06231724098324776,
    0.04084918275475502,
    0.013158286921679974,
    -0.04267203435301781,
    0.024750757962465286,
    0.05029189586639404,
    -0.083946593105793,
    -0.00474533811211586,
    0.017332838848233223,
    0.0476352721452713,
    -0.01696758158504963,
    0.04582209512591362,
    0.07571978121995926,
    -0.09580887109041214,
    0.12946195900440216,
    0.004599607549607754,
    0.0038379866164177656,
    -0.11188339442014694,
    -0.021075326949357986,
    0.06889571994543076,
    -0.05791332945227623,
    -0.0050739869475364685,
    0.06615347415208817,
    0.04985247179865837,
    -0.019289087504148483,
    0.01252936664968729,
    -0.015654239803552628,
    -0.0904703214764595,
    0.017353253439068794,
    0.00005053083805250935,
    -0.04995178058743477,
    -0.07881119102239609,
    -0.05860217288136482,
    0.004638627637177706,
    -0.0025867358781397343,
    0.053108420222997665,
    0.02913668192923069,
    0.06429048627614975,
    -0.08944642543792725,
    -0.04806748405098915,
    -0.08361003547906876,
    0.014022193849086761,
    -0.04310694336891174,
    -0.014665968716144562,
    0.026994306594133377,
    -0.013737608678638935,
    -0.08969210833311081,
    0.016777288168668747,
    0.008657412603497505,
    -0.023469815030694008,
    -0.029753539711236954,
    -0.01785060204565525,
    -0.0786345899105072,
    -0.08667844533920288,
    -0.124095618724823,
    0.03635622560977936,
    -0.04936922341585159,
    -0.030836977064609528,
    -0.009543009102344513,
    -0.10444287210702896,
    0.017825020477175713,
    0.011329255066812038,
    -0.09713385254144669,
    0.05431775003671646,
    0.03296594321727753,
    0.06335515528917313,
    -0.051465954631567,
    -0.004335667937994003,
    0.0016625415300950408,
