{
  "id": 244,
  "vector": [
    -0.0024354143533855677,
    0.04900704696774483,
    -0.05223482847213745,
    -0.02448718063533306,
    -0.05336325988173485,
    -0.017103826627135277,
    0.024588558822870255,
    0.11510080844163895,
    -0.04355843365192413,
    0.04580171778798103,
    -0.03547175973653793,
    -0.03170511871576309,
    -0.02971639670431614,
    0.010232224129140377,
    -0.022136634215712547,
    -0.02852765843272209,
    -0.039739154279232025,
    0.02241528406739235,
    -0.08794649690389633,
    -0.01370479166507721,
    0.08133155852556229,
    -0.05135159566998482,
    0.0217873677611351,
    0.025697538629174232,
    0.03301044926047325,
    0.02130018174648285,
    -0.009867527522146702,
    -0.04172358289361,
    0.017319802194833755,
    -0.026006828993558884,
    0.013500474393367767,
    0.037413038313388824,
    0.0665503740310669,
    0.003655695589259267,
    -0.021531933918595314,
    0.03522743284702301,
    -0.057259611785411835,
    -0.016381647437810898,
    0.07863127440214157,
    -0.03564368188381195,
    0.039139170199632645,
    -0.008993306197226048,
    0.05280950292944908,
    0.027572499588131905,
    0.0285412035882473,
    -0.03764461353421211,
    -0.10251392424106598,
    0.0688806101679802,
    0.06035715341567993,
    0.04410064220428467,
    -0.004464779049158096,
    -0.0076155331917107105,
    -0.0996713787317276,
    -0.007589375134557486,
    0.08392293751239777,
    -0.06959930062294006,
    -0.058640576899051666,
    -0.023469185456633568,
    0.004438823089003563,
    -0.024723345413804054,
    0.014908851124346256,
    0.003597608068957925,
    -0.028807545080780983,
    0.038857124745845795,
    -0.026529585942626,
    0.026663511991500854,
    -0.027458555996418,
    -0.025498587638139725,
    -0.07776755839586258,
    0.04083506017923355,
    -0.02518571726977825,
    0.047808270901441574,
    0.03441803902387619,
    -0.03179095685482025,
    0.000738857255782932,
    0.012664686888456345,
    0.0352126769721508,
    -0.07066291570663452,
    -0.027025572955608368,
    0.027510805055499077,
    -0.012450422160327435,
    0.01889362931251526,
    0.05313434079289436,
    0.0118136927485466,
    -0.035421714186668396,
    -0.11036357283592224,
    0.07410769164562225,
    0.08973681181669235,
    -0.033314358443021774,
    -0.06370054185390472,
    -0.06544665992259979,
    0.015360190533101559,
    0.02918665111064911,
    0.04984785243868828,
    -0.11271224915981293,
    0.014718468300998211,
    0.03939540684223175,
    -0.043273501098155975,
    0.09888429194688797,
    0.019246025010943413,
    0.042303092777729034,
    0.008257178589701653,
    0.18374575674533844,
    -0.06854930520057678,
    -0.07316187024116516,
    -0.04537316411733627,
    0.0367346815764904,
    0.047544412314891815,
    0.031692471355199814,
    0.021723825484514236,
    -0.05930148810148239,
    0.033229582011699677,
    -0.01464593131095171,
    0.02588009089231491,
    -0.05190839618444443,
    0.03690483793616295,
    -0.009147634729743004,
    -0.024963444098830223,
    0.049663785845041275,
    0.06855834275484085,
    0.0579826682806015,
    0.029924381524324417,
    0.06275733560323715,
    -0.021249709650874138,
    -0.057623445987701416,
    0.06819546967744827,
    0.008180651813745499,
    3.289555921244892e-33,
    -0.10408167541027069,
    -0.06490365415811539,
    -0.0008415721822530031,
    0.07102224975824356,
    0.006369147915393114,
    0.03586200252175331,
    0.0633942037820816,
    -0.019501371309161186,
    0.0377870574593544,
    0.06099209561944008,
    -0.0872347429394722,
    0.026515668258070946,
    0.042967554181814194,
    0.14758652448654175,
    -0.07110104709863663,
    -0.006285570096224546,
    0.014480200596153736,
    -0.0010579247027635574,
    0.025330543518066406,
    -0.034482359886169434,
    -0.09683191031217575,
    -0.032990507781505585,
    0.04186613857746124,
    0.013809657655656338,
    -0.006497602444142103,
    0.00974754337221384,
    0.017407821491360664,
    0.03518383949995041,
    -0.020893555134534836,
    0.03277706354856491,
    0.10588320344686508,
    -0.010169461369514465,
    0.0047602872364223,
    -0.04611784964799881,
    0.039129968732595444,
    0.03493140637874603,
    -0.009353742934763432,
    0.01914023980498314,
    0.09031691402196884,
    -0.003113273996859789,
    0.05850832536816597,
    0.05907348170876503,
    0.054110921919345856,
    -0.03134623169898987,
    -0.02045830711722374,
    0.04534609243273735,
    0.08552683144807816,
    -0.010308624245226383,
    0.08268208801746368,
    0.07426860928535461,
    -0.028037698939442635,
    0.006312939804047346,
    -0.021513359621167183,
    0.0647793710231781,
    0.04823066294193268,
    0.007315279915928841,
    -0.06694729626178741,
    0.041227515786886215,
    -0.004368133377283812,
    0.021477678790688515,
    0.042770061641931534,
    0.05269791558384895,
    0.01159635093063116,
    0.023305172100663185,
    0.021303007379174232,
    -0.003429063595831394,
    -0.09199845045804977,
    -0.028713954612612724,
    -0.049552977085113525,
    0.026246896013617516,
    -0.02212476171553135,
    -0.0485001802444458,
    0.0962858647108078,
    -0.09822110831737518,
    -0.0001781407045200467,
    -0.018187712877988815,
    0.054313402622938156,
    0.05536012724041939,
    -0.09552512317895889,
    -0.09248866140842438,
    -0.03683490306138992,
    0.04408780485391617,
    -0.02137378603219986,
    -0.09089776873588562,
    -0.0940588191151619,
    0.06194828823208809,
    -0.0734284520149231,
    0.038560912013053894,
    -0.07937567681074142,
    0.015121583826839924,
    -0.06825411319732666,
    -0.027616579085588455,
    -0.053803082555532455,
    -0.04480328783392906,
    -0.011076481081545353,
    -3.356580405076871e-33,
    0.0295336302369833,
    0.08749543875455856,
    0.022492924705147743,
    0.00016405641508754343,
    0.0809648409485817,
    -0.027541499584913254,
    0.07112018764019012,
    -0.0864870622754097,
    0.0707060918211937,
    0.043635837733745575,
    0.0012715066550299525,
    0.05164211988449097,
    0.0008131465874612331,
    -0.016408655792474747,
    -0.04050182178616524,
    0.0752580314874649,
    -0.05305495113134384,
    0.0443263053894043,
    -0.030647892504930496,
    -0.12287898361682892,
    -0.090568907558918,
    0.10045742988586426,
    0.013028130866587162,
    0.050222523510456085,
    0.05058896169066429,
    0.048754069954156876,
    0.0023318338207900524,
    -0.033239904791116714,
    0.05778200551867485,
    -0.02871694788336754,
    -0.008460350334644318,
    -0.14695069193840027,
    -0.01545116025954485,
    0.025988075882196426,
    -0.02610219456255436,
    -0.03240084648132324,
    0.05015990138053894,
    0.03224978968501091,
    0.00970680546015501,
    -0.03259282559156418,
    0.03430396318435669,
    0.033145613968372345,
    0.03592886030673981,
    -0.026821782812476158,
    0.06707403808832169,
    -0.007168845739215612,
    0.03430270776152611,
    -0.07873047888278961,
    0.007533761207014322,
    0.026939060539007187,
    -0.062022216618061066,
    0.031173493713140488,
    -0.06377287209033966,
    -0.04588739201426506,
    -0.003673810977488756,
    0.09390941262245178,
    -0.04962883144617081,
    0.029285654425621033,
    -0.01956206187605858,
    -0.0719260424375534,
    -0.048688482493162155,
    -0.057863716036081314,
    0.06042715162038803,
    -0.006976592354476452,
    0.029008835554122925,
    0.011683797463774681,
    -0.032250355929136276,
    -0.0701853483915329,
    0.059958573430776596,
    0.10928274691104889,
    -0.02170294150710106,
    0.020762357860803604,
    -0.02235506847500801,
    -0.05664927884936333,
    -0.03604708984494209,
    -0.0079948166385293,
    -0.043513938784599304,
    -0.016788123175501823,
    0.029738660901784897,
    -0.06401126086711884,
    -0.00981857255101204,
    -0.009958706796169281,
    0.014601576142013073,
    -0.01838522031903267,
