{
  "id": 1023,
  "vector": [
    0.0030032622162252665,
    0.01709187589585781,
    -0.07315968722105026,
    0.049263495951890945,
    -0.05662505701184273,
    0.0017547443276271224,
    0.0566849559545517,
    0.03335649520158768,
    0.037710584700107574,
    -0.026439575478434563,
    0.04271506518125534,
    -0.09683442860841751,
    -0.052672285586595535,
    -0.03151208162307739,
    0.016510671004652977,
    -0.05452868342399597,
    0.04781905934214592,
    0.026540987193584442,
    -0.1258203238248825,
    -0.04638254642486572,
    0.014888547360897064,
    -0.03324432671070099,
    0.034589577466249466,
    -0.05484139174222946,
    0.004946830682456493,
    0.08000624179840088,
    -0.007173112127929926,
    0.02204560488462448,
    -0.003594065783545375,
    -0.010025084018707275,
    0.011002263985574245,
    0.07865113765001297,
    -0.04326247423887253,
    0.018452240154147148,
    0.03565003722906113,
    -0.04499597102403641,
    -0.07938289642333984,
    -0.04318305104970932,
    0.11106648296117783,
    0.029651956632733345,
    0.06662239879369736,
    -0.005968427751213312,
    0.12650789320468903,
    -0.009177609346807003,
    -0.04507582634687424,
    -0.0589447021484375,
    -0.06737985461950302,
    0.0958482101559639,
    0.03026951476931572,
    -0.07212914526462555,
    -0.009475316852331161,
    -0.031750068068504333,
    -0.09402477741241455,
    0.030644726008176804,
    0.041047967970371246,
    -0.0721457451581955,
    0.0008977277320809662,
    -0.05132978409528732,
    -0.07720211893320084,
    0.0502987802028656,
    -0.043166518211364746,
    0.029154377058148384,
    -0.057668935507535934,
    -0.033593494445085526,
    0.003776108380407095,
    -0.02596747688949108,
    -0.04807150363922119,
    -0.03797564283013344,
    0.00405494961887598,
    0.06463833898305893,
    -0.012006169185042381,
    0.028017930686473846,
    0.015964798629283905,
    0.024762723594903946,
    -0.07725561410188675,
    -0.06567350775003433,
    0.038612183183431625,
    -0.03019818104803562,
    0.019063962623476982,
    0.0013081589713692665,
    -0.025219373404979706,
    0.00821924488991499,
    -0.04102815315127373,
    -0.006848250515758991,
    -0.03258739039301872,
    -0.04966562241315842,
    -0.006094023119658232,
    0.03383979946374893,
    0.06168600916862488,
    0.02839566580951214,
    0.0320274755358696,
    0.02184579335153103,
    0.0018526589265093207,
    -0.03546842932701111,
    -0.0354829840362072,
    0.08813569694757462,
    -0.05542981997132301,
    -0.06102823466062546,
    0.01262005977332592,
    -0.009012630209326744,
    0.05995272099971771,
    -0.04685886949300766,
    0.052689142525196075,
    -0.02222960814833641,
    -0.011788873933255672,
    0.01004460733383894,
    0.007885792292654514,
    0.046810444444417953,
    -0.01435855869203806,
    0.015600398182868958,
    -0.08363810181617737,
    -0.014204789884388447,
    0.0004436125745996833,
    -0.02102644369006157,
    0.04876047745347023,
    -0.055137746036052704,
    0.1256220042705536,
    0.0013530502328649163,
    0.036495354026556015,
    -0.049177177250385284,
    0.031180493533611298,
    -0.03649125248193741,
    0.10001605749130249,
    -0.015773296356201172,
    -0.05237638205289841,
    0.08935805410146713,
    -0.06247129291296005,
    7.139157758839831e-33,
    -0.07306330651044846,
    -0.04672521725296974,
    0.11544428020715714,
    0.016470296308398247,
    0.06546652317047119,
    -0.06469994783401489,
    -0.051848024129867554,
    -0.07503330707550049,
    0.008362938649952412,
    0.03285922855138779,
    -0.05493592098355293,
    0.0399705246090889,
    -0.09009480476379395,
    0.012405510060489178,
    0.06042007356882095,
    -0.033341288566589355,
    0.02685399353504181,
    0.06069636717438698,
    0.010444178245961666,
    -0.026358885690569878,
    -0.057816214859485626,
    0.05471410974860191,
    0.07710743695497513,
    0.05105670168995857,
    -0.04031572490930557,
    0.05525515228509903,
    0.08244349807500839,
    -0.06409154087305069,
    -0.053792569786310196,
    0.017409542575478554,
    0.10122925788164139,
    0.006907932460308075,
    -0.030489109456539154,
    -0.04188777506351471,
    -0.06353027373552322,
    0.03814186155796051,
    -0.02301139011979103,
    -0.05543927475810051,
    -0.03478318080306053,
    -0.0064201345667243,
    0.01928049698472023,
    -0.04775272309780121,
    0.09289802610874176,
    0.08063135296106339,
    -0.05508150905370712,
    0.04045309126377106,
    -0.004508284851908684,
    0.005878570023924112,
    0.07898988574743271,
    0.0075154853984713554,
    0.013463372364640236,
    -0.02874406799674034,
    0.0007911734282970428,
    -0.006277363281697035,
    0.04034311696887016,
    0.003103758441284299,
    -0.004117913544178009,
    0.13558103144168854,
    0.046727485954761505,
    0.06728266179561615,
    -0.11081719398498535,
    -0.020674066618084908,
    -0.03374486416578293,
    0.05015984922647476,
    0.03210506960749626,
    -0.011989054270088673,
    -0.07686632126569748,
    -0.06176459416747093,
    0.004178775008767843,
    0.05902901664376259,
    0.03386525437235832,
    -0.06177986040711403,
    0.12017809599637985,
    -0.02075386792421341,
    0.05812215805053711,
    -0.0005851826863363385,
    0.08853895217180252,
    0.023664608597755432,
    -0.0230085626244545,
    0.0698191225528717,
    -0.018428359180688858,
    0.05101476237177849,
    0.07458169758319855,
    -0.06491982936859131,
    -0.021638009697198868,
    -0.004979112651199102,
    -0.09125206619501114,
    -0.01904935948550701,
    0.06995130330324173,
    0.017365291714668274,
    0.07690241187810898,
    0.026324285194277763,
    -0.0025836466811597347,
    -0.005033636931329966,
    -0.10440956801176071,
    -5.9251468662449125e-33,
    -0.03876786306500435,
    0.0659978985786438,
    -0.02461406961083412,
    0.06968910247087479,
    0.01003121118992567,
    -0.030406279489398003,
    -0.03743450716137886,
    0.05292418971657753,
    0.019001388922333717,
    -0.054110534489154816,
    -0.07168704271316528,
    -0.005611521657556295,
    0.01725752092897892,
    -0.06405815482139587,
    -0.07349009811878204,
    0.034007757902145386,
    0.08302535116672516,
    0.04813798516988754,
    -0.006886150222271681,
    -0.014462904073297977,
    -0.05983661860227585,
    0.05485089495778084,
    0.045573849231004715,
    0.07362144440412521,
    -0.048641644418239594,
    -0.03013196587562561,
    0.07763715833425522,
    0.017781099304556847,
    -0.039180099964141846,
    -0.0244055837392807,
    0.10889231413602829,
    -0.09715378284454346,
    0.023069867864251137,
    -0.0015365697909146547,
    -0.05524694547057152,
    -0.09852589666843414,
    0.11622688919305801,
    -0.0036696847528219223,
    0.035007815808057785,
    0.05610756576061249,
    0.057092852890491486,
    0.017572443932294846,
    0.01759723573923111,
    0.013041255064308643,
    -0.010782785713672638,
    -0.050649479031562805,
    -0.02325286529958248,
    -0.10291479527950287,
    0.024128267541527748,
    -0.02061801590025425,
    0.022901546210050583,
    -0.09427419304847717,
    -0.06900445371866226,
    -0.05743473395705223,
    0.006529310252517462,
    0.02701847441494465,
    -0.02580772340297699,
    0.04200351610779762,
    0.02389553189277649,
    0.054630763828754425,
    -0.006109277717769146,
    -0.017348594963550568,
    0.026718145236372948,
    0.010089508257806301,
    0.015231519006192684,
    0.026898939162492752,
    -0.00022264978906605393,
    -0.015016433782875538,
    0.00021918438142165542,
    -0.0027301099617034197,
    0.005679285619407892,
    0.04329586401581764,
    -0.06178399175405502,
    -0.03560039401054382,
    0.044008661061525345,
    0.025970233604311943,
    0.020595280453562737,
    -0.008408433757722378,
    0.07232358306646347,
    0.026912689208984375,
    -0.04848437383770943,
    0.010908271186053753,
    -0.08446203172206879,
