{
  "id": 95,
  "vector": [
    -0.03841976448893547,
    -0.008935438469052315,
    0.046055275946855545,
    -0.03973989933729172,
    0.009432049468159676,
    -0.04620925337076187,
    0.06018297001719475,
    0.03126636520028114,
    0.007607210427522659,
    -0.07205990701913834,
    -0.05529482290148735,
    -0.07551029324531555,
    0.005486808717250824,
    0.008010474033653736,
    -0.06033150106668472,
    -0.07298523932695389,
    -0.006870224606245756,
    -0.019855568185448647,
    -0.07502038776874542,
    0.0014564420562237501,
    -0.006351494695991278,
    -0.046795349568128586,
    -0.04714576154947281,
    -0.05874742567539215,
    -0.027232734486460686,
    0.11723804473876953,
    -0.04598499834537506,
    -0.017544157803058624,
    0.06801576912403107,
    -0.06212533637881279,
    0.027990402653813362,
    0.07701649516820908,
    -0.0064156088046729565,
    0.06531702727079391,
    0.03386741876602173,
    0.024300867691636086,
    -0.022820016369223595,
    -0.03658934682607651,
    -0.0011760328197851777,
    -0.07497969269752502,
    0.09849975258111954,
    0.02050204761326313,
    0.03399692103266716,
    0.07049407809972763,
    -0.045761026442050934,
    0.016987495124340057,
    -0.0017816947074607015,
    0.015056490898132324,
    0.03147526830434799,
    -0.09512792527675629,
    0.05151508376002312,
    -0.025965360924601555,
    -0.07383880764245987,
    0.03382506221532822,
    0.019058529287576675,
    -0.061052121222019196,
    0.041338104754686356,
    -0.031976647675037384,
    0.015908587723970413,
    0.04801160842180252,
    0.010530034080147743,
    0.013039574958384037,
    -0.0371040515601635,
    0.03454449027776718,
    0.023243321105837822,
    0.050952281802892685,
    -0.02513864077627659,
    0.05534352362155914,
    -0.11390680819749832,
    0.07690052688121796,
    -0.057624634355306625,
    0.07806101441383362,
    0.03682279586791992,
    0.058394137769937515,
    0.0613851472735405,
    -0.01780170015990734,
    0.06638900190591812,
    -0.0939694344997406,
    -0.09827481210231781,
    0.021098706871271133,
    -0.039148662239313126,
    0.08364063501358032,
    -0.002670325804501772,
    0.001505279098637402,
    0.0026179340202361345,
    0.0670490637421608,
    -0.059453386813402176,
    -0.009410524740815163,
    -0.01208961009979248,
    -0.09443405270576477,
    0.01398924458771944,
    0.05808611214160919,
    0.08905026316642761,
    -0.03678196296095848,
    0.03060351312160492,
    0.044432200491428375,
    -0.07081130892038345,
    -0.06779497861862183,
    0.036252498626708984,
    0.004992874804884195,
    0.03309858590364456,
    0.09231582283973694,
    0.053704213351011276,
    -0.05163468047976494,
    -0.009026002138853073,
    -0.005251206457614899,
    -0.0332450233399868,
    0.03670758754014969,
    -0.01779632829129696,
    0.015632733702659607,
    -0.0005701084737665951,
    0.0017836432671174407,
    -0.053754836320877075,
    0.0029994577635079622,
    -0.02111821621656418,
    -0.034945711493492126,
    0.04667195677757263,
    0.013132020831108093,
    -0.08262906968593597,
    -0.018995841965079308,
    0.04936722666025162,
    -0.05848515406250954,
    -0.044213928282260895,
    -0.05079924687743187,
    -0.08868527412414551,
    -0.011057996191084385,
    0.08188074827194214,
    5.120093397036945e-33,
    -0.007350048050284386,
    0.011666354723274708,
    0.021867351606488228,
    -0.02185363695025444,
    0.08311332762241364,
    -0.027639782056212425,
    0.11758927255868912,
    0.06802687048912048,
    0.010492900386452675,
    0.056332752108573914,
    0.025691453367471695,
    -0.045327670872211456,
    -0.10891803354024887,
    0.09161289781332016,
    -0.017572492361068726,
    0.05181855708360672,
    -0.0536499097943306,
    0.04794100672006607,
    -0.04022974893450737,
    -0.07910290360450745,
    -0.026364006102085114,
    0.03724103793501854,
    0.013429633341729641,
    0.09477042406797409,
    -0.02899971604347229,
    -0.01999201998114586,
    -0.009520906023681164,
    -0.07227899134159088,
    0.07255777716636658,
    -0.02362806163728237,
    0.02879433147609234,
    0.0009579727775417268,
    0.035965897142887115,
    0.07026740163564682,
    -0.09643135964870453,
    0.0027432998176664114,
    -0.10520461946725845,
    0.007675290573388338,
    0.10060246288776398,
    -0.014544252306222916,
    0.03383300080895424,
    0.037200745195150375,
    0.08056047558784485,
    0.013399343937635422,
    -0.0314008854329586,
    -0.011854391545057297,
    -0.02847672812640667,
    0.06794486194849014,
    0.10155914723873138,
    0.005690603516995907,
    0.02542915940284729,
    0.050906386226415634,
    -0.05551302060484886,
    -0.027566639706492424,
    -0.05727509409189224,
    -0.014313247054815292,
    -0.02894594334065914,
    0.017264962196350098,
    -0.011714744381606579,
    -0.010604055598378181,
    0.026169052347540855,
    0.014291592873632908,
    -0.01823444850742817,
    0.05988755077123642,
    -0.017927495762705803,
    0.09943173080682755,
    -0.024337368085980415,
    -0.023929405957460403,
    0.05531163141131401,
    -0.014611401595175266,
    -0.01390760112553835,
    -0.02435682900249958,
    -0.09113544970750809,
    0.012624789029359818,
    0.017186051234602928,
    -0.01658818870782852,
    0.06876906752586365,
    -0.016869764775037766,
    -0.021537641063332558,
    0.07113340497016907,
    -0.10189077258110046,
    0.014328720048069954,
    -0.048467881977558136,
    -0.06622345000505447,
    -0.13970375061035156,
    0.0017607997870072722,
    0.0916098952293396,
    0.029439548030495644,
    0.025648018345236778,
    0.0016616350039839745,
    0.020158804953098297,
    -0.016843559220433235,
    -0.015363133512437344,
    -0.05905214697122574,
    -0.10393156856298447,
    -4.662749687434272e-33,
    0.04206022992730141,
    -0.028372401371598244,
    -0.030667921528220177,
    0.07748797535896301,
    0.037207771092653275,
    -0.07436008006334305,
    0.019602365791797638,
    0.0953284278512001,
    -0.020352007821202278,
    -0.002507832134142518,
    -0.008515848778188229,
    0.0590897798538208,
    0.028558924794197083,
    -0.00694283889606595,
    -0.11240603774785995,
    0.06306024640798569,
    0.057932835072278976,
    0.0802573561668396,
    -0.02482421323657036,
    -0.0737914890050888,
    -0.008280603215098381,
    0.0471964105963707,
    0.13025231659412384,
    0.07905403524637222,
    0.031878892332315445,
    -0.018872153013944626,
    0.04057573899626732,
    -0.017616545781493187,
    -0.024246225133538246,
    -0.017119435593485832,
    0.03697904199361801,
    -0.043395135551691055,
    0.04053637757897377,
    -0.01502704806625843,
    -0.05329876020550728,
    -0.03711337596178055,
    0.09782691299915314,
    0.005209310445934534,
    -0.04980136826634407,
    0.006369312759488821,
    0.03911789134144783,
    -0.04252680018544197,
    -0.032813798636198044,
    0.06258030235767365,
    -0.04522830247879028,
    -0.044277582317590714,
    -0.011445446871221066,
    -0.009325282648205757,
    0.05343376472592354,
    0.04531913250684738,
    0.0023688238579779863,
    0.008696925826370716,
    -0.03919939696788788,
    -0.0062021370977163315,
    0.028749410063028336,
    0.10399024933576584,
    0.03512008115649223,
    0.005074276588857174,
    -0.04802209138870239,
    -0.022714100778102875,
    0.03253694996237755,
    0.02825886569917202,
    -0.05235441029071808,
    -0.005312000401318073,
    0.09165022522211075,
    -0.01723524183034897,
    0.11663718521595001,
    0.008819179609417915,
    -0.06697653234004974,
    0.014406392350792885,
    0.03896963968873024,
    0.039729975163936615,
    0.05635097622871399,
    -0.07135624438524246,
    -0.0824025496840477,
    -0.06789565831422806,
    0.029960205778479576,
    -0.013441258110105991,
    0.015006313100457191,
    -0.03562828525900841,
    -0.044968098402023315,
    -0.0015118967276066542,
