{
  "id": 686,
  "vector": [
    0.04187368229031563,
    0.05391627177596092,
    0.0204559788107872,
    0.04190554469823837,
    -0.03976920619606972,
    0.008458235301077366,
    0.04172617569565773,
    0.05661965534090996,
    -0.0703703761100769,
    -0.027094902470707893,
    0.06689965724945068,
    -0.11879629641771317,
    -0.039943527430295944,
    -0.06920068711042404,
    -0.014435812830924988,
    0.05355716869235039,
    -0.009449008852243423,
    0.05795472860336304,
    -0.13329435884952545,
    -0.06541407853364944,
    0.0029928681906312704,
    -0.017980795353651047,
    -0.0515187531709671,
    0.012748662382364273,
    0.018645159900188446,
    -0.008450346067547798,
    0.027426984161138535,
    -0.0321250781416893,
    -0.013155738823115826,
    -0.026573587208986282,
    0.01936311461031437,
    0.06128765270113945,
    0.10478825867176056,
    0.02461201138794422,
    -0.017245836555957794,
    -0.02864174358546734,
    -0.02415289916098118,
    -0.05464747175574303,
    0.04021409526467323,
    -0.00038934024632908404,
    0.036848556250333786,
    -0.017202792689204216,
    0.06642456352710724,
    -0.029588600620627403,
    -0.03473793342709541,
    -0.03556586429476738,
    -0.022051824256777763,
    -0.0032725464552640915,
    0.03555256500840187,
    -0.0019937092438340187,
    -0.0016710441559553146,
    0.009677750989794731,
    -0.1566569209098816,
    0.10145297646522522,
    0.042320579290390015,
    -0.026307249441742897,
    -0.01555282436311245,
    0.0396602489054203,
    -0.06033073365688324,
    0.09607671201229095,
    -0.04915457218885422,
    0.050562165677547455,
    -0.04966028034687042,
    -0.07051853835582733,
    -0.014080907218158245,
    0.033734261989593506,
    -0.10742560774087906,
    -0.0389518067240715,
    0.03462672233581543,
    0.011911537498235703,
    0.0102485166862607,
    0.05181015282869339,
    0.0024134907871484756,
    -0.018476305529475212,
    -0.06928633898496628,
    -0.014823823235929012,
    0.08088932186365128,
    -0.020321717485785484,
    0.0003031818778254092,
    -0.052340053021907806,
    -0.10722599923610687,
    -0.04214555397629738,
    0.06327231228351593,
    -0.028419336304068565,
    -0.012326122261583805,
    0.03644478693604469,
    -0.054885827004909515,
    0.02276599407196045,
    0.0868137925863266,
    -0.08852247893810272,
    0.006592230871319771,
    0.060048867017030716,
    -0.01656925305724144,
    0.03474024683237076,
    0.0066026668064296246,
    -0.04009462893009186,
    -0.026034491136670113,
    -0.09785391390323639,
    -0.017217418178915977,
    0.045702021569013596,
    0.04338819533586502,
    -0.02486240305006504,
    0.10712430626153946,
    0.053263407200574875,
    -0.09318309277296066,
    -0.06190839037299156,
    0.08374007046222687,
    -0.037739191204309464,
    -0.04307093843817711,
    0.041251178830862045,
    0.037095386534929276,
    0.02143678069114685,
    -0.0006418966222554445,
    0.018490955233573914,
    -0.008404621854424477,
    -0.001604720251634717,
    0.0037992994766682386,
    -0.026888785883784294,
    -0.006045788526535034,
    -0.00623330008238554,
    0.01521898340433836,
    0.017790239304304123,
    0.03447087109088898,
    -0.027177665382623672,
    -0.035430435091257095,
    0.005231510382145643,
    0.02498399093747139,
    9.612714521760676e-33,
    -0.09248228371143341,
    0.0026492164470255375,
    0.09302563965320587,
    0.0708479955792427,
    -0.03543630242347717,
    -0.04451141133904457,
    0.009513444267213345,
    -0.10097090899944305,
    0.05329325795173645,
    -0.006005843635648489,
    -0.07380469888448715,
    0.0060260058380663395,
    0.0007347171194851398,
    0.06290347129106522,
    0.0409533716738224,
    -0.08725830167531967,
    -0.013196696527302265,
    -0.0013689271872863173,
    0.05643020197749138,
    0.03060447983443737,
    -0.009167668409645557,
    0.01608041301369667,
    0.0028197106439620256,
    -0.0552041195333004,
    0.01115074660629034,
    -0.08192518353462219,
    0.11257342249155045,
    -0.052779000252485275,
    -0.061119671911001205,
    0.012152468785643578,
    0.0340716652572155,
    -0.008249006234109402,
    0.0017531990306451917,
    -0.03974948078393936,
    -0.11097291857004166,
    -0.0120881088078022,
    -0.06483930349349976,
    -0.009329993277788162,
    0.020618299022316933,
    0.016327884048223495,
    0.045625410974025726,
    0.06471443176269531,
    0.09199831634759903,
    0.02984418347477913,
    0.019204331561923027,
    0.05762331187725067,
    0.0898798257112503,
    0.01323513314127922,
    0.07763545960187912,
    0.06351505219936371,
    -0.014887938275933266,
    -0.010036719962954521,
    -0.048284225165843964,
    0.06334593892097473,
    0.05203951895236969,
    0.009110922925174236,
    0.04059448093175888,
    -0.0026036002673208714,
    0.026555705815553665,
    0.12031302601099014,
    0.00849047489464283,
    0.048128850758075714,
    -0.04186725616455078,
    0.019530072808265686,
    0.021895313635468483,
    0.05643173307180405,
    -0.09573204070329666,
    -0.07722602784633636,
    -0.002004747511819005,
    -0.05639730021357536,
    -0.03198912739753723,
    -0.07221261411905289,
    0.0669853687286377,
    -0.0035215539392083883,
    -0.05352663993835449,
    -0.0639999657869339,
    0.07197384536266327,
    0.04786008223891258,
    -0.0929499939084053,
    0.011261538602411747,
    -0.0034698869567364454,
    -0.003824397688731551,
    0.06074253097176552,
    -0.02326863631606102,
    -0.07875505089759827,
    0.08260316401720047,
    -0.10294158011674881,
    -0.032062429934740067,
    0.032428257167339325,
    0.005113563034683466,
    0.01747852750122547,
    0.024606704711914062,
    -0.04514610022306442,
    -0.020419182255864143,
    -0.021900886669754982,
    -6.907477373184358e-33,
    0.04669130966067314,
    0.039825405925512314,
    -0.006516001187264919,
    0.09235735982656479,
    0.08453217148780823,
    0.002802286995574832,
    -0.010646983981132507,
    0.06868157535791397,
    0.08067890256643295,
    0.03074786625802517,
    -0.022028017789125443,
    0.06232476979494095,
    0.022450361400842667,
    -0.04992493987083435,
    -0.015948068350553513,
    0.04270598292350769,
    0.051230717450380325,
    0.06973163783550262,
    0.02172711119055748,
    0.016072070226073265,
    -0.07105082273483276,
    0.09529587626457214,
    0.02678299881517887,
    0.0056704385206103325,
    -0.021415138617157936,
    -0.013803128153085709,
    0.0956297367811203,
    0.006838745903223753,
    -0.004773820284754038,
    -0.06442446261644363,
    0.06398989260196686,
    -0.17834703624248505,
    -0.023059312254190445,
    -0.001301360665820539,
    0.02474312297999859,
    -0.07655364274978638,
    0.03605061024427414,
    0.0295760165899992,
    0.020459767431020737,
    0.04742588475346565,
    -0.016484301537275314,
    -0.016479024663567543,
    0.050978608429431915,
    -0.011952795088291168,
    -0.09507138282060623,
    -0.03153667598962784,
    -0.013481877744197845,
    -0.008965595625340939,
    -0.03610542416572571,
    -0.053793586790561676,
    0.019980061799287796,
    -0.060179054737091064,
    -0.08134666085243225,
    -0.06526648253202438,
    -0.019461041316390038,
    0.014234785921871662,
    0.06879258155822754,
    0.06471949815750122,
    -0.011972113512456417,
    -0.05345866084098816,
    0.001471789786592126,
    0.03170917555689812,
    0.03368312120437622,
    -0.05908367037773132,
    0.012723537161946297,
    -0.03325130045413971,
    -0.05194205418229103,
    -0.027618078514933586,
    0.033983029425144196,
    0.04444241151213646,
    -0.03393850103020668,
    0.002701261779293418,
    -0.02911183051764965,
    0.022954976186156273,
    -0.06332650780677795,
    0.021794864907860756,
    -0.028435304760932922,
    0.0649978369474411,
    0.09631701558828354,
    0.031984876841306686,
    -0.029001649469137192,
    -0.039646487683057785,
    0.026007914915680885,
