{
  "id": 141,
  "vector": [
    -0.005399161018431187,
    -0.017597349360585213,
    -0.0055071087554097176,
    0.002823301823809743,
    0.009265712462365627,
    -0.020557116717100143,
    0.03900010138750076,
    0.10288617759943008,
    -0.05962028354406357,
    -0.04522043466567993,
    -0.020918870344758034,
    -0.04077092185616493,
    0.013543244451284409,
    0.008890270255506039,
    -0.019959082826972008,
    -0.03881043195724487,
    -0.05382407084107399,
    -0.0007792412652634084,
    -0.0709967389702797,
    -0.07287856191396713,
    0.059233538806438446,
    -0.05820092931389809,
    0.013632838614284992,
    0.10064088553190231,
    -0.03613677993416786,
    0.10854539275169373,
    -0.049138959497213364,
    -0.02866831049323082,
    0.05164811387658119,
    -0.07985151559114456,
    -0.004699033685028553,
    0.06422848999500275,
    0.06809768080711365,
    -0.029081059619784355,
    0.040595006197690964,
    -0.04201684147119522,
    -0.04249715059995651,
    -0.00549614243209362,
    0.12190745025873184,
    -0.044878069311380386,
    0.03402826935052872,
    0.027012847363948822,
    0.02274317294359207,
    0.07521340250968933,
    -0.03857665881514549,
    -0.05272895097732544,
    -0.003809155197814107,
    0.037642545998096466,
    0.024751141667366028,
    0.02151326835155487,
    -0.0033270178828388453,
    0.014203987084329128,
    -0.10747687518596649,
    -0.03993149846792221,
    0.07680578529834747,
    -0.06054593622684479,
    0.038823045790195465,
    -0.015817664563655853,
    0.004247570410370827,
    0.05259159579873085,
    0.04284949228167534,
    -0.00974816270172596,
    -0.012245187535881996,
    0.014414041303098202,
    0.006631175521761179,
    0.07249502837657928,
    -0.05871451273560524,
    -0.06967370957136154,
    -0.06203758716583252,
    0.031258150935173035,
    0.022813132032752037,
    0.05109138786792755,
    0.04707275331020355,
    -0.023011520504951477,
    -0.024017512798309326,
    -0.027086792513728142,
    0.09345109760761261,
    -0.10147866606712341,
    -0.09799649566411972,
    0.12337537854909897,
    -0.05848883464932442,
    0.056342385709285736,
    -0.055014945566654205,
    -0.020407777279615402,
    -0.03206542134284973,
    -0.051519185304641724,
    -0.0006085147615522146,
    0.0111228097230196,
    -0.03142385184764862,
    -0.021231986582279205,
    -0.11647497862577438,
    0.01705804280936718,
    -0.005798729136586189,
    -0.042776886373758316,
    -0.07681156694889069,
    -0.006639290135353804,
    0.01386276725679636,
    -0.010094034485518932,
    0.1053130030632019,
    0.02950548194348812,
    0.03171033784747124,
    0.04139277711510658,
    0.05356870964169502,
    -0.07178612053394318,
    0.0280923992395401,
    -0.01495618186891079,
    -0.022646464407444,
    -0.023625260218977928,
    0.04486129432916641,
    0.09094612300395966,
    -0.09270626306533813,
    -0.030531324446201324,
    -0.026590939611196518,
    0.05098752677440643,
    -0.05024071782827377,
    -0.05739447474479675,
    0.011210176162421703,
    0.02130167931318283,
    0.024667466059327126,
    0.028902117162942886,
    0.09231926500797272,
    -0.004595665261149406,
    0.037678543478250504,
    -0.09481052309274673,
    -0.0653124451637268,
    -0.006691803224384785,
    0.016637742519378662,
    1.7157949008143974e-33,
    -0.09725538641214371,
    -0.03571665659546852,
    0.04409531503915787,
    0.0562894381582737,
    0.05881202593445778,
    0.06995556503534317,
    0.08136136829853058,
    0.02117447555065155,
    0.05574622005224228,
    0.08496182411909103,
    -0.013304511085152626,
    -0.022442635148763657,
    0.02143128775060177,
    0.10617398470640182,
    -0.013044978491961956,
    -0.050345178693532944,
    -0.012367180548608303,
    0.003482959931716323,
    -0.0403844453394413,
    -0.12071295082569122,
    -0.08450870215892792,
    0.03732522204518318,
    0.009593159891664982,
    0.07151909917593002,
    -0.015475649386644363,
    -0.040720727294683456,
    0.006209540646523237,
    0.03222262114286423,
    0.0305014755576849,
    0.017207834869623184,
    0.017091412097215652,
    0.016845008358359337,
    0.044275324791669846,
    0.02174343168735504,
    -0.0005104751908220351,
    -0.06324970722198486,
    -0.059975966811180115,
    -0.044861264526844025,
    0.08614851534366608,
    -0.04100777953863144,
    0.024544863030314445,
    0.04124186187982559,
    0.07722369581460953,
    -0.02587742917239666,
    -0.09667189419269562,
    0.10409505665302277,
    0.000055467829952249303,
    -0.040614645928144455,
    0.0469309501349926,
    0.025607064366340637,
    -0.07103334367275238,
    0.030429404228925705,
    -0.025112437084317207,
    0.03810782730579376,
    0.08876964449882507,
    -0.05085434019565582,
    -0.09526751935482025,
    -0.022977517917752266,
    -0.027592424303293228,
    0.028305748477578163,
    0.020852504298090935,
    0.031963203102350235,
    0.007913616485893726,
    0.022231325507164,
    0.03507741540670395,
    0.08192881941795349,
    -0.04712982103228569,
    0.02810809388756752,
    0.009370488114655018,
    -0.0027768074069172144,
    -0.053726132959127426,
    -0.00029578234534710646,
    0.004676051437854767,
    -0.03508319705724716,
    0.028221923857927322,
    0.01676390878856182,
    0.05083277076482773,
    0.05823777616024017,
    -0.03810304403305054,
    0.009889109060168266,
    -0.11082513630390167,
    0.052923694252967834,
    0.05981375277042389,
    -0.018416285514831543,
    0.009896018542349339,
    0.00015903748862911016,
    -0.01505533792078495,
    0.02761615253984928,
    0.020182281732559204,
    -0.03274388238787651,
    -0.10268165171146393,
    -0.10546289384365082,
    -0.01337356586009264,
    -0.040881939232349396,
    -0.031424570828676224,
    -3.7844893687929694e-33,
    0.032548822462558746,
    0.06733023375272751,
    0.05459153279662132,
    -0.013985204510390759,
    0.03971543163061142,
    -0.07405600696802139,
    -0.0065840501338243484,
    0.0787634402513504,
    0.06930986046791077,
    -0.04481249302625656,
    -0.07904961705207825,
    0.025130586698651314,
    0.02600761130452156,
    0.012017187662422657,
    -0.0771462470293045,
    0.0980745330452919,
    0.03822637349367142,
    -0.006312128622084856,
    -0.017190758138895035,
    -0.07155433297157288,
    -0.02315678820014,
    0.04751262813806534,
    -0.008502854034304619,
    0.034554217010736465,
    0.0284942127764225,
    -0.008193446323275566,
    -0.02991386130452156,
    -0.07837191969156265,
    0.0698205977678299,
    0.034334324300289154,
    0.003147580660879612,
    -0.12441722303628922,
    0.021681178361177444,
    0.020057430490851402,
    -0.0629752054810524,
    -0.07446863502264023,
    0.01281024795025587,
    -0.0009314647177234292,
    0.04799763858318329,
    -0.00865353737026453,
    0.05939492955803871,
    -0.036945853382349014,
    0.02461092732846737,
    0.004135620314627886,
    0.019008243456482887,
    -0.06328897178173065,
    0.007234290707856417,
    -0.09852150082588196,
    0.04993199184536934,
    0.029592201113700867,
    0.00045928184408694506,
    0.04694235324859619,
    -0.09902899712324142,
    -0.005591103341430426,
    0.009508388116955757,
    0.02435237355530262,
    0.01410500518977642,
    0.03495434671640396,
    0.019487420096993446,
    -0.07834728062152863,
    0.0533391535282135,
    -0.008231150917708874,
    -0.06167865917086601,
    -0.0006015491671860218,
    -0.05203148350119591,
    -0.06274401396512985,
    -0.026144620031118393,
    -0.055131662636995316,
    0.04731972888112068,
    -0.009048229083418846,
    0.06083257496356964,
    0.08991947770118713,
    0.04001570865511894,
    0.030243568122386932,
    -0.11723577231168747,
    -0.03961356729269028,
    -0.04707292094826698,
    -0.007167459465563297,
    0.06012243404984474,
    0.02113271690905094,
    0.005976145155727863,
    0.02003355883061886,
    -0.0016477267490699887,
