{
  "id": 1099,
  "vector": [
    -0.013037748634815216,
    0.0930677130818367,
    -0.04737156257033348,
    0.011068396270275116,
    -0.07736635208129883,
    -0.0009340017568320036,
    0.1291094273328781,
    0.0629967749118805,
    0.0025848608929663897,
    0.03771313652396202,
    0.12070673704147339,
    0.004418898839503527,
    0.012270723469555378,
    -0.04152459278702736,
    -0.04318305477499962,
    -0.04280262440443039,
    0.04226100072264671,
    0.021308815106749535,
    -0.1300884336233139,
    -0.028656326234340668,
    0.009554559364914894,
    -0.06048807501792908,
    0.0528382733464241,
    -0.009559061378240585,
    -0.0034297690726816654,
    0.01002835389226675,
    0.025826454162597656,
    0.01433582417666912,
    -0.041006557643413544,
    -0.04068687558174133,
    -0.017292525619268417,
    0.07978105545043945,
    0.025641735643148422,
    -0.022968830540776253,
    0.0246012881398201,
    -0.062031425535678864,
    0.03181012347340584,
    -0.06533870100975037,
    0.05719289183616638,
    -0.00798032432794571,
    -0.020332656800746918,
    0.019725726917386055,
    0.006324008107185364,
    0.06416527926921844,
    -0.0337006114423275,
    -0.05607728660106659,
    -0.05283777043223381,
    0.05085337907075882,
    -0.019937770441174507,
    0.06719442456960678,
    -0.025829192250967026,
    0.057190585881471634,
    -0.0384494923055172,
    -0.00331701198592782,
    0.0324302576482296,
    -0.02195274457335472,
    -0.04427889734506607,
    0.09169059991836548,
    0.012741285376250744,
    0.09357540309429169,
    -0.02353227511048317,
    -0.062010131776332855,
    -0.04485681653022766,
    -0.005996961146593094,
    0.04463205486536026,
    -0.024851243942975998,
    -0.006863073445856571,
    -0.006925996858626604,
    -0.05218784138560295,
    0.030808767303824425,
    -0.03402622789144516,
    0.06138007715344429,
    -0.00037171354051679373,
    -0.06152355298399925,
    -0.05586043372750282,
    0.013173325918614864,
    0.03424250707030296,
    -0.026927247643470764,
    -0.019733551889657974,
    0.05132482573390007,
    -0.047239240258932114,
    -0.049824368208646774,
    -0.03411845490336418,
    -0.050954896956682205,
    -0.03499297425150871,
    -0.09042264521121979,
    0.005753676872700453,
    0.0566767193377018,
    0.036777250468730927,
    -0.03083648718893528,
    -0.02339157648384571,
    0.01441194023936987,
    0.026099318638443947,
    -0.03130767494440079,
    -0.07123631983995438,
    0.03206128254532814,
    -0.0422915481030941,
    -0.06187141314148903,
    0.030663030222058296,
    0.04479870945215225,
    0.08177945017814636,
    -0.014995605684816837,
    0.11522969603538513,
    -0.08098212629556656,
    -0.02865326963365078,
    0.028230439871549606,
    0.023417608812451363,
    0.02033114619553089,
    0.0031607297714799643,
    0.10650131106376648,
    -0.022258389741182327,
    -0.01642691157758236,
    -0.01674349419772625,
    -0.012248273938894272,
    -0.031209222972393036,
    0.08078326284885406,
    0.06379974633455276,
    0.04029480740427971,
    0.05208275094628334,
    0.02386503294110298,
    0.08351364731788635,
    -0.04443828761577606,
    0.05872119218111038,
    -0.013635369017720222,
    -0.12245457619428635,
    0.06912807375192642,
    -0.0034345437306910753,
    5.108044947283001e-33,
    -0.09571507573127747,
    -0.036444056779146194,
    -0.010691054165363312,
    -0.0005151513032615185,
    0.042399365454912186,
    0.0022674216888844967,
    0.023756155744194984,
    -0.032018039375543594,
    -0.07397542893886566,
    -0.0036596113350242376,
    -0.028093969449400902,
    -0.014422092586755753,
    -0.021814344450831413,
    0.016487790271639824,
    -0.07659312337636948,
    -0.055999938398599625,
    -0.042679619044065475,
    0.03994104266166687,
    0.007810463197529316,
    -0.04946170747280121,
    -0.03855238854885101,
    0.019291754812002182,
    0.007071871776133776,
    0.02796330116689205,
    -0.07806859165430069,
    0.06267255544662476,
    0.04582257941365242,
    -0.004285115748643875,
    0.004166065249592066,
    0.00613508140668273,
    0.12521912157535553,
    -0.021198073402047157,
    0.02021735906600952,
    -0.009757687337696552,
    0.005524682812392712,
    0.04874000698328018,
    -0.01831670291721821,
    -0.024750081822276115,
    0.08318720757961273,
    -0.14880044758319855,
    -0.0552208386361599,
    -0.008516620844602585,
    0.01827806979417801,
    0.05251237004995346,
    -0.12016116827726364,
    0.03693119063973427,
    0.032754022628068924,
    -0.032773930579423904,
    0.07877156883478165,
    -0.02421807311475277,
    -0.047260966151952744,
    0.022531213238835335,
    -0.03879145532846451,
    0.09463240206241608,
    0.07077621668577194,
    -0.022947268560528755,
    -0.02761727198958397,
    0.04616859182715416,
    0.02276359125971794,
    0.05067723989486694,
    -0.003322903998196125,
    0.04034200310707092,
    -0.029212720692157745,
    0.09884893894195557,
    -0.01590566709637642,
    0.0547143891453743,
    -0.06261458992958069,
    -0.028322899714112282,
    0.03587144613265991,
    0.05717415362596512,
    0.03943409398198128,
    -0.024564145132899284,
    0.1069435328245163,
    0.012207253836095333,
    -0.011687935329973698,
    0.004833286162465811,
    0.09353134036064148,
    0.047940775752067566,
    -0.04216446354985237,
    0.08512047678232193,
    -0.07228470593690872,
    -0.004488281439989805,
    -0.040027569979429245,
    -0.009098430164158344,
    -0.06635202467441559,
    0.02929469384253025,
    -0.11368508636951447,
    -0.045617684721946716,
    0.03307897970080376,
    0.013641386292874813,
    -0.011737658642232418,
    -0.001411153469234705,
    -0.020330414175987244,
    -0.029698962345719337,
    -0.07504311949014664,
    -5.2988015991405496e-33,
    -0.012565079145133495,
    0.13365499675273895,
    0.04495948180556297,
    0.06185837462544441,
    0.07456961274147034,
    0.016139686107635498,
    0.04991873726248741,
    -0.0323169082403183,
    -0.003162458073347807,
    -0.08515804260969162,
    -0.10219983756542206,
    0.04461585357785225,
    0.03847212344408035,
    0.014185512438416481,
    -0.07998286187648773,
    0.08495790511369705,
    0.10632184892892838,
    -0.006312441546469927,
    0.03307313099503517,
    -0.006505531258881092,
    -0.056459940969944,
    0.026727428659796715,
    0.0007692098151892424,
    0.08303175121545792,
    -0.025465400889515877,
    -0.04510047659277916,
    0.04276995733380318,
    0.010790495201945305,
    -0.031353238970041275,
    0.03258020058274269,
    0.08940582722425461,
    -0.116072878241539,
    -0.014889840967953205,
    -0.04153971001505852,
    -0.0032334032002836466,
    -0.05223684757947922,
    0.047519050538539886,
    0.016659170389175415,
    -0.03769383952021599,
    0.03313383832573891,
    0.010821820236742496,
    -0.03689347580075264,
    -0.024663222953677177,
    0.0033342624083161354,
    -0.03080020844936371,
    -0.025795428082346916,
    0.0033780657686293125,
    -0.0279325433075428,
    -0.0011810185387730598,
    0.016116760671138763,
    -0.009518292732536793,
    0.06853558868169785,
    -0.09892494231462479,
    -0.021369410678744316,
    0.020230228081345558,
    0.041691724210977554,
    -0.03952023759484291,
    0.06010272726416588,
    -0.0566813163459301,
    0.020108696073293686,
    0.013881055638194084,
    -0.032225094735622406,
    -0.01710912398993969,
    -0.008138097822666168,
    0.023707177489995956,
    -0.01241382397711277,
    0.006053096614778042,
    -0.03668200224637985,
    -0.033723387867212296,
    0.010786615312099457,
    0.07133949548006058,
    0.034619398415088654,
    0.014804467558860779,
    -0.038050733506679535,
    -0.0256965309381485,
    0.017392897978425026,
    -0.030573006719350815,
    -0.057839736342430115,
    0.013158817775547504,
    -0.05275483801960945,
    -0.02434762567281723,
    0.06389127671718597,
