{
  "id": 196,
  "vector": [
    -0.050357263535261154,
    0.05603863671422005,
    0.025927875190973282,
    0.069642573595047,
    -0.0373494029045105,
    -0.016913067549467087,
    0.060847390443086624,
    0.049315717071294785,
    -0.038506750017404556,
    0.06145568564534187,
    0.007967397570610046,
    -0.061592455953359604,
    0.0006450630608014762,
    0.013492929749190807,
    0.0025245174765586853,
    -0.06648123264312744,
    -0.01621558889746666,
    -0.04527360200881958,
    -0.03412351384758949,
    -0.06533113867044449,
    0.0485762320458889,
    -0.14855724573135376,
    -0.012276076711714268,
    0.038472872227430344,
    0.05660570412874222,
    0.033489763736724854,
    -0.010540896095335484,
    0.033957339823246,
    0.006919756531715393,
    -0.06108247861266136,
    -0.02321522869169712,
    0.0987926796078682,
    0.06630618125200272,
    -0.03080432303249836,
    -0.06638544797897339,
    -0.05475297570228577,
    0.0065841334871947765,
    -0.0013451343402266502,
    0.10873700678348541,
    -0.03344525024294853,
    -0.02865891344845295,
    -0.015466398559510708,
    0.04239847883582115,
    0.06934858858585358,
    -0.04766140133142471,
    -0.06637253612279892,
    -0.04825940728187561,
    0.013608072884380817,
    0.03482501581311226,
    -0.012911906465888023,
    -0.009339600801467896,
    0.07815774530172348,
    -0.0833197757601738,
    -0.0076055931858718395,
    0.04207555204629898,
    -0.004540855530649424,
    -0.014658248052001,
    0.006042152643203735,
    0.0539524219930172,
    0.06691078096628189,
    -0.02409232221543789,
    -0.04128202423453331,
    -0.046751007437705994,
    0.005598394200205803,
    -0.02370418608188629,
    -0.002246032003313303,
    -0.06266243755817413,
    0.026774456724524498,
    -0.022189641371369362,
    0.03200218454003334,
    0.052123311907052994,
    0.0269089937210083,
    0.006739969365298748,
    -0.05439869314432144,
    0.06842494755983353,
    0.037243571132421494,
    0.12145384401082993,
    -0.026341188699007034,
    -0.09046436846256256,
    0.044496141374111176,
    -0.109488844871521,
    0.010792330838739872,
    0.026447514072060585,
    0.008227203972637653,
    -0.13533389568328857,
    -0.03955891728401184,
    0.049223124980926514,
    -0.005613270681351423,
    0.013124212622642517,
    -0.08108413219451904,
    -0.07703948765993118,
    0.06922303140163422,
    -0.03339139744639397,
    0.006653855554759502,
    -0.0013712445506826043,
    0.01166799571365118,
    -0.05167445167899132,
    0.018169471994042397,
    0.06422022730112076,
    0.018763920292258263,
    0.01739937998354435,
    -0.00690145930275321,
    0.09601772576570511,
    -0.0384829118847847,
    0.016860036179423332,
    0.02043750137090683,
    0.02931332215666771,
    0.035393986850976944,
    0.0945499986410141,
    0.027628209441900253,
    0.013714932836592197,
    -0.03305049613118172,
    -0.0570545569062233,
    0.08129029721021652,
    0.0014918658416718245,
    -0.0351095050573349,
    0.044910892844200134,
    -0.003973206039518118,
    0.05931512266397476,
    0.043993931263685226,
    0.0432652048766613,
    -0.015711713582277298,
    -0.021451203152537346,
    -0.0841401219367981,
    -0.10042586922645569,
    0.005094132851809263,
    0.019374310970306396,
    4.166392055011776e-33,
    -0.07976316660642624,
    0.00424205930903554,
    -0.0026534416247159243,
    0.02762189507484436,
    0.08116050064563751,
    0.00038504949770867825,
    0.0002761037612799555,
    0.0036122745368629694,
    -0.01190717238932848,
    0.02088618092238903,
    -0.12578924000263214,
    0.06003875285387039,
    -0.07509614527225494,
    0.104205422103405,
    -0.021290531381964684,
    -0.11594704538583755,
    -0.014355411753058434,
    0.042849887162446976,
    -0.05041234940290451,
    -0.028564082458615303,
    -0.04665018245577812,
    0.06177437677979469,
    -0.006435311399400234,
    -0.01810498721897602,
    0.03244470804929733,
    -0.009663762524724007,
    0.05274612829089165,
    -0.03312859684228897,
    -0.03265591338276863,
    0.017170893028378487,
    0.048188466578722,
    0.009257979691028595,
    0.04070214554667473,
    0.014349791221320629,
    -0.03611448407173157,
    -0.02072921209037304,
    -0.0025569878052920103,
    0.03423206880688667,
    0.01322996150702238,
    -0.011868513189256191,
    -0.05143116042017937,
    0.07994799315929413,
    0.09744388610124588,
    -0.0037180769722908735,
    -0.12003481388092041,
    0.06245575100183487,
    0.06603235006332397,
    0.04381592944264412,
    0.08781749755144119,
    0.09412562847137451,
    -0.07785364240407944,
    0.05265560373663902,
    -0.08300765603780746,
    0.08990046381950378,
    0.013663561083376408,
    0.02198496088385582,
    -0.003908065147697926,
    0.024579597637057304,
    0.0764506608247757,
    0.006908180192112923,
    0.008182190358638763,
    0.024698061868548393,
    0.0009011731017380953,
    0.03929387405514717,
    0.062168411910533905,
    -0.001871816930361092,
    -0.06141740456223488,
    -0.0335250049829483,
    0.08007588237524033,
    -0.010609480552375317,
    -0.006648652255535126,
    -0.002095060655847192,
    0.024791039526462555,
    -0.034921009093523026,
    0.05916372314095497,
    0.011637512594461441,
    0.026151670143008232,
    0.0555402897298336,
    -0.07720322161912918,
    0.039910074323415756,
    -0.054987046867609024,
    -0.026390844956040382,
    0.03018195554614067,
    -0.09143564850091934,
    -0.006165745202451944,
    0.038532037287950516,
    -0.02408496104180813,
    0.03690122812986374,
    -0.03452102094888687,
    0.05704380199313164,
    -0.05358823388814926,
    -0.021101245656609535,
    0.006803822237998247,
    -0.04602200537919998,
    -0.06626248359680176,
    -4.091749265760515e-33,
    0.05844983831048012,
    0.01724705658853054,
    -0.008436203934252262,
    0.07779523730278015,
    0.08800648897886276,
    0.05002904683351517,
    0.015598991885781288,
    0.05983918532729149,
    -0.014579497277736664,
    -0.013821373693645,
    0.01319760549813509,
    0.02784697338938713,
    0.05126238241791725,
    0.012431399896740913,
    -0.11063174903392792,
    0.05625138431787491,
    0.07476608455181122,
    -0.012173596769571304,
    -0.04343627765774727,
    -0.04007608816027641,
    -0.038968175649642944,
    0.03728904575109482,
    -0.10494962334632874,
    0.06053636595606804,
    0.02718484215438366,
    0.003627610858529806,
    0.019348938018083572,
    -0.016932304948568344,
    -0.10400772094726562,
    0.06566675007343292,
    -0.04241551086306572,
    -0.0881611555814743,
    0.008141303434967995,
    0.03262723609805107,
    0.05229067802429199,
    -0.07079122215509415,
    0.06939808279275894,
    0.04484332352876663,
    -0.027363743633031845,
    0.0113935936242342,
    0.03290558606386185,
    -0.09067116677761078,
    -0.016072534024715424,
    0.06381622701883316,
    0.02858039177954197,
    -0.06210445985198021,
    0.028322743251919746,
    -0.0879671573638916,
    -0.05716729164123535,
    0.08481299877166748,
    0.007812947034835815,
    -0.03256652131676674,
    -0.042038533836603165,
    -0.03386088088154793,
    -0.00369017431512475,
    -0.020073050633072853,
    -0.018198497593402863,
    0.08071020990610123,
    -0.031523335725069046,
    -0.0003455496917013079,
    0.06078264117240906,
    -0.03792119398713112,
    -0.02678755857050419,
    0.0008679336169734597,
    0.031902216374874115,
    -0.03837845101952553,
    -0.04484397545456886,
    -0.0832880511879921,
    0.036907073110342026,
    -0.036798980087041855,
    0.10351525247097015,
    -0.010764194652438164,
    -0.03189710155129433,
    -0.0575932040810585,
    -0.07593750208616257,
    -0.005398018751293421,
    0.04244868829846382,
    -0.00610252283513546,
    0.021115213632583618,
    -0.02660219743847847,
    -0.054485347121953964,
    0.014292443171143532,
    0.016578827053308487,
    0.010000165551900864,
