{
  "id": 701,
  "vector": [
    -0.026963714510202408,
    0.019609319046139717,
    0.0052543627098202705,
    0.009443600662052631,
    0.0002510620979592204,
    0.022435039281845093,
    0.03753168135881424,
    0.08897572755813599,
    0.04040295630693436,
    -0.12144505232572556,
    -0.015475206077098846,
    -0.029356636106967926,
    -0.07352475076913834,
    0.003034000052139163,
    -0.055288176983594894,
    -0.04144744575023651,
    -0.04048138111829758,
    0.0688735768198967,
    -0.08117403835058212,
    -0.019717827439308167,
    0.012088075280189514,
    -0.03149736672639847,
    0.03584792837500572,
    0.05420609191060066,
    -0.033628858625888824,
    0.07236457616090775,
    0.034647371619939804,
    -0.04320976138114929,
    0.04392322897911072,
    -0.07305265963077545,
    0.044683776795864105,
    0.05533469468355179,
    -0.04420872777700424,
    -0.033279623836278915,
    -0.026053013280034065,
    -0.05816955491900444,
    0.0010057496838271618,
    -0.040580831468105316,
    0.08199113607406616,
    0.056517086923122406,
    0.06543973833322525,
    -0.041788939386606216,
    0.026916803792119026,
    -0.0275699645280838,
    -0.0470433346927166,
    -0.05871111899614334,
    -0.051797814667224884,
    0.0834302306175232,
    0.07338524609804153,
    -0.02977924793958664,
    0.035724468529224396,
    0.03320657089352608,
    -0.1147819310426712,
    -0.047025054693222046,
    0.024704117327928543,
    -0.11455582827329636,
    -0.07114298641681671,
    0.015663113445043564,
    -0.04233589768409729,
    0.07341276109218597,
    0.004789377562701702,
    0.04597119614481926,
    0.021080436185002327,
    0.03969195485115051,
    -0.05234965682029724,
    0.03498462215065956,
    -0.09123118221759796,
    -0.033780355006456375,
    -0.012952318415045738,
    0.021785955876111984,
    -0.029505930840969086,
    0.05080445483326912,
    -0.0046672094613313675,
    -0.05157381296157837,
    -0.09605897217988968,
    -0.03713318333029747,
    0.05257685109972954,
    -0.0354100726544857,
    -0.0025475937873125076,
    -0.00356253981590271,
    -0.03313325345516205,
    0.04019895941019058,
    -0.0536140501499176,
    0.07248257845640182,
    0.06435663998126984,
    -0.032099951058626175,
    -0.028551174327731133,
    0.0105430344119668,
    0.007113324012607336,
    -0.022690309211611748,
    -0.03797021135687828,
    -0.04370935261249542,
    -0.03272201120853424,
    -0.050379980355501175,
    -0.018593832850456238,
    0.05467448756098747,
    -0.0456574521958828,
    -0.04981453716754913,
    0.004556551109999418,
    0.018275640904903412,
    0.014669621363282204,
    0.031516801565885544,
    0.044128503650426865,
    -0.09051822870969772,
    -0.06790376454591751,
    0.07471136003732681,
    -0.023772412911057472,
    -0.0010964766843244433,
    0.01825100928544998,
    0.058927442878484726,
    -0.06975168734788895,
    0.004179603885859251,
    -0.04527951404452324,
    0.0021529165096580982,
    -0.015629639849066734,
    -0.03620798513293266,
    0.038214001804590225,
    -0.08968911319971085,
    0.022397538647055626,
    -0.018003957346081734,
    0.02103312872350216,
    -0.056329838931560516,
    0.006232317071408033,
    -0.03188735619187355,
    -0.08265089243650436,
    0.011903426609933376,
    0.06819566339254379,
    6.598473703815765e-33,
    -0.12238600850105286,
    -0.027864299714565277,
    0.01781187392771244,
    0.03093632310628891,
    0.0056456588208675385,
    0.03265915438532829,
    0.011304127052426338,
    -0.03571696951985359,
    -0.040960364043712616,
    -0.010173085145652294,
    -0.008161027915775776,
    0.041731469333171844,
    -0.03725656494498253,
    0.06640026718378067,
    -0.07022661715745926,
    -0.07135161757469177,
    0.10878878831863403,
    0.036177124828100204,
    0.10479113459587097,
    -0.14479385316371918,
    -0.07756929099559784,
    0.04684476926922798,
    0.00783900823444128,
    0.02528967894613743,
    -0.08375675231218338,
    0.006391672417521477,
    0.01161390170454979,
    0.0029850134160369635,
    0.01104809995740652,
    0.024411313235759735,
    0.09660171717405319,
    -0.042923908680677414,
    0.040386635810136795,
    0.02620697394013405,
    -0.09273681044578552,
    -0.05361957848072052,
    -0.011452811770141125,
    -0.07550713419914246,
    0.13293389976024628,
    -0.04697180911898613,
    0.03491200879216194,
    0.06025894731283188,
    0.07429244369268417,
    0.0022621601819992065,
    -0.10224688798189163,
    0.06951016932725906,
    0.018542107194662094,
    0.009133376181125641,
    0.07131436467170715,
    -0.02708095870912075,
    -0.01389602292329073,
    0.050933822989463806,
    -0.024188192561268806,
    0.01719077304005623,
    0.056886475533246994,
    -0.07133921980857849,
    -0.05445804074406624,
    0.018596310168504715,
    -0.03761492669582367,
    0.0796191543340683,
    -0.012831505388021469,
    0.0839805155992508,
    -0.026030052453279495,
    -0.014143496751785278,
    0.06321793794631958,
    -0.0002487817546352744,
    -0.11915269494056702,
    0.006966906599700451,
    -0.030142175033688545,
    -0.00991669949144125,
    0.043349772691726685,
    -0.00603477330878377,
    0.06969162076711655,
    -0.03347952291369438,
    0.08271359652280807,
    0.05238215997815132,
    0.1120104268193245,
    0.07124482095241547,
    -0.0051106419414281845,
    0.09312839061021805,
    -0.05523199960589409,
    0.023338576778769493,
    0.0402497723698616,
    0.07120628654956818,
    -0.04408132657408714,
    -0.0023388417903333902,
    -0.008611196652054787,
    0.030047601088881493,
    -0.003079835558310151,
    -0.06189435347914696,
    0.025779325515031815,
    -0.03590445592999458,
    -0.018657036125659943,
    -0.044234443455934525,
    -0.053658436983823776,
    -6.567069637549578e-33,
    -0.033463697880506516,
    0.09402420371770859,
    0.02711603231728077,
    0.012634683400392532,
    0.04911725968122482,
    0.017554402351379395,
    0.06032807007431984,
    0.04608441889286041,
    0.06729654967784882,
    -0.011393439024686813,
    -0.06722133606672287,
    -0.052588269114494324,
    -0.005075143650174141,
    -0.05619817599654198,
    -0.05787346512079239,
    0.04288977384567261,
    0.11719628423452377,
    0.007708447985351086,
    -0.04124274104833603,
    -0.08251737058162689,
    -0.08621152490377426,
    0.08028475195169449,
    0.009102894924581051,
    0.10242629051208496,
    -0.029244057834148407,
    -0.011027771979570389,
    0.037778016179800034,
    -0.06492556631565094,
    -0.012556820176541805,
    0.07107159495353699,
    0.07016666978597641,
    -0.10519509762525558,
    -0.012286609970033169,
    0.00622215960174799,
    -0.0769747868180275,
    -0.06155107542872429,
    0.10328364372253418,
    -0.013524811714887619,
    -0.052533961832523346,
    -0.030619444325566292,
    0.048473138362169266,
    -0.08815508335828781,
    0.010225867852568626,
    -0.05233708396553993,
    0.050944019109010696,
    -0.036258287727832794,
    0.008644304238259792,
    -0.0782289206981659,
    0.02830125205218792,
    0.008033866994082928,
    -0.00545041449368,
    0.08302868902683258,
    -0.00880991667509079,
    0.021835848689079285,
    -0.022580444812774658,
    0.03258712217211723,
    0.03226867690682411,
    0.022555535659193993,
    0.042452745139598846,
    -0.06586351990699768,
    0.003055684035643935,
    -0.027350492775440216,
    -0.04598066955804825,
    0.023830471560359,
    -0.05034038797020912,
    -0.10946536809206009,
    -0.06154818832874298,
    -0.05387640744447708,
    0.018404796719551086,
    -0.02449529990553856,
    0.06023191660642624,
    0.11711280047893524,
    0.05424689128994942,
    -0.008673673495650291,
    -0.04385744035243988,
    0.0033793491311371326,
    0.04808969795703888,
    -0.06561173498630524,
    0.06775368750095367,
    0.025483887642621994,
    -0.0368599109351635,
    -0.06028131768107414,
    -0.061668284237384796,
