{
  "id": 1052,
  "vector": [
    -0.04976595193147659,
    0.01564989984035492,
    -0.0021559358574450016,
    0.008901653811335564,
    0.03357981517910957,
    0.01541390921920538,
    0.032208334654569626,
    0.08017034083604813,
    -0.05787721276283264,
    0.010762947611510754,
    0.01584281586110592,
    -0.050619229674339294,
    0.019662296399474144,
    0.0654996708035469,
    -0.06803254038095474,
    0.04857880622148514,
    -0.03137323260307312,
    0.057746827602386475,
    -0.03819354996085167,
    0.0046617561019957066,
    0.0338662788271904,
    -0.017795145511627197,
    -0.01525719091296196,
    0.030384421348571777,
    0.08085893839597702,
    0.007203929126262665,
    -0.03872999548912048,
    0.008647509850561619,
    -0.006576456595212221,
    -0.015961363911628723,
    -0.001320800743997097,
    0.017516300082206726,
    0.08311319351196289,
    0.008585615083575249,
    0.005785821471363306,
    -0.02151380479335785,
    -0.026774782687425613,
    -0.01706312596797943,
    0.022877885028719902,
    -0.000077737910032738,
    0.01767229475080967,
    -0.03752216324210167,
    -0.042433079332113266,
    0.03686748445034027,
    -0.04049965366721153,
    -0.054392192512750626,
    0.02391781657934189,
    0.09491518139839172,
    0.007201999891549349,
    0.0878281518816948,
    0.06560718268156052,
    0.011004012078046799,
    -0.12025818973779678,
    0.00021697720512747765,
    -0.006567542906850576,
    -0.06502877175807953,
    0.021532483398914337,
    -0.009818514809012413,
    -0.007228085305541754,
    0.010237102396786213,
    0.0033724552486091852,
    -0.054601673036813736,
    -0.06993088126182556,
    0.05181216821074486,
    -0.018588634207844734,
    0.108010433614254,
    -0.05778001993894577,
    0.006004231981933117,
    -0.0638633444905281,
    0.024186795577406883,
    -0.043388113379478455,
    0.015411184169352055,
    -0.01805049180984497,
    0.06349843740463257,
    -0.00884199421852827,
    0.0065496028400957584,
    0.10047634690999985,
    -0.036503393203020096,
    0.025287266820669174,
    -0.028368059545755386,
    -0.08912411332130432,
    -0.021351367235183716,
    -0.011466641910374165,
    0.029465457424521446,
    -0.03341532126069069,
    -0.005220770835876465,
    0.019766533747315407,
    0.04758166894316673,
    -0.01647566631436348,
    -0.09399951249361038,
    -0.04439665377140045,
    -0.0007335703121498227,
    -0.03664582595229149,
    0.08471217751502991,
    0.019797496497631073,
    0.0429084450006485,
    -0.04125377535820007,
    0.02125338278710842,
    0.013771398924291134,
    -0.016439927741885185,
    0.03708986937999725,
    -0.05322161316871643,
    0.11794919520616531,
    -0.09568621963262558,
    -0.07754634320735931,
    -0.06617400050163269,
    0.006962560582906008,
    0.030351748690009117,
    -0.016663219779729843,
    -0.01700245775282383,
    -0.11026516556739807,
    0.013555021956562996,
    0.012476716190576553,
    0.007275161799043417,
    -0.045432280749082565,
    -0.012346931733191013,
    0.04744867980480194,
    0.07371335476636887,
    0.08999074250459671,
    0.026175694540143013,
    0.06488019973039627,
    -0.018108773976564407,
    0.0859297588467598,
    -0.018498893827199936,
    -0.0357418991625309,
    -0.038492754101753235,
    0.030310165137052536,
    7.409509704585449e-33,
    -0.06430783867835999,
    -0.010284526273608208,
    -0.007514536380767822,
    0.1143086701631546,
    -0.007871999405324459,
    0.00857788696885109,
    0.04385526105761528,
    -0.04149021580815315,
    0.025049498304724693,
    0.05969292297959328,
    -0.03355686366558075,
    0.06297432631254196,
    0.0031750546768307686,
    0.15589745342731476,
    -0.04394543170928955,
    -0.007761855609714985,
    -0.00614754157140851,
    -0.037700626999139786,
    0.05514117330312729,
    -0.057535506784915924,
    -0.07330938428640366,
    0.11941582709550858,
    0.0689062774181366,
    0.019815972074866295,
    -0.05843416973948479,
    -0.025630848482251167,
    0.07705104351043701,
    -0.005664953030645847,
    -0.0558551661670208,
    0.02877083420753479,
    0.1581665426492691,
    -0.07164217531681061,
    0.08290323615074158,
    -0.02856578305363655,
    -0.06867755204439163,
    0.09129158407449722,
    -0.057659003883600235,
    -0.0072787171229720116,
    0.00212296680547297,
    0.035341523587703705,
    0.03536864370107651,
    0.044595278799533844,
    0.06830094754695892,
    -0.02128593623638153,
    -0.027679067105054855,
    0.03351107984781265,
    0.03976869583129883,
    0.004139261320233345,
    -0.023682354018092155,
    -0.01638627238571644,
    0.022790774703025818,
    -0.00580785283818841,
    -0.027399461716413498,
    -0.05969564989209175,
    0.039712391793727875,
    -0.06376516819000244,
    0.01673094555735588,
    0.07686764001846313,
    -0.01612691953778267,
    0.03599971905350685,
    0.031882621347904205,
    0.05635982006788254,
    0.02361808344721794,
    -0.026706721633672714,
    0.04280586168169975,
    -0.0857216939330101,
    -0.07377845793962479,
    -0.06824100017547607,
    -0.09052027761936188,
    -0.00034799365676008165,
    0.04530274122953415,
    0.07952935248613358,
    0.0592285618185997,
    -0.04826533421874046,
    0.02791978418827057,
    -0.009865336120128632,
    0.019393792375922203,
    0.0767626017332077,
    -0.03298860043287277,
    -0.003988121636211872,
    -0.13897627592086792,
    -0.019229348748922348,
    0.004774200264364481,
    -0.05565677955746651,
    -0.07144252210855484,
    0.007681626360863447,
    -0.0781283751130104,
    0.012997208163142204,
    -0.013178364373743534,
    0.013360267505049706,
    0.0015556481666862965,
    -0.004764341749250889,
    -0.045400701463222504,
    -0.035721611231565475,
    0.008162991143763065,
    -6.022399554650271e-33,
    -0.03832324966788292,
    0.05688405781984329,
    -0.03474273160099983,
    0.12332383543252945,
    0.03990054503083229,
    -0.006047559902071953,
    0.058904923498630524,
    0.09549054503440857,
    0.0562480129301548,
    -0.007940301671624184,
    0.0336906723678112,
    -0.012177257798612118,
    -0.013460253365337849,
    -0.0015773437917232513,
    0.014463727362453938,
    0.05725999176502228,
    -0.002892951015383005,
    -0.06549803912639618,
    -0.002620580606162548,
    -0.07323779910802841,
    -0.09208501875400543,
    0.03550657629966736,
    0.08832766115665436,
    0.08928721398115158,
    0.04594750702381134,
    0.03493133932352066,
    -0.009197920560836792,
    -0.005414721556007862,
    -0.030392363667488098,
    -0.02748384326696396,
    0.061655089259147644,
    -0.10811370611190796,
    0.010762720368802547,
    0.0699954554438591,
    -0.057409580796957016,
    0.01081225834786892,
    0.019239816814661026,
    0.09935814142227173,
    -0.0010965671390295029,
    -0.04085908085107803,
    0.010016153566539288,
    -0.06423389911651611,
    0.020246965810656548,
    -0.07630779594182968,
    -0.049208834767341614,
    -0.05313054099678993,
    -0.005880353040993214,
    -0.11629503965377808,
    0.038454119116067886,
    0.00048227907973341644,
    0.017662236467003822,
    0.04592261090874672,
    -0.049359872937202454,
    -0.03586501255631447,
    0.040703460574150085,
    0.04828004166483879,
    -0.09066995233297348,
    0.010653188452124596,
    0.03228254243731499,
    -0.004219501279294491,
    -0.02589266188442707,
    0.02870384231209755,
    -0.02809746563434601,
    -0.03235047683119774,
    0.006993758957833052,
    0.010555282235145569,
    -0.10797338932752609,
    -0.0816330686211586,
    -0.03629790246486664,
    0.03117714636027813,
    0.07676859945058823,
    0.057870812714099884,
    -0.0736086294054985,
    -0.05062185972929001,
    -0.09830144047737122,
    0.002578811487182975,
    0.07145469635725021,
    0.035259317606687546,
    0.025625595822930336,
    -0.01751241460442543,
    -0.048928920179605484,
    -0.053324583917856216,
    -0.06009795144200325,
