{
  "id": 462,
  "vector": [
    -0.03453141078352928,
    0.00820531789213419,
    -0.018219541758298874,
    -0.052404120564460754,
    -0.0296761654317379,
    -0.061587635427713394,
    0.0661875307559967,
    0.14824272692203522,
    -0.03713565319776535,
    0.038298819214105606,
    0.04367978870868683,
    -0.03618048131465912,
    0.02267150767147541,
    0.0768173411488533,
    -0.05575310438871384,
    0.014326514676213264,
    -0.0319778248667717,
    0.024392051622271538,
    -0.06619134545326233,
    0.05091988667845726,
    0.03568568825721741,
    0.025666609406471252,
    0.036396466195583344,
    -0.02117716707289219,
    -0.07953449338674545,
    0.08999108523130417,
    -0.01760970801115036,
    0.016293318942189217,
    0.03223486244678497,
    -0.06909538060426712,
    0.06998106837272644,
    0.07869809120893478,
    0.09819439798593521,
    -0.05265909060835838,
    0.009225037880241871,
    -0.03785443678498268,
    -0.05600379407405853,
    -0.0614018440246582,
    0.11877016723155975,
    0.030429722741246223,
    0.020993979647755623,
    0.04438230022788048,
    0.031516239047050476,
    0.016408393159508705,
    0.030020954087376595,
    -0.03892773389816284,
    0.038598883897066116,
    0.030515842139720917,
    0.09454785287380219,
    0.0009355017682537436,
    0.011091122403740883,
    0.03341422602534294,
    -0.09501936286687851,
    0.05552665889263153,
    -0.050579532980918884,
    -0.11998546123504639,
    -0.021378949284553528,
    -0.025222057476639748,
    -0.03997005894780159,
    -0.011164340190589428,
    0.010317156091332436,
    0.04897405579686165,
    -0.038246117532253265,
    0.0423576645553112,
    -0.03210355341434479,
    0.1039312556385994,
    -0.019254514947533607,
    -0.025215432047843933,
    -0.022378839552402496,
    0.050079043954610825,
    -0.03857726603746414,
    0.00822034478187561,
    0.014320580288767815,
    0.06700924038887024,
    0.012452908791601658,
    0.005542117636650801,
    0.11855992674827576,
    -0.10460619628429413,
    -0.07276715338230133,
    -0.048009276390075684,
    -0.07025086134672165,
    -0.039499323815107346,
    -0.01974811963737011,
    0.05634959414601326,
    0.03609975799918175,
    -0.027269190177321434,
    0.01997929997742176,
    0.06369031965732574,
    0.021120471879839897,
    -0.024344710633158684,
    -0.015059864148497581,
    0.04686303436756134,
    -0.0008387186680920422,
    -0.013628038577735424,
    -0.018962573260068893,
    0.039259590208530426,
    -0.05336853489279747,
    0.01153246033936739,
    -0.020841985940933228,
    0.037259723991155624,
    0.023541713133454323,
    0.0010667529422789812,
    0.0664893388748169,
    -0.0750637948513031,
    -0.03479546681046486,
    -0.050380777567625046,
    0.015847984701395035,
    0.031200673431158066,
    0.010022540576756,
    0.04131162539124489,
    -0.11034069210290909,
    -0.03454079478979111,
    -0.0672890916466713,
    -0.013102051801979542,
    -0.023777857422828674,
    -0.07723085582256317,
    0.1363648772239685,
    0.011813601478934288,
    0.03273182734847069,
    -0.0175879318267107,
    0.10546576976776123,
    -0.023700477555394173,
    0.04772227630019188,
    -0.06499017030000687,
    -0.053086381405591965,
    0.04905058443546295,
    0.029304588213562965,
    4.780394631432505e-33,
    -0.12880200147628784,
    0.006844264455139637,
    0.010936991311609745,
    -0.04517615959048271,
    0.06993558257818222,
    0.01677681691944599,
    0.0332542285323143,
    0.00856107845902443,
    0.027452996000647545,
    0.03923504427075386,
    -0.09662535786628723,
    0.06849785894155502,
    -0.003745434805750847,
    0.07567431777715683,
    0.030525997281074524,
    -0.012705749832093716,
    0.03175072744488716,
    0.00822622049599886,
    0.04053172841668129,
    -0.06841912865638733,
    -0.05951271578669548,
    0.06387417763471603,
    -0.01611863635480404,
    0.04908958077430725,
    -0.03908207640051842,
    0.01635117270052433,
    0.028061365708708763,
    0.046604596078395844,
    -0.07903707772493362,
    0.012535719200968742,
    0.014645318500697613,
    -0.019668549299240112,
    0.041773684322834015,
    -0.018535379320383072,
    -0.0325317420065403,
    -0.0001987890718737617,
    -0.12809784710407257,
    -0.04826853424310684,
    0.07245690375566483,
    -0.06786377727985382,
    -0.03920149430632591,
    -0.002823188900947571,
    0.10010115057229996,
    0.05048792064189911,
    -0.017166372388601303,
    0.04552740976214409,
    -0.11646048724651337,
    0.028715258464217186,
    0.042452357709407806,
    -0.0298919640481472,
    0.017007241025567055,
    0.05478253960609436,
    -0.06184723600745201,
    0.06632227450609207,
    -0.026812436059117317,
    -0.06893693655729294,
    -0.06992381811141968,
    0.052208125591278076,
    0.022811856120824814,
    0.05416903272271156,
    -0.01553616113960743,
    0.04506270959973335,
    -0.023536771535873413,
    0.06827456504106522,
    -0.02588942088186741,
    -0.0621517039835453,
    -0.00455582095310092,
    -0.024869617074728012,
    -0.000068595603806898,
    -0.01239937823265791,
    -0.034732211381196976,
    -0.037418901920318604,
    0.04415382444858551,
    0.016760943457484245,
    -0.006260632071644068,
    -0.0013421033509075642,
    0.07682064920663834,
    0.0011564421001821756,
    0.022555330768227577,
    0.06808751821517944,
    -0.12387397140264511,
    0.01414321456104517,
    0.023394647985696793,
    -0.021227264776825905,
    -0.05363134294748306,
    0.0255744531750679,
    -0.008230738341808319,
    0.02565702050924301,
    -0.0477183535695076,
    -0.05492432042956352,
    0.07748309522867203,
    -0.02509637549519539,
    -0.023957382887601852,
    0.002184318844228983,
    -0.04647140949964523,
    -4.902259232808205e-33,
    -0.0063880677334964275,
    0.026083344593644142,
    -0.014200818724930286,
    0.04586515948176384,
    0.03247004747390747,
    0.003484847489744425,
    0.05038696900010109,
    0.07451538741588593,
    0.029004743322730064,
    0.0016148616559803486,
    0.008664771914482117,
    -0.052594538778066635,
    0.019494716078042984,
    -0.0684804767370224,
    -0.028104225173592567,
    0.11551234126091003,
    0.06282361596822739,
    -0.05170786380767822,
    -0.030573919415473938,
    -0.07713061571121216,
    0.002133532427251339,
    0.09538587182760239,
    0.025099800899624825,
    0.08111266046762466,
    -0.008538997732102871,
    0.0010419738246127963,
    0.0076972502283751965,
    -0.0363592691719532,
    0.005660408176481724,
    0.04067079350352287,
    -0.0017167325131595135,
    -0.040941834449768066,
    0.021117085590958595,
    -0.050211820751428604,
    -0.043679989874362946,
    -0.04661931097507477,
    0.11399073898792267,
    -0.01793692633509636,
    0.002764931181445718,
    -0.0330885648727417,
    0.10070712119340897,
    -0.03718240559101105,
    -0.019436530768871307,
    0.006868829019367695,
    -0.007077328395098448,
    0.003732390934601426,
    0.01622534915804863,
    -0.0807487964630127,
    -0.012548896484076977,
    0.006531076971441507,
    -0.008490202948451042,
    0.05942414328455925,
    -0.021360140293836594,
    -0.028104079887270927,
    0.031205205246806145,
    0.08038146793842316,
    -0.05022813379764557,
    -0.03247029706835747,
    -0.003001285018399358,
    -0.021721983328461647,
    0.01634497568011284,
    -0.026295475661754608,
    0.0020529855974018574,
    0.014776892028748989,
    0.030986133962869644,
    0.028240105137228966,
    0.0830063596367836,
    -0.015413283370435238,
    -0.03451972082257271,
    -0.03387634828686714,
    0.041861388832330704,
    0.0635976567864418,
    0.003257166361436248,
    -0.067628875374794,
    -0.08163057267665863,
    -0.014856590889394283,
    0.014303413219749928,
    -0.025495246052742004,
    0.03897871449589729,
    0.01998060755431652,
    -0.01960860565304756,
    -0.05971831828355789,
    0.018711591139435768,
