{
  "id": 143,
  "vector": [
    0.018339358270168304,
    0.021724656224250793,
    -0.026705773547291756,
    -0.0021263337694108486,
    -0.015911709517240524,
    -0.02998904325067997,
    0.021454574540257454,
    0.088015615940094,
    -0.0515303798019886,
    -0.042830612510442734,
    0.005533299408853054,
    -0.08752881735563278,
    0.035209450870752335,
    0.01323685422539711,
    -0.034421391785144806,
    -0.03421002998948097,
    0.05987896770238876,
    0.025228237733244896,
    -0.05827133357524872,
    -0.030443036928772926,
    0.10716473311185837,
    0.007979265414178371,
    -0.0010993208270519972,
    0.01607905887067318,
    -0.053286563605070114,
    0.019398951902985573,
    -0.022263042628765106,
    -0.08490364253520966,
    0.03029698319733143,
    -0.08320315182209015,
    0.05590924248099327,
    0.03650129586458206,
    0.00215081125497818,
    -0.03929493948817253,
    0.04285545274615288,
    -0.055836066603660583,
    -0.0773475393652916,
    -0.027580328285694122,
    0.07113400101661682,
    0.02002173289656639,
    0.0672495886683464,
    0.04834398254752159,
    -0.0024151604156941175,
    0.03525092825293541,
    0.03404031693935394,
    0.00023424204846378416,
    -0.010083810426294804,
    0.056480202823877335,
    0.08981405943632126,
    -0.0017974539659917355,
    -0.011394273489713669,
    0.0002486600715201348,
    -0.14918826520442963,
    0.061883337795734406,
    0.04219590127468109,
    -0.11106126755475998,
    -0.07988077402114868,
    -0.009637999348342419,
    0.0004869743424933404,
    0.0773722305893898,
    -0.012899089604616165,
    -0.00655966904014349,
    -0.0011604255996644497,
    -0.02820126712322235,
    0.04804740473628044,
    -0.03016537055373192,
    -0.052246782928705215,
    -0.052635565400123596,
    -0.03468563035130501,
    0.08165662735700607,
    0.006245042197406292,
    0.10319439321756363,
    0.035648033022880554,
    0.0012884343741461635,
    -0.06032866612076759,
    -0.018277587369084358,
    0.03673086315393448,
    -0.02742641419172287,
    -0.06106547266244888,
    0.11024787276983261,
    -0.09029343724250793,
    0.04494138062000275,
    0.06324384361505508,
    -0.01046585664153099,
    -0.03758646920323372,
    0.01214011013507843,
    -0.0009689488797448575,
    0.019122956320643425,
    -0.002880510874092579,
    -0.056311532855033875,
    -0.03632939234375954,
    0.01818094588816166,
    -0.012174880132079124,
    0.04474165290594101,
    -0.0028642197139561176,
    -0.02910451777279377,
    -0.0714292824268341,
    -0.03744830563664436,
    0.046982623636722565,
    0.04290222004055977,
    0.006341999396681786,
    -0.049703191965818405,
    0.04968426749110222,
    -0.10421225428581238,
    -0.06752447038888931,
    -0.024137986823916435,
    -0.031787484884262085,
    -0.021416690200567245,
    0.10725168883800507,
    0.13668915629386902,
    -0.03784753382205963,
    -0.01983489841222763,
    -0.05561374872922897,
    0.018964627757668495,
    -0.00522339902818203,
    -0.05495878681540489,
    0.08662723004817963,
    -0.022877734154462814,
    0.012205954641103745,
    -0.03974729776382446,
    -0.0067648557014763355,
    -0.03472509607672691,
    0.04888388141989708,
    -0.09174074977636337,
    -0.052786149084568024,
    0.04267847165465355,
    0.0950523242354393,
    5.860074070377283e-33,
    -0.08203527331352234,
    -0.014020969159901142,
    0.03715724125504494,
    0.015263820067048073,
    0.061010655015707016,
    0.033979326486587524,
    0.04321971535682678,
    -0.030990727245807648,
    0.05297546088695526,
    0.05030553787946701,
    -0.058608200401067734,
    0.05457855761051178,
    -0.0050288052298128605,
    0.11990348994731903,
    -0.022734759375452995,
    -0.04217558354139328,
    0.08551590889692307,
    0.027210935950279236,
    -0.00651573808863759,
    -0.08359788358211517,
    -0.06190187484025955,
    0.05907905474305153,
    0.01661897450685501,
    0.04988940805196762,
    -0.09460558742284775,
    0.03395579010248184,
    -0.024706993252038956,
    -0.03842970356345177,
    0.07930002361536026,
    -0.003083667950704694,
    0.04727604612708092,
    -0.01423573400825262,
    -0.025879012420773506,
    -0.002424597041681409,
    -0.07996107637882233,
    -0.0012082272442057729,
    -0.009298603050410748,
    -0.03486635908484459,
    0.039678022265434265,
    -0.042928192764520645,
    0.03469300642609596,
    0.021030403673648834,
    0.07936156541109085,
    0.009005583822727203,
    -0.08460426330566406,
    0.09459415823221207,
    0.023268666118383408,
    -0.004452633671462536,
    0.03131486102938652,
    -0.014144458808004856,
    -0.05017371475696564,
    0.06420037150382996,
    -0.011028233915567398,
    0.017502998933196068,
    0.037491485476493835,
    -0.05364631861448288,
    -0.0708419531583786,
    0.005244091618806124,
    0.03621795028448105,
    0.08624903112649918,
    -0.013039047829806805,
    -0.03354135900735855,
    0.03276324272155762,
    0.07613223791122437,
    -0.05929425731301308,
    -0.0012174674775451422,
    -0.1113290786743164,
    0.0030080724973231554,
    0.05468563362956047,
    -0.0766439288854599,
    -0.019495835527777672,
    -0.001970152836292982,
    0.08725299686193466,
    -0.05397634953260422,
    0.012214945629239082,
    -0.03112538903951645,
    0.050470490008592606,
    0.061451781541109085,
    -0.03268158808350563,
    0.05977253615856171,
    -0.06429234147071838,
    0.03576747328042984,
    0.02670419029891491,
    -0.008190617896616459,
    0.01983373984694481,
    0.08070675283670425,
    -0.07008562237024307,
    0.008311721496284008,
    0.03376108035445213,
    -0.003317831316962838,
    -0.07793668657541275,
    -0.01397621538490057,
    0.029681004583835602,
    0.010700316168367863,
    -0.06335657835006714,
    -5.030947946232414e-33,
    0.056534502655267715,
    -0.0043427348136901855,
    -0.013165040872991085,
    0.0284201018512249,
    0.09082945436239243,
    -0.04441852867603302,
    -0.003895770525559783,
    0.16247566044330597,
    0.005228590685874224,
    -0.06698988378047943,
    -0.043143462389707565,
    -0.07799607515335083,
    0.04236898943781853,
    -0.023820478469133377,
    -0.10273222625255585,
    0.03671691194176674,
    0.05394507944583893,
    0.04759858176112175,
    0.010197866708040237,
    -0.0473695769906044,
    -0.057975586503744125,
    0.03235791623592377,
    0.013337175361812115,
    0.049362584948539734,
    -0.04816586524248123,
    0.03530286252498627,
    0.06555250287055969,
    -0.07534806430339813,
    -0.039631135761737823,
    0.017192920669913292,
    -0.0060192253440618515,
    -0.1413632482290268,
    -0.01385005284100771,
    0.027579406276345253,
    -0.024959096685051918,
    -0.05410418286919594,
    0.0478973388671875,
    -0.008197383023798466,
    -0.03689947724342346,
    0.06882858276367188,
    0.02152092009782791,
    -0.012390156276524067,
    0.011159667745232582,
    -0.0022633299231529236,
    -0.015642302110791206,
    -0.04336661472916603,
    0.0480976402759552,
    -0.035660963505506516,
    0.050060734152793884,
    0.036566007882356644,
    -0.008588423021137714,
    -0.02577505074441433,
    -0.001716921105980873,
    0.0064942361786961555,
    0.013555825687944889,
    0.05375855416059494,
    -0.020311182364821434,
    0.03811469301581383,
    0.039007022976875305,
    0.014032971113920212,
    0.012479579076170921,
    -0.05064162611961365,
    -0.07046953588724136,
    -0.00673762196674943,
    0.05977603420615196,
    0.08550921082496643,
    0.024249086156487465,
    -0.0715670958161354,
    -0.018457550555467606,
    0.0744946300983429,
    0.0065915342420339584,
    -0.0027895323000848293,
    0.03312256559729576,
    0.05401378124952316,
    0.013806330971419811,
    -0.03315984830260277,
    0.0349564254283905,
    -0.0416303314268589,
    0.02524770051240921,
    -0.036237649619579315,
    -0.06259075552225113,
    -0.02549942396581173,
