{
  "id": 991,
  "vector": [
    0.013587091118097305,
    0.02859768271446228,
    0.010798094794154167,
    -0.03884425759315491,
    -0.0033423956483602524,
    -0.05094059556722641,
    0.03284083679318428,
    0.08166782557964325,
    -0.07005872577428818,
    -0.009031836874783039,
    0.06792546808719635,
    -0.028847264125943184,
    -0.021876301616430283,
    0.0526253767311573,
    -0.08429478853940964,
    -0.03718513622879982,
    -0.051496293395757675,
    0.046500276774168015,
    -0.11562900990247726,
    -0.022832849994301796,
    0.12742897868156433,
    -0.021861763671040535,
    0.004652359057217836,
    -0.013505040667951107,
    -0.027347058057785034,
    0.03874106705188751,
    0.05463352054357529,
    -0.04341458901762962,
    -0.029587917029857635,
    -0.036469802260398865,
    0.08534693717956543,
    0.03450244665145874,
    0.028257008641958237,
    -0.09085981547832489,
    -0.029568862169981003,
    -0.044367603957653046,
    -0.0044497656635940075,
    -0.053531792014837265,
    0.10900452733039856,
    0.013938105665147305,
    0.01747192069888115,
    -0.018076719716191292,
    -0.051899850368499756,
    -0.0029480468947440386,
    -0.02195996232330799,
    -0.03913288563489914,
    -0.011060521006584167,
    0.05894603580236435,
    0.05571479722857475,
    0.037308283150196075,
    0.09010722488164902,
    -0.04516151174902916,
    -0.023820802569389343,
    -0.0029713951516896486,
    -0.018064064905047417,
    -0.08843213319778442,
    -0.016499608755111694,
    0.013349859975278378,
    0.0053352066315710545,
    -0.017272019758820534,
    -0.00547878397628665,
    0.022685514762997627,
    -0.05216338485479355,
    0.001704140566289425,
    0.006463050842285156,
    0.03047548048198223,
    0.024884408339858055,
    0.01670701615512371,
    -0.04720061644911766,
    0.09518566727638245,
    -0.004141491837799549,
    0.043378930538892746,
    0.06300324946641922,
    0.02914988063275814,
    0.0040497384034097195,
    0.02692420594394207,
    0.08093810826539993,
    -0.14611248672008514,
    -0.0106455497443676,
    0.029042501002550125,
    -0.11492083966732025,
    -0.02975737862288952,
    -0.003242677077651024,
    0.05766813084483147,
    0.028450654819607735,
    0.04166727140545845,
    -0.011440386064350605,
    0.018737616017460823,
    0.05468590185046196,
    -0.08304935693740845,
    -0.017916517332196236,
    0.06057850271463394,
    -0.011012733913958073,
    -0.036810602992773056,
    0.009615055285394192,
    0.0201568603515625,
    -0.0032889344729483128,
    -0.019224222749471664,
    -0.01173628680408001,
    0.01762372814118862,
    -0.0025068146642297506,
    0.02936658263206482,
    0.06858324259519577,
    -0.04228246584534645,
    0.003031068714335561,
    -0.013135864399373531,
    0.04411500692367554,
    0.0472945012152195,
    -0.018250498920679092,
    -0.011123458854854107,
    0.025990765541791916,
    0.07668091356754303,
    0.06047922000288963,
    0.03997321426868439,
    -0.010945159941911697,
    0.03910049796104431,
    0.032873935997486115,
    -0.01803615875542164,
    -0.033661071211099625,
    0.029823100194334984,
    0.03954325616359711,
    0.019526652991771698,
    -0.08247597515583038,
    -0.008366270922124386,
    -0.06462816894054413,
    0.014467724598944187,
    0.07395434379577637,
    4.9707857780153444e-33,
    -0.08129869401454926,
    -0.015453333035111427,
    0.023112701252102852,
    -0.05881468951702118,
    0.03576255962252617,
    -0.03159886598587036,
    0.009468555450439453,
    0.010770753026008606,
    0.07597394287586212,
    0.04866384342312813,
    -0.027965905144810677,
    -0.03465929627418518,
    -0.08414508402347565,
    0.021922670304775238,
    -0.07106075435876846,
    -0.04537615925073624,
    0.0959663838148117,
    0.05071856454014778,
    0.024776145815849304,
    -0.05554119870066643,
    -0.05141796916723251,
    -0.013244954869151115,
    -0.013825218193233013,
    -0.05316069349646568,
    -0.07579392939805984,
    -0.0032879854552447796,
    -0.017299337312579155,
    0.033073730766773224,
    0.018722711130976677,
    0.0025165441911667585,
    0.15567715466022491,
    0.01749870553612709,
    -0.002272485988214612,
    0.03293461725115776,
    -0.09787926822900772,
    0.002711822744458914,
    -0.07918991148471832,
    0.03203323855996132,
    0.022183852270245552,
    -0.031065266579389572,
    0.027711093425750732,
    0.08877488970756531,
    0.07195381075143814,
    0.003705571638420224,
    -0.04617404192686081,
    -0.029151635244488716,
    0.05068604648113251,
    0.02971663698554039,
    0.07848618924617767,
    0.06754664331674576,
    0.02706548571586609,
    0.035393863916397095,
    -0.04020463302731514,
    -0.0002032709599006921,
    0.045207783579826355,
    -0.026837876066565514,
    -0.014924358576536179,
    -0.005226417910307646,
    0.013475991785526276,
    0.06008361652493477,
    0.03822774067521095,
    0.04105275869369507,
    -0.06102239340543747,
    0.05820269137620926,
    0.011045163497328758,
    -0.0003897571878042072,
    -0.07758484780788422,
    0.010308069176971912,
    -0.02376171015202999,
    0.008067861199378967,
    -0.033484090119600296,
    0.043017804622650146,
    0.011609216220676899,
    -0.009087233804166317,
    0.003968944773077965,
    0.029783427715301514,
    0.11033385992050171,
    0.05944721773266792,
    -0.015851374715566635,
    -0.041494447737932205,
    -0.05943666771054268,
    -0.043973226100206375,
    -0.10907229036092758,
    -0.05701019987463951,
    -0.07639765739440918,
    0.09152359515428543,
    -0.03533461317420006,
    0.07699376344680786,
    -0.05276179686188698,
    -0.011801189742982388,
    -0.014466713182628155,
    -0.021704867482185364,
    -0.019033869728446007,
    -0.09534462541341782,
    -0.05490012466907501,
    -4.727607220898907e-33,
    0.03664302080869675,
    0.08258718252182007,
    -0.03163323551416397,
    0.045481327921152115,
    0.04030681774020195,
    0.061084501445293427,
    0.12186197191476822,
    0.009444884024560452,
    -0.026386462152004242,
    0.002566165989264846,
    -0.07134547084569931,
    0.02967972867190838,
    -0.014589742757380009,
    0.017364127561450005,
    -0.047234803438186646,
    0.14773328602313995,
    0.05173567682504654,
    0.04215997830033302,
    -0.052956998348236084,
    -0.10222175717353821,
    -0.04234352707862854,
    0.16761095821857452,
    0.0641617402434349,
    0.1164361760020256,
    0.0030847545713186264,
    -0.04317384958267212,
    0.025132780894637108,
    -0.0012305574491620064,
    -0.048562247306108475,
    0.004918409511446953,
    0.018148226663470268,
    -0.09238484501838684,
    0.05690505728125572,
    0.03189226612448692,
    -0.01318222563713789,
    -0.08124437183141708,
    0.07410465180873871,
    0.025083541870117188,
    0.02032904140651226,
    0.06955178827047348,
    -0.04004025459289551,
    -0.04528472200036049,
    -0.01710832677781582,
    0.033735617995262146,
    -0.03773707523941994,
    -0.021606218069791794,
    -0.027577582746744156,
    -0.11466564983129501,
    -0.007550154812633991,
    -0.007361595053225756,
    0.0063523720018565655,
    0.03869355842471123,
    -0.05862129479646683,
    -0.0634259432554245,
    0.042574718594551086,
    0.09775133430957794,
    0.015897337347269058,
    -0.0379401370882988,
    -0.015871530398726463,
    -0.06362342089414597,
    -0.04915196821093559,
    0.06814441829919815,
    -0.033548757433891296,
    -0.017894934862852097,
    0.0426083579659462,
    -0.03733457252383232,
    -0.06192348524928093,
    -0.05566655471920967,
    -0.010273909196257591,
    0.01570141687989235,
    -0.016278591006994247,
    0.05300774797797203,
    0.01947329007089138,
    -0.12476402521133423,
    -0.11745789647102356,
    -0.10527363419532776,
    -0.009194105863571167,
    -0.06015436723828316,
    0.04310912266373634,
    -0.03031071648001671,
    -0.022156745195388794,
    -0.045049745589494705,
