{
  "id": 374,
  "vector": [
    -0.025418853387236595,
    0.031573209911584854,
    -0.016909159719944,
    -0.0012302387040108442,
    -0.02640795335173607,
    0.04487614706158638,
    0.03049563243985176,
    0.07562857121229172,
    -0.02344576269388199,
    0.04699919372797012,
    0.01840291917324066,
    -0.09183914959430695,
    0.043666157871484756,
    0.11610478162765503,
    -0.056600891053676605,
    0.011278397403657436,
    -0.057552702724933624,
    0.04674546420574188,
    -0.09004675596952438,
    0.08779232949018478,
    -0.01700439676642418,
    0.03127622604370117,
    0.01029790285974741,
    0.04546709731221199,
    -0.023452216759324074,
    -0.0015062815509736538,
    -0.049928050488233566,
    -0.07684944570064545,
    -0.03615223988890648,
    -0.03079698421061039,
    0.07083199918270111,
    0.07808320969343185,
    0.07970753312110901,
    0.040610745549201965,
    0.07202676683664322,
    -0.05979686975479126,
    -0.0494944304227829,
    -0.01721605658531189,
    0.11758152395486832,
    0.021690931171178818,
    0.02026328444480896,
    -0.01841246709227562,
    0.048148367553949356,
    -0.0007313244277611375,
    0.02660285122692585,
    -0.004781442228704691,
    -0.04173744097352028,
    0.06103033199906349,
    0.0185035839676857,
    -0.04003950208425522,
    0.026257731020450592,
    -0.012651772238314152,
    -0.16311177611351013,
    0.02625364623963833,
    0.016990846022963524,
    -0.13570161163806915,
    -0.0014315644511952996,
    -0.021003995090723038,
    -0.0514911524951458,
    0.00010854283027583733,
    -0.03110670857131481,
    -0.00948770809918642,
    -0.045591894537210464,
    0.02086668834090233,
    -0.09708385169506073,
    0.1300741285085678,
    -0.05294812098145485,
    0.049697767943143845,
    -0.003990953788161278,
    0.04083247855305672,
    -0.09003704786300659,
    0.08647926896810532,
    0.01916009932756424,
    0.012113149277865887,
    0.008976579643785954,
    -0.0533268079161644,
    0.03540756180882454,
    -0.05002571642398834,
    -0.09414487332105637,
    -0.041549019515514374,
    -0.07977883517742157,
    -0.016574379056692123,
    -0.02542000077664852,
    0.0788789913058281,
    -0.0722954049706459,
    -0.037385549396276474,
    -0.014816473238170147,
    0.004627599846571684,
    -0.003794088726863265,
    -0.04315678030252457,
    0.006527206394821405,
    0.02594720385968685,
    0.060751479119062424,
    0.022460877895355225,
    -0.08861014246940613,
    0.03923507779836655,
    0.002123979851603508,
    -0.05329352244734764,
    0.07241588085889816,
    -0.005694105755537748,
    -0.009693468920886517,
    -0.012714562937617302,
    0.15616215765476227,
    -0.045148998498916626,
    -0.01597721502184868,
    -0.06910986453294754,
    0.003462169785052538,
    -0.04830271005630493,
    -0.0042739626951515675,
    0.0029008204583078623,
    -0.007438935339450836,
    -0.0247365552932024,
    -0.03508215397596359,
    0.016673563048243523,
    -0.030387120321393013,
    -0.019970906898379326,
    0.09277798235416412,
    -0.03934168443083763,
    -0.0033329271245747805,
    0.030463198199868202,
    -0.005068091209977865,
    0.011221458204090595,
    0.06047675013542175,
    -0.02855900675058365,
    -0.1129622608423233,
    0.01580587960779667,
    0.022277656942605972,
    3.1943845925244576e-33,
    -0.07603688538074493,
    0.021138988435268402,
    0.04218817129731178,
    0.1401301771402359,
    0.009766748175024986,
    -0.020631209015846252,
    0.009847881272435188,
    -0.05535706877708435,
    0.1252942830324173,
    0.0036405022256076336,
    -0.06716866791248322,
    0.030117852613329887,
    0.019830022007226944,
    0.1213817298412323,
    -0.043115660548210144,
    0.02514716237783432,
    -0.040081627666950226,
    0.017485883086919785,
    0.025643661618232727,
    0.050388824194669724,
    -0.08884663879871368,
    0.024937769398093224,
    0.08369448781013489,
    -0.0276747215539217,
    -0.03484651446342468,
    0.024603990837931633,
    0.002322611166164279,
    -0.027381928637623787,
    0.0025200308300554752,
    0.012784569524228573,
    0.09269650280475616,
    -0.00813760980963707,
    0.01788416877388954,
    -0.03945769742131233,
    -0.020082000643014908,
    0.07957319915294647,
    0.013694989494979382,
    -0.04022606089711189,
    -0.0002542147121857852,
    0.026805320754647255,
    -0.031819507479667664,
    0.023017453029751778,
    0.07666658610105515,
    0.039317794144153595,
    0.027724221348762512,
    0.0355079285800457,
    0.03381871059536934,
    0.018074607476592064,
    0.1357087790966034,
    0.029925404116511345,
    -0.00043064248166047037,
    0.02162337116897106,
    -0.0711805522441864,
    -0.03877690061926842,
    0.03975197672843933,
    -0.06667085736989975,
    -0.001404513604938984,
    0.06222070753574371,
    0.0017751335399225354,
    0.07926053553819656,
    0.05711796507239342,
    0.0068044806830585,
    -0.035638585686683655,
    -0.019131213426589966,
    0.02631097100675106,
    -0.02053150348365307,
    -0.03417302295565605,
    0.007536220829933882,
    -0.022411730140447617,
    -0.010400403290987015,
    0.01108477357774973,
    -0.05107458308339119,
    0.03839302808046341,
    0.0008835478802211583,
    0.07317864149808884,
    0.026741409674286842,
    0.09414675086736679,
    0.014836086891591549,
    -0.004764591809362173,
    0.03151121735572815,
    -0.04284166917204857,
    -0.007561126723885536,
    -0.005465495400130749,
    -0.07309482246637344,
    -0.02875165455043316,
    0.053176652640104294,
    0.016058586537837982,
    0.08004847913980484,
    -0.029344940558075905,
    -0.0514896996319294,
    0.02216554805636406,
    0.030835192650556564,
    0.0598253533244133,
    -0.02640446275472641,
    -0.035694122314453125,
    -4.087797400689844e-33,
    -0.014729323796927929,
    0.026964925229549408,
    -0.05820091441273689,
    0.09537835419178009,
    0.01465036254376173,
    0.07396245747804642,
    -0.016396917402744293,
    0.06144999340176582,
    0.06842537969350815,
    0.048356588929891586,
    0.007584401872009039,
    -0.009304619394242764,
    0.06871108710765839,
    -0.01813398115336895,
    0.003805275307968259,
    0.017898498103022575,
    -0.0008606435148976743,
    -0.06935634464025497,
    -0.055536989122629166,
    0.03390992060303688,
    -0.10010027885437012,
    -0.01425830740481615,
    0.04330594465136528,
    0.05833875387907028,
    -0.05298563838005066,
    0.06422431766986847,
    -0.01889338530600071,
    -0.0456082858145237,
    0.0832415223121643,
    -0.0040772962383925915,
    0.0414791963994503,
    -0.14068764448165894,
    -0.03667844831943512,
    0.04957370460033417,
    -0.03729931265115738,
    -0.04600146785378456,
    0.059708286076784134,
    0.03756757825613022,
    -0.05547909438610077,
    -0.012281903065741062,
    -0.01716853305697441,
    -0.07422776520252228,
    0.03048616647720337,
    -0.02484762854874134,
    -0.04673032462596893,
    -0.04232660308480263,
    -0.04350431263446808,
    -0.04188824072480202,
    0.009459022432565689,
    0.01209772564470768,
    0.006092047318816185,
    0.03770802915096283,
    -0.03390536084771156,
    -0.05608217045664787,
    -0.049545932561159134,
    0.017750177532434464,
    -0.03302781283855438,
    0.01647893339395523,
    0.037549812346696854,
    -0.011002941057085991,
    -0.07378531247377396,
    0.04397951439023018,
    -0.03635668009519577,
    -0.004552068654447794,
    -0.06312397867441177,
    -0.02126937359571457,
    -0.11254305392503738,
    -0.09564902633428574,
    -0.11825904995203018,
    0.08072653412818909,
    -0.06261809915304184,
    0.029288899153470993,
    -0.027929900214076042,
    -0.10694587230682373,
    -0.015961021184921265,
    0.035134702920913696,
    -0.03736712411046028,
    -0.09165486693382263,
    0.038772013038396835,
    -0.02203431911766529,
    -0.05255353823304176,
    -0.004053687211126089,
    0.005297928117215633,
