{
  "id": 109,
  "vector": [
    0.017768360674381256,
    -0.006928263232111931,
    -0.030769210308790207,
    0.009137485176324844,
    0.00029910061857663095,
    -0.005573723465204239,
    0.07853595167398453,
    0.07331472635269165,
    -0.02917907014489174,
    -0.024320088326931,
    0.14929313957691193,
    -0.05876622349023819,
    0.005675380118191242,
    -0.05745420232415199,
    -0.03127391263842583,
    -0.04193619266152382,
    0.013624588027596474,
    0.03136829659342766,
    -0.05163970962166786,
    -0.07983193546533585,
    0.02583526261150837,
    -0.07144571840763092,
    -0.017603613436222076,
    0.010378002189099789,
    -0.046736203134059906,
    0.04309773072600365,
    0.03661046922206879,
    -0.01761486381292343,
    0.021919872611761093,
    -0.0784512385725975,
    -0.006381235551089048,
    0.09133920818567276,
    -0.015283772721886635,
    0.01719062216579914,
    0.07312416285276413,
    0.006326260045170784,
    -0.00455353083088994,
    -0.07375562936067581,
    0.0756247267127037,
    -0.004514888860285282,
    0.03161374852061272,
    -0.04973088949918747,
    0.06849310547113419,
    -0.0209572184830904,
    -0.011608926579356194,
    -0.04934198409318924,
    0.005632109474390745,
    0.02312362566590309,
    0.014097131788730621,
    -0.06765260547399521,
    0.018824152648448944,
    0.0716932937502861,
    -0.09258892387151718,
    0.09153912216424942,
    0.04923928901553154,
    -0.03720500320196152,
    -0.12664979696273804,
    0.05497869476675987,
    -0.05778520554304123,
    0.14647197723388672,
    -0.12634380161762238,
    0.02297605760395527,
    -0.0667278990149498,
    -0.008143821731209755,
    0.03812753036618233,
    0.009920759126543999,
    -0.05114151909947395,
    -0.04853438958525658,
    0.004491038154810667,
    0.03478268161416054,
    -0.04435727745294571,
    0.02284172922372818,
    0.042917415499687195,
    0.04011187702417374,
    -0.009462987072765827,
    -0.04028599336743355,
    0.03453078120946884,
    -0.027760161086916924,
    -0.02394695021212101,
    -0.011370498687028885,
    -0.05664319917559624,
    -0.02217007428407669,
    0.08321040868759155,
    -0.01017201878130436,
    -0.051708709448575974,
    -0.021247070282697678,
    -0.07164044678211212,
    0.01632610894739628,
    -0.008738132193684578,
    -0.07741985470056534,
    0.047767557203769684,
    0.13514776527881622,
    0.04428873583674431,
    0.05996474251151085,
    -0.05124789848923683,
    0.016248531639575958,
    -0.07169201970100403,
    -0.05091526731848717,
    -0.029244132339954376,
    0.028601163998246193,
    0.016785014420747757,
    0.014983630739152431,
    0.018869511783123016,
    -0.04357851669192314,
    -0.020455263555049896,
    -0.05243166536092758,
    0.004815304186195135,
    -0.008638355880975723,
    0.00581603916361928,
    0.07963278144598007,
    0.011928954161703587,
    0.02750014327466488,
    -0.05450670048594475,
    -0.01948223076760769,
    -0.044622864574193954,
    0.05534430965781212,
    0.03510276600718498,
    -0.03421415016055107,
    -0.04763391613960266,
    -0.09721384197473526,
    -0.027180779725313187,
    -0.05081922933459282,
    -0.01884704828262329,
    -0.04045167565345764,
    -0.13368922472000122,
    -0.048220932483673096,
    0.05321066081523895,
    3.527773892200859e-33,
    -0.07336514443159103,
    0.015262821689248085,
    0.006829977501183748,
    -0.02191164903342724,
    -0.04550189524888992,
    -0.05981190502643585,
    0.05655856058001518,
    -0.1269250214099884,
    0.03862687572836876,
    -0.03701203316450119,
    -0.09031910449266434,
    -0.009869744069874287,
    -0.07681795954704285,
    0.0965367928147316,
    -0.010051568038761616,
    -0.004111922811716795,
    -0.0032825402449816465,
    0.030456693843007088,
    0.10454537719488144,
    0.01789027824997902,
    -0.010038133710622787,
    0.035332098603248596,
    0.015870623290538788,
    -0.024172423407435417,
    0.044514913111925125,
    0.03526731953024864,
    0.008462649770081043,
    -0.07315431535243988,
    0.03208338841795921,
    0.010975736193358898,
    0.07979315519332886,
    0.0500120185315609,
    -0.002425739774480462,
    0.021371999755501747,
    -0.041638538241386414,
    -0.04967872425913811,
    -0.029028572142124176,
    0.026084911078214645,
    0.0821525827050209,
    0.042481448501348495,
    0.02301436848938465,
    0.04599617421627045,
    0.10179059207439423,
    0.02110378071665764,
    -0.016903147101402283,
    0.04601713642477989,
    0.049267932772636414,
    0.025189140811562538,
    -0.0019639988895505667,
    -0.0012997477315366268,
    0.024677656590938568,
    0.02508593164384365,
    0.02559582144021988,
    0.07883614301681519,
    0.04421842843294144,
    -0.0313447006046772,
    0.052525803446769714,
    -0.03626135364174843,
    0.067393958568573,
    0.1332518309354782,
    -0.019121132791042328,
    0.028078647330403328,
    -0.010784818790853024,
    0.05633946508169174,
    0.01808733120560646,
    0.020801272243261337,
    -0.14069436490535736,
    -0.016789082437753677,
    -0.0008080562693066895,
    0.041453760117292404,
    -0.01993035152554512,
    -0.01948227547109127,
    0.07888096570968628,
    -0.0013947021216154099,
    0.006229759193956852,
    -0.09403593093156815,
    0.018329964950680733,
    0.07755012065172195,
    -0.04246101155877113,
    0.07035963237285614,
    -0.00509698037058115,
    -0.0033227475360035896,
    0.06468477845191956,
    -0.006103183142840862,
    -0.083854541182518,
    0.057575684040784836,
    -0.02295845001935959,
    0.018651379272341728,
    0.0383102223277092,
    0.039780907332897186,
    -0.040093082934617996,
    0.038082320243120193,
    0.053518813103437424,
    -0.02715914696455002,
    -0.018435265868902206,
    -3.6450272496434746e-33,
    0.05582360178232193,
    0.09613751620054245,
    -0.0688311979174614,
    0.12742549180984497,
    0.010077479295432568,
    -0.003042482305318117,
    0.10199835896492004,
    0.017155509442090988,
    0.09760560840368271,
    0.038495514541864395,
    0.03635048493742943,
    0.045771338045597076,
    0.026262860745191574,
    -0.04257827624678612,
    -0.03059677965939045,
    0.03182467445731163,
    0.033152081072330475,
    0.13599367439746857,
    -0.01867249608039856,
    -0.024249162524938583,
    -0.08824135363101959,
    0.03118334338068962,
    0.015041208826005459,
    -0.00032877951161935925,
    0.03452824056148529,
    -0.023099951446056366,
    0.08793583512306213,
    0.008757535368204117,
    -0.06724964082241058,
    0.013409118168056011,
    0.05389935150742531,
    -0.1336023211479187,
    -0.023049624636769295,
    -0.01845204271376133,
    0.021334856748580933,
    -0.030823368579149246,
    0.05460192635655403,
    -0.05157408118247986,
    -0.003186653135344386,
    0.059599388390779495,
    0.027552960440516472,
    -0.00708788214251399,
    -0.0291324183344841,
    0.014275772497057915,
    -0.0645868107676506,
    -0.06626204401254654,
    0.035076070576906204,
    -0.014784722588956356,
    -0.03917468711733818,
    -0.04546646028757095,
    -0.01379514392465353,
    -0.005685208830982447,
    -0.044723182916641235,
    -0.034691568464040756,
    -0.024283768609166145,
    0.08423734456300735,
    0.019092680886387825,
    0.10545273870229721,
    -0.0328533798456192,
    -0.10347367823123932,
    -0.01822551339864731,
    -0.04940124228596687,
    -0.02211482636630535,
    -0.046850983053445816,
    0.08425337076187134,
    -0.005999325308948755,
    0.03384456783533096,
    -0.039769452065229416,
    0.03616077080368996,
    0.019483793526887894,
    0.052121926099061966,
    0.01309381052851677,
    0.0774843618273735,
    -0.038183391094207764,
    -0.03691329434514046,
    0.027686815708875656,
    -0.03556986525654793,
    0.05664244666695595,
    0.07913335412740707,
    0.0156807079911232,
    -0.028842834755778313,
    -0.014349235221743584,
    0.039037153124809265,
    0.03008102811872959,
