{
  "id": 898,
  "vector": [
    -0.053119197487831116,
    0.03171735256910324,
    -0.05118568241596222,
    0.00325758196413517,
    -0.037746164947748184,
    0.01369183138012886,
    0.06221283972263336,
    0.0822720006108284,
    0.01589486002922058,
    -0.007677304092794657,
    0.02999674156308174,
    -0.1342988908290863,
    -0.028238506987690926,
    -0.06675296276807785,
    -0.014093942008912563,
    -0.07382365316152573,
    0.030111238360404968,
    -0.008835911750793457,
    -0.152958482503891,
    -0.09355857223272324,
    0.01787853054702282,
    -0.02475201152265072,
    0.011757945641875267,
    -0.022663813084363937,
    0.010363402776420116,
    0.027259692549705505,
    -0.04234069958329201,
    0.05864608660340309,
    0.03919278830289841,
    -0.018541408702731133,
    0.01002829521894455,
    0.1324824094772339,
    -0.005871492903679609,
    0.017553312703967094,
    0.006555985193699598,
    0.013348978944122791,
    -0.07806625217199326,
    -0.007676175329834223,
    0.11810211837291718,
    0.018428614363074303,
    0.09114909917116165,
    -0.020397501066327095,
    0.13361088931560516,
    0.006698914337903261,
    -0.031225059181451797,
    -0.04016903042793274,
    -0.03882141038775444,
    0.07074852287769318,
    0.05214335024356842,
    -0.037828996777534485,
    0.05006664618849754,
    0.008796438574790955,
    -0.06280627846717834,
    0.014030905440449715,
    0.04136645793914795,
    -0.0685047060251236,
    0.027541201561689377,
    -0.02806207165122032,
    -0.07295463234186172,
    0.04452338069677353,
    0.013032852672040462,
    0.02582603320479393,
    -0.08470669388771057,
    -0.033822301775217056,
    0.01006606686860323,
    -0.012659105472266674,
    -0.02027237042784691,
    0.00494758365675807,
    0.04547538235783577,
    0.036870382726192474,
    0.002575801918283105,
    0.06880861520767212,
    -0.005516779143363237,
    -0.021172847598791122,
    -0.04424593225121498,
    0.04255528375506401,
    0.005740797147154808,
    -0.0039641372859478,
    -0.03094949759542942,
    -0.08153895288705826,
    0.00734225707128644,
    0.054538048803806305,
    0.012586389668285847,
    0.014677361585199833,
    -0.09865511208772659,
    -0.05535935238003731,
    0.043498244136571884,
    0.04406310245394707,
    0.05521943047642708,
    0.044255197048187256,
    0.026630230247974396,
    0.02117951214313507,
    -0.0030319264624267817,
    -0.037678275257349014,
    -0.07732194662094116,
    0.12170906364917755,
    -0.05784500762820244,
    -0.11899100244045258,
    0.008295798674225807,
    -0.007371705025434494,
    0.04838690534234047,
    -0.03122291900217533,
    0.07331760227680206,
    -0.022661495953798294,
    -0.017717938870191574,
    0.03236168250441551,
    -0.07499665766954422,
    0.033902592957019806,
    0.04927223175764084,
    0.02692459523677826,
    -0.05716297775506973,
    -0.07067129015922546,
    0.0021819905377924442,
    -0.01916046254336834,
    0.04725070297718048,
    -0.025088222697377205,
    0.10653901100158691,
    -0.0019645788706839085,
    0.03822798281908035,
    -0.09618061035871506,
    0.0385475717484951,
    0.023486768826842308,
    0.042392339557409286,
    0.002978632925078273,
    -0.04442320019006729,
    -0.032811183482408524,
    0.02530289627611637,
    8.13880256288292e-33,
    -0.05225975811481476,
    -0.051974818110466,
    0.10270442068576813,
    0.04695295915007591,
    0.02126784808933735,
    -0.02684740535914898,
    -0.04994799941778183,
    -0.07607586681842804,
    -0.027060220018029213,
    0.042572107166051865,
    -0.0861959233880043,
    0.00869936216622591,
    -0.07604527473449707,
    0.05884002521634102,
    0.01122270431369543,
    -0.07224100828170776,
    0.014441769570112228,
    0.028226690366864204,
    -0.04236157238483429,
    0.0010986818233504891,
    -0.030162706971168518,
    0.04337717592716217,
    -0.03399991989135742,
    0.04520914703607559,
    -0.013846118003129959,
    0.07393372058868408,
    0.0978173166513443,
    -0.020926829427480698,
    -0.03402801230549812,
    -0.025973094627261162,
    0.12604518234729767,
    -0.002463733311742544,
    0.004853762686252594,
    -0.05971868336200714,
    -0.022076763212680817,
    0.03443282097578049,
    -0.013708842918276787,
    -0.0202398132532835,
    0.0006634377641603351,
    -0.036506619304418564,
    0.032619114965200424,
    -0.029090236872434616,
    0.08396638929843903,
    0.05835895612835884,
    -0.06539896875619888,
    0.015164352022111416,
    -0.01667671836912632,
    -0.06134209409356117,
    0.11119697988033295,
    0.0011493961792439222,
    0.0009624363738112152,
    0.025956396013498306,
    0.04303479939699173,
    0.016707541421055794,
    0.030522966757416725,
    0.05295489355921745,
    -0.0296441949903965,
    0.15215055644512177,
    0.043857116252183914,
    0.008077362552285194,
    -0.0246201753616333,
    -0.03653941676020622,
    -0.08425877243280411,
    0.07784268260002136,
    0.0001837313611758873,
    0.03451865538954735,
    -0.08478088676929474,
    -0.07305515557527542,
    -0.00888089369982481,
    0.07418817281723022,
    -0.008067524060606956,
    -0.001328031299635768,
    0.08425243198871613,
    -0.029872216284275055,
    0.084981769323349,
    -0.015557271428406239,
    0.07325497269630432,
    0.015209459699690342,
    -0.059201013296842575,
    0.09928448498249054,
    -0.06171952933073044,
    -0.03461934253573418,
    0.012975038960576057,
    -0.09610600024461746,
    -0.08133580535650253,
    -0.01393433939665556,
    -0.06857097148895264,
    0.03516753017902374,
    0.07961751520633698,
    -0.005802800413221121,
    0.04338635876774788,
    -0.009589474648237228,
    0.009747626259922981,
    0.0025228301528841257,
    -0.08692879974842072,
    -7.330879418091007e-33,
    -0.005070373881608248,
    0.055901870131492615,
    -0.006750855129212141,
    0.05294850096106529,
    0.038835812360048294,
    0.0351366326212883,
    0.030611924827098846,
    0.044374700635671616,
    -0.07563772797584534,
    -0.03909493610262871,
    -0.018412871286273003,
    0.025133969262242317,
    0.04714331403374672,
    -0.021486638113856316,
    -0.06436828523874283,
    0.04354959353804588,
    0.019027959555387497,
    0.0748296007514,
    -0.01700579561293125,
    0.01817684806883335,
    -0.09034667164087296,
    0.02398492768406868,
    0.007487365044653416,
    0.07550602406263351,
    -0.014128459617495537,
    -0.06275351345539093,
    0.07003995031118393,
    0.00975518673658371,
    -0.06078615412116051,
    0.040855374187231064,
    0.08628732711076736,
    -0.07824666053056717,
    -0.04143952578306198,
    0.04078006371855736,
    -0.11574938893318176,
    -0.10121046006679535,
    0.09860394150018692,
    0.012547126971185207,
    -0.018803678452968597,
    0.03248303383588791,
    0.02826901711523533,
    -0.008275049738585949,
    0.03714224696159363,
    0.007558844052255154,
    0.01179081853479147,
    -0.02055341936647892,
    -0.016324356198310852,
    -0.06550118327140808,
    0.009946207515895367,
    -0.0049072373658418655,
    0.004101952537894249,
    0.0345585010945797,
    -0.04348527267575264,
    -0.014486987143754959,
    0.0403713658452034,
    0.01408193539828062,
    -0.041948337107896805,
    0.027217332273721695,
    0.028004884719848633,
    0.0039276485331356525,
    -0.03018009103834629,
    -0.07498615235090256,
    0.01992466300725937,
    -0.011906594038009644,
    -0.009131766855716705,
    0.030693406239151955,
    -0.0425540991127491,
    0.029009854421019554,
    -0.051379553973674774,
    -0.022898176684975624,
    0.07420790195465088,
    0.02605663426220417,
    0.029219502583146095,
    -0.06415517628192902,
    0.05164797976613045,
    0.011587731540203094,
    0.05228905752301216,
    -0.009968980215489864,
    0.04459046199917793,
    0.031017350032925606,
    -0.04312937334179878,
    0.038538187742233276,
    -0.07088759541511536,
    0.0827682837843895,
