{
  "id": 312,
  "vector": [
    -0.026627836748957634,
    0.07944907993078232,
    -0.002175628673285246,
    -0.047921713441610336,
    -0.008015459403395653,
    0.0190504789352417,
    0.025168387219309807,
    0.06496516615152359,
    -0.04381498694419861,
    0.006889098323881626,
    -0.029584238305687904,
    -0.05683869123458862,
    0.008204536512494087,
    0.025109626352787018,
    -0.02271951548755169,
    0.10008393973112106,
    -0.09004822373390198,
    0.07615843415260315,
    -0.1529381275177002,
    -0.07637046277523041,
    0.03376025706529617,
    -0.029376808553934097,
    0.061626169830560684,
    0.04957827925682068,
    -0.08378958702087402,
    0.0172292310744524,
    0.004238589201122522,
    -0.041864071041345596,
    0.02439792826771736,
    -0.08284298330545425,
    0.08178137242794037,
    0.0014472062466666102,
    0.12312037497758865,
    -0.030121952295303345,
    0.04233573004603386,
    -0.07857935130596161,
    0.00913036335259676,
    -0.06415759772062302,
    0.06398914009332657,
    0.014077814295887947,
    0.02751895971596241,
    0.06951454281806946,
    -0.04879174754023552,
    0.036996230483055115,
    0.007514272816479206,
    -0.008065877482295036,
    0.007593242917209864,
    0.0846060961484909,
    -0.048132799565792084,
    -0.036402251571416855,
    0.08901737630367279,
    -0.028728781268000603,
    -0.12221428751945496,
    -0.0028484200593084097,
    0.01720239222049713,
    -0.050993386656045914,
    -0.02297193929553032,
    -0.02442585676908493,
    0.019862938672304153,
    0.039514750242233276,
    0.06799072027206421,
    -0.03767742961645126,
    -0.016162224113941193,
    0.020200224593281746,
    -0.014737707562744617,
    0.09288991987705231,
    0.019214022904634476,
    -0.022953195497393608,
    -0.05186522752046585,
    0.021797984838485718,
    0.005945384036749601,
    0.003292218316346407,
    0.07100287824869156,
    0.04393439367413521,
    0.020567357540130615,
    0.02641870826482773,
    0.09270072728395462,
    -0.10925443470478058,
    -0.1169549971818924,
    0.07642728835344315,
    -0.11659146845340729,
    -0.00893918052315712,
    -0.05101323500275612,
    0.039980627596378326,
    0.039719145745038986,
    -0.0033977238927036524,
    -0.06719224900007248,
    0.01595447026193142,
    -0.034376196563243866,
    -0.000893528456799686,
    -0.02169235609471798,
    -0.002894059522077441,
    0.014735745266079903,
    -0.042028337717056274,
    -0.029767369851469994,
    0.0296870656311512,
    0.020057110115885735,
    -0.015202268026769161,
    0.07004284858703613,
    0.014583459123969078,
    -0.05037912726402283,
    -0.0196684580296278,
    0.008921411819756031,
    -0.10724341869354248,
    -0.00738990493118763,
    0.0024131271056830883,
    0.031486447900533676,
    0.07109229266643524,
    0.02948588691651821,
    -0.01624906063079834,
    -0.033501457422971725,
    -0.06770770996809006,
    -0.00019507372053340077,
    -0.022792743518948555,
    0.01600976474583149,
    -0.010623016394674778,
    0.09343993663787842,
    0.012462652288377285,
    -0.014776268973946571,
    0.10577862709760666,
    0.12511886656284332,
    -0.014745174907147884,
    -0.007072038948535919,
    -0.05416562035679817,
    -0.11781145632266998,
    -0.03576914966106415,
    0.05719682201743126,
    4.796946326576052e-33,
    -0.05723550170660019,
    -0.029843691736459732,
    -0.04691450297832489,
    0.007263338193297386,
    0.08194520324468613,
    0.09170349687337875,
    0.059381306171417236,
    0.022924276068806648,
    -0.03429688140749931,
    -0.012718724086880684,
    -0.004719782155007124,
    0.011178843677043915,
    -0.02304399572312832,
    0.08099400252103806,
    -0.06971995532512665,
    -0.028278261423110962,
    0.05321945995092392,
    0.032686591148376465,
    -0.029081029817461967,
    -0.07573441416025162,
    -0.054018717259168625,
    0.027471166104078293,
    -0.0026609725318849087,
    -0.019047146663069725,
    -0.04077468067407608,
    0.02766634151339531,
    0.01449300441890955,
    0.03533201292157173,
    0.03795958682894707,
    0.011147407814860344,
    0.08018752187490463,
    0.05520002171397209,
    -0.024779127910733223,
    0.06318105012178421,
    -0.07988104224205017,
    -0.006100376136600971,
    -0.03959428146481514,
    0.006808065809309483,
    0.10407286137342453,
    -0.06233398616313934,
    -0.003728430951014161,
    0.09899195283651352,
    0.0029379664920270443,
    0.025880824774503708,
    0.0025916071608662605,
    0.044324975460767746,
    -0.002369908383116126,
    -0.025648849084973335,
    0.11079957336187363,
    -0.02289108745753765,
    -0.014369645155966282,
    0.04618068411946297,
    -0.05014091730117798,
    0.013865909539163113,
    0.05662384629249573,
    -0.030706124380230904,
    0.0018957597203552723,
    0.020200924947857857,
    0.06894891709089279,
    0.03912218660116196,
    0.024258598685264587,
    0.13750745356082916,
    0.01956535503268242,
    0.025554519146680832,
    0.08544541895389557,
    0.01137852668762207,
    -0.014131013303995132,
    0.012236048467457294,
    -0.007912863045930862,
    -0.10595602542161942,
    -0.011218681931495667,
    0.06069372594356537,
    -0.017316384240984917,
    -0.056551314890384674,
    -0.018476152792572975,
    0.00731785548850894,
    0.13345572352409363,
    0.011639371514320374,
    -0.008265160955488682,
    -0.002524720737710595,
    -0.07150934636592865,
    0.022068500518798828,
    -0.02518940158188343,
    -0.03225986286997795,
    -0.06956010311841965,
    0.022579463198781013,
    -0.0032087110448628664,
    0.07199381291866302,
    -0.02635527215898037,
    -0.051913071423769,
    0.0991620197892189,
    -0.07858239859342575,
    -0.049481671303510666,
    -0.09541971981525421,
    -0.030118748545646667,
    -5.0839370275155747e-33,
    0.0033870586194097996,
    0.03172830492258072,
    -0.03859711438417435,
    0.044648170471191406,
    0.060430318117141724,
    -0.009037691168487072,
    0.0077986824326217175,
    0.07657402008771896,
    0.019842183217406273,
    0.05335800722241402,
    -0.003411409677937627,
    0.0051067667081952095,
    -0.021486811339855194,
    0.005709829740226269,
    -0.03801257908344269,
    0.04753000661730766,
    0.10063346475362778,
    0.06662305444478989,
    -0.0006349922041408718,
    -0.06062893941998482,
    -0.08032172918319702,
    0.11402629315853119,
    -0.048981498926877975,
    0.007761559449136257,
    -0.062034495174884796,
    0.05831392854452133,
    -0.02135099284350872,
    -0.06483782082796097,
    0.05574432387948036,
    0.034823060035705566,
    -0.04404471814632416,
    -0.06784557551145554,
    -0.028023770079016685,
    0.0014100472908467054,
    -0.029445990920066833,
    -0.053341761231422424,
    0.017327547073364258,
    -0.01017030980437994,
    0.0005547628388740122,
    -0.03513718768954277,
    0.09456907212734222,
    -0.04938218370079994,
    -0.07687142491340637,
    -0.058840904384851456,
    -0.013670281507074833,
    0.004779939539730549,
    -0.016291892156004906,
    -0.01261240802705288,
    0.018230358138680458,
    0.03226921707391739,
    0.025505416095256805,
    0.04516781121492386,
    -0.09883500635623932,
    -0.006060994230210781,
    0.03677040711045265,
    0.017057551071047783,
    0.020485520362854004,
    -0.04506171494722366,
    0.024012411013245583,
    0.052485279738903046,
    -0.000056873690482461825,
    0.05317215621471405,
    -0.03714998811483383,
    0.01498345471918583,
    -0.05768474563956261,
    -0.020988700911402702,
    0.014135660603642464,
    0.021884925663471222,
    0.023355502635240555,
    -0.029497241601347923,
    0.05355900526046753,
    0.06155521422624588,
    0.040868207812309265,
    -0.049109671264886856,
    -0.08043631911277771,
    -0.025113282725214958,
    -0.06946756690740585,
    -0.07286414504051208,
    -0.02752007730305195,
    0.04443439841270447,
    -0.06079022213816643,
    -0.036099888384342194,
