{
  "id": 810,
  "vector": [
    -0.03675639256834984,
    0.02111533284187317,
    -0.12429463863372803,
    0.0411982387304306,
    -0.013878918252885342,
    0.046460263431072235,
    0.013635199517011642,
    0.06058802455663681,
    0.00023275143757928163,
    -0.07145719230175018,
    0.04244592785835266,
    -0.022847335785627365,
    -0.0551186203956604,
    -0.00339800794608891,
    -0.07073920220136642,
    0.0358429029583931,
    -0.052481770515441895,
    0.04970301687717438,
    -0.09284026175737381,
    -0.03762995824217796,
    0.007168484386056662,
    -0.0396399050951004,
    0.012934688478708267,
    0.08184787631034851,
    -0.03883156180381775,
    0.06365519762039185,
    -0.028820501640439034,
    -0.0013368744403123856,
    0.04404979944229126,
    -0.013886457309126854,
    -0.02209625206887722,
    -0.03679998219013214,
    0.014483747072517872,
    -0.05205255001783371,
    0.10952392220497131,
    -0.09629973024129868,
    -0.0010843873023986816,
    -0.008021051064133644,
    0.0848451554775238,
    0.002143931109458208,
    0.00812826119363308,
    -0.03533878177404404,
    -0.0195651575922966,
    0.13386161625385284,
    -0.029675031080842018,
    0.0011392501182854176,
    -0.001429172232747078,
    0.06301122903823853,
    -0.005736904684454203,
    0.01622987538576126,
    0.03926314413547516,
    -0.060997240245342255,
    -0.07387076318264008,
    0.022885246202349663,
    0.06345520168542862,
    -0.061356302350759506,
    -0.017750442028045654,
    0.05914328992366791,
    0.029875146225094795,
    0.05074003338813782,
    0.010700523853302002,
    -0.026873739436268806,
    -0.052868008613586426,
    0.05550631880760193,
    0.04665110632777214,
    0.10308819264173508,
    -0.07393795996904373,
    -0.008703782223165035,
    -0.10815183073282242,
    0.0373905710875988,
    0.038690365850925446,
    -0.017872698605060577,
    0.035073939710855484,
    -0.02582119032740593,
    -0.03345733880996704,
    -0.0373104028403759,
    0.010802875272929668,
    -0.09372570365667343,
    -0.04480014368891716,
    0.13877356052398682,
    -0.03162304311990738,
    0.0555240772664547,
    -0.07619013637304306,
    0.029320091009140015,
    0.061246924102306366,
    -0.030840234830975533,
    -0.0021126586943864822,
    -0.015307496301829815,
    -0.012414171360433102,
    -0.02980031818151474,
    -0.09038135409355164,
    0.04273424297571182,
    0.022149497643113136,
    -0.06052180379629135,
    -0.020173585042357445,
    0.023105429485440254,
    0.027731064707040787,
    -0.08087654411792755,
    0.052904412150382996,
    0.02549482323229313,
    0.00677494565024972,
    0.0033993422985076904,
    0.02023433707654476,
    -0.0558084212243557,
    -0.023650215938687325,
    0.04028616473078728,
    -0.04850549250841141,
    0.03149128332734108,
    -0.0035903514362871647,
    0.0515282116830349,
    -0.05284089595079422,
    -0.011238213628530502,
    -0.05725971236824989,
    -0.039776477962732315,
    0.04052078723907471,
    -0.05314747244119644,
    0.03792250528931618,
    0.018165526911616325,
    0.020472021773457527,
    0.056848347187042236,
    0.05766747519373894,
    -0.020124418660998344,
    0.03019172139465809,
    -0.04393040016293526,
    -0.08100555837154388,
    -0.03851417079567909,
    0.050923798233270645,
    3.667356499521313e-33,
    -0.07386763393878937,
    -0.09182541817426682,
    0.008069470524787903,
    0.03987416997551918,
    0.07230231165885925,
    0.06089407205581665,
    -0.014185163192451,
    -0.05558310076594353,
    -0.0011186752235516906,
    0.08069930970668793,
    0.015874866396188736,
    0.0667349174618721,
    -0.019982775673270226,
    0.11424688994884491,
    -0.02126343734562397,
    -0.06258243322372437,
    0.09107664972543716,
    0.04601871222257614,
    0.03942279517650604,
    -0.11170255392789841,
    -0.052522964775562286,
    0.06074526533484459,
    0.032522812485694885,
    -0.01337605994194746,
    -0.06769304722547531,
    0.0593947172164917,
    0.029928136616945267,
    0.06073162332177162,
    0.01569255441427231,
    0.005933402571827173,
    0.08677654713392258,
    0.008548454381525517,
    -0.011995437555015087,
    0.00046960278996266425,
    -0.06572363525629044,
    0.006803677882999182,
    -0.01565682515501976,
    -0.037222810089588165,
    0.05144535005092621,
    -0.02929203398525715,
    0.012274587526917458,
    0.0951695442199707,
    0.045499563217163086,
    -0.013722670264542103,
    -0.07827184349298477,
    0.07078862190246582,
    -0.00840073637664318,
    -0.14890575408935547,
    0.008242095820605755,
    -0.012929461896419525,
    -0.09248132258653641,
    -0.02280631847679615,
    -0.052444566041231155,
    0.10230688005685806,
    0.11276546865701675,
    -0.05816342309117317,
    -0.06399740278720856,
    0.056495413184165955,
    0.05950559303164482,
    0.02721518650650978,
    -0.09048676490783691,
    -0.016256825998425484,
    0.054428715258836746,
    -0.023986641317605972,
    0.0452900156378746,
    0.041667625308036804,
    -0.06515870988368988,
    0.012677205726504326,
    0.009093210101127625,
    -0.042361728847026825,
    -0.025204923003911972,
    0.06566467881202698,
    0.023600243031978607,
    -0.07494010031223297,
    0.06473038345575333,
    0.011971230618655682,
    0.04570140689611435,
    0.05496886000037193,
    -0.052544817328453064,
    0.017504775896668434,
    -0.12018048018217087,
    0.004632879979908466,
    0.058579470962285995,
    0.04546043649315834,
    -0.06713908910751343,
    -0.04283812642097473,
    -0.08688231557607651,
    0.07115840166807175,
    -0.017168117687106133,
    -0.02385290339589119,
    -0.007769308518618345,
    -0.0357375293970108,
    0.00713483477011323,
    -0.04422752186655998,
    -0.028454139828681946,
    -4.677781321445412e-33,
    0.015448970720171928,
    0.03741927072405815,
    0.024679765105247498,
    0.003695965278893709,
    0.034033190459012985,
    -0.04194018244743347,
    -0.002611800329759717,
    -0.018815921619534492,
    0.04056293144822121,
    0.010232949629426003,
    -0.03763165324926376,
    0.03506425768136978,
    -0.031729042530059814,
    0.029145753011107445,
    -0.04721831902861595,
    0.07995772361755371,
    0.057752132415771484,
    0.01192128099501133,
    0.041234418749809265,
    -0.07805891335010529,
    -0.0499388612806797,
    0.08593672513961792,
    -0.027150534093379974,
    -0.007058948278427124,
    -0.014628371223807335,
    0.0048093185760080814,
    -0.03330434113740921,
    -0.06328236311674118,
    0.06298649311065674,
    0.04756336659193039,
    0.05185358226299286,
    -0.04820472002029419,
    -0.018185555934906006,
    0.06263265013694763,
    -0.05543079227209091,
    -0.025202380493283272,
    0.07354837656021118,
    0.0850110650062561,
    -0.04797365888953209,
    -0.002255923580378294,
    0.15964940190315247,
    -0.06858476996421814,
    -0.04513781517744064,
    -0.05432262644171715,
    -0.009700979106128216,
    0.0323418527841568,
    0.04477604478597641,
    -0.06561015546321869,
    0.035028405487537384,
    0.013958153314888477,
    0.02716636098921299,
    -0.025532357394695282,
    -0.07327266037464142,
    0.04666799306869507,
    0.08675635606050491,
    -0.07489386200904846,
    0.07374667376279831,
    -0.013182624243199825,
    -0.009049043990671635,
    -0.024648670107126236,
    0.034558046609163284,
    -0.00004316040940466337,
    -0.049734603613615036,
    0.022182321175932884,
    -0.0872911661863327,
    -0.022905465215444565,
    -0.04819680005311966,
    0.0014735906152054667,
    0.038925349712371826,
    -0.020627107471227646,
    0.023053042590618134,
    0.05897369980812073,
    0.05312277749180794,
    0.03374524414539337,
    -0.09128546714782715,
    -0.037156008183956146,
    0.021750519052147865,
    -0.06000277027487755,
    0.05732307583093643,
    -0.002332510193809867,
    -0.08456666022539139,
    -0.04623251408338547,
    -0.017934544011950493,
