{
  "id": 886,
  "vector": [
    -0.042930372059345245,
    -0.02204461209475994,
    -0.018138129264116287,
    0.029295984655618668,
    -0.03472059965133667,
    -0.05838960409164429,
    0.12930528819561005,
    0.04845507815480232,
    -0.02612374536693096,
    0.012412921525537968,
    0.044528309255838394,
    -0.039160072803497314,
    -0.030418431386351585,
    -0.07572687417268753,
    0.03311512619256973,
    -0.05893949419260025,
    0.00802952516824007,
    0.01990763656795025,
    -0.1257951706647873,
    -0.09729736298322678,
    0.05090432986617088,
    -0.023682475090026855,
    -0.012470518238842487,
    -0.019764402881264687,
    0.008651409298181534,
    0.04340359941124916,
    0.04503144696354866,
    -0.007150040473788977,
    -0.02307862415909767,
    -0.024566486477851868,
    -0.006892911158502102,
    0.08799101412296295,
    0.003307782579213381,
    0.027016110718250275,
    -0.0004856976156588644,
    0.0497252382338047,
    -0.11098106950521469,
    -0.09668651968240738,
    0.10204209387302399,
    0.05409076437354088,
    0.05591892451047897,
    -0.0295516699552536,
    0.07918071001768112,
    0.015357409603893757,
    -0.08249013870954514,
    -0.022351283580064774,
    -0.013922097161412239,
    0.06862543523311615,
    -0.02144964411854744,
    -0.0025021987967193127,
    0.008946683257818222,
    0.004604163113981485,
    -0.08398114144802094,
    -0.01811932399868965,
    0.03496716171503067,
    0.010433758608996868,
    -0.09964738041162491,
    -0.005275333765894175,
    -0.02720283530652523,
    0.04170277342200279,
    0.0013545253314077854,
    0.030014945194125175,
    -0.04861316457390785,
    -0.016345176845788956,
    -0.00931778084486723,
    0.023485973477363586,
    -0.03671891987323761,
    -0.059437207877635956,
    0.026377515867352486,
    0.025932898744940758,
    -0.020663097500801086,
    0.08009309321641922,
    -0.008760257624089718,
    0.03510783240199089,
    -0.04782737419009209,
    -0.017006108537316322,
    0.10622922331094742,
    -0.07062886655330658,
    -0.016605908051133156,
    0.016229070723056793,
    -0.004695981275290251,
    0.0006978417513892055,
    0.03694288432598114,
    0.020563222467899323,
    -0.00494360039010644,
    -0.052545204758644104,
    0.020287038758397102,
    0.03883790969848633,
    0.03235660865902901,
    0.01968725584447384,
    0.07640205323696136,
    0.041867900639772415,
    -0.011943693272769451,
    0.0326225683093071,
    -0.12636132538318634,
    0.07336337119340897,
    0.027499958872795105,
    -0.06633217632770538,
    -0.027453383430838585,
    -0.010843196883797646,
    0.0025078877806663513,
    -0.058601826429367065,
    0.02115151658654213,
    -0.07672446221113205,
    0.01209108904004097,
    0.01218054722994566,
    0.056624025106430054,
    -0.03307345509529114,
    -0.027667922899127007,
    0.10453101247549057,
    -0.09224812686443329,
    -0.0059540835209190845,
    0.015459379181265831,
    -0.06260795891284943,
    -0.03269847482442856,
    0.006823550444096327,
    0.0429551787674427,
    0.02202141098678112,
    0.026864174753427505,
    -0.052794381976127625,
    0.005066495854407549,
    0.00827319547533989,
    0.09099254757165909,
    0.02277347631752491,
    -0.06357918679714203,
    0.06052466109395027,
    0.004763939417898655,
    5.2687515554297164e-33,
    -0.0964011698961258,
    0.004660226404666901,
    0.006844318937510252,
    0.047163527458906174,
    0.01227907370775938,
    -0.03775116056203842,
    -0.014744793996214867,
    -0.033016908913850784,
    -0.0634564682841301,
    0.009199067018926144,
    -0.10452158749103546,
    0.04811307042837143,
    -0.06186556816101074,
    0.1152891218662262,
    0.019769996404647827,
    0.013343804515898228,
    -0.038570985198020935,
    0.053527940064668655,
    0.011219806037843227,
    -0.024739772081375122,
    -0.08973754942417145,
    0.08368910849094391,
    0.08927533775568008,
    0.022513849660754204,
    -0.031844623386859894,
    0.03575189784169197,
    0.029814615845680237,
    -0.03301824629306793,
    0.026172807440161705,
    0.04133710265159607,
    0.07097303867340088,
    0.034379445016384125,
    -0.044124502688646317,
    -0.0009001254802569747,
    -0.06104591116309166,
    0.07286147773265839,
    -0.04068300873041153,
    0.022104017436504364,
    -0.03486177325248718,
    0.02709784545004368,
    0.013628948479890823,
    -0.020788725465536118,
    0.0615304559469223,
    0.03512999415397644,
    -0.024417128413915634,
    0.04457047954201698,
    0.001467209542170167,
    -0.026866471394896507,
    0.03641726076602936,
    0.015633078292012215,
    -0.040718723088502884,
    0.016381824389100075,
    -0.004185838624835014,
    0.06450466811656952,
    0.03284907341003418,
    -0.02707572467625141,
    0.07458006590604782,
    0.062206074595451355,
    0.046183302998542786,
    0.04741079360246658,
    -0.05259094014763832,
    -0.013864319771528244,
    -0.0046729133464396,
    -0.05046879127621651,
    0.015904022380709648,
    0.03082478977739811,
    -0.08414732664823532,
    -0.11351693421602249,
    -0.007374941371381283,
    -0.015773888677358627,
    0.057302042841911316,
    0.000560200132895261,
    0.09822770953178406,
    -0.013702563010156155,
    0.011891947127878666,
    -0.018327590078115463,
    0.05694761499762535,
    0.02635989338159561,
    -0.016695918515324593,
    0.03243632987141609,
    -0.03644661605358124,
    0.005223195068538189,
    0.054880302399396896,
    -0.03852427005767822,
    -0.07202094048261642,
    -0.048793815076351166,
    -0.06399354338645935,
    0.06459219753742218,
    0.022712402045726776,
    0.0316542312502861,
    -0.0724821463227272,
    -0.050928328186273575,
    -0.0025556557811796665,
    -0.027484945952892303,
    -0.06771751493215561,
    -4.398153990587837e-33,
    -0.005259741563349962,
    0.055348221212625504,
    -0.08130840212106705,
    0.17135176062583923,
    -0.022868763655424118,
    -0.038104597479104996,
    0.032868485897779465,
    0.0360022597014904,
    -0.002168720355257392,
    -0.03485436737537384,
    0.016258589923381805,
    -0.0790533646941185,
    -0.022873353213071823,
    -0.0565381795167923,
    -0.0033348328433930874,
    0.01639680750668049,
    0.021390415728092194,
    0.08423015475273132,
    -0.03849631920456886,
    -0.06802871078252792,
    -0.058785535395145416,
    0.011199194006621838,
    0.017462898045778275,
    0.13233254849910736,
    -0.026960579678416252,
    -0.023655632510781288,
    0.07110729813575745,
    -0.005289220716804266,
    -0.029034577310085297,
    0.03506622463464737,
    0.06203979626297951,
    -0.09164851158857346,
    0.04644323140382767,
    0.010671460069715977,
    -0.04162652790546417,
    -0.03313668444752693,
    0.049721043556928635,
    0.014186451211571693,
    0.006449653767049313,
    0.03837195411324501,
    0.09167125076055527,
    -0.034269772469997406,
    0.019205735996365547,
    -0.012836973182857037,
    -0.012869573198258877,
    -0.03306771069765091,
    -0.018900124356150627,
    -0.09639179706573486,
    -0.006411165930330753,
    0.015635237097740173,
    0.10494720190763474,
    -0.028099829331040382,
    -0.036293357610702515,
    -0.013653676025569439,
    0.021612301468849182,
    0.10541152954101562,
    -0.061371397227048874,
    0.011297193355858326,
    0.03588905557990074,
    -0.10706844180822372,
    -0.029295189306139946,
    -0.09151825308799744,
    -0.00542457215487957,
    -0.006243195850402117,
    0.0632047951221466,
    0.04116286337375641,
    -0.011452366597950459,
    -0.0062450529076159,
    0.046618860214948654,
    0.008677557110786438,
    0.02685784175992012,
    -0.03325000777840614,
    0.011736265383660793,
    -0.06292981654405594,
    0.10138925164937973,
    -0.03284924849867821,
    -0.0022943271324038506,
    0.016015497967600822,
    0.12208108603954315,
    -0.0015824752626940608,
    -0.11044366657733917,
    -0.009295061230659485,
