{
  "id": 990,
  "vector": [
    -0.016417236998677254,
    0.009938390925526619,
    0.06577793508768082,
    -0.007413885090500116,
    0.058604639023542404,
    -0.06389009207487106,
    0.08791088312864304,
    0.04530952498316765,
    -0.051057085394859314,
    -0.018286049365997314,
    0.050041887909173965,
    -0.01657561957836151,
    -0.04170726612210274,
    -0.0016723881708458066,
    -0.04435701295733452,
    0.041101157665252686,
    -0.052110396325588226,
    0.0606016144156456,
    -0.12182459235191345,
    0.04219522327184677,
    0.04332450404763222,
    -0.06046879664063454,
    0.016963571310043335,
    -0.008635140024125576,
    -0.024593329057097435,
    0.058283790946006775,
    0.06720691174268723,
    -0.059406425803899765,
    -0.04484470188617706,
    -0.05683190003037453,
    0.05246470496058464,
    0.08488456904888153,
    0.008526244200766087,
    -0.039356257766485214,
    0.018584059551358223,
    0.017796985805034637,
    0.021550510078668594,
    -0.04934140667319298,
    0.08342058211565018,
    -0.015255366452038288,
    0.004853133577853441,
    0.02050178498029709,
    -0.017515141516923904,
    -0.02317112311720848,
    -0.048892855644226074,
    -0.033631958067417145,
    0.021269861608743668,
    0.03813650831580162,
    0.06570795178413391,
    0.015296006575226784,
    0.08871939033269882,
    0.01263950765132904,
    -0.02108180709183216,
    -0.03917311504483223,
    -0.040605153888463974,
    -0.05630408599972725,
    -0.010818718932569027,
    0.0022743043955415487,
    -0.014057721011340618,
    0.05863676965236664,
    0.0060287220403552055,
    0.008736386895179749,
    -0.0026593070942908525,
    0.011875712312757969,
    0.06822307407855988,
    0.01696653477847576,
    0.013677441515028477,
    0.04147951304912567,
    -0.049622368067502975,
    0.0782778412103653,
    -0.05056532472372055,
    0.05122612416744232,
    0.04679630324244499,
    -0.0013685273006558418,
    0.044953152537345886,
    0.04550086334347725,
    0.04496925324201584,
    -0.1474214494228363,
    -0.00766688073053956,
    0.10490748286247253,
    -0.1627107858657837,
    -0.012181908823549747,
    -0.03620027378201485,
    0.004662842024117708,
    -0.03469696268439293,
    -0.008912662975490093,
    -0.009419946931302547,
    0.0011949115432798862,
    -0.011327510699629784,
    -0.048740800470113754,
    -0.042601440101861954,
    0.07666608691215515,
    0.057742513716220856,
    -0.089029960334301,
    -0.026299314573407173,
    0.013966602273285389,
    -0.04174058511853218,
    -0.014154822565615177,
    0.0602465495467186,
    0.03538617491722107,
    0.012503267265856266,
    0.002329449634999037,
    0.03773044794797897,
    -0.010046032257378101,
    0.03327555954456329,
    -0.0797889232635498,
    -0.0063834828324615955,
    -0.03578241169452667,
    0.008900533430278301,
    0.00684393011033535,
    0.005092069040983915,
    0.03873815760016441,
    0.04384502023458481,
    0.038641173392534256,
    -0.02991189807653427,
    0.023789221420884132,
    0.0029219542630016804,
    0.0019015819998458028,
    -0.016879234462976456,
    0.022708769887685776,
    0.058474358171224594,
    -0.038212280720472336,
    -0.05315319821238518,
    -0.0294172540307045,
    -0.07447054982185364,
    -0.007833588868379593,
    0.05246182903647423,
    6.245107612331108e-33,
    -0.08385121822357178,
    0.006084965541958809,
    0.08820692449808121,
    -0.024908071383833885,
    0.04232677444815636,
    -0.07563706487417221,
    0.05666278302669525,
    -0.013684322126209736,
    0.033505167812108994,
    0.06861897557973862,
    -0.00453157676383853,
    0.003328562481328845,
    -0.0658729299902916,
    -0.012004225514829159,
    -0.06060224398970604,
    -0.05895477533340454,
    0.020594872534275055,
    0.05702529102563858,
    0.013380478136241436,
    -0.09535448998212814,
    -0.002744480036199093,
    -0.027859974652528763,
    -0.02747485041618347,
    -0.030196253210306168,
    -0.017811840400099754,
    0.021033519878983498,
    -0.02140059880912304,
    0.01924610137939453,
    0.04899680241942406,
    -0.0009534329292364419,
    0.1044282391667366,
    0.04066560044884682,
    0.03204502537846565,
    0.05406346544623375,
    -0.0798463374376297,
    -0.009683466516435146,
    -0.11199508607387543,
    0.0010623197304084897,
    0.05833349749445915,
    -0.04153084382414818,
    -0.0007030560518614948,
    0.0015409421175718307,
    0.04987871274352074,
    0.011449197307229042,
    -0.05459436774253845,
    0.01999150961637497,
    0.05057549104094505,
    0.006444428116083145,
    0.024931907653808594,
    0.03987043350934982,
    0.012255914509296417,
    -0.012609231285750866,
    -0.04500838741660118,
    0.01265131589025259,
    0.042798422276973724,
    -0.05479011684656143,
    -0.039905156940221786,
    -0.020006997510790825,
    0.037071168422698975,
    0.07062002271413803,
    0.030044907703995705,
    0.06958772242069244,
    -0.01877528242766857,
    0.07371039688587189,
    0.01609867252409458,
    -0.010542700998485088,
    -0.034612447023391724,
    0.06420975923538208,
    0.014734976924955845,
    0.03391822800040245,
    0.012123102322220802,
    0.05334632843732834,
    -0.04370052367448807,
    -0.023501882329583168,
    0.004468770697712898,
    0.01344213541597128,
    0.09775855392217636,
    0.06346093863248825,
    -0.045161567628383636,
    -0.05397653579711914,
    -0.02781032770872116,
    -0.039022866636514664,
    -0.0614168643951416,
    -0.050103239715099335,
    -0.11681699007749557,
    0.062276750802993774,
    -0.014722216874361038,
    0.08612081408500671,
    0.019092127680778503,
    -0.009415791369974613,
    0.009912439621984959,
    -0.09020117670297623,
    -0.05622326582670212,
    -0.06694597005844116,
    -0.09088125079870224,
    -5.2014034433092766e-33,
    0.026560723781585693,
    0.05568520352244377,
    -0.0013795803533867002,
    0.038934145122766495,
    0.04484805092215538,
    0.02129991352558136,
    0.14861106872558594,
    0.06463929265737534,
    0.01805693656206131,
    -0.017828091979026794,
    -0.1107693612575531,
    0.05233600363135338,
    0.01030459813773632,
    0.02793395332992077,
    -0.06293614208698273,
    0.13313016295433044,
    0.11042666435241699,
    0.04233337193727493,
    -0.030835146084427834,
    -0.055943746119737625,
    -0.08152840286493301,
    0.055138785392045975,
    0.004828788805752993,
    0.12291066348552704,
    -0.05405948683619499,
    -0.03255715221166611,
    0.025529751554131508,
    -0.030053913593292236,
    0.021363049745559692,
    -0.029620373621582985,
    0.021116390824317932,
    -0.04397786781191826,
    0.08004198223352432,
    -0.01500848401337862,
    0.054170794785022736,
    -0.11618403345346451,
    0.028169816359877586,
    -0.006851868703961372,
    0.01882411353290081,
    0.03443711996078491,
    -0.03706096112728119,
    -0.08268368989229202,
    -0.047696150839328766,
    0.038360171020030975,
    -0.041388705372810364,
    -0.04943311586976051,
    -0.05284642428159714,
    -0.09342850744724274,
    0.046994008123874664,
    0.004443149082362652,
    -0.006325970869511366,
    0.04249989986419678,
    -0.030615482479333878,
    -0.07355184108018875,
    0.016238562762737274,
    0.11356154829263687,
    0.0655299499630928,
    -0.055270902812480927,
    0.008296962827444077,
    -0.04959901422262192,
    -0.02458445355296135,
    0.018253019079566002,
    0.008913855068385601,
    -0.002916816622018814,
    -0.01766844652593136,
    -0.06003659963607788,
    -0.02279326692223549,
    -0.032503124326467514,
    -0.05410505458712578,
    -0.012845132499933243,
    0.03925491124391556,
    0.09573241323232651,
    0.0493522509932518,
    -0.13037556409835815,
    -0.1060962975025177,
    -0.09927783906459808,
    0.002812071470543742,
    -0.028793424367904663,
    0.08087059110403061,
    0.03350582346320152,
    -0.0374014638364315,
    -0.019909769296646118,
    0.004737117327749729,
