{
  "id": 550,
  "vector": [
    0.012359251268208027,
    0.018656237050890923,
    0.004475162830203772,
    0.005149370059370995,
    0.007384465076029301,
    -0.006664468441158533,
    0.004625757224857807,
    0.12974363565444946,
    -0.004861504305154085,
    0.04841785132884979,
    -0.010366583243012428,
    -0.02104714885354042,
    -0.0037915613502264023,
    0.11419357359409332,
    -0.09689196944236755,
    -0.02854631282389164,
    -0.06332547217607498,
    0.036368418484926224,
    -0.09241992980241776,
    0.025564366951584816,
    0.04218488931655884,
    0.060998138040304184,
    -0.025650374591350555,
    0.027077317237854004,
    -0.031027572229504585,
    0.02557295374572277,
    -0.07232105731964111,
    -0.06520533561706543,
    0.06124444305896759,
    -0.04195600003004074,
    0.09899938851594925,
    0.011861066333949566,
    0.09291430562734604,
    -0.004738803952932358,
    -0.014506081119179726,
    -0.04336007684469223,
    -0.07031811773777008,
    -0.02670998126268387,
    0.13933724164962769,
    0.05548257753252983,
    0.04879514500498772,
    0.06254319846630096,
    0.0035979722160845995,
    0.01721314527094364,
    0.011105909943580627,
    -0.0018820432014763355,
    -0.05777639523148537,
    0.07510772347450256,
    0.03975800424814224,
    -0.01239524595439434,
    -0.01422907505184412,
    -0.027939923107624054,
    -0.16104476153850555,
    0.03696064651012421,
    0.01760684698820114,
    -0.1665324717760086,
    0.014047122560441494,
    -0.029157020151615143,
    -0.035685278475284576,
    0.119266077876091,
    0.05114743858575821,
    0.023409368470311165,
    -0.026696041226387024,
    -0.03745565190911293,
    -0.01674553193151951,
    0.05193179100751877,
    -0.05977148935198784,
    -0.022735193371772766,
    0.013081253506243229,
    0.059748560190200806,
    0.005418142303824425,
    0.03253358229994774,
    0.041870273649692535,
    -0.011413940228521824,
    -0.0017362606013193727,
    -0.0436333492398262,
    -0.007067090831696987,
    -0.0567719042301178,
    -0.02959979698061943,
    0.025271417573094368,
    0.007662702351808548,
    -0.02893153764307499,
    -0.028523650020360947,
    0.03318517655134201,
    0.013358281925320625,
    0.0205114483833313,
    0.001735050929710269,
    0.04052748158574104,
    0.06621494889259338,
    -0.06764433532953262,
    -0.07031209021806717,
    0.03566042706370354,
    0.00829734094440937,
    -0.06063572317361832,
    -0.03413650393486023,
    0.03656567260622978,
    -0.08100620657205582,
    0.007874265313148499,
    -0.002480681287124753,
    0.012790118344128132,
    -0.023423274978995323,
    -0.05627002567052841,
    0.050139009952545166,
    -0.11850640177726746,
    -0.0488395057618618,
    0.0028357470873743296,
    0.014646056108176708,
    0.012244376353919506,
    0.01189692597836256,
    0.004225387237966061,
    -0.04489050805568695,
    0.05292655527591705,
    -0.06904139369726181,
    0.020406031981110573,
    0.0008770023705437779,
    0.0022683581337332726,
    0.10113319009542465,
    -0.03357745707035065,
    -0.007998879067599773,
    0.039063844829797745,
    0.11292460560798645,
    -0.013168520294129848,
    0.06946758925914764,
    -0.018024714663624763,
    -0.09749353677034378,
    0.012981239706277847,
    0.08389613032341003,
    4.979430069597704e-33,
    -0.07691256701946259,
    0.05820424109697342,
    -0.0007111180457286537,
    -0.012399222701787949,
    0.046156927943229675,
    0.021471848711371422,
    -0.0017150790663436055,
    -0.04637482017278671,
    0.0679510310292244,
    0.05577433109283447,
    -0.034104734659194946,
    -0.01952316053211689,
    -0.035967372357845306,
    0.08813050389289856,
    -0.0011648166691884398,
    -0.006766566541045904,
    0.0679263100028038,
    0.06540767103433609,
    0.0030515349935740232,
    -0.058035049587488174,
    -0.023095212876796722,
    0.049685798585414886,
    -0.07200049608945847,
    0.03459247201681137,
    -0.05185716226696968,
    0.04440196603536606,
    -0.02858337014913559,
    0.003933526109904051,
    -0.004080658312886953,
    -0.0003114644787274301,
    0.17503145337104797,
    0.027457965537905693,
    -0.017044907435774803,
    0.027235854417085648,
    -0.012454700656235218,
    -0.051430292427539825,
    -0.10309187322854996,
    -0.055694643408060074,
    0.06349916011095047,
    -0.10031236708164215,
    0.018130827695131302,
    0.03718383237719536,
    0.08518390357494354,
    0.04350924491882324,
    -0.041401464492082596,
    0.037711091339588165,
    -0.05883612856268883,
    -0.011159859597682953,
    0.13476397097110748,
    0.012633678503334522,
    -0.02414233610033989,
    0.0558289960026741,
    -0.0028912401758134365,
    0.06258967518806458,
    0.014055204577744007,
    -0.011915084905922413,
    -0.051578279584646225,
    0.048183623701334,
    0.08848149329423904,
    0.06862035393714905,
    0.016476182267069817,
    -0.011486276052892208,
    -0.013201710768043995,
    0.003623038297519088,
    0.0441197045147419,
    -0.0387539379298687,
    -0.028012098744511604,
    0.007825442589819431,
    0.010502828285098076,
    -0.019510280340909958,
    -0.07061266154050827,
    -0.03356160223484039,
    -0.014563503675162792,
    -0.04561689868569374,
    -0.054213494062423706,
    -0.011404842138290405,
    0.09921541810035706,
    0.07997642457485199,
    -0.04833778366446495,
    0.08354878425598145,
    -0.13433168828487396,
    0.03348710387945175,
    0.021115969866514206,
    -0.03503185883164406,
    -0.04826892539858818,
    0.032125379890203476,
    0.017874637618660927,
    0.05457877367734909,
    -0.04565730690956116,
    -0.011162180453538895,
    0.0679256021976471,
    -0.023431135341525078,
    -0.05422065779566765,
    -0.03396129235625267,
    0.01928606815636158,
    -5.00035937917211e-33,
    0.009679489769041538,
    0.01018618419766426,
    0.00591869605705142,
    0.04306593909859657,
    0.0077340612187981606,
    -0.010054416954517365,
    -0.011430460028350353,
    0.08103235065937042,
    0.05449756979942322,
    0.002473068656399846,
    -0.04804784059524536,
    0.012778790667653084,
    0.0317363403737545,
    -0.0010673272190615535,
    -0.022016463801264763,
    0.0702439472079277,
    0.09992826730012894,
    0.01917777583003044,
    -0.01940864324569702,
    -0.05421328917145729,
    -0.04648768901824951,
    0.0726892277598381,
    -0.001617501606233418,
    -0.02620607800781727,
    -0.017307888716459274,
    0.03446266055107117,
    0.04074714705348015,
    -0.12074664980173111,
    0.0317409411072731,
    0.024913588538765907,
    0.018034406006336212,
    -0.040719375014305115,
    -0.04103359580039978,
    -0.008422734215855598,
    -0.0721268504858017,
    -0.0735507532954216,
    0.09059261530637741,
    -0.030567608773708344,
    -0.05354190245270729,
    -0.048006944358348846,
    0.1077970564365387,
    0.011954348534345627,
    0.0017667581560090184,
    0.02965584211051464,
    0.00471715722233057,
    0.022265128791332245,
    0.019139505922794342,
    -0.06017276272177696,
    0.022151296958327293,
    0.032886333763599396,
    0.019229726865887642,
    0.022790266200900078,
    -0.0746462494134903,
    -0.027208173647522926,
    0.022758841514587402,
    -0.0043700928799808025,
    0.020235426723957062,
    -0.036025531589984894,
    -0.004639832302927971,
    -0.05106467753648758,
    0.004078398458659649,
    -0.01950213685631752,
    -0.08015571534633636,
    -0.03285214304924011,
    -0.04399724677205086,
    0.007301951292902231,
    -0.019828032702207565,
    0.014548796229064465,
    0.04154335334897041,
    -0.06605524569749832,
    -0.007831341587007046,
    0.13336162269115448,
    0.048118870705366135,
    -0.06425558030605316,
    -0.1411290466785431,
    -0.00664475467056036,
    -0.007407116238027811,
    -0.055110517889261246,
    0.0041794972494244576,
    0.011343828402459621,
    0.007639315444976091,
    0.0025374656543135643,
    -0.04893205687403679,
